node_name,cpu-mem
view,0
view_1,0
_to_copy,0
convolution,0
view_2,0
transpose,0
view_3,0
embedding,0
view_4,0
tanh,36000
mul,6144000
add,4915200000
view_5,0
expand,0
view_6,0
tanh_1,36000
rsub,-44
mul_1,1229568000
view_7,0
add_1,4918272000
embedding_1,0
view_8,0
tanh_2,36000
mul_2,4918272000
add_2,4918272000
native_layer_norm,0
constant_pad_nd,0
view_9,0
view_10,0
_to_copy_1,0
repeat,0
slice_1,0
slice_2,0
slice_3,0
slice_4,0
slice_5,0
slice_scatter,0
slice_scatter_1,0
slice_scatter_2,0
rsub_1,-16
view_11,0
transpose_1,0
expand_1,0
view_12,0
expand_2,0
view_13,0
bmm,24822374400
view_14,0
mul_3,24822371400
unsqueeze,0
view_15,0
native_layer_norm_1,334464
t,0
view_16,0
mm,790364160000
view_17,0
t_1,0
view_18,0
mm_1,790364160000
view_19,0
t_2,0
view_20,0
mm_2,790364160000
view_21,0
view_22,0
view_23,0
view_24,0
transpose_2,0
transpose_3,0
transpose_4,0
_scaled_dot_product_flash_attention_for_cpu,-1001706160128
transpose_5,0
view_25,0
t_3,0
view_26,0
mm_3,790364160000
view_27,0
add_3,395182080000
native_layer_norm_2,334464
view_28,0
t_4,0
addmm,790364160000
view_29,0
gelu,790364160000
view_30,0
t_5,0
addmm_1,197591040000
view_31,0
add_4,395182080000
native_layer_norm_3,334464
t_6,0
view_32,0
mm_4,790364160000
view_33,0
t_7,0
view_34,0
mm_5,790364160000
view_35,0
t_8,0
view_36,0
mm_6,790364160000
view_37,0
view_38,0
view_39,0
view_40,0
transpose_6,0
transpose_7,0
transpose_8,0
_scaled_dot_product_flash_attention_for_cpu_1,-1001706160128
transpose_9,0
view_41,0
t_9,0
view_42,0
mm_7,790364160000
view_43,0
add_5,395182080000
native_layer_norm_4,334464
view_44,0
t_10,0
addmm_2,790364160000
view_45,0
gelu_1,790364160000
view_46,0
t_11,0
addmm_3,197591040000
view_47,0
add_6,395182080000
native_layer_norm_5,334464
t_12,0
view_48,0
mm_8,790364160000
view_49,0
t_13,0
view_50,0
mm_9,790364160000
view_51,0
t_14,0
view_52,0
mm_10,790364160000
view_53,0
view_54,0
view_55,0
view_56,0
transpose_10,0
transpose_11,0
transpose_12,0
_scaled_dot_product_flash_attention_for_cpu_2,-1001706160128
transpose_13,0
view_57,0
t_15,0
view_58,0
mm_11,790364160000
view_59,0
add_7,395182080000
native_layer_norm_6,334464
view_60,0
t_16,0
addmm_4,790364160000
view_61,0
gelu_2,790364160000
view_62,0
t_17,0
addmm_5,197591040000
view_63,0
add_8,395182080000
native_layer_norm_7,334464
t_18,0
view_64,0
mm_12,790364160000
view_65,0
t_19,0
view_66,0
mm_13,790364160000
view_67,0
t_20,0
view_68,0
mm_14,790364160000
view_69,0
view_70,0
view_71,0
view_72,0
transpose_14,0
transpose_15,0
transpose_16,0
_scaled_dot_product_flash_attention_for_cpu_3,-1001706160128
transpose_17,0
view_73,0
t_21,0
view_74,0
mm_15,790364160000
view_75,0
add_9,395182080000
native_layer_norm_8,334464
view_76,0
t_22,0
addmm_6,790364160000
view_77,0
gelu_3,790364160000
view_78,0
t_23,0
addmm_7,197591040000
view_79,0
add_10,395182080000
native_layer_norm_9,334464
t_24,0
view_80,0
mm_16,790364160000
view_81,0
t_25,0
view_82,0
mm_17,790364160000
view_83,0
t_26,0
view_84,0
mm_18,790364160000
view_85,0
view_86,0
view_87,0
view_88,0
transpose_18,0
transpose_19,0
transpose_20,0
_scaled_dot_product_flash_attention_for_cpu_4,-1001706160128
transpose_21,0
view_89,0
t_27,0
view_90,0
mm_19,790364160000
view_91,0
add_11,395182080000
native_layer_norm_10,334464
view_92,0
t_28,0
addmm_8,790364160000
view_93,0
gelu_4,790364160000
view_94,0
t_29,0
addmm_9,197591040000
view_95,0
add_12,395182080000
native_layer_norm_11,334464
t_30,0
view_96,0
mm_20,790364160000
view_97,0
t_31,0
view_98,0
mm_21,790364160000
view_99,0
t_32,0
view_100,0
mm_22,790364160000
view_101,0
view_102,0
view_103,0
view_104,0
transpose_22,0
transpose_23,0
transpose_24,0
_scaled_dot_product_flash_attention_for_cpu_5,-1001706160128
transpose_25,0
view_105,0
t_33,0
view_106,0
mm_23,790364160000
view_107,0
add_13,395182080000
native_layer_norm_12,334464
view_108,0
t_34,0
addmm_10,790364160000
view_109,0
gelu_5,790364160000
view_110,0
t_35,0
addmm_11,197591040000
view_111,0
add_14,395182080000
native_layer_norm_13,334464
t_36,0
view_112,0
mm_24,790364160000
view_113,0
t_37,0
view_114,0
mm_25,790364160000
view_115,0
t_38,0
view_116,0
mm_26,790364160000
view_117,0
view_118,0
view_119,0
view_120,0
transpose_26,0
transpose_27,0
transpose_28,0
_scaled_dot_product_flash_attention_for_cpu_6,-1001706160128
transpose_29,0
view_121,0
t_39,0
view_122,0
mm_27,790364160000
view_123,0
add_15,395182080000
native_layer_norm_14,334464
view_124,0
t_40,0
addmm_12,790364160000
view_125,0
gelu_6,790364160000
view_126,0
t_41,0
addmm_13,197591040000
view_127,0
add_16,395182080000
native_layer_norm_15,334464
t_42,0
view_128,0
mm_28,790364160000
view_129,0
t_43,0
view_130,0
mm_29,790364160000
view_131,0
t_44,0
view_132,0
mm_30,790364160000
view_133,0
view_134,0
view_135,0
view_136,0
transpose_30,0
transpose_31,0
transpose_32,0
_scaled_dot_product_flash_attention_for_cpu_7,-1001706160128
transpose_33,0
view_137,0
t_45,0
view_138,0
mm_31,790364160000
view_139,0
add_17,395182080000
native_layer_norm_16,334464
view_140,0
t_46,0
addmm_14,790364160000
view_141,0
gelu_7,790364160000
view_142,0
t_47,0
addmm_15,197591040000
view_143,0
add_18,395182080000
native_layer_norm_17,334464
t_48,0
view_144,0
mm_32,790364160000
view_145,0
t_49,0
view_146,0
mm_33,790364160000
view_147,0
t_50,0
view_148,0
mm_34,790364160000
view_149,0
view_150,0
view_151,0
view_152,0
transpose_34,0
transpose_35,0
transpose_36,0
_scaled_dot_product_flash_attention_for_cpu_8,-1001706160128
transpose_37,0
view_153,0
t_51,0
view_154,0
mm_35,790364160000
view_155,0
add_19,395182080000
native_layer_norm_18,334464
view_156,0
t_52,0
addmm_16,790364160000
view_157,0
gelu_8,790364160000
view_158,0
t_53,0
addmm_17,197591040000
view_159,0
add_20,395182080000
native_layer_norm_19,334464
t_54,0
view_160,0
mm_36,790364160000
view_161,0
t_55,0
view_162,0
mm_37,790364160000
view_163,0
t_56,0
view_164,0
mm_38,790364160000
view_165,0
view_166,0
view_167,0
view_168,0
transpose_38,0
transpose_39,0
transpose_40,0
_scaled_dot_product_flash_attention_for_cpu_9,-1001706160128
transpose_41,0
view_169,0
t_57,0
view_170,0
mm_39,790364160000
view_171,0
add_21,395182080000
native_layer_norm_20,334464
view_172,0
t_58,0
addmm_18,790364160000
view_173,0
gelu_9,790364160000
view_174,0
t_59,0
addmm_19,197591040000
view_175,0
add_22,395182080000
native_layer_norm_21,334464
t_60,0
view_176,0
mm_40,790364160000
view_177,0
t_61,0
view_178,0
mm_41,790364160000
view_179,0
t_62,0
view_180,0
mm_42,790364160000
view_181,0
view_182,0
view_183,0
view_184,0
transpose_42,0
transpose_43,0
transpose_44,0
_scaled_dot_product_flash_attention_for_cpu_10,-1001706160128
transpose_45,0
view_185,0
t_63,0
view_186,0
mm_43,790364160000
view_187,0
add_23,395182080000
native_layer_norm_22,334464
view_188,0
t_64,0
addmm_20,790364160000
view_189,0
gelu_10,790364160000
view_190,0
t_65,0
addmm_21,197591040000
view_191,0
add_24,395182080000
native_layer_norm_23,334464
t_66,0
view_192,0
mm_44,790364160000
view_193,0
t_67,0
view_194,0
mm_45,790364160000
view_195,0
t_68,0
view_196,0
mm_46,790364160000
view_197,0
view_198,0
view_199,0
view_200,0
transpose_46,0
transpose_47,0
transpose_48,0
_scaled_dot_product_flash_attention_for_cpu_11,-1001706160128
transpose_49,0
view_201,0
t_69,0
view_202,0
mm_47,790364160000
view_203,0
add_25,395182080000
native_layer_norm_24,334464
view_204,0
t_70,0
addmm_22,790364160000
view_205,0
gelu_11,790364160000
view_206,0
t_71,0
addmm_23,197591040000
view_207,0
add_26,395182080000
native_layer_norm_25,334464
t_72,0
view_208,0
mm_48,790364160000
view_209,0
t_73,0
view_210,0
mm_49,790364160000
view_211,0
t_74,0
view_212,0
mm_50,790364160000
view_213,0
view_214,0
view_215,0
view_216,0
transpose_50,0
transpose_51,0
transpose_52,0
_scaled_dot_product_flash_attention_for_cpu_12,-1001706160128
transpose_53,0
view_217,0
t_75,0
view_218,0
mm_51,790364160000
view_219,0
add_27,395182080000
native_layer_norm_26,334464
view_220,0
t_76,0
addmm_24,790364160000
view_221,0
gelu_12,790364160000
view_222,0
t_77,0
addmm_25,197591040000
view_223,0
add_28,395182080000
native_layer_norm_27,334464
t_78,0
view_224,0
mm_52,790364160000
view_225,0
t_79,0
view_226,0
mm_53,790364160000
view_227,0
t_80,0
view_228,0
mm_54,790364160000
view_229,0
view_230,0
view_231,0
view_232,0
transpose_54,0
transpose_55,0
transpose_56,0
_scaled_dot_product_flash_attention_for_cpu_13,-1001706160128
transpose_57,0
view_233,0
t_81,0
view_234,0
mm_55,790364160000
view_235,0
add_29,395182080000
native_layer_norm_28,334464
view_236,0
t_82,0
addmm_26,790364160000
view_237,0
gelu_13,790364160000
view_238,0
t_83,0
addmm_27,197591040000
view_239,0
add_30,395182080000
native_layer_norm_29,334464
t_84,0
view_240,0
mm_56,790364160000
view_241,0
t_85,0
view_242,0
mm_57,790364160000
view_243,0
t_86,0
view_244,0
mm_58,790364160000
view_245,0
view_246,0
view_247,0
view_248,0
transpose_58,0
transpose_59,0
transpose_60,0
_scaled_dot_product_flash_attention_for_cpu_14,-1001706160128
transpose_61,0
view_249,0
t_87,0
view_250,0
mm_59,790364160000
view_251,0
add_31,395182080000
native_layer_norm_30,334464
view_252,0
t_88,0
addmm_28,790364160000
view_253,0
gelu_14,790364160000
view_254,0
t_89,0
addmm_29,197591040000
view_255,0
add_32,395182080000
native_layer_norm_31,334464
t_90,0
view_256,0
mm_60,790364160000
view_257,0
t_91,0
view_258,0
mm_61,790364160000
view_259,0
t_92,0
view_260,0
mm_62,790364160000
view_261,0
view_262,0
view_263,0
view_264,0
transpose_62,0
transpose_63,0
transpose_64,0
_scaled_dot_product_flash_attention_for_cpu_15,-1001706160128
transpose_65,0
view_265,0
t_93,0
view_266,0
mm_63,790364160000
view_267,0
add_33,395182080000
native_layer_norm_32,334464
view_268,0
t_94,0
addmm_30,790364160000
view_269,0
gelu_15,790364160000
view_270,0
t_95,0
addmm_31,197591040000
view_271,0
add_34,395182080000
native_layer_norm_33,334464
t_96,0
view_272,0
mm_64,790364160000
view_273,0
t_97,0
view_274,0
mm_65,790364160000
view_275,0
t_98,0
view_276,0
mm_66,790364160000
view_277,0
view_278,0
view_279,0
view_280,0
transpose_66,0
transpose_67,0
transpose_68,0
_scaled_dot_product_flash_attention_for_cpu_16,-1001706160128
transpose_69,0
view_281,0
t_99,0
view_282,0
mm_67,790364160000
view_283,0
add_35,395182080000
native_layer_norm_34,334464
view_284,0
t_100,0
addmm_32,790364160000
view_285,0
gelu_16,790364160000
view_286,0
t_101,0
addmm_33,197591040000
view_287,0
add_36,395182080000
native_layer_norm_35,334464
t_102,0
view_288,0
mm_68,790364160000
view_289,0
t_103,0
view_290,0
mm_69,790364160000
view_291,0
t_104,0
view_292,0
mm_70,790364160000
view_293,0
view_294,0
view_295,0
view_296,0
transpose_70,0
transpose_71,0
transpose_72,0
_scaled_dot_product_flash_attention_for_cpu_17,-1001706160128
transpose_73,0
view_297,0
t_105,0
view_298,0
mm_71,790364160000
view_299,0
add_37,395182080000
native_layer_norm_36,334464
view_300,0
t_106,0
addmm_34,790364160000
view_301,0
gelu_17,790364160000
view_302,0
t_107,0
addmm_35,197591040000
view_303,0
add_38,395182080000
native_layer_norm_37,334464
t_108,0
view_304,0
mm_72,790364160000
view_305,0
t_109,0
view_306,0
mm_73,790364160000
view_307,0
t_110,0
view_308,0
mm_74,790364160000
view_309,0
view_310,0
view_311,0
view_312,0
transpose_74,0
transpose_75,0
transpose_76,0
_scaled_dot_product_flash_attention_for_cpu_18,-1001706160128
transpose_77,0
view_313,0
t_111,0
view_314,0
mm_75,790364160000
view_315,0
add_39,395182080000
native_layer_norm_38,334464
view_316,0
t_112,0
addmm_36,790364160000
view_317,0
gelu_18,790364160000
view_318,0
t_113,0
addmm_37,197591040000
view_319,0
add_40,395182080000
native_layer_norm_39,334464
t_114,0
view_320,0
mm_76,790364160000
view_321,0
t_115,0
view_322,0
mm_77,790364160000
view_323,0
t_116,0
view_324,0
mm_78,790364160000
view_325,0
view_326,0
view_327,0
view_328,0
transpose_78,0
transpose_79,0
transpose_80,0
_scaled_dot_product_flash_attention_for_cpu_19,-1001706160128
transpose_81,0
view_329,0
t_117,0
view_330,0
mm_79,790364160000
view_331,0
add_41,395182080000
native_layer_norm_40,334464
view_332,0
t_118,0
addmm_38,790364160000
view_333,0
gelu_19,790364160000
view_334,0
t_119,0
addmm_39,197591040000
view_335,0
add_42,395182080000
native_layer_norm_41,334464
t_120,0
view_336,0
mm_80,790364160000
view_337,0
t_121,0
view_338,0
mm_81,790364160000
view_339,0
t_122,0
view_340,0
mm_82,790364160000
view_341,0
view_342,0
view_343,0
view_344,0
transpose_82,0
transpose_83,0
transpose_84,0
_scaled_dot_product_flash_attention_for_cpu_20,-1001706160128
transpose_85,0
view_345,0
t_123,0
view_346,0
mm_83,790364160000
view_347,0
add_43,395182080000
native_layer_norm_42,334464
view_348,0
t_124,0
addmm_40,790364160000
view_349,0
gelu_20,790364160000
view_350,0
t_125,0
addmm_41,197591040000
view_351,0
add_44,395182080000
native_layer_norm_43,334464
t_126,0
view_352,0
mm_84,790364160000
view_353,0
t_127,0
view_354,0
mm_85,790364160000
view_355,0
t_128,0
view_356,0
mm_86,790364160000
view_357,0
view_358,0
view_359,0
view_360,0
transpose_86,0
transpose_87,0
transpose_88,0
_scaled_dot_product_flash_attention_for_cpu_21,-1001706160128
transpose_89,0
view_361,0
t_129,0
view_362,0
mm_87,790364160000
view_363,0
add_45,395182080000
native_layer_norm_44,334464
view_364,0
t_130,0
addmm_42,790364160000
view_365,0
gelu_21,790364160000
view_366,0
t_131,0
addmm_43,197591040000
view_367,0
add_46,395182080000
native_layer_norm_45,334464
t_132,0
view_368,0
mm_88,790364160000
view_369,0
t_133,0
view_370,0
mm_89,790364160000
view_371,0
t_134,0
view_372,0
mm_90,790364160000
view_373,0
view_374,0
view_375,0
view_376,0
transpose_90,0
transpose_91,0
transpose_92,0
_scaled_dot_product_flash_attention_for_cpu_22,-1001706160128
transpose_93,0
view_377,0
t_135,0
view_378,0
mm_91,790364160000
view_379,0
add_47,395182080000
native_layer_norm_46,334464
view_380,0
t_136,0
addmm_44,790364160000
view_381,0
gelu_22,790364160000
view_382,0
t_137,0
addmm_45,197591040000
view_383,0
add_48,395182080000
native_layer_norm_47,334464
t_138,0
view_384,0
mm_92,790364160000
view_385,0
t_139,0
view_386,0
mm_93,790364160000
view_387,0
t_140,0
view_388,0
mm_94,790364160000
view_389,0
view_390,0
view_391,0
view_392,0
transpose_94,0
transpose_95,0
transpose_96,0
_scaled_dot_product_flash_attention_for_cpu_23,-1001706160128
transpose_97,0
view_393,0
t_141,0
view_394,0
mm_95,790364160000
view_395,0
add_49,395182080000
native_layer_norm_48,334464
view_396,0
t_142,0
addmm_46,790364160000
view_397,0
gelu_23,790364160000
view_398,0
t_143,0
addmm_47,197591040000
view_399,0
add_50,395182080000
native_layer_norm_49,334464
t_144,0
view_400,0
mm_96,790364160000
view_401,0
t_145,0
view_402,0
mm_97,790364160000
view_403,0
t_146,0
view_404,0
mm_98,790364160000
view_405,0
view_406,0
view_407,0
view_408,0
transpose_98,0
transpose_99,0
transpose_100,0
_scaled_dot_product_flash_attention_for_cpu_24,-1001706160128
transpose_101,0
view_409,0
t_147,0
view_410,0
mm_99,790364160000
view_411,0
add_51,395182080000
native_layer_norm_50,334464
view_412,0
t_148,0
addmm_48,790364160000
view_413,0
gelu_24,790364160000
view_414,0
t_149,0
addmm_49,197591040000
view_415,0
add_52,395182080000
native_layer_norm_51,334464
t_150,0
view_416,0
mm_100,790364160000
view_417,0
t_151,0
view_418,0
mm_101,790364160000
view_419,0
t_152,0
view_420,0
mm_102,790364160000
view_421,0
view_422,0
view_423,0
view_424,0
transpose_102,0
transpose_103,0
transpose_104,0
_scaled_dot_product_flash_attention_for_cpu_25,-1001706160128
transpose_105,0
view_425,0
t_153,0
view_426,0
mm_103,790364160000
view_427,0
add_53,395182080000
native_layer_norm_52,334464
view_428,0
t_154,0
addmm_50,790364160000
view_429,0
gelu_25,790364160000
view_430,0
t_155,0
addmm_51,197591040000
view_431,0
add_54,395182080000
native_layer_norm_53,334464
t_156,0
view_432,0
mm_104,790364160000
view_433,0
t_157,0
view_434,0
mm_105,790364160000
view_435,0
t_158,0
view_436,0
mm_106,790364160000
view_437,0
view_438,0
view_439,0
view_440,0
transpose_106,0
transpose_107,0
transpose_108,0
_scaled_dot_product_flash_attention_for_cpu_26,-1001706160128
transpose_109,0
view_441,0
t_159,0
view_442,0
mm_107,790364160000
view_443,0
add_55,395182080000
native_layer_norm_54,334464
view_444,0
t_160,0
addmm_52,790364160000
view_445,0
gelu_26,790364160000
view_446,0
t_161,0
addmm_53,197591040000
view_447,0
add_56,395182080000
native_layer_norm_55,334464
t_162,0
view_448,0
mm_108,790364160000
view_449,0
t_163,0
view_450,0
mm_109,790364160000
view_451,0
t_164,0
view_452,0
mm_110,790364160000
view_453,0
view_454,0
view_455,0
view_456,0
transpose_110,0
transpose_111,0
transpose_112,0
_scaled_dot_product_flash_attention_for_cpu_27,-1001706160128
transpose_113,0
view_457,0
t_165,0
view_458,0
mm_111,790364160000
view_459,0
add_57,395182080000
native_layer_norm_56,334464
view_460,0
t_166,0
addmm_54,790364160000
view_461,0
gelu_27,790364160000
view_462,0
t_167,0
addmm_55,197591040000
view_463,0
add_58,395182080000
native_layer_norm_57,334464
t_168,0
view_464,0
mm_112,790364160000
view_465,0
t_169,0
view_466,0
mm_113,790364160000
view_467,0
t_170,0
view_468,0
mm_114,790364160000
view_469,0
view_470,0
view_471,0
view_472,0
transpose_114,0
transpose_115,0
transpose_116,0
_scaled_dot_product_flash_attention_for_cpu_28,-1001706160128
transpose_117,0
view_473,0
t_171,0
view_474,0
mm_115,790364160000
view_475,0
add_59,395182080000
native_layer_norm_58,334464
view_476,0
t_172,0
addmm_56,790364160000
view_477,0
gelu_28,790364160000
view_478,0
t_173,0
addmm_57,197591040000
view_479,0
add_60,395182080000
native_layer_norm_59,334464
t_174,0
view_480,0
mm_116,790364160000
view_481,0
t_175,0
view_482,0
mm_117,790364160000
view_483,0
t_176,0
view_484,0
mm_118,790364160000
view_485,0
view_486,0
view_487,0
view_488,0
transpose_118,0
transpose_119,0
transpose_120,0
_scaled_dot_product_flash_attention_for_cpu_29,-1001706160128
transpose_121,0
view_489,0
t_177,0
view_490,0
mm_119,790364160000
view_491,0
add_61,395182080000
native_layer_norm_60,334464
view_492,0
t_178,0
addmm_58,790364160000
view_493,0
gelu_29,790364160000
view_494,0
t_179,0
addmm_59,197591040000
view_495,0
add_62,395182080000
native_layer_norm_61,334464
t_180,0
view_496,0
mm_120,790364160000
view_497,0
t_181,0
view_498,0
mm_121,790364160000
view_499,0
t_182,0
view_500,0
mm_122,790364160000
view_501,0
view_502,0
view_503,0
view_504,0
transpose_122,0
transpose_123,0
transpose_124,0
_scaled_dot_product_flash_attention_for_cpu_30,-1001706160128
transpose_125,0
view_505,0
t_183,0
view_506,0
mm_123,790364160000
view_507,0
add_63,395182080000
native_layer_norm_62,334464
view_508,0
t_184,0
addmm_60,790364160000
view_509,0
gelu_30,790364160000
view_510,0
t_185,0
addmm_61,197591040000
view_511,0
add_64,395182080000
native_layer_norm_63,334464
t_186,0
view_512,0
mm_124,790364160000
view_513,0
t_187,0
view_514,0
mm_125,790364160000
view_515,0
t_188,0
view_516,0
mm_126,790364160000
view_517,0
view_518,0
view_519,0
view_520,0
transpose_126,0
transpose_127,0
transpose_128,0
_scaled_dot_product_flash_attention_for_cpu_31,-1001706160128
transpose_129,0
view_521,0
t_189,0
view_522,0
mm_127,790364160000
view_523,0
add_65,395182080000
native_layer_norm_64,334464
view_524,0
t_190,0
addmm_62,790364160000
view_525,0
gelu_31,790364160000
view_526,0
t_191,0
addmm_63,197591040000
view_527,0
add_66,395182080000
native_layer_norm_65,334464
view_528,0
embedding_2,0
view_529,0
tanh_3,36000
mul_4,6144000
add_67,4939776000
view_530,0
native_layer_norm_66,334464
t_192,0
view_531,0
mm_128,790364160000
view_532,0
t_193,0
view_533,0
mm_129,790364160000
view_534,0
t_194,0
view_535,0
mm_130,790364160000
view_536,0
view_537,0
view_538,0
view_539,0
transpose_130,0
transpose_131,0
transpose_132,0
_scaled_dot_product_flash_attention_for_cpu_32,-1001706160128
transpose_133,0
view_540,0
t_195,0
view_541,0
mm_131,790364160000
view_542,0
tanh_4,36000
mul_5,79036416000
add_68,395182080000
native_layer_norm_67,334464
view_543,0
t_196,0
addmm_64,790364160000
view_544,0
gelu_32,790364160000
view_545,0
t_197,0
addmm_65,197591040000
view_546,0
tanh_5,36000
mul_6,79036416000
add_69,395182080000
native_layer_norm_68,334464
t_198,0
view_547,0
mm_132,790364160000
view_548,0
t_199,0
view_549,0
mm_133,790364160000
view_550,0
t_200,0
view_551,0
mm_134,790364160000
view_552,0
view_553,0
view_554,0
view_555,0
transpose_134,0
transpose_135,0
transpose_136,0
_scaled_dot_product_flash_attention_for_cpu_33,-1001706160128
transpose_137,0
view_556,0
t_201,0
view_557,0
mm_135,790364160000
view_558,0
tanh_6,36000
mul_7,79036416000
add_70,395182080000
native_layer_norm_69,334464
view_559,0
t_202,0
addmm_66,790364160000
view_560,0
gelu_33,790364160000
view_561,0
t_203,0
addmm_67,197591040000
view_562,0
tanh_7,36000
mul_8,79036416000
add_71,395182080000
native_layer_norm_70,334464
t_204,0
view_563,0
mm_136,790364160000
view_564,0
t_205,0
view_565,0
mm_137,790364160000
view_566,0
t_206,0
view_567,0
mm_138,790364160000
view_568,0
view_569,0
view_570,0
view_571,0
transpose_138,0
transpose_139,0
transpose_140,0
_scaled_dot_product_flash_attention_for_cpu_34,-1001706160128
transpose_141,0
view_572,0
t_207,0
view_573,0
mm_139,790364160000
view_574,0
tanh_8,36000
mul_9,79036416000
add_72,395182080000
native_layer_norm_71,334464
view_575,0
t_208,0
addmm_68,790364160000
view_576,0
gelu_34,790364160000
view_577,0
t_209,0
addmm_69,197591040000
view_578,0
tanh_9,36000
mul_10,79036416000
add_73,395182080000
native_layer_norm_72,334464
t_210,0
view_579,0
mm_140,790364160000
view_580,0
t_211,0
view_581,0
mm_141,790364160000
view_582,0
t_212,0
view_583,0
mm_142,790364160000
view_584,0
view_585,0
view_586,0
view_587,0
transpose_142,0
transpose_143,0
transpose_144,0
_scaled_dot_product_flash_attention_for_cpu_35,-1001706160128
transpose_145,0
view_588,0
t_213,0
view_589,0
mm_143,790364160000
view_590,0
tanh_10,36000
mul_11,79036416000
add_74,395182080000
native_layer_norm_73,334464
view_591,0
t_214,0
addmm_70,790364160000
view_592,0
gelu_35,790364160000
view_593,0
t_215,0
addmm_71,197591040000
view_594,0
tanh_11,36000
mul_12,79036416000
add_75,395182080000
native_layer_norm_74,334464
t_216,0
view_595,0
mm_144,790364160000
view_596,0
t_217,0
view_597,0
mm_145,790364160000
view_598,0
t_218,0
view_599,0
mm_146,790364160000
view_600,0
view_601,0
view_602,0
view_603,0
transpose_146,0
transpose_147,0
transpose_148,0
_scaled_dot_product_flash_attention_for_cpu_36,-1001706160128
transpose_149,0
view_604,0
t_219,0
view_605,0
mm_147,790364160000
view_606,0
tanh_12,36000
mul_13,79036416000
add_76,395182080000
native_layer_norm_75,334464
view_607,0
t_220,0
addmm_72,790364160000
view_608,0
gelu_36,790364160000
view_609,0
t_221,0
addmm_73,197591040000
view_610,0
tanh_13,36000
mul_14,79036416000
add_77,395182080000
native_layer_norm_76,334464
t_222,0
view_611,0
mm_148,790364160000
view_612,0
t_223,0
view_613,0
mm_149,790364160000
view_614,0
t_224,0
view_615,0
mm_150,790364160000
view_616,0
view_617,0
view_618,0
view_619,0
transpose_150,0
transpose_151,0
transpose_152,0
_scaled_dot_product_flash_attention_for_cpu_37,-1001706160128
transpose_153,0
view_620,0
t_225,0
view_621,0
mm_151,790364160000
view_622,0
tanh_14,36000
mul_15,79036416000
add_78,395182080000
native_layer_norm_77,334464
view_623,0
t_226,0
addmm_74,790364160000
view_624,0
gelu_37,790364160000
view_625,0
t_227,0
addmm_75,197591040000
view_626,0
tanh_15,36000
mul_16,79036416000
add_79,395182080000
native_layer_norm_78,334464
t_228,0
view_627,0
mm_152,790364160000
view_628,0
t_229,0
view_629,0
mm_153,790364160000
view_630,0
t_230,0
view_631,0
mm_154,790364160000
view_632,0
view_633,0
view_634,0
view_635,0
transpose_154,0
transpose_155,0
transpose_156,0
_scaled_dot_product_flash_attention_for_cpu_38,-1001706160128
transpose_157,0
view_636,0
t_231,0
view_637,0
mm_155,790364160000
view_638,0
tanh_16,36000
mul_17,79036416000
add_80,395182080000
native_layer_norm_79,334464
view_639,0
t_232,0
addmm_76,790364160000
view_640,0
gelu_38,790364160000
view_641,0
t_233,0
addmm_77,197591040000
view_642,0
tanh_17,36000
mul_18,79036416000
add_81,395182080000
native_layer_norm_80,334464
t_234,0
view_643,0
mm_156,790364160000
view_644,0
t_235,0
view_645,0
mm_157,790364160000
view_646,0
t_236,0
view_647,0
mm_158,790364160000
view_648,0
view_649,0
view_650,0
view_651,0
transpose_158,0
transpose_159,0
transpose_160,0
_scaled_dot_product_flash_attention_for_cpu_39,-1001706160128
transpose_161,0
view_652,0
t_237,0
view_653,0
mm_159,790364160000
view_654,0
tanh_18,36000
mul_19,79036416000
add_82,395182080000
native_layer_norm_81,334464
view_655,0
t_238,0
addmm_78,790364160000
view_656,0
gelu_39,790364160000
view_657,0
t_239,0
addmm_79,197591040000
view_658,0
tanh_19,36000
mul_20,79036416000
add_83,395182080000
view_659,0
slice_9,0
slice_10,0
slice_11,0
view_660,0
view_661,0
slice_12,0
slice_13,0
slice_14,0
view_662,0
view_663,0
t_240,0
addmm_80,31476940800
view_664,0
view_665,0
unsqueeze_1,0
expand_3,0
clone,0
view_666,0
view_667,0
unsqueeze_2,0
rsub_2,0
_to_copy_2,0
_to_copy_3,0
masked_fill,0
ne,307386
any_1,48
_to_copy_4,0
unsqueeze_3,0
mul_21,614784
slice_17,0
slice_18,0
slice_19,0
slice_20,0
embedding_3,0
full,0
triu,1536
arange,0
view_668,0
gt,768
mul_22,0
unsqueeze_6,0
unsqueeze_7,0
slice_23,0
slice_24,0
expand_5,0
clone_1,0
slice_25,0
slice_26,0
slice_27,0
slice_28,0
unsqueeze_8,0
unsqueeze_9,0
slice_29,0
add_84,1440
eq,762
slice_30,0
slice_31,0
slice_32,0
masked_fill_1,0
slice_33,0
slice_34,0
slice_35,0
copy,0
slice_36,0
slice_37,0
slice_scatter_3,0
slice_scatter_4,0
slice_scatter_5,0
unsqueeze_10,0
slice_41,0
unsqueeze_11,0
expand_6,0
slice_42,0
unsqueeze_12,0
slice_43,0
_to_copy_5,0
expand_7,0
view_669,0
expand_8,0
view_670,0
bmm_1,12288
view_671,0
transpose_162,0
cos,24576
sin,24576
mul_23,49104
mul_24,49104
_to_copy_6,0
_to_copy_7,0
_to_copy_8,0
pow_1,316145664
mean,37784
add_85,32004
rsqrt,38592
mul_25,15728640
_to_copy_9,0
mul_26,158072832
t_241,0
view_672,0
mm_160,157286400
view_673,0
t_242,0
view_674,0
mm_161,15728640
view_675,0
t_243,0
view_676,0
mm_162,15728640
view_677,0
view_678,0
transpose_163,0
view_679,0
transpose_164,0
view_680,0
transpose_165,0
unsqueeze_13,0
unsqueeze_14,0
mul_27,125829120
slice_44,0
slice_45,0
neg,31457280
mul_28,125829120
add_86,62914560
mul_29,15728640
slice_46,0
slice_47,0
neg_1,3932160
mul_30,15728640
add_87,7864320
slice_48,0
slice_49,0
unsqueeze_15,0
slice_50,0
slice_51,0
expand_9,0
clone_2,0
_unsafe_view,0
slice_52,0
slice_53,0
unsqueeze_16,0
slice_54,0
slice_55,0
expand_10,0
clone_3,0
_unsafe_view_1,0
slice_59,0
slice_60,0
slice_61,0
_scaled_dot_product_flash_attention_for_cpu_40,-227028992
transpose_166,0
view_681,0
t_244,0
view_682,0
mm_163,157286400
view_683,0
add_88,157286400
_to_copy_10,0
pow_2,316145664
mean_1,37784
add_89,32004
rsqrt_1,38592
mul_31,15728640
_to_copy_11,0
mul_32,158072832
t_245,0
view_684,0
mm_164,550502400
view_685,0
silu,275251200
t_246,0
view_686,0
mm_165,550502400
view_687,0
mul_33,275251200
t_247,0
view_688,0
mm_166,78643200
view_689,0
add_90,157286400
_to_copy_12,0
pow_3,316145664
mean_2,37784
add_91,32004
rsqrt_2,38592
mul_34,15728640
_to_copy_13,0
mul_35,158072832
t_248,0
view_690,0
mm_167,157286400
view_691,0
t_249,0
view_692,0
mm_168,15728640
view_693,0
t_250,0
view_694,0
mm_169,15728640
view_695,0
view_696,0
transpose_167,0
view_697,0
transpose_168,0
view_698,0
transpose_169,0
unsqueeze_17,0
unsqueeze_18,0
mul_36,125829120
slice_62,0
slice_63,0
neg_2,31457280
mul_37,125829120
add_92,62914560
mul_38,15728640
slice_64,0
slice_65,0
neg_3,3932160
mul_39,15728640
add_93,7864320
slice_66,0
slice_67,0
unsqueeze_19,0
slice_68,0
slice_69,0
expand_11,0
clone_4,0
_unsafe_view_2,0
slice_70,0
slice_71,0
unsqueeze_20,0
slice_72,0
slice_73,0
expand_12,0
clone_5,0
_unsafe_view_3,0
slice_77,0
slice_78,0
slice_79,0
_scaled_dot_product_flash_attention_for_cpu_41,-227028992
transpose_170,0
view_699,0
t_251,0
view_700,0
mm_170,157286400
view_701,0
add_94,157286400
_to_copy_14,0
pow_4,316145664
mean_3,37784
add_95,32004
rsqrt_3,38592
mul_40,15728640
_to_copy_15,0
mul_41,158072832
t_252,0
view_702,0
mm_171,550502400
view_703,0
silu_1,275251200
t_253,0
view_704,0
mm_172,550502400
view_705,0
mul_42,275251200
t_254,0
view_706,0
mm_173,78643200
view_707,0
add_96,157286400
_to_copy_16,0
pow_5,316145664
mean_4,37784
add_97,32004
rsqrt_4,38592
mul_43,15728640
_to_copy_17,0
mul_44,158072832
t_255,0
view_708,0
mm_174,157286400
view_709,0
t_256,0
view_710,0
mm_175,15728640
view_711,0
t_257,0
view_712,0
mm_176,15728640
view_713,0
view_714,0
transpose_171,0
view_715,0
transpose_172,0
view_716,0
transpose_173,0
unsqueeze_21,0
unsqueeze_22,0
mul_45,125829120
slice_80,0
slice_81,0
neg_4,31457280
mul_46,125829120
add_98,62914560
mul_47,15728640
slice_82,0
slice_83,0
neg_5,3932160
mul_48,15728640
add_99,7864320
slice_84,0
slice_85,0
unsqueeze_23,0
slice_86,0
slice_87,0
expand_13,0
clone_6,0
_unsafe_view_4,0
slice_88,0
slice_89,0
unsqueeze_24,0
slice_90,0
slice_91,0
expand_14,0
clone_7,0
_unsafe_view_5,0
slice_95,0
slice_96,0
slice_97,0
_scaled_dot_product_flash_attention_for_cpu_42,-227028992
transpose_174,0
view_717,0
t_258,0
view_718,0
mm_177,157286400
view_719,0
add_100,157286400
_to_copy_18,0
pow_6,316145664
mean_5,37784
add_101,32004
rsqrt_5,38592
mul_49,15728640
_to_copy_19,0
mul_50,158072832
t_259,0
view_720,0
mm_178,550502400
view_721,0
silu_2,275251200
t_260,0
view_722,0
mm_179,550502400
view_723,0
mul_51,275251200
t_261,0
view_724,0
mm_180,78643200
view_725,0
add_102,157286400
_to_copy_20,0
pow_7,316145664
mean_6,37784
add_103,32004
rsqrt_6,38592
mul_52,15728640
_to_copy_21,0
mul_53,158072832
t_262,0
view_726,0
mm_181,157286400
view_727,0
view_728,0
transpose_175,0
_to_copy_22,0
pow_8,31457280
mean_7,245648
add_104,245096
rsqrt_7,245760
mul_54,31457280
_to_copy_23,0
mul_55,15728640
t_263,0
view_729,0
mm_182,157384704000
view_730,0
t_264,0
view_731,0
mm_183,157384704000
view_732,0
view_733,0
transpose_176,0
view_734,0
transpose_177,0
slice_98,0
slice_99,0
unsqueeze_25,0
slice_100,0
slice_101,0
expand_15,0
clone_8,0
_unsafe_view_6,0
slice_102,0
slice_103,0
unsqueeze_26,0
slice_104,0
slice_105,0
expand_16,0
clone_9,0
_unsafe_view_7,0
_to_copy_24,0
pow_9,1259077632000
mean_8,9836539920
add_105,9836472008
rsqrt_8,9836544000
mul_56,1259077632000
_to_copy_25,0
mul_57,629538816000
_scaled_dot_product_flash_attention_for_cpu_43,-331038720
transpose_178,0
view_735,0
t_265,0
view_736,0
mm_184,157286400
view_737,0
tanh_20,36000
mul_58,31457280
add_106,157286400
_to_copy_26,0
pow_10,316145664
mean_9,37784
add_107,32004
rsqrt_9,38592
mul_59,15728640
_to_copy_27,0
mul_60,158072832
t_266,0
view_738,0
mm_185,550502400
view_739,0
silu_3,275251200
t_267,0
view_740,0
mm_186,550502400
view_741,0
mul_61,275251200
t_268,0
view_742,0
mm_187,78643200
view_743,0
slice_106,0
select,0
mul_62,15728640
tanh_21,36000
mul_63,31457280
add_108,157286400
_to_copy_28,0
pow_11,316145664
mean_10,37784
add_109,32004
rsqrt_10,38592
mul_64,15728640
_to_copy_29,0
mul_65,158072832
t_269,0
view_744,0
mm_188,157286400
view_745,0
t_270,0
view_746,0
mm_189,15728640
view_747,0
t_271,0
view_748,0
mm_190,15728640
view_749,0
view_750,0
transpose_179,0
view_751,0
transpose_180,0
view_752,0
transpose_181,0
unsqueeze_27,0
unsqueeze_28,0
mul_66,125829120
slice_107,0
slice_108,0
neg_6,31457280
mul_67,125829120
add_110,62914560
mul_68,15728640
slice_109,0
slice_110,0
neg_7,3932160
mul_69,15728640
add_111,7864320
slice_111,0
slice_112,0
unsqueeze_29,0
slice_113,0
slice_114,0
expand_17,0
clone_10,0
_unsafe_view_8,0
slice_115,0
slice_116,0
unsqueeze_30,0
slice_117,0
slice_118,0
expand_18,0
clone_11,0
_unsafe_view_9,0
slice_122,0
slice_123,0
slice_124,0
_scaled_dot_product_flash_attention_for_cpu_44,-227028992
transpose_182,0
view_753,0
t_272,0
view_754,0
mm_191,157286400
view_755,0
add_112,157286400
_to_copy_30,0
pow_12,316145664
mean_11,37784
add_113,32004
rsqrt_11,38592
mul_70,15728640
_to_copy_31,0
mul_71,158072832
t_273,0
view_756,0
mm_192,550502400
view_757,0
silu_4,275251200
t_274,0
view_758,0
mm_193,550502400
view_759,0
mul_72,275251200
t_275,0
view_760,0
mm_194,78643200
view_761,0
add_114,157286400
_to_copy_32,0
pow_13,316145664
mean_12,37784
add_115,32004
rsqrt_12,38592
mul_73,15728640
_to_copy_33,0
mul_74,158072832
t_276,0
view_762,0
mm_195,157286400
view_763,0
t_277,0
view_764,0
mm_196,15728640
view_765,0
t_278,0
view_766,0
mm_197,15728640
view_767,0
view_768,0
transpose_183,0
view_769,0
transpose_184,0
view_770,0
transpose_185,0
unsqueeze_31,0
unsqueeze_32,0
mul_75,125829120
slice_125,0
slice_126,0
neg_8,31457280
mul_76,125829120
add_116,62914560
mul_77,15728640
slice_127,0
slice_128,0
neg_9,3932160
mul_78,15728640
add_117,7864320
slice_129,0
slice_130,0
unsqueeze_33,0
slice_131,0
slice_132,0
expand_19,0
clone_12,0
_unsafe_view_10,0
slice_133,0
slice_134,0
unsqueeze_34,0
slice_135,0
slice_136,0
expand_20,0
clone_13,0
_unsafe_view_11,0
slice_140,0
slice_141,0
slice_142,0
_scaled_dot_product_flash_attention_for_cpu_45,-227028992
transpose_186,0
view_771,0
t_279,0
view_772,0
mm_198,157286400
view_773,0
add_118,157286400
_to_copy_34,0
pow_14,316145664
mean_13,37784
add_119,32004
rsqrt_13,38592
mul_79,15728640
_to_copy_35,0
mul_80,158072832
t_280,0
view_774,0
mm_199,550502400
view_775,0
silu_5,275251200
t_281,0
view_776,0
mm_200,550502400
view_777,0
mul_81,275251200
t_282,0
view_778,0
mm_201,78643200
view_779,0
add_120,157286400
_to_copy_36,0
pow_15,316145664
mean_14,37784
add_121,32004
rsqrt_14,38592
mul_82,15728640
_to_copy_37,0
mul_83,158072832
t_283,0
view_780,0
mm_202,157286400
view_781,0
t_284,0
view_782,0
mm_203,15728640
view_783,0
t_285,0
view_784,0
mm_204,15728640
view_785,0
view_786,0
transpose_187,0
view_787,0
transpose_188,0
view_788,0
transpose_189,0
unsqueeze_35,0
unsqueeze_36,0
mul_84,125829120
slice_143,0
slice_144,0
neg_10,31457280
mul_85,125829120
add_122,62914560
mul_86,15728640
slice_145,0
slice_146,0
neg_11,3932160
mul_87,15728640
add_123,7864320
slice_147,0
slice_148,0
unsqueeze_37,0
slice_149,0
slice_150,0
expand_21,0
clone_14,0
_unsafe_view_12,0
slice_151,0
slice_152,0
unsqueeze_38,0
slice_153,0
slice_154,0
expand_22,0
clone_15,0
_unsafe_view_13,0
slice_158,0
slice_159,0
slice_160,0
_scaled_dot_product_flash_attention_for_cpu_46,-227028992
transpose_190,0
view_789,0
t_286,0
view_790,0
mm_205,157286400
view_791,0
add_124,157286400
_to_copy_38,0
pow_16,316145664
mean_15,37784
add_125,32004
rsqrt_15,38592
mul_88,15728640
_to_copy_39,0
mul_89,158072832
t_287,0
view_792,0
mm_206,550502400
view_793,0
silu_6,275251200
t_288,0
view_794,0
mm_207,550502400
view_795,0
mul_90,275251200
t_289,0
view_796,0
mm_208,78643200
view_797,0
add_126,157286400
_to_copy_40,0
pow_17,316145664
mean_16,37784
add_127,32004
rsqrt_16,38592
mul_91,15728640
_to_copy_41,0
mul_92,158072832
t_290,0
view_798,0
mm_209,157286400
view_799,0
t_291,0
view_800,0
mm_210,15728640
view_801,0
t_292,0
view_802,0
mm_211,15728640
view_803,0
view_804,0
transpose_191,0
view_805,0
transpose_192,0
view_806,0
transpose_193,0
unsqueeze_39,0
unsqueeze_40,0
mul_93,125829120
slice_161,0
slice_162,0
neg_12,31457280
mul_94,125829120
add_128,62914560
mul_95,15728640
slice_163,0
slice_164,0
neg_13,3932160
mul_96,15728640
add_129,7864320
slice_165,0
slice_166,0
unsqueeze_41,0
slice_167,0
slice_168,0
expand_23,0
clone_16,0
_unsafe_view_14,0
slice_169,0
slice_170,0
unsqueeze_42,0
slice_171,0
slice_172,0
expand_24,0
clone_17,0
_unsafe_view_15,0
slice_176,0
slice_177,0
slice_178,0
_scaled_dot_product_flash_attention_for_cpu_47,-227028992
transpose_194,0
view_807,0
t_293,0
view_808,0
mm_212,157286400
view_809,0
add_130,157286400
_to_copy_42,0
pow_18,316145664
mean_17,37784
add_131,32004
rsqrt_17,38592
mul_97,15728640
_to_copy_43,0
mul_98,158072832
t_294,0
view_810,0
mm_213,550502400
view_811,0
silu_7,275251200
t_295,0
view_812,0
mm_214,550502400
view_813,0
mul_99,275251200
t_296,0
view_814,0
mm_215,78643200
view_815,0
add_132,157286400
_to_copy_44,0
pow_19,316145664
mean_18,37784
add_133,32004
rsqrt_18,38592
mul_100,15728640
_to_copy_45,0
mul_101,158072832
t_297,0
view_816,0
mm_216,157286400
view_817,0
view_818,0
transpose_195,0
_to_copy_46,0
pow_20,31457280
mean_19,245648
add_134,245096
rsqrt_19,245760
mul_102,31457280
_to_copy_47,0
mul_103,15728640
t_298,0
view_819,0
mm_217,157384704000
view_820,0
t_299,0
view_821,0
mm_218,157384704000
view_822,0
view_823,0
transpose_196,0
view_824,0
transpose_197,0
slice_179,0
slice_180,0
unsqueeze_43,0
slice_181,0
slice_182,0
expand_25,0
clone_18,0
_unsafe_view_16,0
slice_183,0
slice_184,0
unsqueeze_44,0
slice_185,0
slice_186,0
expand_26,0
clone_19,0
_unsafe_view_17,0
_to_copy_48,0
pow_21,1259077632000
mean_20,9836539920
add_135,9836472008
rsqrt_20,9836544000
mul_104,1259077632000
_to_copy_49,0
mul_105,629538816000
_scaled_dot_product_flash_attention_for_cpu_48,-331038720
transpose_198,0
view_825,0
t_300,0
view_826,0
mm_219,157286400
view_827,0
tanh_22,36000
mul_106,31457280
add_136,157286400
_to_copy_50,0
pow_22,316145664
mean_21,37784
add_137,32004
rsqrt_21,38592
mul_107,15728640
_to_copy_51,0
mul_108,158072832
t_301,0
view_828,0
mm_220,550502400
view_829,0
silu_8,275251200
t_302,0
view_830,0
mm_221,550502400
view_831,0
mul_109,275251200
t_303,0
view_832,0
mm_222,78643200
view_833,0
slice_187,0
select_1,0
mul_110,15728640
tanh_23,36000
mul_111,31457280
add_138,157286400
_to_copy_52,0
pow_23,316145664
mean_22,37784
add_139,32004
rsqrt_22,38592
mul_112,15728640
_to_copy_53,0
mul_113,158072832
t_304,0
view_834,0
mm_223,157286400
view_835,0
t_305,0
view_836,0
mm_224,15728640
view_837,0
t_306,0
view_838,0
mm_225,15728640
view_839,0
view_840,0
transpose_199,0
view_841,0
transpose_200,0
view_842,0
transpose_201,0
unsqueeze_45,0
unsqueeze_46,0
mul_114,125829120
slice_188,0
slice_189,0
neg_14,31457280
mul_115,125829120
add_140,62914560
mul_116,15728640
slice_190,0
slice_191,0
neg_15,3932160
mul_117,15728640
add_141,7864320
slice_192,0
slice_193,0
unsqueeze_47,0
slice_194,0
slice_195,0
expand_27,0
clone_20,0
_unsafe_view_18,0
slice_196,0
slice_197,0
unsqueeze_48,0
slice_198,0
slice_199,0
expand_28,0
clone_21,0
_unsafe_view_19,0
slice_203,0
slice_204,0
slice_205,0
_scaled_dot_product_flash_attention_for_cpu_49,-227028992
transpose_202,0
view_843,0
t_307,0
view_844,0
mm_226,157286400
view_845,0
add_142,157286400
_to_copy_54,0
pow_24,316145664
mean_23,37784
add_143,32004
rsqrt_23,38592
mul_118,15728640
_to_copy_55,0
mul_119,158072832
t_308,0
view_846,0
mm_227,550502400
view_847,0
silu_9,275251200
t_309,0
view_848,0
mm_228,550502400
view_849,0
mul_120,275251200
t_310,0
view_850,0
mm_229,78643200
view_851,0
add_144,157286400
_to_copy_56,0
pow_25,316145664
mean_24,37784
add_145,32004
rsqrt_24,38592
mul_121,15728640
_to_copy_57,0
mul_122,158072832
t_311,0
view_852,0
mm_230,157286400
view_853,0
t_312,0
view_854,0
mm_231,15728640
view_855,0
t_313,0
view_856,0
mm_232,15728640
view_857,0
view_858,0
transpose_203,0
view_859,0
transpose_204,0
view_860,0
transpose_205,0
unsqueeze_49,0
unsqueeze_50,0
mul_123,125829120
slice_206,0
slice_207,0
neg_16,31457280
mul_124,125829120
add_146,62914560
mul_125,15728640
slice_208,0
slice_209,0
neg_17,3932160
mul_126,15728640
add_147,7864320
slice_210,0
slice_211,0
unsqueeze_51,0
slice_212,0
slice_213,0
expand_29,0
clone_22,0
_unsafe_view_20,0
slice_214,0
slice_215,0
unsqueeze_52,0
slice_216,0
slice_217,0
expand_30,0
clone_23,0
_unsafe_view_21,0
slice_221,0
slice_222,0
slice_223,0
_scaled_dot_product_flash_attention_for_cpu_50,-227028992
transpose_206,0
view_861,0
t_314,0
view_862,0
mm_233,157286400
view_863,0
add_148,157286400
_to_copy_58,0
pow_26,316145664
mean_25,37784
add_149,32004
rsqrt_25,38592
mul_127,15728640
_to_copy_59,0
mul_128,158072832
t_315,0
view_864,0
mm_234,550502400
view_865,0
silu_10,275251200
t_316,0
view_866,0
mm_235,550502400
view_867,0
mul_129,275251200
t_317,0
view_868,0
mm_236,78643200
view_869,0
add_150,157286400
_to_copy_60,0
pow_27,316145664
mean_26,37784
add_151,32004
rsqrt_26,38592
mul_130,15728640
_to_copy_61,0
mul_131,158072832
t_318,0
view_870,0
mm_237,157286400
view_871,0
t_319,0
view_872,0
mm_238,15728640
view_873,0
t_320,0
view_874,0
mm_239,15728640
view_875,0
view_876,0
transpose_207,0
view_877,0
transpose_208,0
view_878,0
transpose_209,0
unsqueeze_53,0
unsqueeze_54,0
mul_132,125829120
slice_224,0
slice_225,0
neg_18,31457280
mul_133,125829120
add_152,62914560
mul_134,15728640
slice_226,0
slice_227,0
neg_19,3932160
mul_135,15728640
add_153,7864320
slice_228,0
slice_229,0
unsqueeze_55,0
slice_230,0
slice_231,0
expand_31,0
clone_24,0
_unsafe_view_22,0
slice_232,0
slice_233,0
unsqueeze_56,0
slice_234,0
slice_235,0
expand_32,0
clone_25,0
_unsafe_view_23,0
slice_239,0
slice_240,0
slice_241,0
_scaled_dot_product_flash_attention_for_cpu_51,-227028992
transpose_210,0
view_879,0
t_321,0
view_880,0
mm_240,157286400
view_881,0
add_154,157286400
_to_copy_62,0
pow_28,316145664
mean_27,37784
add_155,32004
rsqrt_27,38592
mul_136,15728640
_to_copy_63,0
mul_137,158072832
t_322,0
view_882,0
mm_241,550502400
view_883,0
silu_11,275251200
t_323,0
view_884,0
mm_242,550502400
view_885,0
mul_138,275251200
t_324,0
view_886,0
mm_243,78643200
view_887,0
add_156,157286400
_to_copy_64,0
pow_29,316145664
mean_28,37784
add_157,32004
rsqrt_28,38592
mul_139,15728640
_to_copy_65,0
mul_140,158072832
t_325,0
view_888,0
mm_244,157286400
view_889,0
t_326,0
view_890,0
mm_245,15728640
view_891,0
t_327,0
view_892,0
mm_246,15728640
view_893,0
view_894,0
transpose_211,0
view_895,0
transpose_212,0
view_896,0
transpose_213,0
unsqueeze_57,0
unsqueeze_58,0
mul_141,125829120
slice_242,0
slice_243,0
neg_20,31457280
mul_142,125829120
add_158,62914560
mul_143,15728640
slice_244,0
slice_245,0
neg_21,3932160
mul_144,15728640
add_159,7864320
slice_246,0
slice_247,0
unsqueeze_59,0
slice_248,0
slice_249,0
expand_33,0
clone_26,0
_unsafe_view_24,0
slice_250,0
slice_251,0
unsqueeze_60,0
slice_252,0
slice_253,0
expand_34,0
clone_27,0
_unsafe_view_25,0
slice_257,0
slice_258,0
slice_259,0
_scaled_dot_product_flash_attention_for_cpu_52,-227028992
transpose_214,0
view_897,0
t_328,0
view_898,0
mm_247,157286400
view_899,0
add_160,157286400
_to_copy_66,0
pow_30,316145664
mean_29,37784
add_161,32004
rsqrt_29,38592
mul_145,15728640
_to_copy_67,0
mul_146,158072832
t_329,0
view_900,0
mm_248,550502400
view_901,0
silu_12,275251200
t_330,0
view_902,0
mm_249,550502400
view_903,0
mul_147,275251200
t_331,0
view_904,0
mm_250,78643200
view_905,0
add_162,157286400
_to_copy_68,0
pow_31,316145664
mean_30,37784
add_163,32004
rsqrt_30,38592
mul_148,15728640
_to_copy_69,0
mul_149,158072832
t_332,0
view_906,0
mm_251,157286400
view_907,0
view_908,0
transpose_215,0
_to_copy_70,0
pow_32,31457280
mean_31,245648
add_164,245096
rsqrt_31,245760
mul_150,31457280
_to_copy_71,0
mul_151,15728640
t_333,0
view_909,0
mm_252,157384704000
view_910,0
t_334,0
view_911,0
mm_253,157384704000
view_912,0
view_913,0
transpose_216,0
view_914,0
transpose_217,0
slice_260,0
slice_261,0
unsqueeze_61,0
slice_262,0
slice_263,0
expand_35,0
clone_28,0
_unsafe_view_26,0
slice_264,0
slice_265,0
unsqueeze_62,0
slice_266,0
slice_267,0
expand_36,0
clone_29,0
_unsafe_view_27,0
_to_copy_72,0
pow_33,1259077632000
mean_32,9836539920
add_165,9836472008
rsqrt_32,9836544000
mul_152,1259077632000
_to_copy_73,0
mul_153,629538816000
_scaled_dot_product_flash_attention_for_cpu_53,-331038720
transpose_218,0
view_915,0
t_335,0
view_916,0
mm_254,157286400
view_917,0
tanh_24,36000
mul_154,31457280
add_166,157286400
_to_copy_74,0
pow_34,316145664
mean_33,37784
add_167,32004
rsqrt_33,38592
mul_155,15728640
_to_copy_75,0
mul_156,158072832
t_336,0
view_918,0
mm_255,550502400
view_919,0
silu_13,275251200
t_337,0
view_920,0
mm_256,550502400
view_921,0
mul_157,275251200
t_338,0
view_922,0
mm_257,78643200
view_923,0
slice_268,0
select_2,0
mul_158,15728640
tanh_25,36000
mul_159,31457280
add_168,157286400
_to_copy_76,0
pow_35,316145664
mean_34,37784
add_169,32004
rsqrt_34,38592
mul_160,15728640
_to_copy_77,0
mul_161,158072832
t_339,0
view_924,0
mm_258,157286400
view_925,0
t_340,0
view_926,0
mm_259,15728640
view_927,0
t_341,0
view_928,0
mm_260,15728640
view_929,0
view_930,0
transpose_219,0
view_931,0
transpose_220,0
view_932,0
transpose_221,0
unsqueeze_63,0
unsqueeze_64,0
mul_162,125829120
slice_269,0
slice_270,0
neg_22,31457280
mul_163,125829120
add_170,62914560
mul_164,15728640
slice_271,0
slice_272,0
neg_23,3932160
mul_165,15728640
add_171,7864320
slice_273,0
slice_274,0
unsqueeze_65,0
slice_275,0
slice_276,0
expand_37,0
clone_30,0
_unsafe_view_28,0
slice_277,0
slice_278,0
unsqueeze_66,0
slice_279,0
slice_280,0
expand_38,0
clone_31,0
_unsafe_view_29,0
slice_284,0
slice_285,0
slice_286,0
_scaled_dot_product_flash_attention_for_cpu_54,-227028992
transpose_222,0
view_933,0
t_342,0
view_934,0
mm_261,157286400
view_935,0
add_172,157286400
_to_copy_78,0
pow_36,316145664
mean_35,37784
add_173,32004
rsqrt_35,38592
mul_166,15728640
_to_copy_79,0
mul_167,158072832
t_343,0
view_936,0
mm_262,550502400
view_937,0
silu_14,275251200
t_344,0
view_938,0
mm_263,550502400
view_939,0
mul_168,275251200
t_345,0
view_940,0
mm_264,78643200
view_941,0
add_174,157286400
_to_copy_80,0
pow_37,316145664
mean_36,37784
add_175,32004
rsqrt_36,38592
mul_169,15728640
_to_copy_81,0
mul_170,158072832
t_346,0
view_942,0
mm_265,157286400
view_943,0
t_347,0
view_944,0
mm_266,15728640
view_945,0
t_348,0
view_946,0
mm_267,15728640
view_947,0
view_948,0
transpose_223,0
view_949,0
transpose_224,0
view_950,0
transpose_225,0
unsqueeze_67,0
unsqueeze_68,0
mul_171,125829120
slice_287,0
slice_288,0
neg_24,31457280
mul_172,125829120
add_176,62914560
mul_173,15728640
slice_289,0
slice_290,0
neg_25,3932160
mul_174,15728640
add_177,7864320
slice_291,0
slice_292,0
unsqueeze_69,0
slice_293,0
slice_294,0
expand_39,0
clone_32,0
_unsafe_view_30,0
slice_295,0
slice_296,0
unsqueeze_70,0
slice_297,0
slice_298,0
expand_40,0
clone_33,0
_unsafe_view_31,0
slice_302,0
slice_303,0
slice_304,0
_scaled_dot_product_flash_attention_for_cpu_55,-227028992
transpose_226,0
view_951,0
t_349,0
view_952,0
mm_268,157286400
view_953,0
add_178,157286400
_to_copy_82,0
pow_38,316145664
mean_37,37784
add_179,32004
rsqrt_37,38592
mul_175,15728640
_to_copy_83,0
mul_176,158072832
t_350,0
view_954,0
mm_269,550502400
view_955,0
silu_15,275251200
t_351,0
view_956,0
mm_270,550502400
view_957,0
mul_177,275251200
t_352,0
view_958,0
mm_271,78643200
view_959,0
add_180,157286400
_to_copy_84,0
pow_39,316145664
mean_38,37784
add_181,32004
rsqrt_38,38592
mul_178,15728640
_to_copy_85,0
mul_179,158072832
t_353,0
view_960,0
mm_272,157286400
view_961,0
t_354,0
view_962,0
mm_273,15728640
view_963,0
t_355,0
view_964,0
mm_274,15728640
view_965,0
view_966,0
transpose_227,0
view_967,0
transpose_228,0
view_968,0
transpose_229,0
unsqueeze_71,0
unsqueeze_72,0
mul_180,125829120
slice_305,0
slice_306,0
neg_26,31457280
mul_181,125829120
add_182,62914560
mul_182,15728640
slice_307,0
slice_308,0
neg_27,3932160
mul_183,15728640
add_183,7864320
slice_309,0
slice_310,0
unsqueeze_73,0
slice_311,0
slice_312,0
expand_41,0
clone_34,0
_unsafe_view_32,0
slice_313,0
slice_314,0
unsqueeze_74,0
slice_315,0
slice_316,0
expand_42,0
clone_35,0
_unsafe_view_33,0
slice_320,0
slice_321,0
slice_322,0
_scaled_dot_product_flash_attention_for_cpu_56,-227028992
transpose_230,0
view_969,0
t_356,0
view_970,0
mm_275,157286400
view_971,0
add_184,157286400
_to_copy_86,0
pow_40,316145664
mean_39,37784
add_185,32004
rsqrt_39,38592
mul_184,15728640
_to_copy_87,0
mul_185,158072832
t_357,0
view_972,0
mm_276,550502400
view_973,0
silu_16,275251200
t_358,0
view_974,0
mm_277,550502400
view_975,0
mul_186,275251200
t_359,0
view_976,0
mm_278,78643200
view_977,0
add_186,157286400
_to_copy_88,0
pow_41,316145664
mean_40,37784
add_187,32004
rsqrt_40,38592
mul_187,15728640
_to_copy_89,0
mul_188,158072832
t_360,0
view_978,0
mm_279,157286400
view_979,0
t_361,0
view_980,0
mm_280,15728640
view_981,0
t_362,0
view_982,0
mm_281,15728640
view_983,0
view_984,0
transpose_231,0
view_985,0
transpose_232,0
view_986,0
transpose_233,0
unsqueeze_75,0
unsqueeze_76,0
mul_189,125829120
slice_323,0
slice_324,0
neg_28,31457280
mul_190,125829120
add_188,62914560
mul_191,15728640
slice_325,0
slice_326,0
neg_29,3932160
mul_192,15728640
add_189,7864320
slice_327,0
slice_328,0
unsqueeze_77,0
slice_329,0
slice_330,0
expand_43,0
clone_36,0
_unsafe_view_34,0
slice_331,0
slice_332,0
unsqueeze_78,0
slice_333,0
slice_334,0
expand_44,0
clone_37,0
_unsafe_view_35,0
slice_338,0
slice_339,0
slice_340,0
_scaled_dot_product_flash_attention_for_cpu_57,-227028992
transpose_234,0
view_987,0
t_363,0
view_988,0
mm_282,157286400
view_989,0
add_190,157286400
_to_copy_90,0
pow_42,316145664
mean_41,37784
add_191,32004
rsqrt_41,38592
mul_193,15728640
_to_copy_91,0
mul_194,158072832
t_364,0
view_990,0
mm_283,550502400
view_991,0
silu_17,275251200
t_365,0
view_992,0
mm_284,550502400
view_993,0
mul_195,275251200
t_366,0
view_994,0
mm_285,78643200
view_995,0
add_192,157286400
_to_copy_92,0
pow_43,316145664
mean_42,37784
add_193,32004
rsqrt_42,38592
mul_196,15728640
_to_copy_93,0
mul_197,158072832
t_367,0
view_996,0
mm_286,157286400
view_997,0
view_998,0
transpose_235,0
_to_copy_94,0
pow_44,31457280
mean_43,245648
add_194,245096
rsqrt_43,245760
mul_198,31457280
_to_copy_95,0
mul_199,15728640
t_368,0
view_999,0
mm_287,157384704000
view_1000,0
t_369,0
view_1001,0
mm_288,157384704000
view_1002,0
view_1003,0
transpose_236,0
view_1004,0
transpose_237,0
slice_341,0
slice_342,0
unsqueeze_79,0
slice_343,0
slice_344,0
expand_45,0
clone_38,0
_unsafe_view_36,0
slice_345,0
slice_346,0
unsqueeze_80,0
slice_347,0
slice_348,0
expand_46,0
clone_39,0
_unsafe_view_37,0
_to_copy_96,0
pow_45,1259077632000
mean_44,9836539920
add_195,9836472008
rsqrt_44,9836544000
mul_200,1259077632000
_to_copy_97,0
mul_201,629538816000
_scaled_dot_product_flash_attention_for_cpu_58,-331038720
transpose_238,0
view_1005,0
t_370,0
view_1006,0
mm_289,157286400
view_1007,0
tanh_26,36000
mul_202,31457280
add_196,157286400
_to_copy_98,0
pow_46,316145664
mean_45,37784
add_197,32004
rsqrt_45,38592
mul_203,15728640
_to_copy_99,0
mul_204,158072832
t_371,0
view_1008,0
mm_290,550502400
view_1009,0
silu_18,275251200
t_372,0
view_1010,0
mm_291,550502400
view_1011,0
mul_205,275251200
t_373,0
view_1012,0
mm_292,78643200
view_1013,0
slice_349,0
select_3,0
mul_206,15728640
tanh_27,36000
mul_207,31457280
add_198,157286400
_to_copy_100,0
pow_47,316145664
mean_46,37784
add_199,32004
rsqrt_46,38592
mul_208,15728640
_to_copy_101,0
mul_209,158072832
t_374,0
view_1014,0
mm_293,157286400
view_1015,0
t_375,0
view_1016,0
mm_294,15728640
view_1017,0
t_376,0
view_1018,0
mm_295,15728640
view_1019,0
view_1020,0
transpose_239,0
view_1021,0
transpose_240,0
view_1022,0
transpose_241,0
unsqueeze_81,0
unsqueeze_82,0
mul_210,125829120
slice_350,0
slice_351,0
neg_30,31457280
mul_211,125829120
add_200,62914560
mul_212,15728640
slice_352,0
slice_353,0
neg_31,3932160
mul_213,15728640
add_201,7864320
slice_354,0
slice_355,0
unsqueeze_83,0
slice_356,0
slice_357,0
expand_47,0
clone_40,0
_unsafe_view_38,0
slice_358,0
slice_359,0
unsqueeze_84,0
slice_360,0
slice_361,0
expand_48,0
clone_41,0
_unsafe_view_39,0
slice_365,0
slice_366,0
slice_367,0
_scaled_dot_product_flash_attention_for_cpu_59,-227028992
transpose_242,0
view_1023,0
t_377,0
view_1024,0
mm_296,157286400
view_1025,0
add_202,157286400
_to_copy_102,0
pow_48,316145664
mean_47,37784
add_203,32004
rsqrt_47,38592
mul_214,15728640
_to_copy_103,0
mul_215,158072832
t_378,0
view_1026,0
mm_297,550502400
view_1027,0
silu_19,275251200
t_379,0
view_1028,0
mm_298,550502400
view_1029,0
mul_216,275251200
t_380,0
view_1030,0
mm_299,78643200
view_1031,0
add_204,157286400
_to_copy_104,0
pow_49,316145664
mean_48,37784
add_205,32004
rsqrt_48,38592
mul_217,15728640
_to_copy_105,0
mul_218,158072832
t_381,0
view_1032,0
mm_300,157286400
view_1033,0
t_382,0
view_1034,0
mm_301,15728640
view_1035,0
t_383,0
view_1036,0
mm_302,15728640
view_1037,0
view_1038,0
transpose_243,0
view_1039,0
transpose_244,0
view_1040,0
transpose_245,0
unsqueeze_85,0
unsqueeze_86,0
mul_219,125829120
slice_368,0
slice_369,0
neg_32,31457280
mul_220,125829120
add_206,62914560
mul_221,15728640
slice_370,0
slice_371,0
neg_33,3932160
mul_222,15728640
add_207,7864320
slice_372,0
slice_373,0
unsqueeze_87,0
slice_374,0
slice_375,0
expand_49,0
clone_42,0
_unsafe_view_40,0
slice_376,0
slice_377,0
unsqueeze_88,0
slice_378,0
slice_379,0
expand_50,0
clone_43,0
_unsafe_view_41,0
slice_383,0
slice_384,0
slice_385,0
_scaled_dot_product_flash_attention_for_cpu_60,-227028992
transpose_246,0
view_1041,0
t_384,0
view_1042,0
mm_303,157286400
view_1043,0
add_208,157286400
_to_copy_106,0
pow_50,316145664
mean_49,37784
add_209,32004
rsqrt_49,38592
mul_223,15728640
_to_copy_107,0
mul_224,158072832
t_385,0
view_1044,0
mm_304,550502400
view_1045,0
silu_20,275251200
t_386,0
view_1046,0
mm_305,550502400
view_1047,0
mul_225,275251200
t_387,0
view_1048,0
mm_306,78643200
view_1049,0
add_210,157286400
_to_copy_108,0
pow_51,316145664
mean_50,37784
add_211,32004
rsqrt_50,38592
mul_226,15728640
_to_copy_109,0
mul_227,158072832
t_388,0
view_1050,0
mm_307,157286400
view_1051,0
t_389,0
view_1052,0
mm_308,15728640
view_1053,0
t_390,0
view_1054,0
mm_309,15728640
view_1055,0
view_1056,0
transpose_247,0
view_1057,0
transpose_248,0
view_1058,0
transpose_249,0
unsqueeze_89,0
unsqueeze_90,0
mul_228,125829120
slice_386,0
slice_387,0
neg_34,31457280
mul_229,125829120
add_212,62914560
mul_230,15728640
slice_388,0
slice_389,0
neg_35,3932160
mul_231,15728640
add_213,7864320
slice_390,0
slice_391,0
unsqueeze_91,0
slice_392,0
slice_393,0
expand_51,0
clone_44,0
_unsafe_view_42,0
slice_394,0
slice_395,0
unsqueeze_92,0
slice_396,0
slice_397,0
expand_52,0
clone_45,0
_unsafe_view_43,0
slice_401,0
slice_402,0
slice_403,0
_scaled_dot_product_flash_attention_for_cpu_61,-227028992
transpose_250,0
view_1059,0
t_391,0
view_1060,0
mm_310,157286400
view_1061,0
add_214,157286400
_to_copy_110,0
pow_52,316145664
mean_51,37784
add_215,32004
rsqrt_51,38592
mul_232,15728640
_to_copy_111,0
mul_233,158072832
t_392,0
view_1062,0
mm_311,550502400
view_1063,0
silu_21,275251200
t_393,0
view_1064,0
mm_312,550502400
view_1065,0
mul_234,275251200
t_394,0
view_1066,0
mm_313,78643200
view_1067,0
add_216,157286400
_to_copy_112,0
pow_53,316145664
mean_52,37784
add_217,32004
rsqrt_52,38592
mul_235,15728640
_to_copy_113,0
mul_236,158072832
t_395,0
view_1068,0
mm_314,157286400
view_1069,0
t_396,0
view_1070,0
mm_315,15728640
view_1071,0
t_397,0
view_1072,0
mm_316,15728640
view_1073,0
view_1074,0
transpose_251,0
view_1075,0
transpose_252,0
view_1076,0
transpose_253,0
unsqueeze_93,0
unsqueeze_94,0
mul_237,125829120
slice_404,0
slice_405,0
neg_36,31457280
mul_238,125829120
add_218,62914560
mul_239,15728640
slice_406,0
slice_407,0
neg_37,3932160
mul_240,15728640
add_219,7864320
slice_408,0
slice_409,0
unsqueeze_95,0
slice_410,0
slice_411,0
expand_53,0
clone_46,0
_unsafe_view_44,0
slice_412,0
slice_413,0
unsqueeze_96,0
slice_414,0
slice_415,0
expand_54,0
clone_47,0
_unsafe_view_45,0
slice_419,0
slice_420,0
slice_421,0
_scaled_dot_product_flash_attention_for_cpu_62,-227028992
transpose_254,0
view_1077,0
t_398,0
view_1078,0
mm_317,157286400
view_1079,0
add_220,157286400
_to_copy_114,0
pow_54,316145664
mean_53,37784
add_221,32004
rsqrt_53,38592
mul_241,15728640
_to_copy_115,0
mul_242,158072832
t_399,0
view_1080,0
mm_318,550502400
view_1081,0
silu_22,275251200
t_400,0
view_1082,0
mm_319,550502400
view_1083,0
mul_243,275251200
t_401,0
view_1084,0
mm_320,78643200
view_1085,0
add_222,157286400
_to_copy_116,0
pow_55,316145664
mean_54,37784
add_223,32004
rsqrt_54,38592
mul_244,15728640
_to_copy_117,0
mul_245,158072832
t_402,0
view_1086,0
mm_321,157286400
view_1087,0
view_1088,0
transpose_255,0
_to_copy_118,0
pow_56,31457280
mean_55,245648
add_224,245096
rsqrt_55,245760
mul_246,31457280
_to_copy_119,0
mul_247,15728640
t_403,0
view_1089,0
mm_322,157384704000
view_1090,0
t_404,0
view_1091,0
mm_323,157384704000
view_1092,0
view_1093,0
transpose_256,0
view_1094,0
transpose_257,0
slice_422,0
slice_423,0
unsqueeze_97,0
slice_424,0
slice_425,0
expand_55,0
clone_48,0
_unsafe_view_46,0
slice_426,0
slice_427,0
unsqueeze_98,0
slice_428,0
slice_429,0
expand_56,0
clone_49,0
_unsafe_view_47,0
_to_copy_120,0
pow_57,1259077632000
mean_56,9836539920
add_225,9836472008
rsqrt_56,9836544000
mul_248,1259077632000
_to_copy_121,0
mul_249,629538816000
_scaled_dot_product_flash_attention_for_cpu_63,-331038720
transpose_258,0
view_1095,0
t_405,0
view_1096,0
mm_324,157286400
view_1097,0
tanh_28,36000
mul_250,31457280
add_226,157286400
_to_copy_122,0
pow_58,316145664
mean_57,37784
add_227,32004
rsqrt_57,38592
mul_251,15728640
_to_copy_123,0
mul_252,158072832
t_406,0
view_1098,0
mm_325,550502400
view_1099,0
silu_23,275251200
t_407,0
view_1100,0
mm_326,550502400
view_1101,0
mul_253,275251200
t_408,0
view_1102,0
mm_327,78643200
view_1103,0
slice_430,0
select_4,0
mul_254,15728640
tanh_29,36000
mul_255,31457280
add_228,157286400
_to_copy_124,0
pow_59,316145664
mean_58,37784
add_229,32004
rsqrt_58,38592
mul_256,15728640
_to_copy_125,0
mul_257,158072832
t_409,0
view_1104,0
mm_328,157286400
view_1105,0
t_410,0
view_1106,0
mm_329,15728640
view_1107,0
t_411,0
view_1108,0
mm_330,15728640
view_1109,0
view_1110,0
transpose_259,0
view_1111,0
transpose_260,0
view_1112,0
transpose_261,0
unsqueeze_99,0
unsqueeze_100,0
mul_258,125829120
slice_431,0
slice_432,0
neg_38,31457280
mul_259,125829120
add_230,62914560
mul_260,15728640
slice_433,0
slice_434,0
neg_39,3932160
mul_261,15728640
add_231,7864320
slice_435,0
slice_436,0
unsqueeze_101,0
slice_437,0
slice_438,0
expand_57,0
clone_50,0
_unsafe_view_48,0
slice_439,0
slice_440,0
unsqueeze_102,0
slice_441,0
slice_442,0
expand_58,0
clone_51,0
_unsafe_view_49,0
slice_446,0
slice_447,0
slice_448,0
_scaled_dot_product_flash_attention_for_cpu_64,-227028992
transpose_262,0
view_1113,0
t_412,0
view_1114,0
mm_331,157286400
view_1115,0
add_232,157286400
_to_copy_126,0
pow_60,316145664
mean_59,37784
add_233,32004
rsqrt_59,38592
mul_262,15728640
_to_copy_127,0
mul_263,158072832
t_413,0
view_1116,0
mm_332,550502400
view_1117,0
silu_24,275251200
t_414,0
view_1118,0
mm_333,550502400
view_1119,0
mul_264,275251200
t_415,0
view_1120,0
mm_334,78643200
view_1121,0
add_234,157286400
_to_copy_128,0
pow_61,316145664
mean_60,37784
add_235,32004
rsqrt_60,38592
mul_265,15728640
_to_copy_129,0
mul_266,158072832
t_416,0
view_1122,0
mm_335,157286400
view_1123,0
t_417,0
view_1124,0
mm_336,15728640
view_1125,0
t_418,0
view_1126,0
mm_337,15728640
view_1127,0
view_1128,0
transpose_263,0
view_1129,0
transpose_264,0
view_1130,0
transpose_265,0
unsqueeze_103,0
unsqueeze_104,0
mul_267,125829120
slice_449,0
slice_450,0
neg_40,31457280
mul_268,125829120
add_236,62914560
mul_269,15728640
slice_451,0
slice_452,0
neg_41,3932160
mul_270,15728640
add_237,7864320
slice_453,0
slice_454,0
unsqueeze_105,0
slice_455,0
slice_456,0
expand_59,0
clone_52,0
_unsafe_view_50,0
slice_457,0
slice_458,0
unsqueeze_106,0
slice_459,0
slice_460,0
expand_60,0
clone_53,0
_unsafe_view_51,0
slice_464,0
slice_465,0
slice_466,0
_scaled_dot_product_flash_attention_for_cpu_65,-227028992
transpose_266,0
view_1131,0
t_419,0
view_1132,0
mm_338,157286400
view_1133,0
add_238,157286400
_to_copy_130,0
pow_62,316145664
mean_61,37784
add_239,32004
rsqrt_61,38592
mul_271,15728640
_to_copy_131,0
mul_272,158072832
t_420,0
view_1134,0
mm_339,550502400
view_1135,0
silu_25,275251200
t_421,0
view_1136,0
mm_340,550502400
view_1137,0
mul_273,275251200
t_422,0
view_1138,0
mm_341,78643200
view_1139,0
add_240,157286400
_to_copy_132,0
pow_63,316145664
mean_62,37784
add_241,32004
rsqrt_62,38592
mul_274,15728640
_to_copy_133,0
mul_275,158072832
t_423,0
view_1140,0
mm_342,157286400
view_1141,0
t_424,0
view_1142,0
mm_343,15728640
view_1143,0
t_425,0
view_1144,0
mm_344,15728640
view_1145,0
view_1146,0
transpose_267,0
view_1147,0
transpose_268,0
view_1148,0
transpose_269,0
unsqueeze_107,0
unsqueeze_108,0
mul_276,125829120
slice_467,0
slice_468,0
neg_42,31457280
mul_277,125829120
add_242,62914560
mul_278,15728640
slice_469,0
slice_470,0
neg_43,3932160
mul_279,15728640
add_243,7864320
slice_471,0
slice_472,0
unsqueeze_109,0
slice_473,0
slice_474,0
expand_61,0
clone_54,0
_unsafe_view_52,0
slice_475,0
slice_476,0
unsqueeze_110,0
slice_477,0
slice_478,0
expand_62,0
clone_55,0
_unsafe_view_53,0
slice_482,0
slice_483,0
slice_484,0
_scaled_dot_product_flash_attention_for_cpu_66,-227028992
transpose_270,0
view_1149,0
t_426,0
view_1150,0
mm_345,157286400
view_1151,0
add_244,157286400
_to_copy_134,0
pow_64,316145664
mean_63,37784
add_245,32004
rsqrt_63,38592
mul_280,15728640
_to_copy_135,0
mul_281,158072832
t_427,0
view_1152,0
mm_346,550502400
view_1153,0
silu_26,275251200
t_428,0
view_1154,0
mm_347,550502400
view_1155,0
mul_282,275251200
t_429,0
view_1156,0
mm_348,78643200
view_1157,0
add_246,157286400
_to_copy_136,0
pow_65,316145664
mean_64,37784
add_247,32004
rsqrt_64,38592
mul_283,15728640
_to_copy_137,0
mul_284,158072832
t_430,0
view_1158,0
mm_349,157286400
view_1159,0
t_431,0
view_1160,0
mm_350,15728640
view_1161,0
t_432,0
view_1162,0
mm_351,15728640
view_1163,0
view_1164,0
transpose_271,0
view_1165,0
transpose_272,0
view_1166,0
transpose_273,0
unsqueeze_111,0
unsqueeze_112,0
mul_285,125829120
slice_485,0
slice_486,0
neg_44,31457280
mul_286,125829120
add_248,62914560
mul_287,15728640
slice_487,0
slice_488,0
neg_45,3932160
mul_288,15728640
add_249,7864320
slice_489,0
slice_490,0
unsqueeze_113,0
slice_491,0
slice_492,0
expand_63,0
clone_56,0
_unsafe_view_54,0
slice_493,0
slice_494,0
unsqueeze_114,0
slice_495,0
slice_496,0
expand_64,0
clone_57,0
_unsafe_view_55,0
slice_500,0
slice_501,0
slice_502,0
_scaled_dot_product_flash_attention_for_cpu_67,-227028992
transpose_274,0
view_1167,0
t_433,0
view_1168,0
mm_352,157286400
view_1169,0
add_250,157286400
_to_copy_138,0
pow_66,316145664
mean_65,37784
add_251,32004
rsqrt_65,38592
mul_289,15728640
_to_copy_139,0
mul_290,158072832
t_434,0
view_1170,0
mm_353,550502400
view_1171,0
silu_27,275251200
t_435,0
view_1172,0
mm_354,550502400
view_1173,0
mul_291,275251200
t_436,0
view_1174,0
mm_355,78643200
view_1175,0
add_252,157286400
_to_copy_140,0
pow_67,316145664
mean_66,37784
add_253,32004
rsqrt_66,38592
mul_292,15728640
_to_copy_141,0
mul_293,158072832
t_437,0
view_1176,0
mm_356,157286400
view_1177,0
view_1178,0
transpose_275,0
_to_copy_142,0
pow_68,31457280
mean_67,245648
add_254,245096
rsqrt_67,245760
mul_294,31457280
_to_copy_143,0
mul_295,15728640
t_438,0
view_1179,0
mm_357,157384704000
view_1180,0
t_439,0
view_1181,0
mm_358,157384704000
view_1182,0
view_1183,0
transpose_276,0
view_1184,0
transpose_277,0
slice_503,0
slice_504,0
unsqueeze_115,0
slice_505,0
slice_506,0
expand_65,0
clone_58,0
_unsafe_view_56,0
slice_507,0
slice_508,0
unsqueeze_116,0
slice_509,0
slice_510,0
expand_66,0
clone_59,0
_unsafe_view_57,0
_to_copy_144,0
pow_69,1259077632000
mean_68,9836539920
add_255,9836472008
rsqrt_68,9836544000
mul_296,1259077632000
_to_copy_145,0
mul_297,629538816000
_scaled_dot_product_flash_attention_for_cpu_68,-331038720
transpose_278,0
view_1185,0
t_440,0
view_1186,0
mm_359,157286400
view_1187,0
tanh_30,36000
mul_298,31457280
add_256,157286400
_to_copy_146,0
pow_70,316145664
mean_69,37784
add_257,32004
rsqrt_69,38592
mul_299,15728640
_to_copy_147,0
mul_300,158072832
t_441,0
view_1188,0
mm_360,550502400
view_1189,0
silu_28,275251200
t_442,0
view_1190,0
mm_361,550502400
view_1191,0
mul_301,275251200
t_443,0
view_1192,0
mm_362,78643200
view_1193,0
slice_511,0
select_5,0
mul_302,15728640
tanh_31,36000
mul_303,31457280
add_258,157286400
_to_copy_148,0
pow_71,316145664
mean_70,37784
add_259,32004
rsqrt_70,38592
mul_304,15728640
_to_copy_149,0
mul_305,158072832
t_444,0
view_1194,0
mm_363,157286400
view_1195,0
t_445,0
view_1196,0
mm_364,15728640
view_1197,0
t_446,0
view_1198,0
mm_365,15728640
view_1199,0
view_1200,0
transpose_279,0
view_1201,0
transpose_280,0
view_1202,0
transpose_281,0
unsqueeze_117,0
unsqueeze_118,0
mul_306,125829120
slice_512,0
slice_513,0
neg_46,31457280
mul_307,125829120
add_260,62914560
mul_308,15728640
slice_514,0
slice_515,0
neg_47,3932160
mul_309,15728640
add_261,7864320
slice_516,0
slice_517,0
unsqueeze_119,0
slice_518,0
slice_519,0
expand_67,0
clone_60,0
_unsafe_view_58,0
slice_520,0
slice_521,0
unsqueeze_120,0
slice_522,0
slice_523,0
expand_68,0
clone_61,0
_unsafe_view_59,0
slice_527,0
slice_528,0
slice_529,0
_scaled_dot_product_flash_attention_for_cpu_69,-227028992
transpose_282,0
view_1203,0
t_447,0
view_1204,0
mm_366,157286400
view_1205,0
add_262,157286400
_to_copy_150,0
pow_72,316145664
mean_71,37784
add_263,32004
rsqrt_71,38592
mul_310,15728640
_to_copy_151,0
mul_311,158072832
t_448,0
view_1206,0
mm_367,550502400
view_1207,0
silu_29,275251200
t_449,0
view_1208,0
mm_368,550502400
view_1209,0
mul_312,275251200
t_450,0
view_1210,0
mm_369,78643200
view_1211,0
add_264,157286400
_to_copy_152,0
pow_73,316145664
mean_72,37784
add_265,32004
rsqrt_72,38592
mul_313,15728640
_to_copy_153,0
mul_314,158072832
t_451,0
view_1212,0
mm_370,157286400
view_1213,0
t_452,0
view_1214,0
mm_371,15728640
view_1215,0
t_453,0
view_1216,0
mm_372,15728640
view_1217,0
view_1218,0
transpose_283,0
view_1219,0
transpose_284,0
view_1220,0
transpose_285,0
unsqueeze_121,0
unsqueeze_122,0
mul_315,125829120
slice_530,0
slice_531,0
neg_48,31457280
mul_316,125829120
add_266,62914560
mul_317,15728640
slice_532,0
slice_533,0
neg_49,3932160
mul_318,15728640
add_267,7864320
slice_534,0
slice_535,0
unsqueeze_123,0
slice_536,0
slice_537,0
expand_69,0
clone_62,0
_unsafe_view_60,0
slice_538,0
slice_539,0
unsqueeze_124,0
slice_540,0
slice_541,0
expand_70,0
clone_63,0
_unsafe_view_61,0
slice_545,0
slice_546,0
slice_547,0
_scaled_dot_product_flash_attention_for_cpu_70,-227028992
transpose_286,0
view_1221,0
t_454,0
view_1222,0
mm_373,157286400
view_1223,0
add_268,157286400
_to_copy_154,0
pow_74,316145664
mean_73,37784
add_269,32004
rsqrt_73,38592
mul_319,15728640
_to_copy_155,0
mul_320,158072832
t_455,0
view_1224,0
mm_374,550502400
view_1225,0
silu_30,275251200
t_456,0
view_1226,0
mm_375,550502400
view_1227,0
mul_321,275251200
t_457,0
view_1228,0
mm_376,78643200
view_1229,0
add_270,157286400
_to_copy_156,0
pow_75,316145664
mean_74,37784
add_271,32004
rsqrt_74,38592
mul_322,15728640
_to_copy_157,0
mul_323,158072832
t_458,0
view_1230,0
mm_377,157286400
view_1231,0
t_459,0
view_1232,0
mm_378,15728640
view_1233,0
t_460,0
view_1234,0
mm_379,15728640
view_1235,0
view_1236,0
transpose_287,0
view_1237,0
transpose_288,0
view_1238,0
transpose_289,0
unsqueeze_125,0
unsqueeze_126,0
mul_324,125829120
slice_548,0
slice_549,0
neg_50,31457280
mul_325,125829120
add_272,62914560
mul_326,15728640
slice_550,0
slice_551,0
neg_51,3932160
mul_327,15728640
add_273,7864320
slice_552,0
slice_553,0
unsqueeze_127,0
slice_554,0
slice_555,0
expand_71,0
clone_64,0
_unsafe_view_62,0
slice_556,0
slice_557,0
unsqueeze_128,0
slice_558,0
slice_559,0
expand_72,0
clone_65,0
_unsafe_view_63,0
slice_563,0
slice_564,0
slice_565,0
_scaled_dot_product_flash_attention_for_cpu_71,-227028992
transpose_290,0
view_1239,0
t_461,0
view_1240,0
mm_380,157286400
view_1241,0
add_274,157286400
_to_copy_158,0
pow_76,316145664
mean_75,37784
add_275,32004
rsqrt_75,38592
mul_328,15728640
_to_copy_159,0
mul_329,158072832
t_462,0
view_1242,0
mm_381,550502400
view_1243,0
silu_31,275251200
t_463,0
view_1244,0
mm_382,550502400
view_1245,0
mul_330,275251200
t_464,0
view_1246,0
mm_383,78643200
view_1247,0
add_276,157286400
_to_copy_160,0
pow_77,316145664
mean_76,37784
add_277,32004
rsqrt_76,38592
mul_331,15728640
_to_copy_161,0
mul_332,158072832
t_465,0
view_1248,0
mm_384,157286400
view_1249,0
t_466,0
view_1250,0
mm_385,15728640
view_1251,0
t_467,0
view_1252,0
mm_386,15728640
view_1253,0
view_1254,0
transpose_291,0
view_1255,0
transpose_292,0
view_1256,0
transpose_293,0
unsqueeze_129,0
unsqueeze_130,0
mul_333,125829120
slice_566,0
slice_567,0
neg_52,31457280
mul_334,125829120
add_278,62914560
mul_335,15728640
slice_568,0
slice_569,0
neg_53,3932160
mul_336,15728640
add_279,7864320
slice_570,0
slice_571,0
unsqueeze_131,0
slice_572,0
slice_573,0
expand_73,0
clone_66,0
_unsafe_view_64,0
slice_574,0
slice_575,0
unsqueeze_132,0
slice_576,0
slice_577,0
expand_74,0
clone_67,0
_unsafe_view_65,0
slice_581,0
slice_582,0
slice_583,0
_scaled_dot_product_flash_attention_for_cpu_72,-227028992
transpose_294,0
view_1257,0
t_468,0
view_1258,0
mm_387,157286400
view_1259,0
add_280,157286400
_to_copy_162,0
pow_78,316145664
mean_77,37784
add_281,32004
rsqrt_77,38592
mul_337,15728640
_to_copy_163,0
mul_338,158072832
t_469,0
view_1260,0
mm_388,550502400
view_1261,0
silu_32,275251200
t_470,0
view_1262,0
mm_389,550502400
view_1263,0
mul_339,275251200
t_471,0
view_1264,0
mm_390,78643200
view_1265,0
add_282,157286400
_to_copy_164,0
pow_79,316145664
mean_78,37784
add_283,32004
rsqrt_78,38592
mul_340,15728640
_to_copy_165,0
mul_341,158072832
t_472,0
view_1266,0
mm_391,157286400
view_1267,0
view_1268,0
transpose_295,0
_to_copy_166,0
pow_80,31457280
mean_79,245648
add_284,245096
rsqrt_79,245760
mul_342,31457280
_to_copy_167,0
mul_343,15728640
t_473,0
view_1269,0
mm_392,157384704000
view_1270,0
t_474,0
view_1271,0
mm_393,157384704000
view_1272,0
view_1273,0
transpose_296,0
view_1274,0
transpose_297,0
slice_584,0
slice_585,0
unsqueeze_133,0
slice_586,0
slice_587,0
expand_75,0
clone_68,0
_unsafe_view_66,0
slice_588,0
slice_589,0
unsqueeze_134,0
slice_590,0
slice_591,0
expand_76,0
clone_69,0
_unsafe_view_67,0
_to_copy_168,0
pow_81,1259077632000
mean_80,9836539920
add_285,9836472008
rsqrt_80,9836544000
mul_344,1259077632000
_to_copy_169,0
mul_345,629538816000
_scaled_dot_product_flash_attention_for_cpu_73,-331038720
transpose_298,0
view_1275,0
t_475,0
view_1276,0
mm_394,157286400
view_1277,0
tanh_32,36000
mul_346,31457280
add_286,157286400
_to_copy_170,0
pow_82,316145664
mean_81,37784
add_287,32004
rsqrt_81,38592
mul_347,15728640
_to_copy_171,0
mul_348,158072832
t_476,0
view_1278,0
mm_395,550502400
view_1279,0
silu_33,275251200
t_477,0
view_1280,0
mm_396,550502400
view_1281,0
mul_349,275251200
t_478,0
view_1282,0
mm_397,78643200
view_1283,0
slice_592,0
select_6,0
mul_350,15728640
tanh_33,36000
mul_351,31457280
add_288,157286400
_to_copy_172,0
pow_83,316145664
mean_82,37784
add_289,32004
rsqrt_82,38592
mul_352,15728640
_to_copy_173,0
mul_353,158072832
t_479,0
view_1284,0
mm_398,157286400
view_1285,0
t_480,0
view_1286,0
mm_399,15728640
view_1287,0
t_481,0
view_1288,0
mm_400,15728640
view_1289,0
view_1290,0
transpose_299,0
view_1291,0
transpose_300,0
view_1292,0
transpose_301,0
unsqueeze_135,0
unsqueeze_136,0
mul_354,125829120
slice_593,0
slice_594,0
neg_54,31457280
mul_355,125829120
add_290,62914560
mul_356,15728640
slice_595,0
slice_596,0
neg_55,3932160
mul_357,15728640
add_291,7864320
slice_597,0
slice_598,0
unsqueeze_137,0
slice_599,0
slice_600,0
expand_77,0
clone_70,0
_unsafe_view_68,0
slice_601,0
slice_602,0
unsqueeze_138,0
slice_603,0
slice_604,0
expand_78,0
clone_71,0
_unsafe_view_69,0
slice_608,0
slice_609,0
slice_610,0
_scaled_dot_product_flash_attention_for_cpu_74,-227028992
transpose_302,0
view_1293,0
t_482,0
view_1294,0
mm_401,157286400
view_1295,0
add_292,157286400
_to_copy_174,0
pow_84,316145664
mean_83,37784
add_293,32004
rsqrt_83,38592
mul_358,15728640
_to_copy_175,0
mul_359,158072832
t_483,0
view_1296,0
mm_402,550502400
view_1297,0
silu_34,275251200
t_484,0
view_1298,0
mm_403,550502400
view_1299,0
mul_360,275251200
t_485,0
view_1300,0
mm_404,78643200
view_1301,0
add_294,157286400
_to_copy_176,0
pow_85,316145664
mean_84,37784
add_295,32004
rsqrt_84,38592
mul_361,15728640
_to_copy_177,0
mul_362,158072832
t_486,0
view_1302,0
mm_405,157286400
view_1303,0
t_487,0
view_1304,0
mm_406,15728640
view_1305,0
t_488,0
view_1306,0
mm_407,15728640
view_1307,0
view_1308,0
transpose_303,0
view_1309,0
transpose_304,0
view_1310,0
transpose_305,0
unsqueeze_139,0
unsqueeze_140,0
mul_363,125829120
slice_611,0
slice_612,0
neg_56,31457280
mul_364,125829120
add_296,62914560
mul_365,15728640
slice_613,0
slice_614,0
neg_57,3932160
mul_366,15728640
add_297,7864320
slice_615,0
slice_616,0
unsqueeze_141,0
slice_617,0
slice_618,0
expand_79,0
clone_72,0
_unsafe_view_70,0
slice_619,0
slice_620,0
unsqueeze_142,0
slice_621,0
slice_622,0
expand_80,0
clone_73,0
_unsafe_view_71,0
slice_626,0
slice_627,0
slice_628,0
_scaled_dot_product_flash_attention_for_cpu_75,-227028992
transpose_306,0
view_1311,0
t_489,0
view_1312,0
mm_408,157286400
view_1313,0
add_298,157286400
_to_copy_178,0
pow_86,316145664
mean_85,37784
add_299,32004
rsqrt_85,38592
mul_367,15728640
_to_copy_179,0
mul_368,158072832
t_490,0
view_1314,0
mm_409,550502400
view_1315,0
silu_35,275251200
t_491,0
view_1316,0
mm_410,550502400
view_1317,0
mul_369,275251200
t_492,0
view_1318,0
mm_411,78643200
view_1319,0
add_300,157286400
_to_copy_180,0
pow_87,316145664
mean_86,37784
add_301,32004
rsqrt_86,38592
mul_370,15728640
_to_copy_181,0
mul_371,158072832
t_493,0
view_1320,0
mm_412,157286400
view_1321,0
t_494,0
view_1322,0
mm_413,15728640
view_1323,0
t_495,0
view_1324,0
mm_414,15728640
view_1325,0
view_1326,0
transpose_307,0
view_1327,0
transpose_308,0
view_1328,0
transpose_309,0
unsqueeze_143,0
unsqueeze_144,0
mul_372,125829120
slice_629,0
slice_630,0
neg_58,31457280
mul_373,125829120
add_302,62914560
mul_374,15728640
slice_631,0
slice_632,0
neg_59,3932160
mul_375,15728640
add_303,7864320
slice_633,0
slice_634,0
unsqueeze_145,0
slice_635,0
slice_636,0
expand_81,0
clone_74,0
_unsafe_view_72,0
slice_637,0
slice_638,0
unsqueeze_146,0
slice_639,0
slice_640,0
expand_82,0
clone_75,0
_unsafe_view_73,0
slice_644,0
slice_645,0
slice_646,0
_scaled_dot_product_flash_attention_for_cpu_76,-227028992
transpose_310,0
view_1329,0
t_496,0
view_1330,0
mm_415,157286400
view_1331,0
add_304,157286400
_to_copy_182,0
pow_88,316145664
mean_87,37784
add_305,32004
rsqrt_87,38592
mul_376,15728640
_to_copy_183,0
mul_377,158072832
t_497,0
view_1332,0
mm_416,550502400
view_1333,0
silu_36,275251200
t_498,0
view_1334,0
mm_417,550502400
view_1335,0
mul_378,275251200
t_499,0
view_1336,0
mm_418,78643200
view_1337,0
add_306,157286400
_to_copy_184,0
pow_89,316145664
mean_88,37784
add_307,32004
rsqrt_88,38592
mul_379,15728640
_to_copy_185,0
mul_380,158072832
t_500,0
view_1338,0
mm_419,157286400
view_1339,0
t_501,0
view_1340,0
mm_420,15728640
view_1341,0
t_502,0
view_1342,0
mm_421,15728640
view_1343,0
view_1344,0
transpose_311,0
view_1345,0
transpose_312,0
view_1346,0
transpose_313,0
unsqueeze_147,0
unsqueeze_148,0
mul_381,125829120
slice_647,0
slice_648,0
neg_60,31457280
mul_382,125829120
add_308,62914560
mul_383,15728640
slice_649,0
slice_650,0
neg_61,3932160
mul_384,15728640
add_309,7864320
slice_651,0
slice_652,0
unsqueeze_149,0
slice_653,0
slice_654,0
expand_83,0
clone_76,0
_unsafe_view_74,0
slice_655,0
slice_656,0
unsqueeze_150,0
slice_657,0
slice_658,0
expand_84,0
clone_77,0
_unsafe_view_75,0
slice_662,0
slice_663,0
slice_664,0
_scaled_dot_product_flash_attention_for_cpu_77,-227028992
transpose_314,0
view_1347,0
t_503,0
view_1348,0
mm_422,157286400
view_1349,0
add_310,157286400
_to_copy_186,0
pow_90,316145664
mean_89,37784
add_311,32004
rsqrt_89,38592
mul_385,15728640
_to_copy_187,0
mul_386,158072832
t_504,0
view_1350,0
mm_423,550502400
view_1351,0
silu_37,275251200
t_505,0
view_1352,0
mm_424,550502400
view_1353,0
mul_387,275251200
t_506,0
view_1354,0
mm_425,78643200
view_1355,0
add_312,157286400
_to_copy_188,0
pow_91,316145664
mean_90,37784
add_313,32004
rsqrt_90,38592
mul_388,15728640
_to_copy_189,0
mul_389,158072832
t_507,0
view_1356,0
mm_426,157286400
view_1357,0
view_1358,0
transpose_315,0
_to_copy_190,0
pow_92,31457280
mean_91,245648
add_314,245096
rsqrt_91,245760
mul_390,31457280
_to_copy_191,0
mul_391,15728640
t_508,0
view_1359,0
mm_427,157384704000
view_1360,0
t_509,0
view_1361,0
mm_428,157384704000
view_1362,0
view_1363,0
transpose_316,0
view_1364,0
transpose_317,0
slice_665,0
slice_666,0
unsqueeze_151,0
slice_667,0
slice_668,0
expand_85,0
clone_78,0
_unsafe_view_76,0
slice_669,0
slice_670,0
unsqueeze_152,0
slice_671,0
slice_672,0
expand_86,0
clone_79,0
_unsafe_view_77,0
_to_copy_192,0
pow_93,1259077632000
mean_92,9836539920
add_315,9836472008
rsqrt_92,9836544000
mul_392,1259077632000
_to_copy_193,0
mul_393,629538816000
_scaled_dot_product_flash_attention_for_cpu_78,-331038720
transpose_318,0
view_1365,0
t_510,0
view_1366,0
mm_429,157286400
view_1367,0
tanh_34,36000
mul_394,31457280
add_316,157286400
_to_copy_194,0
pow_94,316145664
mean_93,37784
add_317,32004
rsqrt_93,38592
mul_395,15728640
_to_copy_195,0
mul_396,158072832
t_511,0
view_1368,0
mm_430,550502400
view_1369,0
silu_38,275251200
t_512,0
view_1370,0
mm_431,550502400
view_1371,0
mul_397,275251200
t_513,0
view_1372,0
mm_432,78643200
view_1373,0
slice_673,0
select_7,0
mul_398,15728640
tanh_35,36000
mul_399,31457280
add_318,157286400
_to_copy_196,0
pow_95,316145664
mean_94,37784
add_319,32004
rsqrt_94,38592
mul_400,15728640
_to_copy_197,0
mul_401,158072832
t_514,0
view_1374,0
mm_433,157286400
view_1375,0
t_515,0
view_1376,0
mm_434,15728640
view_1377,0
t_516,0
view_1378,0
mm_435,15728640
view_1379,0
view_1380,0
transpose_319,0
view_1381,0
transpose_320,0
view_1382,0
transpose_321,0
unsqueeze_153,0
unsqueeze_154,0
mul_402,125829120
slice_674,0
slice_675,0
neg_62,31457280
mul_403,125829120
add_320,62914560
mul_404,15728640
slice_676,0
slice_677,0
neg_63,3932160
mul_405,15728640
add_321,7864320
slice_678,0
slice_679,0
unsqueeze_155,0
slice_680,0
slice_681,0
expand_87,0
clone_80,0
_unsafe_view_78,0
slice_682,0
slice_683,0
unsqueeze_156,0
slice_684,0
slice_685,0
expand_88,0
clone_81,0
_unsafe_view_79,0
slice_689,0
slice_690,0
slice_691,0
_scaled_dot_product_flash_attention_for_cpu_79,-227028992
transpose_322,0
view_1383,0
t_517,0
view_1384,0
mm_436,157286400
view_1385,0
add_322,157286400
_to_copy_198,0
pow_96,316145664
mean_95,37784
add_323,32004
rsqrt_95,38592
mul_406,15728640
_to_copy_199,0
mul_407,158072832
t_518,0
view_1386,0
mm_437,550502400
view_1387,0
silu_39,275251200
t_519,0
view_1388,0
mm_438,550502400
view_1389,0
mul_408,275251200
t_520,0
view_1390,0
mm_439,78643200
view_1391,0
add_324,157286400
_to_copy_200,0
pow_97,316145664
mean_96,37784
add_325,32004
rsqrt_96,38592
mul_409,15728640
_to_copy_201,0
mul_410,158072832
t_521,0
view_1392,0
mm_440,157286400
view_1393,0
t_522,0
view_1394,0
mm_441,15728640
view_1395,0
t_523,0
view_1396,0
mm_442,15728640
view_1397,0
view_1398,0
transpose_323,0
view_1399,0
transpose_324,0
view_1400,0
transpose_325,0
unsqueeze_157,0
unsqueeze_158,0
mul_411,125829120
slice_692,0
slice_693,0
neg_64,31457280
mul_412,125829120
add_326,62914560
mul_413,15728640
slice_694,0
slice_695,0
neg_65,3932160
mul_414,15728640
add_327,7864320
slice_696,0
slice_697,0
unsqueeze_159,0
slice_698,0
slice_699,0
expand_89,0
clone_82,0
_unsafe_view_80,0
slice_700,0
slice_701,0
unsqueeze_160,0
slice_702,0
slice_703,0
expand_90,0
clone_83,0
_unsafe_view_81,0
slice_707,0
slice_708,0
slice_709,0
_scaled_dot_product_flash_attention_for_cpu_80,-227028992
transpose_326,0
view_1401,0
t_524,0
view_1402,0
mm_443,157286400
view_1403,0
add_328,157286400
_to_copy_202,0
pow_98,316145664
mean_97,37784
add_329,32004
rsqrt_97,38592
mul_415,15728640
_to_copy_203,0
mul_416,158072832
t_525,0
view_1404,0
mm_444,550502400
view_1405,0
silu_40,275251200
t_526,0
view_1406,0
mm_445,550502400
view_1407,0
mul_417,275251200
t_527,0
view_1408,0
mm_446,78643200
view_1409,0
add_330,157286400
_to_copy_204,0
pow_99,316145664
mean_98,37784
add_331,32004
rsqrt_98,38592
mul_418,15728640
_to_copy_205,0
mul_419,158072832
t_528,0
view_1410,0
mm_447,157286400
view_1411,0
t_529,0
view_1412,0
mm_448,15728640
view_1413,0
t_530,0
view_1414,0
mm_449,15728640
view_1415,0
view_1416,0
transpose_327,0
view_1417,0
transpose_328,0
view_1418,0
transpose_329,0
unsqueeze_161,0
unsqueeze_162,0
mul_420,125829120
slice_710,0
slice_711,0
neg_66,31457280
mul_421,125829120
add_332,62914560
mul_422,15728640
slice_712,0
slice_713,0
neg_67,3932160
mul_423,15728640
add_333,7864320
slice_714,0
slice_715,0
unsqueeze_163,0
slice_716,0
slice_717,0
expand_91,0
clone_84,0
_unsafe_view_82,0
slice_718,0
slice_719,0
unsqueeze_164,0
slice_720,0
slice_721,0
expand_92,0
clone_85,0
_unsafe_view_83,0
slice_725,0
slice_726,0
slice_727,0
_scaled_dot_product_flash_attention_for_cpu_81,-227028992
transpose_330,0
view_1419,0
t_531,0
view_1420,0
mm_450,157286400
view_1421,0
add_334,157286400
_to_copy_206,0
pow_100,316145664
mean_99,37784
add_335,32004
rsqrt_99,38592
mul_424,15728640
_to_copy_207,0
mul_425,158072832
t_532,0
view_1422,0
mm_451,550502400
view_1423,0
silu_41,275251200
t_533,0
view_1424,0
mm_452,550502400
view_1425,0
mul_426,275251200
t_534,0
view_1426,0
mm_453,78643200
view_1427,0
add_336,157286400
_to_copy_208,0
pow_101,316145664
mean_100,37784
add_337,32004
rsqrt_100,38592
mul_427,15728640
_to_copy_209,0
mul_428,158072832
t_535,0
view_1428,0
mm_454,157286400
view_1429,0
t_536,0
view_1430,0
mm_455,15728640
view_1431,0
t_537,0
view_1432,0
mm_456,15728640
view_1433,0
view_1434,0
transpose_331,0
view_1435,0
transpose_332,0
view_1436,0
transpose_333,0
unsqueeze_165,0
unsqueeze_166,0
mul_429,125829120
slice_728,0
slice_729,0
neg_68,31457280
mul_430,125829120
add_338,62914560
mul_431,15728640
slice_730,0
slice_731,0
neg_69,3932160
mul_432,15728640
add_339,7864320
slice_732,0
slice_733,0
unsqueeze_167,0
slice_734,0
slice_735,0
expand_93,0
clone_86,0
_unsafe_view_84,0
slice_736,0
slice_737,0
unsqueeze_168,0
slice_738,0
slice_739,0
expand_94,0
clone_87,0
_unsafe_view_85,0
slice_743,0
slice_744,0
slice_745,0
_scaled_dot_product_flash_attention_for_cpu_82,-227028992
transpose_334,0
view_1437,0
t_538,0
view_1438,0
mm_457,157286400
view_1439,0
add_340,157286400
_to_copy_210,0
pow_102,316145664
mean_101,37784
add_341,32004
rsqrt_101,38592
mul_433,15728640
_to_copy_211,0
mul_434,158072832
t_539,0
view_1440,0
mm_458,550502400
view_1441,0
silu_42,275251200
t_540,0
view_1442,0
mm_459,550502400
view_1443,0
mul_435,275251200
t_541,0
view_1444,0
mm_460,78643200
view_1445,0
add_342,157286400
_to_copy_212,0
pow_103,316145664
mean_102,37784
add_343,32004
rsqrt_102,38592
mul_436,15728640
_to_copy_213,0
mul_437,158072832
t_542,0
view_1446,0
mm_461,157286400
view_1447,0
view_1448,0
transpose_335,0
_to_copy_214,0
pow_104,31457280
mean_103,245648
add_344,245096
rsqrt_103,245760
mul_438,31457280
_to_copy_215,0
mul_439,15728640
t_543,0
view_1449,0
mm_462,157384704000
view_1450,0
t_544,0
view_1451,0
mm_463,157384704000
view_1452,0
view_1453,0
transpose_336,0
view_1454,0
transpose_337,0
slice_746,0
slice_747,0
unsqueeze_169,0
slice_748,0
slice_749,0
expand_95,0
clone_88,0
_unsafe_view_86,0
slice_750,0
slice_751,0
unsqueeze_170,0
slice_752,0
slice_753,0
expand_96,0
clone_89,0
_unsafe_view_87,0
_to_copy_216,0
pow_105,1259077632000
mean_104,9836539920
add_345,9836472008
rsqrt_104,9836544000
mul_440,1259077632000
_to_copy_217,0
mul_441,629538816000
_scaled_dot_product_flash_attention_for_cpu_83,-331038720
transpose_338,0
view_1455,0
t_545,0
view_1456,0
mm_464,157286400
view_1457,0
tanh_36,36000
mul_442,31457280
add_346,157286400
_to_copy_218,0
pow_106,316145664
mean_105,37784
add_347,32004
rsqrt_105,38592
mul_443,15728640
_to_copy_219,0
mul_444,158072832
t_546,0
view_1458,0
mm_465,550502400
view_1459,0
silu_43,275251200
t_547,0
view_1460,0
mm_466,550502400
view_1461,0
mul_445,275251200
t_548,0
view_1462,0
mm_467,78643200
view_1463,0
slice_754,0
select_8,0
mul_446,15728640
tanh_37,36000
mul_447,31457280
add_348,157286400
_to_copy_220,0
pow_107,316145664
mean_106,37784
add_349,32004
rsqrt_106,38592
mul_448,15728640
_to_copy_221,0
mul_449,158072832
t_549,0
view_1464,0
mm_468,157286400
view_1465,0
t_550,0
view_1466,0
mm_469,15728640
view_1467,0
t_551,0
view_1468,0
mm_470,15728640
view_1469,0
view_1470,0
transpose_339,0
view_1471,0
transpose_340,0
view_1472,0
transpose_341,0
unsqueeze_171,0
unsqueeze_172,0
mul_450,125829120
slice_755,0
slice_756,0
neg_70,31457280
mul_451,125829120
add_350,62914560
mul_452,15728640
slice_757,0
slice_758,0
neg_71,3932160
mul_453,15728640
add_351,7864320
slice_759,0
slice_760,0
unsqueeze_173,0
slice_761,0
slice_762,0
expand_97,0
clone_90,0
_unsafe_view_88,0
slice_763,0
slice_764,0
unsqueeze_174,0
slice_765,0
slice_766,0
expand_98,0
clone_91,0
_unsafe_view_89,0
slice_770,0
slice_771,0
slice_772,0
_scaled_dot_product_flash_attention_for_cpu_84,-227028992
transpose_342,0
view_1473,0
t_552,0
view_1474,0
mm_471,157286400
view_1475,0
add_352,157286400
_to_copy_222,0
pow_108,316145664
mean_107,37784
add_353,32004
rsqrt_107,38592
mul_454,15728640
_to_copy_223,0
mul_455,158072832
t_553,0
view_1476,0
mm_472,550502400
view_1477,0
silu_44,275251200
t_554,0
view_1478,0
mm_473,550502400
view_1479,0
mul_456,275251200
t_555,0
view_1480,0
mm_474,78643200
view_1481,0
add_354,157286400
_to_copy_224,0
pow_109,316145664
mean_108,37784
add_355,32004
rsqrt_108,38592
mul_457,15728640
_to_copy_225,0
mul_458,158072832
t_556,0
view_1482,0
mm_475,157286400
view_1483,0
t_557,0
view_1484,0
mm_476,15728640
view_1485,0
t_558,0
view_1486,0
mm_477,15728640
view_1487,0
view_1488,0
transpose_343,0
view_1489,0
transpose_344,0
view_1490,0
transpose_345,0
unsqueeze_175,0
unsqueeze_176,0
mul_459,125829120
slice_773,0
slice_774,0
neg_72,31457280
mul_460,125829120
add_356,62914560
mul_461,15728640
slice_775,0
slice_776,0
neg_73,3932160
mul_462,15728640
add_357,7864320
slice_777,0
slice_778,0
unsqueeze_177,0
slice_779,0
slice_780,0
expand_99,0
clone_92,0
_unsafe_view_90,0
slice_781,0
slice_782,0
unsqueeze_178,0
slice_783,0
slice_784,0
expand_100,0
clone_93,0
_unsafe_view_91,0
slice_788,0
slice_789,0
slice_790,0
_scaled_dot_product_flash_attention_for_cpu_85,-227028992
transpose_346,0
view_1491,0
t_559,0
view_1492,0
mm_478,157286400
view_1493,0
add_358,157286400
_to_copy_226,0
pow_110,316145664
mean_109,37784
add_359,32004
rsqrt_109,38592
mul_463,15728640
_to_copy_227,0
mul_464,158072832
t_560,0
view_1494,0
mm_479,550502400
view_1495,0
silu_45,275251200
t_561,0
view_1496,0
mm_480,550502400
view_1497,0
mul_465,275251200
t_562,0
view_1498,0
mm_481,78643200
view_1499,0
add_360,157286400
_to_copy_228,0
pow_111,316145664
mean_110,37784
add_361,32004
rsqrt_110,38592
mul_466,15728640
_to_copy_229,0
mul_467,158072832
t_563,0
view_1500,0
mm_482,157286400
view_1501,0
t_564,0
view_1502,0
mm_483,15728640
view_1503,0
t_565,0
view_1504,0
mm_484,15728640
view_1505,0
view_1506,0
transpose_347,0
view_1507,0
transpose_348,0
view_1508,0
transpose_349,0
unsqueeze_179,0
unsqueeze_180,0
mul_468,125829120
slice_791,0
slice_792,0
neg_74,31457280
mul_469,125829120
add_362,62914560
mul_470,15728640
slice_793,0
slice_794,0
neg_75,3932160
mul_471,15728640
add_363,7864320
slice_795,0
slice_796,0
unsqueeze_181,0
slice_797,0
slice_798,0
expand_101,0
clone_94,0
_unsafe_view_92,0
slice_799,0
slice_800,0
unsqueeze_182,0
slice_801,0
slice_802,0
expand_102,0
clone_95,0
_unsafe_view_93,0
slice_806,0
slice_807,0
slice_808,0
_scaled_dot_product_flash_attention_for_cpu_86,-227028992
transpose_350,0
view_1509,0
t_566,0
view_1510,0
mm_485,157286400
view_1511,0
add_364,157286400
_to_copy_230,0
pow_112,316145664
mean_111,37784
add_365,32004
rsqrt_111,38592
mul_472,15728640
_to_copy_231,0
mul_473,158072832
t_567,0
view_1512,0
mm_486,550502400
view_1513,0
silu_46,275251200
t_568,0
view_1514,0
mm_487,550502400
view_1515,0
mul_474,275251200
t_569,0
view_1516,0
mm_488,78643200
view_1517,0
add_366,157286400
_to_copy_232,0
pow_113,316145664
mean_112,37784
add_367,32004
rsqrt_112,38592
mul_475,15728640
_to_copy_233,0
mul_476,158072832
t_570,0
view_1518,0
mm_489,157286400
view_1519,0
t_571,0
view_1520,0
mm_490,15728640
view_1521,0
t_572,0
view_1522,0
mm_491,15728640
view_1523,0
view_1524,0
transpose_351,0
view_1525,0
transpose_352,0
view_1526,0
transpose_353,0
unsqueeze_183,0
unsqueeze_184,0
mul_477,125829120
slice_809,0
slice_810,0
neg_76,31457280
mul_478,125829120
add_368,62914560
mul_479,15728640
slice_811,0
slice_812,0
neg_77,3932160
mul_480,15728640
add_369,7864320
slice_813,0
slice_814,0
unsqueeze_185,0
slice_815,0
slice_816,0
expand_103,0
clone_96,0
_unsafe_view_94,0
slice_817,0
slice_818,0
unsqueeze_186,0
slice_819,0
slice_820,0
expand_104,0
clone_97,0
_unsafe_view_95,0
slice_824,0
slice_825,0
slice_826,0
_scaled_dot_product_flash_attention_for_cpu_87,-227028992
transpose_354,0
view_1527,0
t_573,0
view_1528,0
mm_492,157286400
view_1529,0
add_370,157286400
_to_copy_234,0
pow_114,316145664
mean_113,37784
add_371,32004
rsqrt_113,38592
mul_481,15728640
_to_copy_235,0
mul_482,158072832
t_574,0
view_1530,0
mm_493,550502400
view_1531,0
silu_47,275251200
t_575,0
view_1532,0
mm_494,550502400
view_1533,0
mul_483,275251200
t_576,0
view_1534,0
mm_495,78643200
view_1535,0
add_372,157286400
_to_copy_236,0
pow_115,316145664
mean_114,37784
add_373,32004
rsqrt_114,38592
mul_484,15728640
_to_copy_237,0
mul_485,158072832
t_577,0
view_1536,0
mm_496,157286400
view_1537,0
view_1538,0
transpose_355,0
_to_copy_238,0
pow_116,31457280
mean_115,245648
add_374,245096
rsqrt_115,245760
mul_486,31457280
_to_copy_239,0
mul_487,15728640
t_578,0
view_1539,0
mm_497,157384704000
view_1540,0
t_579,0
view_1541,0
mm_498,157384704000
view_1542,0
view_1543,0
transpose_356,0
view_1544,0
transpose_357,0
slice_827,0
slice_828,0
unsqueeze_187,0
slice_829,0
slice_830,0
expand_105,0
clone_98,0
_unsafe_view_96,0
slice_831,0
slice_832,0
unsqueeze_188,0
slice_833,0
slice_834,0
expand_106,0
clone_99,0
_unsafe_view_97,0
_to_copy_240,0
pow_117,1259077632000
mean_116,9836539920
add_375,9836472008
rsqrt_116,9836544000
mul_488,1259077632000
_to_copy_241,0
mul_489,629538816000
_scaled_dot_product_flash_attention_for_cpu_88,-331038720
transpose_358,0
view_1545,0
t_580,0
view_1546,0
mm_499,157286400
view_1547,0
tanh_38,36000
mul_490,31457280
add_376,157286400
_to_copy_242,0
pow_118,316145664
mean_117,37784
add_377,32004
rsqrt_117,38592
mul_491,15728640
_to_copy_243,0
mul_492,158072832
t_581,0
view_1548,0
mm_500,550502400
view_1549,0
silu_48,275251200
t_582,0
view_1550,0
mm_501,550502400
view_1551,0
mul_493,275251200
t_583,0
view_1552,0
mm_502,78643200
view_1553,0
slice_835,0
select_9,0
mul_494,15728640
tanh_39,36000
mul_495,31457280
add_378,157286400
_to_copy_244,0
pow_119,316145664
mean_118,37784
add_379,32004
rsqrt_118,38592
mul_496,15728640
_to_copy_245,0
mul_497,158072832
t_584,0
view_1554,0
mm_503,157286400
view_1555,0
t_585,0
view_1556,0
mm_504,15728640
view_1557,0
t_586,0
view_1558,0
mm_505,15728640
view_1559,0
view_1560,0
transpose_359,0
view_1561,0
transpose_360,0
view_1562,0
transpose_361,0
unsqueeze_189,0
unsqueeze_190,0
mul_498,125829120
slice_836,0
slice_837,0
neg_78,31457280
mul_499,125829120
add_380,62914560
mul_500,15728640
slice_838,0
slice_839,0
neg_79,3932160
mul_501,15728640
add_381,7864320
slice_840,0
slice_841,0
unsqueeze_191,0
slice_842,0
slice_843,0
expand_107,0
clone_100,0
_unsafe_view_98,0
slice_844,0
slice_845,0
unsqueeze_192,0
slice_846,0
slice_847,0
expand_108,0
clone_101,0
_unsafe_view_99,0
slice_851,0
slice_852,0
slice_853,0
_scaled_dot_product_flash_attention_for_cpu_89,-227028992
transpose_362,0
view_1563,0
t_587,0
view_1564,0
mm_506,157286400
view_1565,0
add_382,157286400
_to_copy_246,0
pow_120,316145664
mean_119,37784
add_383,32004
rsqrt_119,38592
mul_502,15728640
_to_copy_247,0
mul_503,158072832
t_588,0
view_1566,0
mm_507,550502400
view_1567,0
silu_49,275251200
t_589,0
view_1568,0
mm_508,550502400
view_1569,0
mul_504,275251200
t_590,0
view_1570,0
mm_509,78643200
view_1571,0
add_384,157286400
_to_copy_248,0
pow_121,316145664
mean_120,37784
add_385,32004
rsqrt_120,38592
mul_505,15728640
_to_copy_249,0
mul_506,158072832
t_591,0
view_1572,0
mm_510,157286400
view_1573,0
t_592,0
view_1574,0
mm_511,15728640
view_1575,0
t_593,0
view_1576,0
mm_512,15728640
view_1577,0
view_1578,0
transpose_363,0
view_1579,0
transpose_364,0
view_1580,0
transpose_365,0
unsqueeze_193,0
unsqueeze_194,0
mul_507,125829120
slice_854,0
slice_855,0
neg_80,31457280
mul_508,125829120
add_386,62914560
mul_509,15728640
slice_856,0
slice_857,0
neg_81,3932160
mul_510,15728640
add_387,7864320
slice_858,0
slice_859,0
unsqueeze_195,0
slice_860,0
slice_861,0
expand_109,0
clone_102,0
_unsafe_view_100,0
slice_862,0
slice_863,0
unsqueeze_196,0
slice_864,0
slice_865,0
expand_110,0
clone_103,0
_unsafe_view_101,0
slice_869,0
slice_870,0
slice_871,0
_scaled_dot_product_flash_attention_for_cpu_90,-227028992
transpose_366,0
view_1581,0
t_594,0
view_1582,0
mm_513,157286400
view_1583,0
add_388,157286400
_to_copy_250,0
pow_122,316145664
mean_121,37784
add_389,32004
rsqrt_121,38592
mul_511,15728640
_to_copy_251,0
mul_512,158072832
t_595,0
view_1584,0
mm_514,550502400
view_1585,0
silu_50,275251200
t_596,0
view_1586,0
mm_515,550502400
view_1587,0
mul_513,275251200
t_597,0
view_1588,0
mm_516,78643200
view_1589,0
add_390,157286400
_to_copy_252,0
pow_123,316145664
mean_122,37784
add_391,32004
rsqrt_122,38592
mul_514,15728640
_to_copy_253,0
mul_515,158072832
t_598,0
view_1590,0
mm_517,157286400
view_1591,0
t_599,0
view_1592,0
mm_518,15728640
view_1593,0
t_600,0
view_1594,0
mm_519,15728640
view_1595,0
view_1596,0
transpose_367,0
view_1597,0
transpose_368,0
view_1598,0
transpose_369,0
unsqueeze_197,0
unsqueeze_198,0
mul_516,125829120
slice_872,0
slice_873,0
neg_82,31457280
mul_517,125829120
add_392,62914560
mul_518,15728640
slice_874,0
slice_875,0
neg_83,3932160
mul_519,15728640
add_393,7864320
slice_876,0
slice_877,0
unsqueeze_199,0
slice_878,0
slice_879,0
expand_111,0
clone_104,0
_unsafe_view_102,0
slice_880,0
slice_881,0
unsqueeze_200,0
slice_882,0
slice_883,0
expand_112,0
clone_105,0
_unsafe_view_103,0
slice_887,0
slice_888,0
slice_889,0
_scaled_dot_product_flash_attention_for_cpu_91,-227028992
transpose_370,0
view_1599,0
t_601,0
view_1600,0
mm_520,157286400
view_1601,0
add_394,157286400
_to_copy_254,0
pow_124,316145664
mean_123,37784
add_395,32004
rsqrt_123,38592
mul_520,15728640
_to_copy_255,0
mul_521,158072832
t_602,0
view_1602,0
mm_521,550502400
view_1603,0
silu_51,275251200
t_603,0
view_1604,0
mm_522,550502400
view_1605,0
mul_522,275251200
t_604,0
view_1606,0
mm_523,78643200
view_1607,0
add_396,157286400
_to_copy_256,0
pow_125,316145664
mean_124,37784
add_397,32004
rsqrt_124,38592
mul_523,15728640
_to_copy_257,0
mul_524,158072832
t_605,0
view_1608,0
mm_524,157286400
view_1609,0
t_606,0
view_1610,0
mm_525,15728640
view_1611,0
t_607,0
view_1612,0
mm_526,15728640
view_1613,0
view_1614,0
transpose_371,0
view_1615,0
transpose_372,0
view_1616,0
transpose_373,0
unsqueeze_201,0
unsqueeze_202,0
mul_525,125829120
slice_890,0
slice_891,0
neg_84,31457280
mul_526,125829120
add_398,62914560
mul_527,15728640
slice_892,0
slice_893,0
neg_85,3932160
mul_528,15728640
add_399,7864320
slice_894,0
slice_895,0
unsqueeze_203,0
slice_896,0
slice_897,0
expand_113,0
clone_106,0
_unsafe_view_104,0
slice_898,0
slice_899,0
unsqueeze_204,0
slice_900,0
slice_901,0
expand_114,0
clone_107,0
_unsafe_view_105,0
slice_905,0
slice_906,0
slice_907,0
_scaled_dot_product_flash_attention_for_cpu_92,-227028992
transpose_374,0
view_1617,0
t_608,0
view_1618,0
mm_527,157286400
view_1619,0
add_400,157286400
_to_copy_258,0
pow_126,316145664
mean_125,37784
add_401,32004
rsqrt_125,38592
mul_529,15728640
_to_copy_259,0
mul_530,158072832
t_609,0
view_1620,0
mm_528,550502400
view_1621,0
silu_52,275251200
t_610,0
view_1622,0
mm_529,550502400
view_1623,0
mul_531,275251200
t_611,0
view_1624,0
mm_530,78643200
view_1625,0
add_402,157286400
_to_copy_260,0
pow_127,316145664
mean_126,37784
add_403,32004
rsqrt_126,38592
mul_532,15728640
_to_copy_261,0
mul_533,158072832
t_612,0
view_1626,0
mm_531,157286400
view_1627,0
view_1628,0
transpose_375,0
_to_copy_262,0
pow_128,31457280
mean_127,245648
add_404,245096
rsqrt_127,245760
mul_534,31457280
_to_copy_263,0
mul_535,15728640
t_613,0
view_1629,0
mm_532,157384704000
view_1630,0
t_614,0
view_1631,0
mm_533,157384704000
view_1632,0
view_1633,0
transpose_376,0
view_1634,0
transpose_377,0
slice_908,0
slice_909,0
unsqueeze_205,0
slice_910,0
slice_911,0
expand_115,0
clone_108,0
_unsafe_view_106,0
slice_912,0
slice_913,0
unsqueeze_206,0
slice_914,0
slice_915,0
expand_116,0
clone_109,0
_unsafe_view_107,0
_to_copy_264,0
pow_129,1259077632000
mean_128,9836539920
add_405,9836472008
rsqrt_128,9836544000
mul_536,1259077632000
_to_copy_265,0
mul_537,629538816000
_scaled_dot_product_flash_attention_for_cpu_93,-331038720
transpose_378,0
view_1635,0
t_615,0
view_1636,0
mm_534,157286400
view_1637,0
tanh_40,36000
mul_538,31457280
add_406,157286400
_to_copy_266,0
pow_130,316145664
mean_129,37784
add_407,32004
rsqrt_129,38592
mul_539,15728640
_to_copy_267,0
mul_540,158072832
t_616,0
view_1638,0
mm_535,550502400
view_1639,0
silu_53,275251200
t_617,0
view_1640,0
mm_536,550502400
view_1641,0
mul_541,275251200
t_618,0
view_1642,0
mm_537,78643200
view_1643,0
slice_916,0
select_10,0
mul_542,15728640
tanh_41,36000
mul_543,31457280
add_408,157286400
_to_copy_268,0
pow_131,316145664
mean_130,37784
add_409,32004
rsqrt_130,38592
mul_544,15728640
_to_copy_269,0
mul_545,158072832
t_619,0
view_1644,0
mm_538,157286400
view_1645,0
t_620,0
view_1646,0
mm_539,15728640
view_1647,0
t_621,0
view_1648,0
mm_540,15728640
view_1649,0
view_1650,0
transpose_379,0
view_1651,0
transpose_380,0
view_1652,0
transpose_381,0
unsqueeze_207,0
unsqueeze_208,0
mul_546,125829120
slice_917,0
slice_918,0
neg_86,31457280
mul_547,125829120
add_410,62914560
mul_548,15728640
slice_919,0
slice_920,0
neg_87,3932160
mul_549,15728640
add_411,7864320
slice_921,0
slice_922,0
unsqueeze_209,0
slice_923,0
slice_924,0
expand_117,0
clone_110,0
_unsafe_view_108,0
slice_925,0
slice_926,0
unsqueeze_210,0
slice_927,0
slice_928,0
expand_118,0
clone_111,0
_unsafe_view_109,0
slice_932,0
slice_933,0
slice_934,0
_scaled_dot_product_flash_attention_for_cpu_94,-227028992
transpose_382,0
view_1653,0
t_622,0
view_1654,0
mm_541,157286400
view_1655,0
add_412,157286400
_to_copy_270,0
pow_132,316145664
mean_131,37784
add_413,32004
rsqrt_131,38592
mul_550,15728640
_to_copy_271,0
mul_551,158072832
t_623,0
view_1656,0
mm_542,550502400
view_1657,0
silu_54,275251200
t_624,0
view_1658,0
mm_543,550502400
view_1659,0
mul_552,275251200
t_625,0
view_1660,0
mm_544,78643200
view_1661,0
add_414,157286400
_to_copy_272,0
pow_133,316145664
mean_132,37784
add_415,32004
rsqrt_132,38592
mul_553,15728640
_to_copy_273,0
mul_554,158072832
t_626,0
view_1662,0
mm_545,157286400
view_1663,0
t_627,0
view_1664,0
mm_546,15728640
view_1665,0
t_628,0
view_1666,0
mm_547,15728640
view_1667,0
view_1668,0
transpose_383,0
view_1669,0
transpose_384,0
view_1670,0
transpose_385,0
unsqueeze_211,0
unsqueeze_212,0
mul_555,125829120
slice_935,0
slice_936,0
neg_88,31457280
mul_556,125829120
add_416,62914560
mul_557,15728640
slice_937,0
slice_938,0
neg_89,3932160
mul_558,15728640
add_417,7864320
slice_939,0
slice_940,0
unsqueeze_213,0
slice_941,0
slice_942,0
expand_119,0
clone_112,0
_unsafe_view_110,0
slice_943,0
slice_944,0
unsqueeze_214,0
slice_945,0
slice_946,0
expand_120,0
clone_113,0
_unsafe_view_111,0
slice_950,0
slice_951,0
slice_952,0
_scaled_dot_product_flash_attention_for_cpu_95,-227028992
transpose_386,0
view_1671,0
t_629,0
view_1672,0
mm_548,157286400
view_1673,0
add_418,157286400
_to_copy_274,0
pow_134,316145664
mean_133,37784
add_419,32004
rsqrt_133,38592
mul_559,15728640
_to_copy_275,0
mul_560,158072832
t_630,0
view_1674,0
mm_549,550502400
view_1675,0
silu_55,275251200
t_631,0
view_1676,0
mm_550,550502400
view_1677,0
mul_561,275251200
t_632,0
view_1678,0
mm_551,78643200
view_1679,0
add_420,157286400
_to_copy_276,0
pow_135,316145664
mean_134,37784
add_421,32004
rsqrt_134,38592
mul_562,15728640
_to_copy_277,0
mul_563,158072832
t_633,0
view_1680,0
mm_552,157286400
view_1681,0
t_634,0
view_1682,0
mm_553,15728640
view_1683,0
t_635,0
view_1684,0
mm_554,15728640
view_1685,0
view_1686,0
transpose_387,0
view_1687,0
transpose_388,0
view_1688,0
transpose_389,0
unsqueeze_215,0
unsqueeze_216,0
mul_564,125829120
slice_953,0
slice_954,0
neg_90,31457280
mul_565,125829120
add_422,62914560
mul_566,15728640
slice_955,0
slice_956,0
neg_91,3932160
mul_567,15728640
add_423,7864320
slice_957,0
slice_958,0
unsqueeze_217,0
slice_959,0
slice_960,0
expand_121,0
clone_114,0
_unsafe_view_112,0
slice_961,0
slice_962,0
unsqueeze_218,0
slice_963,0
slice_964,0
expand_122,0
clone_115,0
_unsafe_view_113,0
slice_968,0
slice_969,0
slice_970,0
_scaled_dot_product_flash_attention_for_cpu_96,-227028992
transpose_390,0
view_1689,0
t_636,0
view_1690,0
mm_555,157286400
view_1691,0
add_424,157286400
_to_copy_278,0
pow_136,316145664
mean_135,37784
add_425,32004
rsqrt_135,38592
mul_568,15728640
_to_copy_279,0
mul_569,158072832
t_637,0
view_1692,0
mm_556,550502400
view_1693,0
silu_56,275251200
t_638,0
view_1694,0
mm_557,550502400
view_1695,0
mul_570,275251200
t_639,0
view_1696,0
mm_558,78643200
view_1697,0
add_426,157286400
_to_copy_280,0
pow_137,316145664
mean_136,37784
add_427,32004
rsqrt_136,38592
mul_571,15728640
_to_copy_281,0
mul_572,158072832
t_640,0
view_1698,0
mm_559,157286400
view_1699,0
t_641,0
view_1700,0
mm_560,15728640
view_1701,0
t_642,0
view_1702,0
mm_561,15728640
view_1703,0
view_1704,0
transpose_391,0
view_1705,0
transpose_392,0
view_1706,0
transpose_393,0
unsqueeze_219,0
unsqueeze_220,0
mul_573,125829120
slice_971,0
slice_972,0
neg_92,31457280
mul_574,125829120
add_428,62914560
mul_575,15728640
slice_973,0
slice_974,0
neg_93,3932160
mul_576,15728640
add_429,7864320
slice_975,0
slice_976,0
unsqueeze_221,0
slice_977,0
slice_978,0
expand_123,0
clone_116,0
_unsafe_view_114,0
slice_979,0
slice_980,0
unsqueeze_222,0
slice_981,0
slice_982,0
expand_124,0
clone_117,0
_unsafe_view_115,0
slice_986,0
slice_987,0
slice_988,0
_scaled_dot_product_flash_attention_for_cpu_97,-227028992
transpose_394,0
view_1707,0
t_643,0
view_1708,0
mm_562,157286400
view_1709,0
add_430,157286400
_to_copy_282,0
pow_138,316145664
mean_137,37784
add_431,32004
rsqrt_137,38592
mul_577,15728640
_to_copy_283,0
mul_578,158072832
t_644,0
view_1710,0
mm_563,550502400
view_1711,0
silu_57,275251200
t_645,0
view_1712,0
mm_564,550502400
view_1713,0
mul_579,275251200
t_646,0
view_1714,0
mm_565,78643200
view_1715,0
add_432,157286400
_to_copy_284,0
pow_139,316145664
mean_138,37784
add_433,32004
rsqrt_138,38592
mul_580,15728640
_to_copy_285,0
mul_581,158072832
t_647,0
view_1716,0
mm_566,157286400
view_1717,0
view_1718,0
transpose_395,0
_to_copy_286,0
pow_140,31457280
mean_139,245648
add_434,245096
rsqrt_139,245760
mul_582,31457280
_to_copy_287,0
mul_583,15728640
t_648,0
view_1719,0
mm_567,157384704000
view_1720,0
t_649,0
view_1721,0
mm_568,157384704000
view_1722,0
view_1723,0
transpose_396,0
view_1724,0
transpose_397,0
slice_989,0
slice_990,0
unsqueeze_223,0
slice_991,0
slice_992,0
expand_125,0
clone_118,0
_unsafe_view_116,0
slice_993,0
slice_994,0
unsqueeze_224,0
slice_995,0
slice_996,0
expand_126,0
clone_119,0
_unsafe_view_117,0
_to_copy_288,0
pow_141,1259077632000
mean_140,9836539920
add_435,9836472008
rsqrt_140,9836544000
mul_584,1259077632000
_to_copy_289,0
mul_585,629538816000
_scaled_dot_product_flash_attention_for_cpu_98,-331038720
transpose_398,0
view_1725,0
t_650,0
view_1726,0
mm_569,157286400
view_1727,0
tanh_42,36000
mul_586,31457280
add_436,157286400
_to_copy_290,0
pow_142,316145664
mean_141,37784
add_437,32004
rsqrt_141,38592
mul_587,15728640
_to_copy_291,0
mul_588,158072832
t_651,0
view_1728,0
mm_570,550502400
view_1729,0
silu_58,275251200
t_652,0
view_1730,0
mm_571,550502400
view_1731,0
mul_589,275251200
t_653,0
view_1732,0
mm_572,78643200
view_1733,0
slice_997,0
select_11,0
mul_590,15728640
tanh_43,36000
mul_591,31457280
add_438,157286400
_to_copy_292,0
pow_143,316145664
mean_142,37784
add_439,32004
rsqrt_142,38592
mul_592,15728640
_to_copy_293,0
mul_593,158072832
t_654,0
view_1734,0
mm_573,157286400
view_1735,0
t_655,0
view_1736,0
mm_574,15728640
view_1737,0
t_656,0
view_1738,0
mm_575,15728640
view_1739,0
view_1740,0
transpose_399,0
view_1741,0
transpose_400,0
view_1742,0
transpose_401,0
unsqueeze_225,0
unsqueeze_226,0
mul_594,125829120
slice_998,0
slice_999,0
neg_94,31457280
mul_595,125829120
add_440,62914560
mul_596,15728640
slice_1000,0
slice_1001,0
neg_95,3932160
mul_597,15728640
add_441,7864320
slice_1002,0
slice_1003,0
unsqueeze_227,0
slice_1004,0
slice_1005,0
expand_127,0
clone_120,0
_unsafe_view_118,0
slice_1006,0
slice_1007,0
unsqueeze_228,0
slice_1008,0
slice_1009,0
expand_128,0
clone_121,0
_unsafe_view_119,0
slice_1013,0
slice_1014,0
slice_1015,0
_scaled_dot_product_flash_attention_for_cpu_99,-227028992
transpose_402,0
view_1743,0
t_657,0
view_1744,0
mm_576,157286400
view_1745,0
add_442,157286400
_to_copy_294,0
pow_144,316145664
mean_143,37784
add_443,32004
rsqrt_143,38592
mul_598,15728640
_to_copy_295,0
mul_599,158072832
t_658,0
view_1746,0
mm_577,550502400
view_1747,0
silu_59,275251200
t_659,0
view_1748,0
mm_578,550502400
view_1749,0
mul_600,275251200
t_660,0
view_1750,0
mm_579,78643200
view_1751,0
add_444,157286400
_to_copy_296,0
pow_145,316145664
mean_144,37784
add_445,32004
rsqrt_144,38592
mul_601,15728640
_to_copy_297,0
mul_602,158072832
t_661,0
view_1752,0
mm_580,157286400
view_1753,0
t_662,0
view_1754,0
mm_581,15728640
view_1755,0
t_663,0
view_1756,0
mm_582,15728640
view_1757,0
view_1758,0
transpose_403,0
view_1759,0
transpose_404,0
view_1760,0
transpose_405,0
unsqueeze_229,0
unsqueeze_230,0
mul_603,125829120
slice_1016,0
slice_1017,0
neg_96,31457280
mul_604,125829120
add_446,62914560
mul_605,15728640
slice_1018,0
slice_1019,0
neg_97,3932160
mul_606,15728640
add_447,7864320
slice_1020,0
slice_1021,0
unsqueeze_231,0
slice_1022,0
slice_1023,0
expand_129,0
clone_122,0
_unsafe_view_120,0
slice_1024,0
slice_1025,0
unsqueeze_232,0
slice_1026,0
slice_1027,0
expand_130,0
clone_123,0
_unsafe_view_121,0
slice_1031,0
slice_1032,0
slice_1033,0
_scaled_dot_product_flash_attention_for_cpu_100,-227028992
transpose_406,0
view_1761,0
t_664,0
view_1762,0
mm_583,157286400
view_1763,0
add_448,157286400
_to_copy_298,0
pow_146,316145664
mean_145,37784
add_449,32004
rsqrt_145,38592
mul_607,15728640
_to_copy_299,0
mul_608,158072832
t_665,0
view_1764,0
mm_584,550502400
view_1765,0
silu_60,275251200
t_666,0
view_1766,0
mm_585,550502400
view_1767,0
mul_609,275251200
t_667,0
view_1768,0
mm_586,78643200
view_1769,0
add_450,157286400
_to_copy_300,0
pow_147,316145664
mean_146,37784
add_451,32004
rsqrt_146,38592
mul_610,15728640
_to_copy_301,0
mul_611,158072832
t_668,0
view_1770,0
mm_587,157286400
view_1771,0
t_669,0
view_1772,0
mm_588,15728640
view_1773,0
t_670,0
view_1774,0
mm_589,15728640
view_1775,0
view_1776,0
transpose_407,0
view_1777,0
transpose_408,0
view_1778,0
transpose_409,0
unsqueeze_233,0
unsqueeze_234,0
mul_612,125829120
slice_1034,0
slice_1035,0
neg_98,31457280
mul_613,125829120
add_452,62914560
mul_614,15728640
slice_1036,0
slice_1037,0
neg_99,3932160
mul_615,15728640
add_453,7864320
slice_1038,0
slice_1039,0
unsqueeze_235,0
slice_1040,0
slice_1041,0
expand_131,0
clone_124,0
_unsafe_view_122,0
slice_1042,0
slice_1043,0
unsqueeze_236,0
slice_1044,0
slice_1045,0
expand_132,0
clone_125,0
_unsafe_view_123,0
slice_1049,0
slice_1050,0
slice_1051,0
_scaled_dot_product_flash_attention_for_cpu_101,-227028992
transpose_410,0
view_1779,0
t_671,0
view_1780,0
mm_590,157286400
view_1781,0
add_454,157286400
_to_copy_302,0
pow_148,316145664
mean_147,37784
add_455,32004
rsqrt_147,38592
mul_616,15728640
_to_copy_303,0
mul_617,158072832
t_672,0
view_1782,0
mm_591,550502400
view_1783,0
silu_61,275251200
t_673,0
view_1784,0
mm_592,550502400
view_1785,0
mul_618,275251200
t_674,0
view_1786,0
mm_593,78643200
view_1787,0
add_456,157286400
_to_copy_304,0
pow_149,316145664
mean_148,37784
add_457,32004
rsqrt_148,38592
mul_619,15728640
_to_copy_305,0
mul_620,158072832
t_675,0
view_1788,0
mm_594,157286400
view_1789,0
t_676,0
view_1790,0
mm_595,15728640
view_1791,0
t_677,0
view_1792,0
mm_596,15728640
view_1793,0
view_1794,0
transpose_411,0
view_1795,0
transpose_412,0
view_1796,0
transpose_413,0
unsqueeze_237,0
unsqueeze_238,0
mul_621,125829120
slice_1052,0
slice_1053,0
neg_100,31457280
mul_622,125829120
add_458,62914560
mul_623,15728640
slice_1054,0
slice_1055,0
neg_101,3932160
mul_624,15728640
add_459,7864320
slice_1056,0
slice_1057,0
unsqueeze_239,0
slice_1058,0
slice_1059,0
expand_133,0
clone_126,0
_unsafe_view_124,0
slice_1060,0
slice_1061,0
unsqueeze_240,0
slice_1062,0
slice_1063,0
expand_134,0
clone_127,0
_unsafe_view_125,0
slice_1067,0
slice_1068,0
slice_1069,0
_scaled_dot_product_flash_attention_for_cpu_102,-227028992
transpose_414,0
view_1797,0
t_678,0
view_1798,0
mm_597,157286400
view_1799,0
add_460,157286400
_to_copy_306,0
pow_150,316145664
mean_149,37784
add_461,32004
rsqrt_149,38592
mul_625,15728640
_to_copy_307,0
mul_626,158072832
t_679,0
view_1800,0
mm_598,550502400
view_1801,0
silu_62,275251200
t_680,0
view_1802,0
mm_599,550502400
view_1803,0
mul_627,275251200
t_681,0
view_1804,0
mm_600,78643200
view_1805,0
add_462,157286400
_to_copy_308,0
pow_151,316145664
mean_150,37784
add_463,32004
rsqrt_150,38592
mul_628,15728640
_to_copy_309,0
mul_629,158072832
t_682,0
view_1806,0
mm_601,157286400
view_1807,0
view_1808,0
transpose_415,0
_to_copy_310,0
pow_152,31457280
mean_151,245648
add_464,245096
rsqrt_151,245760
mul_630,31457280
_to_copy_311,0
mul_631,15728640
t_683,0
view_1809,0
mm_602,157384704000
view_1810,0
t_684,0
view_1811,0
mm_603,157384704000
view_1812,0
view_1813,0
transpose_416,0
view_1814,0
transpose_417,0
slice_1070,0
slice_1071,0
unsqueeze_241,0
slice_1072,0
slice_1073,0
expand_135,0
clone_128,0
_unsafe_view_126,0
slice_1074,0
slice_1075,0
unsqueeze_242,0
slice_1076,0
slice_1077,0
expand_136,0
clone_129,0
_unsafe_view_127,0
_to_copy_312,0
pow_153,1259077632000
mean_152,9836539920
add_465,9836472008
rsqrt_152,9836544000
mul_632,1259077632000
_to_copy_313,0
mul_633,629538816000
_scaled_dot_product_flash_attention_for_cpu_103,-331038720
transpose_418,0
view_1815,0
t_685,0
view_1816,0
mm_604,157286400
view_1817,0
tanh_44,36000
mul_634,31457280
add_466,157286400
_to_copy_314,0
pow_154,316145664
mean_153,37784
add_467,32004
rsqrt_153,38592
mul_635,15728640
_to_copy_315,0
mul_636,158072832
t_686,0
view_1818,0
mm_605,550502400
view_1819,0
silu_63,275251200
t_687,0
view_1820,0
mm_606,550502400
view_1821,0
mul_637,275251200
t_688,0
view_1822,0
mm_607,78643200
view_1823,0
slice_1078,0
select_12,0
mul_638,15728640
tanh_45,36000
mul_639,31457280
add_468,157286400
_to_copy_316,0
pow_155,316145664
mean_154,37784
add_469,32004
rsqrt_154,38592
mul_640,15728640
_to_copy_317,0
mul_641,158072832
t_689,0
view_1824,0
mm_608,157286400
view_1825,0
t_690,0
view_1826,0
mm_609,15728640
view_1827,0
t_691,0
view_1828,0
mm_610,15728640
view_1829,0
view_1830,0
transpose_419,0
view_1831,0
transpose_420,0
view_1832,0
transpose_421,0
unsqueeze_243,0
unsqueeze_244,0
mul_642,125829120
slice_1079,0
slice_1080,0
neg_102,31457280
mul_643,125829120
add_470,62914560
mul_644,15728640
slice_1081,0
slice_1082,0
neg_103,3932160
mul_645,15728640
add_471,7864320
slice_1083,0
slice_1084,0
unsqueeze_245,0
slice_1085,0
slice_1086,0
expand_137,0
clone_130,0
_unsafe_view_128,0
slice_1087,0
slice_1088,0
unsqueeze_246,0
slice_1089,0
slice_1090,0
expand_138,0
clone_131,0
_unsafe_view_129,0
slice_1094,0
slice_1095,0
slice_1096,0
_scaled_dot_product_flash_attention_for_cpu_104,-227028992
transpose_422,0
view_1833,0
t_692,0
view_1834,0
mm_611,157286400
view_1835,0
add_472,157286400
_to_copy_318,0
pow_156,316145664
mean_155,37784
add_473,32004
rsqrt_155,38592
mul_646,15728640
_to_copy_319,0
mul_647,158072832
t_693,0
view_1836,0
mm_612,550502400
view_1837,0
silu_64,275251200
t_694,0
view_1838,0
mm_613,550502400
view_1839,0
mul_648,275251200
t_695,0
view_1840,0
mm_614,78643200
view_1841,0
add_474,157286400
_to_copy_320,0
pow_157,316145664
mean_156,37784
add_475,32004
rsqrt_156,38592
mul_649,15728640
_to_copy_321,0
mul_650,158072832
t_696,0
view_1842,0
mm_615,157286400
view_1843,0
t_697,0
view_1844,0
mm_616,15728640
view_1845,0
t_698,0
view_1846,0
mm_617,15728640
view_1847,0
view_1848,0
transpose_423,0
view_1849,0
transpose_424,0
view_1850,0
transpose_425,0
unsqueeze_247,0
unsqueeze_248,0
mul_651,125829120
slice_1097,0
slice_1098,0
neg_104,31457280
mul_652,125829120
add_476,62914560
mul_653,15728640
slice_1099,0
slice_1100,0
neg_105,3932160
mul_654,15728640
add_477,7864320
slice_1101,0
slice_1102,0
unsqueeze_249,0
slice_1103,0
slice_1104,0
expand_139,0
clone_132,0
_unsafe_view_130,0
slice_1105,0
slice_1106,0
unsqueeze_250,0
slice_1107,0
slice_1108,0
expand_140,0
clone_133,0
_unsafe_view_131,0
slice_1112,0
slice_1113,0
slice_1114,0
_scaled_dot_product_flash_attention_for_cpu_105,-227028992
transpose_426,0
view_1851,0
t_699,0
view_1852,0
mm_618,157286400
view_1853,0
add_478,157286400
_to_copy_322,0
pow_158,316145664
mean_157,37784
add_479,32004
rsqrt_157,38592
mul_655,15728640
_to_copy_323,0
mul_656,158072832
t_700,0
view_1854,0
mm_619,550502400
view_1855,0
silu_65,275251200
t_701,0
view_1856,0
mm_620,550502400
view_1857,0
mul_657,275251200
t_702,0
view_1858,0
mm_621,78643200
view_1859,0
add_480,157286400
_to_copy_324,0
pow_159,316145664
mean_158,37784
add_481,32004
rsqrt_158,38592
mul_658,15728640
_to_copy_325,0
mul_659,158072832
t_703,0
view_1860,0
mm_622,157286400
view_1861,0
t_704,0
view_1862,0
mm_623,15728640
view_1863,0
t_705,0
view_1864,0
mm_624,15728640
view_1865,0
view_1866,0
transpose_427,0
view_1867,0
transpose_428,0
view_1868,0
transpose_429,0
unsqueeze_251,0
unsqueeze_252,0
mul_660,125829120
slice_1115,0
slice_1116,0
neg_106,31457280
mul_661,125829120
add_482,62914560
mul_662,15728640
slice_1117,0
slice_1118,0
neg_107,3932160
mul_663,15728640
add_483,7864320
slice_1119,0
slice_1120,0
unsqueeze_253,0
slice_1121,0
slice_1122,0
expand_141,0
clone_134,0
_unsafe_view_132,0
slice_1123,0
slice_1124,0
unsqueeze_254,0
slice_1125,0
slice_1126,0
expand_142,0
clone_135,0
_unsafe_view_133,0
slice_1130,0
slice_1131,0
slice_1132,0
_scaled_dot_product_flash_attention_for_cpu_106,-227028992
transpose_430,0
view_1869,0
t_706,0
view_1870,0
mm_625,157286400
view_1871,0
add_484,157286400
_to_copy_326,0
pow_160,316145664
mean_159,37784
add_485,32004
rsqrt_159,38592
mul_664,15728640
_to_copy_327,0
mul_665,158072832
t_707,0
view_1872,0
mm_626,550502400
view_1873,0
silu_66,275251200
t_708,0
view_1874,0
mm_627,550502400
view_1875,0
mul_666,275251200
t_709,0
view_1876,0
mm_628,78643200
view_1877,0
add_486,157286400
_to_copy_328,0
pow_161,316145664
mean_160,37784
add_487,32004
rsqrt_160,38592
mul_667,15728640
_to_copy_329,0
mul_668,158072832
t_710,0
view_1878,0
mm_629,157286400
view_1879,0
t_711,0
view_1880,0
mm_630,15728640
view_1881,0
t_712,0
view_1882,0
mm_631,15728640
view_1883,0
view_1884,0
transpose_431,0
view_1885,0
transpose_432,0
view_1886,0
transpose_433,0
unsqueeze_255,0
unsqueeze_256,0
mul_669,125829120
slice_1133,0
slice_1134,0
neg_108,31457280
mul_670,125829120
add_488,62914560
mul_671,15728640
slice_1135,0
slice_1136,0
neg_109,3932160
mul_672,15728640
add_489,7864320
slice_1137,0
slice_1138,0
unsqueeze_257,0
slice_1139,0
slice_1140,0
expand_143,0
clone_136,0
_unsafe_view_134,0
slice_1141,0
slice_1142,0
unsqueeze_258,0
slice_1143,0
slice_1144,0
expand_144,0
clone_137,0
_unsafe_view_135,0
slice_1148,0
slice_1149,0
slice_1150,0
_scaled_dot_product_flash_attention_for_cpu_107,-227028992
transpose_434,0
view_1887,0
t_713,0
view_1888,0
mm_632,157286400
view_1889,0
add_490,157286400
_to_copy_330,0
pow_162,316145664
mean_161,37784
add_491,32004
rsqrt_161,38592
mul_673,15728640
_to_copy_331,0
mul_674,158072832
t_714,0
view_1890,0
mm_633,550502400
view_1891,0
silu_67,275251200
t_715,0
view_1892,0
mm_634,550502400
view_1893,0
mul_675,275251200
t_716,0
view_1894,0
mm_635,78643200
view_1895,0
add_492,157286400
_to_copy_332,0
pow_163,316145664
mean_162,37784
add_493,32004
rsqrt_162,38592
mul_676,15728640
_to_copy_333,0
mul_677,158072832
t_717,0
view_1896,0
mm_636,157286400
view_1897,0
view_1898,0
transpose_435,0
_to_copy_334,0
pow_164,31457280
mean_163,245648
add_494,245096
rsqrt_163,245760
mul_678,31457280
_to_copy_335,0
mul_679,15728640
t_718,0
view_1899,0
mm_637,157384704000
view_1900,0
t_719,0
view_1901,0
mm_638,157384704000
view_1902,0
view_1903,0
transpose_436,0
view_1904,0
transpose_437,0
slice_1151,0
slice_1152,0
unsqueeze_259,0
slice_1153,0
slice_1154,0
expand_145,0
clone_138,0
_unsafe_view_136,0
slice_1155,0
slice_1156,0
unsqueeze_260,0
slice_1157,0
slice_1158,0
expand_146,0
clone_139,0
_unsafe_view_137,0
_to_copy_336,0
pow_165,1259077632000
mean_164,9836539920
add_495,9836472008
rsqrt_164,9836544000
mul_680,1259077632000
_to_copy_337,0
mul_681,629538816000
_scaled_dot_product_flash_attention_for_cpu_108,-331038720
transpose_438,0
view_1905,0
t_720,0
view_1906,0
mm_639,157286400
view_1907,0
tanh_46,36000
mul_682,31457280
add_496,157286400
_to_copy_338,0
pow_166,316145664
mean_165,37784
add_497,32004
rsqrt_165,38592
mul_683,15728640
_to_copy_339,0
mul_684,158072832
t_721,0
view_1908,0
mm_640,550502400
view_1909,0
silu_68,275251200
t_722,0
view_1910,0
mm_641,550502400
view_1911,0
mul_685,275251200
t_723,0
view_1912,0
mm_642,78643200
view_1913,0
slice_1159,0
select_13,0
mul_686,15728640
tanh_47,36000
mul_687,31457280
add_498,157286400
_to_copy_340,0
pow_167,316145664
mean_166,37784
add_499,32004
rsqrt_166,38592
mul_688,15728640
_to_copy_341,0
mul_689,158072832
t_724,0
view_1914,0
mm_643,157286400
view_1915,0
t_725,0
view_1916,0
mm_644,15728640
view_1917,0
t_726,0
view_1918,0
mm_645,15728640
view_1919,0
view_1920,0
transpose_439,0
view_1921,0
transpose_440,0
view_1922,0
transpose_441,0
unsqueeze_261,0
unsqueeze_262,0
mul_690,125829120
slice_1160,0
slice_1161,0
neg_110,31457280
mul_691,125829120
add_500,62914560
mul_692,15728640
slice_1162,0
slice_1163,0
neg_111,3932160
mul_693,15728640
add_501,7864320
slice_1164,0
slice_1165,0
unsqueeze_263,0
slice_1166,0
slice_1167,0
expand_147,0
clone_140,0
_unsafe_view_138,0
slice_1168,0
slice_1169,0
unsqueeze_264,0
slice_1170,0
slice_1171,0
expand_148,0
clone_141,0
_unsafe_view_139,0
slice_1175,0
slice_1176,0
slice_1177,0
_scaled_dot_product_flash_attention_for_cpu_109,-227028992
transpose_442,0
view_1923,0
t_727,0
view_1924,0
mm_646,157286400
view_1925,0
add_502,157286400
_to_copy_342,0
pow_168,316145664
mean_167,37784
add_503,32004
rsqrt_167,38592
mul_694,15728640
_to_copy_343,0
mul_695,158072832
t_728,0
view_1926,0
mm_647,550502400
view_1927,0
silu_69,275251200
t_729,0
view_1928,0
mm_648,550502400
view_1929,0
mul_696,275251200
t_730,0
view_1930,0
mm_649,78643200
view_1931,0
add_504,157286400
_to_copy_344,0
pow_169,316145664
mean_168,37784
add_505,32004
rsqrt_168,38592
mul_697,15728640
_to_copy_345,0
mul_698,158072832
t_731,0
view_1932,0
mm_650,157286400
view_1933,0
t_732,0
view_1934,0
mm_651,15728640
view_1935,0
t_733,0
view_1936,0
mm_652,15728640
view_1937,0
view_1938,0
transpose_443,0
view_1939,0
transpose_444,0
view_1940,0
transpose_445,0
unsqueeze_265,0
unsqueeze_266,0
mul_699,125829120
slice_1178,0
slice_1179,0
neg_112,31457280
mul_700,125829120
add_506,62914560
mul_701,15728640
slice_1180,0
slice_1181,0
neg_113,3932160
mul_702,15728640
add_507,7864320
slice_1182,0
slice_1183,0
unsqueeze_267,0
slice_1184,0
slice_1185,0
expand_149,0
clone_142,0
_unsafe_view_140,0
slice_1186,0
slice_1187,0
unsqueeze_268,0
slice_1188,0
slice_1189,0
expand_150,0
clone_143,0
_unsafe_view_141,0
slice_1193,0
slice_1194,0
slice_1195,0
_scaled_dot_product_flash_attention_for_cpu_110,-227028992
transpose_446,0
view_1941,0
t_734,0
view_1942,0
mm_653,157286400
view_1943,0
add_508,157286400
_to_copy_346,0
pow_170,316145664
mean_169,37784
add_509,32004
rsqrt_169,38592
mul_703,15728640
_to_copy_347,0
mul_704,158072832
t_735,0
view_1944,0
mm_654,550502400
view_1945,0
silu_70,275251200
t_736,0
view_1946,0
mm_655,550502400
view_1947,0
mul_705,275251200
t_737,0
view_1948,0
mm_656,78643200
view_1949,0
add_510,157286400
_to_copy_348,0
pow_171,316145664
mean_170,37784
add_511,32004
rsqrt_170,38592
mul_706,15728640
_to_copy_349,0
mul_707,158072832
t_738,0
view_1950,0
mm_657,157286400
view_1951,0
t_739,0
view_1952,0
mm_658,15728640
view_1953,0
t_740,0
view_1954,0
mm_659,15728640
view_1955,0
view_1956,0
transpose_447,0
view_1957,0
transpose_448,0
view_1958,0
transpose_449,0
unsqueeze_269,0
unsqueeze_270,0
mul_708,125829120
slice_1196,0
slice_1197,0
neg_114,31457280
mul_709,125829120
add_512,62914560
mul_710,15728640
slice_1198,0
slice_1199,0
neg_115,3932160
mul_711,15728640
add_513,7864320
slice_1200,0
slice_1201,0
unsqueeze_271,0
slice_1202,0
slice_1203,0
expand_151,0
clone_144,0
_unsafe_view_142,0
slice_1204,0
slice_1205,0
unsqueeze_272,0
slice_1206,0
slice_1207,0
expand_152,0
clone_145,0
_unsafe_view_143,0
slice_1211,0
slice_1212,0
slice_1213,0
_scaled_dot_product_flash_attention_for_cpu_111,-227028992
transpose_450,0
view_1959,0
t_741,0
view_1960,0
mm_660,157286400
view_1961,0
add_514,157286400
_to_copy_350,0
pow_172,316145664
mean_171,37784
add_515,32004
rsqrt_171,38592
mul_712,15728640
_to_copy_351,0
mul_713,158072832
t_742,0
view_1962,0
mm_661,550502400
view_1963,0
silu_71,275251200
t_743,0
view_1964,0
mm_662,550502400
view_1965,0
mul_714,275251200
t_744,0
view_1966,0
mm_663,78643200
view_1967,0
add_516,157286400
_to_copy_352,0
pow_173,316145664
mean_172,37784
add_517,32004
rsqrt_172,38592
mul_715,15728640
_to_copy_353,0
mul_716,158072832
t_745,0
view_1968,0
mm_664,157286400
view_1969,0
t_746,0
view_1970,0
mm_665,15728640
view_1971,0
t_747,0
view_1972,0
mm_666,15728640
view_1973,0
view_1974,0
transpose_451,0
view_1975,0
transpose_452,0
view_1976,0
transpose_453,0
unsqueeze_273,0
unsqueeze_274,0
mul_717,125829120
slice_1214,0
slice_1215,0
neg_116,31457280
mul_718,125829120
add_518,62914560
mul_719,15728640
slice_1216,0
slice_1217,0
neg_117,3932160
mul_720,15728640
add_519,7864320
slice_1218,0
slice_1219,0
unsqueeze_275,0
slice_1220,0
slice_1221,0
expand_153,0
clone_146,0
_unsafe_view_144,0
slice_1222,0
slice_1223,0
unsqueeze_276,0
slice_1224,0
slice_1225,0
expand_154,0
clone_147,0
_unsafe_view_145,0
slice_1229,0
slice_1230,0
slice_1231,0
_scaled_dot_product_flash_attention_for_cpu_112,-227028992
transpose_454,0
view_1977,0
t_748,0
view_1978,0
mm_667,157286400
view_1979,0
add_520,157286400
_to_copy_354,0
pow_174,316145664
mean_173,37784
add_521,32004
rsqrt_173,38592
mul_721,15728640
_to_copy_355,0
mul_722,158072832
t_749,0
view_1980,0
mm_668,550502400
view_1981,0
silu_72,275251200
t_750,0
view_1982,0
mm_669,550502400
view_1983,0
mul_723,275251200
t_751,0
view_1984,0
mm_670,78643200
view_1985,0
add_522,157286400
_to_copy_356,0
pow_175,316145664
mean_174,37784
add_523,32004
rsqrt_174,38592
mul_724,15728640
_to_copy_357,0
mul_725,158072832
t_752,0
view_1986,0
mm_671,157286400
view_1987,0
view_1988,0
transpose_455,0
_to_copy_358,0
pow_176,31457280
mean_175,245648
add_524,245096
rsqrt_175,245760
mul_726,31457280
_to_copy_359,0
mul_727,15728640
t_753,0
view_1989,0
mm_672,157384704000
view_1990,0
t_754,0
view_1991,0
mm_673,157384704000
view_1992,0
view_1993,0
transpose_456,0
view_1994,0
transpose_457,0
slice_1232,0
slice_1233,0
unsqueeze_277,0
slice_1234,0
slice_1235,0
expand_155,0
clone_148,0
_unsafe_view_146,0
slice_1236,0
slice_1237,0
unsqueeze_278,0
slice_1238,0
slice_1239,0
expand_156,0
clone_149,0
_unsafe_view_147,0
_to_copy_360,0
pow_177,1259077632000
mean_176,9836539920
add_525,9836472008
rsqrt_176,9836544000
mul_728,1259077632000
_to_copy_361,0
mul_729,629538816000
_scaled_dot_product_flash_attention_for_cpu_113,-331038720
transpose_458,0
view_1995,0
t_755,0
view_1996,0
mm_674,157286400
view_1997,0
tanh_48,36000
mul_730,31457280
add_526,157286400
_to_copy_362,0
pow_178,316145664
mean_177,37784
add_527,32004
rsqrt_177,38592
mul_731,15728640
_to_copy_363,0
mul_732,158072832
t_756,0
view_1998,0
mm_675,550502400
view_1999,0
silu_73,275251200
t_757,0
view_2000,0
mm_676,550502400
view_2001,0
mul_733,275251200
t_758,0
view_2002,0
mm_677,78643200
view_2003,0
slice_1240,0
select_14,0
mul_734,15728640
tanh_49,36000
mul_735,31457280
add_528,157286400
_to_copy_364,0
pow_179,316145664
mean_178,37784
add_529,32004
rsqrt_178,38592
mul_736,15728640
_to_copy_365,0
mul_737,158072832
t_759,0
view_2004,0
mm_678,157286400
view_2005,0
t_760,0
view_2006,0
mm_679,15728640
view_2007,0
t_761,0
view_2008,0
mm_680,15728640
view_2009,0
view_2010,0
transpose_459,0
view_2011,0
transpose_460,0
view_2012,0
transpose_461,0
unsqueeze_279,0
unsqueeze_280,0
mul_738,125829120
slice_1241,0
slice_1242,0
neg_118,31457280
mul_739,125829120
add_530,62914560
mul_740,15728640
slice_1243,0
slice_1244,0
neg_119,3932160
mul_741,15728640
add_531,7864320
slice_1245,0
slice_1246,0
unsqueeze_281,0
slice_1247,0
slice_1248,0
expand_157,0
clone_150,0
_unsafe_view_148,0
slice_1249,0
slice_1250,0
unsqueeze_282,0
slice_1251,0
slice_1252,0
expand_158,0
clone_151,0
_unsafe_view_149,0
slice_1256,0
slice_1257,0
slice_1258,0
_scaled_dot_product_flash_attention_for_cpu_114,-227028992
transpose_462,0
view_2013,0
t_762,0
view_2014,0
mm_681,157286400
view_2015,0
add_532,157286400
_to_copy_366,0
pow_180,316145664
mean_179,37784
add_533,32004
rsqrt_179,38592
mul_742,15728640
_to_copy_367,0
mul_743,158072832
t_763,0
view_2016,0
mm_682,550502400
view_2017,0
silu_74,275251200
t_764,0
view_2018,0
mm_683,550502400
view_2019,0
mul_744,275251200
t_765,0
view_2020,0
mm_684,78643200
view_2021,0
add_534,157286400
_to_copy_368,0
pow_181,316145664
mean_180,37784
add_535,32004
rsqrt_180,38592
mul_745,15728640
_to_copy_369,0
mul_746,158072832
t_766,0
view_2022,0
mm_685,157286400
view_2023,0
t_767,0
view_2024,0
mm_686,15728640
view_2025,0
t_768,0
view_2026,0
mm_687,15728640
view_2027,0
view_2028,0
transpose_463,0
view_2029,0
transpose_464,0
view_2030,0
transpose_465,0
unsqueeze_283,0
unsqueeze_284,0
mul_747,125829120
slice_1259,0
slice_1260,0
neg_120,31457280
mul_748,125829120
add_536,62914560
mul_749,15728640
slice_1261,0
slice_1262,0
neg_121,3932160
mul_750,15728640
add_537,7864320
slice_1263,0
slice_1264,0
unsqueeze_285,0
slice_1265,0
slice_1266,0
expand_159,0
clone_152,0
_unsafe_view_150,0
slice_1267,0
slice_1268,0
unsqueeze_286,0
slice_1269,0
slice_1270,0
expand_160,0
clone_153,0
_unsafe_view_151,0
slice_1274,0
slice_1275,0
slice_1276,0
_scaled_dot_product_flash_attention_for_cpu_115,-227028992
transpose_466,0
view_2031,0
t_769,0
view_2032,0
mm_688,157286400
view_2033,0
add_538,157286400
_to_copy_370,0
pow_182,316145664
mean_181,37784
add_539,32004
rsqrt_181,38592
mul_751,15728640
_to_copy_371,0
mul_752,158072832
t_770,0
view_2034,0
mm_689,550502400
view_2035,0
silu_75,275251200
t_771,0
view_2036,0
mm_690,550502400
view_2037,0
mul_753,275251200
t_772,0
view_2038,0
mm_691,78643200
view_2039,0
add_540,157286400
_to_copy_372,0
pow_183,316145664
mean_182,37784
add_541,32004
rsqrt_182,38592
mul_754,15728640
_to_copy_373,0
mul_755,158072832
t_773,0
view_2040,0
mm_692,157286400
view_2041,0
t_774,0
view_2042,0
mm_693,15728640
view_2043,0
t_775,0
view_2044,0
mm_694,15728640
view_2045,0
view_2046,0
transpose_467,0
view_2047,0
transpose_468,0
view_2048,0
transpose_469,0
unsqueeze_287,0
unsqueeze_288,0
mul_756,125829120
slice_1277,0
slice_1278,0
neg_122,31457280
mul_757,125829120
add_542,62914560
mul_758,15728640
slice_1279,0
slice_1280,0
neg_123,3932160
mul_759,15728640
add_543,7864320
slice_1281,0
slice_1282,0
unsqueeze_289,0
slice_1283,0
slice_1284,0
expand_161,0
clone_154,0
_unsafe_view_152,0
slice_1285,0
slice_1286,0
unsqueeze_290,0
slice_1287,0
slice_1288,0
expand_162,0
clone_155,0
_unsafe_view_153,0
slice_1292,0
slice_1293,0
slice_1294,0
_scaled_dot_product_flash_attention_for_cpu_116,-227028992
transpose_470,0
view_2049,0
t_776,0
view_2050,0
mm_695,157286400
view_2051,0
add_544,157286400
_to_copy_374,0
pow_184,316145664
mean_183,37784
add_545,32004
rsqrt_183,38592
mul_760,15728640
_to_copy_375,0
mul_761,158072832
t_777,0
view_2052,0
mm_696,550502400
view_2053,0
silu_76,275251200
t_778,0
view_2054,0
mm_697,550502400
view_2055,0
mul_762,275251200
t_779,0
view_2056,0
mm_698,78643200
view_2057,0
add_546,157286400
_to_copy_376,0
pow_185,316145664
mean_184,37784
add_547,32004
rsqrt_184,38592
mul_763,15728640
_to_copy_377,0
mul_764,158072832
t_780,0
view_2058,0
mm_699,157286400
view_2059,0
t_781,0
view_2060,0
mm_700,15728640
view_2061,0
t_782,0
view_2062,0
mm_701,15728640
view_2063,0
view_2064,0
transpose_471,0
view_2065,0
transpose_472,0
view_2066,0
transpose_473,0
unsqueeze_291,0
unsqueeze_292,0
mul_765,125829120
slice_1295,0
slice_1296,0
neg_124,31457280
mul_766,125829120
add_548,62914560
mul_767,15728640
slice_1297,0
slice_1298,0
neg_125,3932160
mul_768,15728640
add_549,7864320
slice_1299,0
slice_1300,0
unsqueeze_293,0
slice_1301,0
slice_1302,0
expand_163,0
clone_156,0
_unsafe_view_154,0
slice_1303,0
slice_1304,0
unsqueeze_294,0
slice_1305,0
slice_1306,0
expand_164,0
clone_157,0
_unsafe_view_155,0
slice_1310,0
slice_1311,0
slice_1312,0
_scaled_dot_product_flash_attention_for_cpu_117,-227028992
transpose_474,0
view_2067,0
t_783,0
view_2068,0
mm_702,157286400
view_2069,0
add_550,157286400
_to_copy_378,0
pow_186,316145664
mean_185,37784
add_551,32004
rsqrt_185,38592
mul_769,15728640
_to_copy_379,0
mul_770,158072832
t_784,0
view_2070,0
mm_703,550502400
view_2071,0
silu_77,275251200
t_785,0
view_2072,0
mm_704,550502400
view_2073,0
mul_771,275251200
t_786,0
view_2074,0
mm_705,78643200
view_2075,0
add_552,157286400
_to_copy_380,0
pow_187,316145664
mean_186,37784
add_553,32004
rsqrt_186,38592
mul_772,15728640
_to_copy_381,0
mul_773,158072832
t_787,0
view_2076,0
mm_706,157286400
view_2077,0
view_2078,0
transpose_475,0
_to_copy_382,0
pow_188,31457280
mean_187,245648
add_554,245096
rsqrt_187,245760
mul_774,31457280
_to_copy_383,0
mul_775,15728640
t_788,0
view_2079,0
mm_707,157384704000
view_2080,0
t_789,0
view_2081,0
mm_708,157384704000
view_2082,0
view_2083,0
transpose_476,0
view_2084,0
transpose_477,0
slice_1313,0
slice_1314,0
unsqueeze_295,0
slice_1315,0
slice_1316,0
expand_165,0
clone_158,0
_unsafe_view_156,0
slice_1317,0
slice_1318,0
unsqueeze_296,0
slice_1319,0
slice_1320,0
expand_166,0
clone_159,0
_unsafe_view_157,0
_to_copy_384,0
pow_189,1259077632000
mean_188,9836539920
add_555,9836472008
rsqrt_188,9836544000
mul_776,1259077632000
_to_copy_385,0
mul_777,629538816000
_scaled_dot_product_flash_attention_for_cpu_118,-331038720
transpose_478,0
view_2085,0
t_790,0
view_2086,0
mm_709,157286400
view_2087,0
tanh_50,36000
mul_778,31457280
add_556,157286400
_to_copy_386,0
pow_190,316145664
mean_189,37784
add_557,32004
rsqrt_189,38592
mul_779,15728640
_to_copy_387,0
mul_780,158072832
t_791,0
view_2088,0
mm_710,550502400
view_2089,0
silu_78,275251200
t_792,0
view_2090,0
mm_711,550502400
view_2091,0
mul_781,275251200
t_793,0
view_2092,0
mm_712,78643200
view_2093,0
slice_1321,0
select_15,0
mul_782,15728640
tanh_51,36000
mul_783,31457280
add_558,157286400
_to_copy_388,0
pow_191,316145664
mean_190,37784
add_559,32004
rsqrt_190,38592
mul_784,15728640
_to_copy_389,0
mul_785,158072832
t_794,0
view_2094,0
mm_713,157286400
view_2095,0
t_795,0
view_2096,0
mm_714,15728640
view_2097,0
t_796,0
view_2098,0
mm_715,15728640
view_2099,0
view_2100,0
transpose_479,0
view_2101,0
transpose_480,0
view_2102,0
transpose_481,0
unsqueeze_297,0
unsqueeze_298,0
mul_786,125829120
slice_1322,0
slice_1323,0
neg_126,31457280
mul_787,125829120
add_560,62914560
mul_788,15728640
slice_1324,0
slice_1325,0
neg_127,3932160
mul_789,15728640
add_561,7864320
slice_1326,0
slice_1327,0
unsqueeze_299,0
slice_1328,0
slice_1329,0
expand_167,0
clone_160,0
_unsafe_view_158,0
slice_1330,0
slice_1331,0
unsqueeze_300,0
slice_1332,0
slice_1333,0
expand_168,0
clone_161,0
_unsafe_view_159,0
slice_1337,0
slice_1338,0
slice_1339,0
_scaled_dot_product_flash_attention_for_cpu_119,-227028992
transpose_482,0
view_2103,0
t_797,0
view_2104,0
mm_716,157286400
view_2105,0
add_562,157286400
_to_copy_390,0
pow_192,316145664
mean_191,37784
add_563,32004
rsqrt_191,38592
mul_790,15728640
_to_copy_391,0
mul_791,158072832
t_798,0
view_2106,0
mm_717,550502400
view_2107,0
silu_79,275251200
t_799,0
view_2108,0
mm_718,550502400
view_2109,0
mul_792,275251200
t_800,0
view_2110,0
mm_719,78643200
view_2111,0
add_564,157286400
_to_copy_392,0
pow_193,316145664
mean_192,37784
add_565,32004
rsqrt_192,38592
mul_793,15728640
_to_copy_393,0
mul_794,158072832
t_801,0
view_2112,0
mm_720,157286400
view_2113,0
t_802,0
view_2114,0
mm_721,15728640
view_2115,0
t_803,0
view_2116,0
mm_722,15728640
view_2117,0
view_2118,0
transpose_483,0
view_2119,0
transpose_484,0
view_2120,0
transpose_485,0
unsqueeze_301,0
unsqueeze_302,0
mul_795,125829120
slice_1340,0
slice_1341,0
neg_128,31457280
mul_796,125829120
add_566,62914560
mul_797,15728640
slice_1342,0
slice_1343,0
neg_129,3932160
mul_798,15728640
add_567,7864320
slice_1344,0
slice_1345,0
unsqueeze_303,0
slice_1346,0
slice_1347,0
expand_169,0
clone_162,0
_unsafe_view_160,0
slice_1348,0
slice_1349,0
unsqueeze_304,0
slice_1350,0
slice_1351,0
expand_170,0
clone_163,0
_unsafe_view_161,0
slice_1355,0
slice_1356,0
slice_1357,0
_scaled_dot_product_flash_attention_for_cpu_120,-227028992
transpose_486,0
view_2121,0
t_804,0
view_2122,0
mm_723,157286400
view_2123,0
add_568,157286400
_to_copy_394,0
pow_194,316145664
mean_193,37784
add_569,32004
rsqrt_193,38592
mul_799,15728640
_to_copy_395,0
mul_800,158072832
t_805,0
view_2124,0
mm_724,550502400
view_2125,0
silu_80,275251200
t_806,0
view_2126,0
mm_725,550502400
view_2127,0
mul_801,275251200
t_807,0
view_2128,0
mm_726,78643200
view_2129,0
add_570,157286400
_to_copy_396,0
pow_195,316145664
mean_194,37784
add_571,32004
rsqrt_194,38592
mul_802,15728640
_to_copy_397,0
mul_803,158072832
t_808,0
view_2130,0
mm_727,157286400
view_2131,0
t_809,0
view_2132,0
mm_728,15728640
view_2133,0
t_810,0
view_2134,0
mm_729,15728640
view_2135,0
view_2136,0
transpose_487,0
view_2137,0
transpose_488,0
view_2138,0
transpose_489,0
unsqueeze_305,0
unsqueeze_306,0
mul_804,125829120
slice_1358,0
slice_1359,0
neg_130,31457280
mul_805,125829120
add_572,62914560
mul_806,15728640
slice_1360,0
slice_1361,0
neg_131,3932160
mul_807,15728640
add_573,7864320
slice_1362,0
slice_1363,0
unsqueeze_307,0
slice_1364,0
slice_1365,0
expand_171,0
clone_164,0
_unsafe_view_162,0
slice_1366,0
slice_1367,0
unsqueeze_308,0
slice_1368,0
slice_1369,0
expand_172,0
clone_165,0
_unsafe_view_163,0
slice_1373,0
slice_1374,0
slice_1375,0
_scaled_dot_product_flash_attention_for_cpu_121,-227028992
transpose_490,0
view_2139,0
t_811,0
view_2140,0
mm_730,157286400
view_2141,0
add_574,157286400
_to_copy_398,0
pow_196,316145664
mean_195,37784
add_575,32004
rsqrt_195,38592
mul_808,15728640
_to_copy_399,0
mul_809,158072832
t_812,0
view_2142,0
mm_731,550502400
view_2143,0
silu_81,275251200
t_813,0
view_2144,0
mm_732,550502400
view_2145,0
mul_810,275251200
t_814,0
view_2146,0
mm_733,78643200
view_2147,0
add_576,157286400
_to_copy_400,0
pow_197,316145664
mean_196,37784
add_577,32004
rsqrt_196,38592
mul_811,15728640
_to_copy_401,0
mul_812,158072832
t_815,0
view_2148,0
mm_734,157286400
view_2149,0
t_816,0
view_2150,0
mm_735,15728640
view_2151,0
t_817,0
view_2152,0
mm_736,15728640
view_2153,0
view_2154,0
transpose_491,0
view_2155,0
transpose_492,0
view_2156,0
transpose_493,0
unsqueeze_309,0
unsqueeze_310,0
mul_813,125829120
slice_1376,0
slice_1377,0
neg_132,31457280
mul_814,125829120
add_578,62914560
mul_815,15728640
slice_1378,0
slice_1379,0
neg_133,3932160
mul_816,15728640
add_579,7864320
slice_1380,0
slice_1381,0
unsqueeze_311,0
slice_1382,0
slice_1383,0
expand_173,0
clone_166,0
_unsafe_view_164,0
slice_1384,0
slice_1385,0
unsqueeze_312,0
slice_1386,0
slice_1387,0
expand_174,0
clone_167,0
_unsafe_view_165,0
slice_1391,0
slice_1392,0
slice_1393,0
_scaled_dot_product_flash_attention_for_cpu_122,-227028992
transpose_494,0
view_2157,0
t_818,0
view_2158,0
mm_737,157286400
view_2159,0
add_580,157286400
_to_copy_402,0
pow_198,316145664
mean_197,37784
add_581,32004
rsqrt_197,38592
mul_817,15728640
_to_copy_403,0
mul_818,158072832
t_819,0
view_2160,0
mm_738,550502400
view_2161,0
silu_82,275251200
t_820,0
view_2162,0
mm_739,550502400
view_2163,0
mul_819,275251200
t_821,0
view_2164,0
mm_740,78643200
view_2165,0
add_582,157286400
_to_copy_404,0
pow_199,316145664
mean_198,37784
add_583,32004
rsqrt_198,38592
mul_820,15728640
_to_copy_405,0
mul_821,158072832
t_822,0
view_2166,0
mm_741,157286400
view_2167,0
view_2168,0
transpose_495,0
_to_copy_406,0
pow_200,31457280
mean_199,245648
add_584,245096
rsqrt_199,245760
mul_822,31457280
_to_copy_407,0
mul_823,15728640
t_823,0
view_2169,0
mm_742,157384704000
view_2170,0
t_824,0
view_2171,0
mm_743,157384704000
view_2172,0
view_2173,0
transpose_496,0
view_2174,0
transpose_497,0
slice_1394,0
slice_1395,0
unsqueeze_313,0
slice_1396,0
slice_1397,0
expand_175,0
clone_168,0
_unsafe_view_166,0
slice_1398,0
slice_1399,0
unsqueeze_314,0
slice_1400,0
slice_1401,0
expand_176,0
clone_169,0
_unsafe_view_167,0
_to_copy_408,0
pow_201,1259077632000
mean_200,9836539920
add_585,9836472008
rsqrt_200,9836544000
mul_824,1259077632000
_to_copy_409,0
mul_825,629538816000
_scaled_dot_product_flash_attention_for_cpu_123,-331038720
transpose_498,0
view_2175,0
t_825,0
view_2176,0
mm_744,157286400
view_2177,0
tanh_52,36000
mul_826,31457280
add_586,157286400
_to_copy_410,0
pow_202,316145664
mean_201,37784
add_587,32004
rsqrt_201,38592
mul_827,15728640
_to_copy_411,0
mul_828,158072832
t_826,0
view_2178,0
mm_745,550502400
view_2179,0
silu_83,275251200
t_827,0
view_2180,0
mm_746,550502400
view_2181,0
mul_829,275251200
t_828,0
view_2182,0
mm_747,78643200
view_2183,0
slice_1402,0
select_16,0
mul_830,15728640
tanh_53,36000
mul_831,31457280
add_588,157286400
_to_copy_412,0
pow_203,316145664
mean_202,37784
add_589,32004
rsqrt_202,38592
mul_832,15728640
_to_copy_413,0
mul_833,158072832
t_829,0
view_2184,0
mm_748,157286400
view_2185,0
t_830,0
view_2186,0
mm_749,15728640
view_2187,0
t_831,0
view_2188,0
mm_750,15728640
view_2189,0
view_2190,0
transpose_499,0
view_2191,0
transpose_500,0
view_2192,0
transpose_501,0
unsqueeze_315,0
unsqueeze_316,0
mul_834,125829120
slice_1403,0
slice_1404,0
neg_134,31457280
mul_835,125829120
add_590,62914560
mul_836,15728640
slice_1405,0
slice_1406,0
neg_135,3932160
mul_837,15728640
add_591,7864320
slice_1407,0
slice_1408,0
unsqueeze_317,0
slice_1409,0
slice_1410,0
expand_177,0
clone_170,0
_unsafe_view_168,0
slice_1411,0
slice_1412,0
unsqueeze_318,0
slice_1413,0
slice_1414,0
expand_178,0
clone_171,0
_unsafe_view_169,0
slice_1418,0
slice_1419,0
slice_1420,0
_scaled_dot_product_flash_attention_for_cpu_124,-227028992
transpose_502,0
view_2193,0
t_832,0
view_2194,0
mm_751,157286400
view_2195,0
add_592,157286400
_to_copy_414,0
pow_204,316145664
mean_203,37784
add_593,32004
rsqrt_203,38592
mul_838,15728640
_to_copy_415,0
mul_839,158072832
t_833,0
view_2196,0
mm_752,550502400
view_2197,0
silu_84,275251200
t_834,0
view_2198,0
mm_753,550502400
view_2199,0
mul_840,275251200
t_835,0
view_2200,0
mm_754,78643200
view_2201,0
add_594,157286400
_to_copy_416,0
pow_205,316145664
mean_204,37784
add_595,32004
rsqrt_204,38592
mul_841,15728640
_to_copy_417,0
mul_842,158072832
t_836,0
view_2202,0
mm_755,157286400
view_2203,0
t_837,0
view_2204,0
mm_756,15728640
view_2205,0
t_838,0
view_2206,0
mm_757,15728640
view_2207,0
view_2208,0
transpose_503,0
view_2209,0
transpose_504,0
view_2210,0
transpose_505,0
unsqueeze_319,0
unsqueeze_320,0
mul_843,125829120
slice_1421,0
slice_1422,0
neg_136,31457280
mul_844,125829120
add_596,62914560
mul_845,15728640
slice_1423,0
slice_1424,0
neg_137,3932160
mul_846,15728640
add_597,7864320
slice_1425,0
slice_1426,0
unsqueeze_321,0
slice_1427,0
slice_1428,0
expand_179,0
clone_172,0
_unsafe_view_170,0
slice_1429,0
slice_1430,0
unsqueeze_322,0
slice_1431,0
slice_1432,0
expand_180,0
clone_173,0
_unsafe_view_171,0
slice_1436,0
slice_1437,0
slice_1438,0
_scaled_dot_product_flash_attention_for_cpu_125,-227028992
transpose_506,0
view_2211,0
t_839,0
view_2212,0
mm_758,157286400
view_2213,0
add_598,157286400
_to_copy_418,0
pow_206,316145664
mean_205,37784
add_599,32004
rsqrt_205,38592
mul_847,15728640
_to_copy_419,0
mul_848,158072832
t_840,0
view_2214,0
mm_759,550502400
view_2215,0
silu_85,275251200
t_841,0
view_2216,0
mm_760,550502400
view_2217,0
mul_849,275251200
t_842,0
view_2218,0
mm_761,78643200
view_2219,0
add_600,157286400
_to_copy_420,0
pow_207,316145664
mean_206,37784
add_601,32004
rsqrt_206,38592
mul_850,15728640
_to_copy_421,0
mul_851,158072832
t_843,0
view_2220,0
mm_762,157286400
view_2221,0
t_844,0
view_2222,0
mm_763,15728640
view_2223,0
t_845,0
view_2224,0
mm_764,15728640
view_2225,0
view_2226,0
transpose_507,0
view_2227,0
transpose_508,0
view_2228,0
transpose_509,0
unsqueeze_323,0
unsqueeze_324,0
mul_852,125829120
slice_1439,0
slice_1440,0
neg_138,31457280
mul_853,125829120
add_602,62914560
mul_854,15728640
slice_1441,0
slice_1442,0
neg_139,3932160
mul_855,15728640
add_603,7864320
slice_1443,0
slice_1444,0
unsqueeze_325,0
slice_1445,0
slice_1446,0
expand_181,0
clone_174,0
_unsafe_view_172,0
slice_1447,0
slice_1448,0
unsqueeze_326,0
slice_1449,0
slice_1450,0
expand_182,0
clone_175,0
_unsafe_view_173,0
slice_1454,0
slice_1455,0
slice_1456,0
_scaled_dot_product_flash_attention_for_cpu_126,-227028992
transpose_510,0
view_2229,0
t_846,0
view_2230,0
mm_765,157286400
view_2231,0
add_604,157286400
_to_copy_422,0
pow_208,316145664
mean_207,37784
add_605,32004
rsqrt_207,38592
mul_856,15728640
_to_copy_423,0
mul_857,158072832
t_847,0
view_2232,0
mm_766,550502400
view_2233,0
silu_86,275251200
t_848,0
view_2234,0
mm_767,550502400
view_2235,0
mul_858,275251200
t_849,0
view_2236,0
mm_768,78643200
view_2237,0
add_606,157286400
_to_copy_424,0
pow_209,316145664
mean_208,37784
add_607,32004
rsqrt_208,38592
mul_859,15728640
_to_copy_425,0
mul_860,158072832
t_850,0
view_2238,0
mm_769,157286400
view_2239,0
t_851,0
view_2240,0
mm_770,15728640
view_2241,0
t_852,0
view_2242,0
mm_771,15728640
view_2243,0
view_2244,0
transpose_511,0
view_2245,0
transpose_512,0
view_2246,0
transpose_513,0
unsqueeze_327,0
unsqueeze_328,0
mul_861,125829120
slice_1457,0
slice_1458,0
neg_140,31457280
mul_862,125829120
add_608,62914560
mul_863,15728640
slice_1459,0
slice_1460,0
neg_141,3932160
mul_864,15728640
add_609,7864320
slice_1461,0
slice_1462,0
unsqueeze_329,0
slice_1463,0
slice_1464,0
expand_183,0
clone_176,0
_unsafe_view_174,0
slice_1465,0
slice_1466,0
unsqueeze_330,0
slice_1467,0
slice_1468,0
expand_184,0
clone_177,0
_unsafe_view_175,0
slice_1472,0
slice_1473,0
slice_1474,0
_scaled_dot_product_flash_attention_for_cpu_127,-227028992
transpose_514,0
view_2247,0
t_853,0
view_2248,0
mm_772,157286400
view_2249,0
add_610,157286400
_to_copy_426,0
pow_210,316145664
mean_209,37784
add_611,32004
rsqrt_209,38592
mul_865,15728640
_to_copy_427,0
mul_866,158072832
t_854,0
view_2250,0
mm_773,550502400
view_2251,0
silu_87,275251200
t_855,0
view_2252,0
mm_774,550502400
view_2253,0
mul_867,275251200
t_856,0
view_2254,0
mm_775,78643200
view_2255,0
add_612,157286400
_to_copy_428,0
pow_211,316145664
mean_210,37784
add_613,32004
rsqrt_210,38592
mul_868,15728640
_to_copy_429,0
mul_869,158072832
t_857,0
view_2256,0
mm_776,157286400
view_2257,0
view_2258,0
transpose_515,0
_to_copy_430,0
pow_212,31457280
mean_211,245648
add_614,245096
rsqrt_211,245760
mul_870,31457280
_to_copy_431,0
mul_871,15728640
t_858,0
view_2259,0
mm_777,157384704000
view_2260,0
t_859,0
view_2261,0
mm_778,157384704000
view_2262,0
view_2263,0
transpose_516,0
view_2264,0
transpose_517,0
slice_1475,0
slice_1476,0
unsqueeze_331,0
slice_1477,0
slice_1478,0
expand_185,0
clone_178,0
_unsafe_view_176,0
slice_1479,0
slice_1480,0
unsqueeze_332,0
slice_1481,0
slice_1482,0
expand_186,0
clone_179,0
_unsafe_view_177,0
_to_copy_432,0
pow_213,1259077632000
mean_212,9836539920
add_615,9836472008
rsqrt_212,9836544000
mul_872,1259077632000
_to_copy_433,0
mul_873,629538816000
_scaled_dot_product_flash_attention_for_cpu_128,-331038720
transpose_518,0
view_2265,0
t_860,0
view_2266,0
mm_779,157286400
view_2267,0
tanh_54,36000
mul_874,31457280
add_616,157286400
_to_copy_434,0
pow_214,316145664
mean_213,37784
add_617,32004
rsqrt_213,38592
mul_875,15728640
_to_copy_435,0
mul_876,158072832
t_861,0
view_2268,0
mm_780,550502400
view_2269,0
silu_88,275251200
t_862,0
view_2270,0
mm_781,550502400
view_2271,0
mul_877,275251200
t_863,0
view_2272,0
mm_782,78643200
view_2273,0
slice_1483,0
select_17,0
mul_878,15728640
tanh_55,36000
mul_879,31457280
add_618,157286400
_to_copy_436,0
pow_215,316145664
mean_214,37784
add_619,32004
rsqrt_214,38592
mul_880,15728640
_to_copy_437,0
mul_881,158072832
t_864,0
view_2274,0
mm_783,157286400
view_2275,0
t_865,0
view_2276,0
mm_784,15728640
view_2277,0
t_866,0
view_2278,0
mm_785,15728640
view_2279,0
view_2280,0
transpose_519,0
view_2281,0
transpose_520,0
view_2282,0
transpose_521,0
unsqueeze_333,0
unsqueeze_334,0
mul_882,125829120
slice_1484,0
slice_1485,0
neg_142,31457280
mul_883,125829120
add_620,62914560
mul_884,15728640
slice_1486,0
slice_1487,0
neg_143,3932160
mul_885,15728640
add_621,7864320
slice_1488,0
slice_1489,0
unsqueeze_335,0
slice_1490,0
slice_1491,0
expand_187,0
clone_180,0
_unsafe_view_178,0
slice_1492,0
slice_1493,0
unsqueeze_336,0
slice_1494,0
slice_1495,0
expand_188,0
clone_181,0
_unsafe_view_179,0
slice_1499,0
slice_1500,0
slice_1501,0
_scaled_dot_product_flash_attention_for_cpu_129,-227028992
transpose_522,0
view_2283,0
t_867,0
view_2284,0
mm_786,157286400
view_2285,0
add_622,157286400
_to_copy_438,0
pow_216,316145664
mean_215,37784
add_623,32004
rsqrt_215,38592
mul_886,15728640
_to_copy_439,0
mul_887,158072832
t_868,0
view_2286,0
mm_787,550502400
view_2287,0
silu_89,275251200
t_869,0
view_2288,0
mm_788,550502400
view_2289,0
mul_888,275251200
t_870,0
view_2290,0
mm_789,78643200
view_2291,0
add_624,157286400
_to_copy_440,0
pow_217,316145664
mean_216,37784
add_625,32004
rsqrt_216,38592
mul_889,15728640
_to_copy_441,0
mul_890,158072832
t_871,0
view_2292,0
mm_790,157286400
view_2293,0
t_872,0
view_2294,0
mm_791,15728640
view_2295,0
t_873,0
view_2296,0
mm_792,15728640
view_2297,0
view_2298,0
transpose_523,0
view_2299,0
transpose_524,0
view_2300,0
transpose_525,0
unsqueeze_337,0
unsqueeze_338,0
mul_891,125829120
slice_1502,0
slice_1503,0
neg_144,31457280
mul_892,125829120
add_626,62914560
mul_893,15728640
slice_1504,0
slice_1505,0
neg_145,3932160
mul_894,15728640
add_627,7864320
slice_1506,0
slice_1507,0
unsqueeze_339,0
slice_1508,0
slice_1509,0
expand_189,0
clone_182,0
_unsafe_view_180,0
slice_1510,0
slice_1511,0
unsqueeze_340,0
slice_1512,0
slice_1513,0
expand_190,0
clone_183,0
_unsafe_view_181,0
slice_1517,0
slice_1518,0
slice_1519,0
_scaled_dot_product_flash_attention_for_cpu_130,-227028992
transpose_526,0
view_2301,0
t_874,0
view_2302,0
mm_793,157286400
view_2303,0
add_628,157286400
_to_copy_442,0
pow_218,316145664
mean_217,37784
add_629,32004
rsqrt_217,38592
mul_895,15728640
_to_copy_443,0
mul_896,158072832
t_875,0
view_2304,0
mm_794,550502400
view_2305,0
silu_90,275251200
t_876,0
view_2306,0
mm_795,550502400
view_2307,0
mul_897,275251200
t_877,0
view_2308,0
mm_796,78643200
view_2309,0
add_630,157286400
_to_copy_444,0
pow_219,316145664
mean_218,37784
add_631,32004
rsqrt_218,38592
mul_898,15728640
_to_copy_445,0
mul_899,158072832
t_878,0
view_2310,0
mm_797,157286400
view_2311,0
t_879,0
view_2312,0
mm_798,15728640
view_2313,0
t_880,0
view_2314,0
mm_799,15728640
view_2315,0
view_2316,0
transpose_527,0
view_2317,0
transpose_528,0
view_2318,0
transpose_529,0
unsqueeze_341,0
unsqueeze_342,0
mul_900,125829120
slice_1520,0
slice_1521,0
neg_146,31457280
mul_901,125829120
add_632,62914560
mul_902,15728640
slice_1522,0
slice_1523,0
neg_147,3932160
mul_903,15728640
add_633,7864320
slice_1524,0
slice_1525,0
unsqueeze_343,0
slice_1526,0
slice_1527,0
expand_191,0
clone_184,0
_unsafe_view_182,0
slice_1528,0
slice_1529,0
unsqueeze_344,0
slice_1530,0
slice_1531,0
expand_192,0
clone_185,0
_unsafe_view_183,0
slice_1535,0
slice_1536,0
slice_1537,0
_scaled_dot_product_flash_attention_for_cpu_131,-227028992
transpose_530,0
view_2319,0
t_881,0
view_2320,0
mm_800,157286400
view_2321,0
add_634,157286400
_to_copy_446,0
pow_220,316145664
mean_219,37784
add_635,32004
rsqrt_219,38592
mul_904,15728640
_to_copy_447,0
mul_905,158072832
t_882,0
view_2322,0
mm_801,550502400
view_2323,0
silu_91,275251200
t_883,0
view_2324,0
mm_802,550502400
view_2325,0
mul_906,275251200
t_884,0
view_2326,0
mm_803,78643200
view_2327,0
add_636,157286400
_to_copy_448,0
pow_221,316145664
mean_220,37784
add_637,32004
rsqrt_220,38592
mul_907,15728640
_to_copy_449,0
mul_908,158072832
t_885,0
view_2328,0
mm_804,157286400
view_2329,0
t_886,0
view_2330,0
mm_805,15728640
view_2331,0
t_887,0
view_2332,0
mm_806,15728640
view_2333,0
view_2334,0
transpose_531,0
view_2335,0
transpose_532,0
view_2336,0
transpose_533,0
unsqueeze_345,0
unsqueeze_346,0
mul_909,125829120
slice_1538,0
slice_1539,0
neg_148,31457280
mul_910,125829120
add_638,62914560
mul_911,15728640
slice_1540,0
slice_1541,0
neg_149,3932160
mul_912,15728640
add_639,7864320
slice_1542,0
slice_1543,0
unsqueeze_347,0
slice_1544,0
slice_1545,0
expand_193,0
clone_186,0
_unsafe_view_184,0
slice_1546,0
slice_1547,0
unsqueeze_348,0
slice_1548,0
slice_1549,0
expand_194,0
clone_187,0
_unsafe_view_185,0
slice_1553,0
slice_1554,0
slice_1555,0
_scaled_dot_product_flash_attention_for_cpu_132,-227028992
transpose_534,0
view_2337,0
t_888,0
view_2338,0
mm_807,157286400
view_2339,0
add_640,157286400
_to_copy_450,0
pow_222,316145664
mean_221,37784
add_641,32004
rsqrt_221,38592
mul_913,15728640
_to_copy_451,0
mul_914,158072832
t_889,0
view_2340,0
mm_808,550502400
view_2341,0
silu_92,275251200
t_890,0
view_2342,0
mm_809,550502400
view_2343,0
mul_915,275251200
t_891,0
view_2344,0
mm_810,78643200
view_2345,0
add_642,157286400
_to_copy_452,0
pow_223,316145664
mean_222,37784
add_643,32004
rsqrt_222,38592
mul_916,15728640
_to_copy_453,0
mul_917,158072832
t_892,0
view_2346,0
mm_811,157286400
view_2347,0
view_2348,0
transpose_535,0
_to_copy_454,0
pow_224,31457280
mean_223,245648
add_644,245096
rsqrt_223,245760
mul_918,31457280
_to_copy_455,0
mul_919,15728640
t_893,0
view_2349,0
mm_812,157384704000
view_2350,0
t_894,0
view_2351,0
mm_813,157384704000
view_2352,0
view_2353,0
transpose_536,0
view_2354,0
transpose_537,0
slice_1556,0
slice_1557,0
unsqueeze_349,0
slice_1558,0
slice_1559,0
expand_195,0
clone_188,0
_unsafe_view_186,0
slice_1560,0
slice_1561,0
unsqueeze_350,0
slice_1562,0
slice_1563,0
expand_196,0
clone_189,0
_unsafe_view_187,0
_to_copy_456,0
pow_225,1259077632000
mean_224,9836539920
add_645,9836472008
rsqrt_224,9836544000
mul_920,1259077632000
_to_copy_457,0
mul_921,629538816000
_scaled_dot_product_flash_attention_for_cpu_133,-331038720
transpose_538,0
view_2355,0
t_895,0
view_2356,0
mm_814,157286400
view_2357,0
tanh_56,36000
mul_922,31457280
add_646,157286400
_to_copy_458,0
pow_226,316145664
mean_225,37784
add_647,32004
rsqrt_225,38592
mul_923,15728640
_to_copy_459,0
mul_924,158072832
t_896,0
view_2358,0
mm_815,550502400
view_2359,0
silu_93,275251200
t_897,0
view_2360,0
mm_816,550502400
view_2361,0
mul_925,275251200
t_898,0
view_2362,0
mm_817,78643200
view_2363,0
slice_1564,0
select_18,0
mul_926,15728640
tanh_57,36000
mul_927,31457280
add_648,157286400
_to_copy_460,0
pow_227,316145664
mean_226,37784
add_649,32004
rsqrt_226,38592
mul_928,15728640
_to_copy_461,0
mul_929,158072832
t_899,0
view_2364,0
mm_818,157286400
view_2365,0
t_900,0
view_2366,0
mm_819,15728640
view_2367,0
t_901,0
view_2368,0
mm_820,15728640
view_2369,0
view_2370,0
transpose_539,0
view_2371,0
transpose_540,0
view_2372,0
transpose_541,0
unsqueeze_351,0
unsqueeze_352,0
mul_930,125829120
slice_1565,0
slice_1566,0
neg_150,31457280
mul_931,125829120
add_650,62914560
mul_932,15728640
slice_1567,0
slice_1568,0
neg_151,3932160
mul_933,15728640
add_651,7864320
slice_1569,0
slice_1570,0
unsqueeze_353,0
slice_1571,0
slice_1572,0
expand_197,0
clone_190,0
_unsafe_view_188,0
slice_1573,0
slice_1574,0
unsqueeze_354,0
slice_1575,0
slice_1576,0
expand_198,0
clone_191,0
_unsafe_view_189,0
slice_1580,0
slice_1581,0
slice_1582,0
_scaled_dot_product_flash_attention_for_cpu_134,-227028992
transpose_542,0
view_2373,0
t_902,0
view_2374,0
mm_821,157286400
view_2375,0
add_652,157286400
_to_copy_462,0
pow_228,316145664
mean_227,37784
add_653,32004
rsqrt_227,38592
mul_934,15728640
_to_copy_463,0
mul_935,158072832
t_903,0
view_2376,0
mm_822,550502400
view_2377,0
silu_94,275251200
t_904,0
view_2378,0
mm_823,550502400
view_2379,0
mul_936,275251200
t_905,0
view_2380,0
mm_824,78643200
view_2381,0
add_654,157286400
_to_copy_464,0
pow_229,316145664
mean_228,37784
add_655,32004
rsqrt_228,38592
mul_937,15728640
_to_copy_465,0
mul_938,158072832
t_906,0
view_2382,0
mm_825,157286400
view_2383,0
t_907,0
view_2384,0
mm_826,15728640
view_2385,0
t_908,0
view_2386,0
mm_827,15728640
view_2387,0
view_2388,0
transpose_543,0
view_2389,0
transpose_544,0
view_2390,0
transpose_545,0
unsqueeze_355,0
unsqueeze_356,0
mul_939,125829120
slice_1583,0
slice_1584,0
neg_152,31457280
mul_940,125829120
add_656,62914560
mul_941,15728640
slice_1585,0
slice_1586,0
neg_153,3932160
mul_942,15728640
add_657,7864320
slice_1587,0
slice_1588,0
unsqueeze_357,0
slice_1589,0
slice_1590,0
expand_199,0
clone_192,0
_unsafe_view_190,0
slice_1591,0
slice_1592,0
unsqueeze_358,0
slice_1593,0
slice_1594,0
expand_200,0
clone_193,0
_unsafe_view_191,0
slice_1598,0
slice_1599,0
slice_1600,0
_scaled_dot_product_flash_attention_for_cpu_135,-227028992
transpose_546,0
view_2391,0
t_909,0
view_2392,0
mm_828,157286400
view_2393,0
add_658,157286400
_to_copy_466,0
pow_230,316145664
mean_229,37784
add_659,32004
rsqrt_229,38592
mul_943,15728640
_to_copy_467,0
mul_944,158072832
t_910,0
view_2394,0
mm_829,550502400
view_2395,0
silu_95,275251200
t_911,0
view_2396,0
mm_830,550502400
view_2397,0
mul_945,275251200
t_912,0
view_2398,0
mm_831,78643200
view_2399,0
add_660,157286400
_to_copy_468,0
pow_231,316145664
mean_230,37784
add_661,32004
rsqrt_230,38592
mul_946,15728640
_to_copy_469,0
mul_947,158072832
t_913,0
view_2400,0
mm_832,157286400
view_2401,0
t_914,0
view_2402,0
mm_833,15728640
view_2403,0
t_915,0
view_2404,0
mm_834,15728640
view_2405,0
view_2406,0
transpose_547,0
view_2407,0
transpose_548,0
view_2408,0
transpose_549,0
unsqueeze_359,0
unsqueeze_360,0
mul_948,125829120
slice_1601,0
slice_1602,0
neg_154,31457280
mul_949,125829120
add_662,62914560
mul_950,15728640
slice_1603,0
slice_1604,0
neg_155,3932160
mul_951,15728640
add_663,7864320
slice_1605,0
slice_1606,0
unsqueeze_361,0
slice_1607,0
slice_1608,0
expand_201,0
clone_194,0
_unsafe_view_192,0
slice_1609,0
slice_1610,0
unsqueeze_362,0
slice_1611,0
slice_1612,0
expand_202,0
clone_195,0
_unsafe_view_193,0
slice_1616,0
slice_1617,0
slice_1618,0
_scaled_dot_product_flash_attention_for_cpu_136,-227028992
transpose_550,0
view_2409,0
t_916,0
view_2410,0
mm_835,157286400
view_2411,0
add_664,157286400
_to_copy_470,0
pow_232,316145664
mean_231,37784
add_665,32004
rsqrt_231,38592
mul_952,15728640
_to_copy_471,0
mul_953,158072832
t_917,0
view_2412,0
mm_836,550502400
view_2413,0
silu_96,275251200
t_918,0
view_2414,0
mm_837,550502400
view_2415,0
mul_954,275251200
t_919,0
view_2416,0
mm_838,78643200
view_2417,0
add_666,157286400
_to_copy_472,0
pow_233,316145664
mean_232,37784
add_667,32004
rsqrt_232,38592
mul_955,15728640
_to_copy_473,0
mul_956,158072832
t_920,0
view_2418,0
mm_839,157286400
view_2419,0
t_921,0
view_2420,0
mm_840,15728640
view_2421,0
t_922,0
view_2422,0
mm_841,15728640
view_2423,0
view_2424,0
transpose_551,0
view_2425,0
transpose_552,0
view_2426,0
transpose_553,0
unsqueeze_363,0
unsqueeze_364,0
mul_957,125829120
slice_1619,0
slice_1620,0
neg_156,31457280
mul_958,125829120
add_668,62914560
mul_959,15728640
slice_1621,0
slice_1622,0
neg_157,3932160
mul_960,15728640
add_669,7864320
slice_1623,0
slice_1624,0
unsqueeze_365,0
slice_1625,0
slice_1626,0
expand_203,0
clone_196,0
_unsafe_view_194,0
slice_1627,0
slice_1628,0
unsqueeze_366,0
slice_1629,0
slice_1630,0
expand_204,0
clone_197,0
_unsafe_view_195,0
slice_1634,0
slice_1635,0
slice_1636,0
_scaled_dot_product_flash_attention_for_cpu_137,-227028992
transpose_554,0
view_2427,0
t_923,0
view_2428,0
mm_842,157286400
view_2429,0
add_670,157286400
_to_copy_474,0
pow_234,316145664
mean_233,37784
add_671,32004
rsqrt_233,38592
mul_961,15728640
_to_copy_475,0
mul_962,158072832
t_924,0
view_2430,0
mm_843,550502400
view_2431,0
silu_97,275251200
t_925,0
view_2432,0
mm_844,550502400
view_2433,0
mul_963,275251200
t_926,0
view_2434,0
mm_845,78643200
view_2435,0
add_672,157286400
_to_copy_476,0
pow_235,316145664
mean_234,37784
add_673,32004
rsqrt_234,38592
mul_964,15728640
_to_copy_477,0
mul_965,158072832
t_927,0
view_2436,0
mm_846,157286400
view_2437,0
view_2438,0
transpose_555,0
_to_copy_478,0
pow_236,31457280
mean_235,245648
add_674,245096
rsqrt_235,245760
mul_966,31457280
_to_copy_479,0
mul_967,15728640
t_928,0
view_2439,0
mm_847,157384704000
view_2440,0
t_929,0
view_2441,0
mm_848,157384704000
view_2442,0
view_2443,0
transpose_556,0
view_2444,0
transpose_557,0
slice_1637,0
slice_1638,0
unsqueeze_367,0
slice_1639,0
slice_1640,0
expand_205,0
clone_198,0
_unsafe_view_196,0
slice_1641,0
slice_1642,0
unsqueeze_368,0
slice_1643,0
slice_1644,0
expand_206,0
clone_199,0
_unsafe_view_197,0
_to_copy_480,0
pow_237,1259077632000
mean_236,9836539920
add_675,9836472008
rsqrt_236,9836544000
mul_968,1259077632000
_to_copy_481,0
mul_969,629538816000
_scaled_dot_product_flash_attention_for_cpu_138,-331038720
transpose_558,0
view_2445,0
t_930,0
view_2446,0
mm_849,157286400
view_2447,0
tanh_58,36000
mul_970,31457280
add_676,157286400
_to_copy_482,0
pow_238,316145664
mean_237,37784
add_677,32004
rsqrt_237,38592
mul_971,15728640
_to_copy_483,0
mul_972,158072832
t_931,0
view_2448,0
mm_850,550502400
view_2449,0
silu_98,275251200
t_932,0
view_2450,0
mm_851,550502400
view_2451,0
mul_973,275251200
t_933,0
view_2452,0
mm_852,78643200
view_2453,0
slice_1645,0
select_19,0
mul_974,15728640
tanh_59,36000
mul_975,31457280
add_678,157286400
_to_copy_484,0
pow_239,316145664
mean_238,37784
add_679,32004
rsqrt_238,38592
mul_976,15728640
_to_copy_485,0
mul_977,158072832
t_934,0
view_2454,0
mm_853,157286400
view_2455,0
t_935,0
view_2456,0
mm_854,15728640
view_2457,0
t_936,0
view_2458,0
mm_855,15728640
view_2459,0
view_2460,0
transpose_559,0
view_2461,0
transpose_560,0
view_2462,0
transpose_561,0
unsqueeze_369,0
unsqueeze_370,0
mul_978,125829120
slice_1646,0
slice_1647,0
neg_158,31457280
mul_979,125829120
add_680,62914560
mul_980,15728640
slice_1648,0
slice_1649,0
neg_159,3932160
mul_981,15728640
add_681,7864320
slice_1650,0
slice_1651,0
unsqueeze_371,0
slice_1652,0
slice_1653,0
expand_207,0
clone_200,0
_unsafe_view_198,0
slice_1654,0
slice_1655,0
unsqueeze_372,0
slice_1656,0
slice_1657,0
expand_208,0
clone_201,0
_unsafe_view_199,0
slice_1661,0
slice_1662,0
slice_1663,0
_scaled_dot_product_flash_attention_for_cpu_139,-227028992
transpose_562,0
view_2463,0
t_937,0
view_2464,0
mm_856,157286400
view_2465,0
add_682,157286400
_to_copy_486,0
pow_240,316145664
mean_239,37784
add_683,32004
rsqrt_239,38592
mul_982,15728640
_to_copy_487,0
mul_983,158072832
t_938,0
view_2466,0
mm_857,550502400
view_2467,0
silu_99,275251200
t_939,0
view_2468,0
mm_858,550502400
view_2469,0
mul_984,275251200
t_940,0
view_2470,0
mm_859,78643200
view_2471,0
add_684,157286400
_to_copy_488,0
pow_241,316145664
mean_240,37784
add_685,32004
rsqrt_240,38592
mul_985,15728640
_to_copy_489,0
mul_986,158072832
slice_1664,0
slice_1665,0
slice_1666,0
t_941,0
view_2472,0
mm_860,76953600
view_2473,0
_to_copy_490,0
