node_name,cpu-time
view,7.175703330060011
view_1,0.9655599992184094
_to_copy,259.9159766733876
convolution,2240.4903133309467
view_2,3.416736665134449
transpose,8.807899994848121
view_3,3.2800866658499097
embedding,52.10322666508031
view_4,1.1235566754144748
tanh,25.707959944431543
mul,15.683140001239856
add,136.3037433333792
view_5,2.6564133366794462
expand,3.9693480487177446
view_6,1.7163599941513046
tanh_1,25.707959944431543
rsub,22.990650007326114
mul_1,61.877369996172156
view_7,1.6358433310350908
add_1,253.44665666961578
embedding_1,109.18562665913075
view_8,1.3295500015119857
tanh_2,25.707959944431543
mul_2,86.51469999172652
add_2,67.56058333637733
native_layer_norm,182.57207666334887
constant_pad_nd,150.16433999855857
view_9,2.380166660419539
view_10,1.4964999984933336
_to_copy_1,8.520099998618534
repeat,53.53174666400955
slice_1,3.405580831405356
slice_2,3.405580831405356
slice_3,3.405580831405356
slice_4,3.405580831405356
slice_5,3.405580831405356
slice_scatter,30.12779332973189
slice_scatter_1,22.11219666748679
slice_scatter_2,22.11219666748679
rsub_1,20.581986665590666
view_11,1.7955400034810494
transpose_1,3.617656664790411
expand_1,3.882796670826259
view_12,1.2598799997251868
expand_2,3.0915166678035653
view_13,1.1086300000471239
bmm,426.4425566676974
view_14,1.914463330272653
mul_3,382.55865000235605
unsqueeze,6.631623338140732
view_15,2.170310001029211
native_layer_norm_1,166.73872242840042
t,10.102499667129694
view_16,2.281611149007692
mm,2501.46006058324
view_17,5.351447949931846
t_1,10.102499667129694
view_18,2.281611149007692
mm_1,2501.46006058324
view_19,5.351447949931846
t_2,10.102499667129694
view_20,2.281611149007692
mm_2,2501.46006058324
view_21,5.351447949931846
view_22,2.281611149007692
view_23,2.281611149007692
view_24,2.281611149007692
transpose_2,13.981466145730485
transpose_3,13.981466145730485
transpose_4,13.981466145730485
_scaled_dot_product_flash_attention_for_cpu,60042.38307591601
transpose_5,4.130053883449412
view_25,6.89659558344636
t_3,10.102499667129694
view_26,2.281611149007692
mm_3,2501.46006058324
view_27,5.351447949931846
add_3,283.633931542084
native_layer_norm_2,166.73872242840042
view_28,2.281611149007692
t_4,7.592820583082377
addmm,9834.818670000757
view_29,9.01336208318446
gelu,724.4657895826085
view_30,3.4633483339700253
t_5,12.842272665978705
addmm_1,9919.39643449956
view_31,5.351447949931846
add_4,283.633931542084
native_layer_norm_3,166.73872242840042
t_6,10.102499667129694
view_32,2.281611149007692
mm_4,2501.46006058324
view_33,5.351447949931846
t_7,10.102499667129694
view_34,2.281611149007692
mm_5,2501.46006058324
view_35,5.351447949931846
t_8,10.102499667129694
view_36,2.281611149007692
mm_6,2501.46006058324
view_37,5.351447949931846
view_38,2.281611149007692
view_39,2.281611149007692
view_40,2.281611149007692
transpose_6,13.981466145730485
transpose_7,13.981466145730485
transpose_8,13.981466145730485
_scaled_dot_product_flash_attention_for_cpu_1,60042.38307591601
transpose_9,4.130053883449412
view_41,6.89659558344636
t_9,10.102499667129694
view_42,2.281611149007692
mm_7,2501.46006058324
view_43,5.351447949931846
add_5,283.633931542084
native_layer_norm_4,166.73872242840042
view_44,2.281611149007692
t_10,7.592820583082377
addmm_2,9834.818670000757
view_45,9.01336208318446
gelu_1,724.4657895826085
view_46,3.4633483339700253
t_11,12.842272665978705
addmm_3,9919.39643449956
view_47,5.351447949931846
add_6,283.633931542084
native_layer_norm_5,166.73872242840042
t_12,10.102499667129694
view_48,2.281611149007692
mm_8,2501.46006058324
view_49,5.351447949931846
t_13,10.102499667129694
view_50,2.281611149007692
mm_9,2501.46006058324
view_51,5.351447949931846
t_14,10.102499667129694
view_52,2.281611149007692
mm_10,2501.46006058324
view_53,5.351447949931846
view_54,2.281611149007692
view_55,2.281611149007692
view_56,2.281611149007692
transpose_10,13.981466145730485
transpose_11,13.981466145730485
transpose_12,13.981466145730485
_scaled_dot_product_flash_attention_for_cpu_2,60042.38307591601
transpose_13,4.130053883449412
view_57,6.89659558344636
t_15,10.102499667129694
view_58,2.281611149007692
mm_11,2501.46006058324
view_59,5.351447949931846
add_7,283.633931542084
native_layer_norm_6,166.73872242840042
view_60,2.281611149007692
t_16,7.592820583082377
addmm_4,9834.818670000757
view_61,9.01336208318446
gelu_2,724.4657895826085
view_62,3.4633483339700253
t_17,12.842272665978705
addmm_5,9919.39643449956
view_63,5.351447949931846
add_8,283.633931542084
native_layer_norm_7,166.73872242840042
t_18,10.102499667129694
view_64,2.281611149007692
mm_12,2501.46006058324
view_65,5.351447949931846
t_19,10.102499667129694
view_66,2.281611149007692
mm_13,2501.46006058324
view_67,5.351447949931846
t_20,10.102499667129694
view_68,2.281611149007692
mm_14,2501.46006058324
view_69,5.351447949931846
view_70,2.281611149007692
view_71,2.281611149007692
view_72,2.281611149007692
transpose_14,13.981466145730485
transpose_15,13.981466145730485
transpose_16,13.981466145730485
_scaled_dot_product_flash_attention_for_cpu_3,60042.38307591601
transpose_17,4.130053883449412
view_73,6.89659558344636
t_21,10.102499667129694
view_74,2.281611149007692
mm_15,2501.46006058324
view_75,5.351447949931846
add_9,283.633931542084
native_layer_norm_8,166.73872242840042
view_76,2.281611149007692
t_22,7.592820583082377
addmm_6,9834.818670000757
view_77,9.01336208318446
gelu_3,724.4657895826085
view_78,3.4633483339700253
t_23,12.842272665978705
addmm_7,9919.39643449956
view_79,5.351447949931846
add_10,283.633931542084
native_layer_norm_9,166.73872242840042
t_24,10.102499667129694
view_80,2.281611149007692
mm_16,2501.46006058324
view_81,5.351447949931846
t_25,10.102499667129694
view_82,2.281611149007692
mm_17,2501.46006058324
view_83,5.351447949931846
t_26,10.102499667129694
view_84,2.281611149007692
mm_18,2501.46006058324
view_85,5.351447949931846
view_86,2.281611149007692
view_87,2.281611149007692
view_88,2.281611149007692
transpose_18,13.981466145730485
transpose_19,13.981466145730485
transpose_20,13.981466145730485
_scaled_dot_product_flash_attention_for_cpu_4,60042.38307591601
transpose_21,4.130053883449412
view_89,6.89659558344636
t_27,10.102499667129694
view_90,2.281611149007692
mm_19,2501.46006058324
view_91,5.351447949931846
add_11,283.633931542084
native_layer_norm_10,166.73872242840042
view_92,2.281611149007692
t_28,7.592820583082377
addmm_8,9834.818670000757
view_93,9.01336208318446
gelu_4,724.4657895826085
view_94,3.4633483339700253
t_29,12.842272665978705
addmm_9,9919.39643449956
view_95,5.351447949931846
add_12,283.633931542084
native_layer_norm_11,166.73872242840042
t_30,10.102499667129694
view_96,2.281611149007692
mm_20,2501.46006058324
view_97,5.351447949931846
t_31,10.102499667129694
view_98,2.281611149007692
mm_21,2501.46006058324
view_99,5.351447949931846
t_32,10.102499667129694
view_100,2.281611149007692
mm_22,2501.46006058324
view_101,5.351447949931846
view_102,2.281611149007692
view_103,2.281611149007692
view_104,2.281611149007692
transpose_22,13.981466145730485
transpose_23,13.981466145730485
transpose_24,13.981466145730485
_scaled_dot_product_flash_attention_for_cpu_5,60042.38307591601
transpose_25,4.130053883449412
view_105,6.89659558344636
t_33,10.102499667129694
view_106,2.281611149007692
mm_23,2501.46006058324
view_107,5.351447949931846
add_13,283.633931542084
native_layer_norm_12,166.73872242840042
view_108,2.281611149007692
t_34,7.592820583082377
addmm_10,9834.818670000757
view_109,9.01336208318446
gelu_5,724.4657895826085
view_110,3.4633483339700253
t_35,12.842272665978705
addmm_11,9919.39643449956
view_111,5.351447949931846
add_14,283.633931542084
native_layer_norm_13,166.73872242840042
t_36,10.102499667129694
view_112,2.281611149007692
mm_24,2501.46006058324
view_113,5.351447949931846
t_37,10.102499667129694
view_114,2.281611149007692
mm_25,2501.46006058324
view_115,5.351447949931846
t_38,10.102499667129694
view_116,2.281611149007692
mm_26,2501.46006058324
view_117,5.351447949931846
view_118,2.281611149007692
view_119,2.281611149007692
view_120,2.281611149007692
transpose_26,13.981466145730485
transpose_27,13.981466145730485
transpose_28,13.981466145730485
_scaled_dot_product_flash_attention_for_cpu_6,60042.38307591601
transpose_29,4.130053883449412
view_121,6.89659558344636
t_39,10.102499667129694
view_122,2.281611149007692
mm_27,2501.46006058324
view_123,5.351447949931846
add_15,283.633931542084
native_layer_norm_14,166.73872242840042
view_124,2.281611149007692
t_40,7.592820583082377
addmm_12,9834.818670000757
view_125,9.01336208318446
gelu_6,724.4657895826085
view_126,3.4633483339700253
t_41,12.842272665978705
addmm_13,9919.39643449956
view_127,5.351447949931846
add_16,283.633931542084
native_layer_norm_15,166.73872242840042
t_42,10.102499667129694
view_128,2.281611149007692
mm_28,2501.46006058324
view_129,5.351447949931846
t_43,10.102499667129694
view_130,2.281611149007692
mm_29,2501.46006058324
view_131,5.351447949931846
t_44,10.102499667129694
view_132,2.281611149007692
mm_30,2501.46006058324
view_133,5.351447949931846
view_134,2.281611149007692
view_135,2.281611149007692
view_136,2.281611149007692
transpose_30,13.981466145730485
transpose_31,13.981466145730485
transpose_32,13.981466145730485
_scaled_dot_product_flash_attention_for_cpu_7,60042.38307591601
transpose_33,4.130053883449412
view_137,6.89659558344636
t_45,10.102499667129694
view_138,2.281611149007692
mm_31,2501.46006058324
view_139,5.351447949931846
add_17,283.633931542084
native_layer_norm_16,166.73872242840042
view_140,2.281611149007692
t_46,7.592820583082377
addmm_14,9834.818670000757
view_141,9.01336208318446
gelu_7,724.4657895826085
view_142,3.4633483339700253
t_47,12.842272665978705
addmm_15,9919.39643449956
view_143,5.351447949931846
add_18,283.633931542084
native_layer_norm_17,166.73872242840042
t_48,10.102499667129694
view_144,2.281611149007692
mm_32,2501.46006058324
view_145,5.351447949931846
t_49,10.102499667129694
view_146,2.281611149007692
mm_33,2501.46006058324
view_147,5.351447949931846
t_50,10.102499667129694
view_148,2.281611149007692
mm_34,2501.46006058324
view_149,5.351447949931846
view_150,2.281611149007692
view_151,2.281611149007692
view_152,2.281611149007692
transpose_34,13.981466145730485
transpose_35,13.981466145730485
transpose_36,13.981466145730485
_scaled_dot_product_flash_attention_for_cpu_8,60042.38307591601
transpose_37,4.130053883449412
view_153,6.89659558344636
t_51,10.102499667129694
view_154,2.281611149007692
mm_35,2501.46006058324
view_155,5.351447949931846
add_19,283.633931542084
native_layer_norm_18,166.73872242840042
view_156,2.281611149007692
t_52,7.592820583082377
addmm_16,9834.818670000757
view_157,9.01336208318446
gelu_8,724.4657895826085
view_158,3.4633483339700253
t_53,12.842272665978705
addmm_17,9919.39643449956
view_159,5.351447949931846
add_20,283.633931542084
native_layer_norm_19,166.73872242840042
t_54,10.102499667129694
view_160,2.281611149007692
mm_36,2501.46006058324
view_161,5.351447949931846
t_55,10.102499667129694
view_162,2.281611149007692
mm_37,2501.46006058324
view_163,5.351447949931846
t_56,10.102499667129694
view_164,2.281611149007692
mm_38,2501.46006058324
view_165,5.351447949931846
view_166,2.281611149007692
view_167,2.281611149007692
view_168,2.281611149007692
transpose_38,13.981466145730485
transpose_39,13.981466145730485
transpose_40,13.981466145730485
_scaled_dot_product_flash_attention_for_cpu_9,60042.38307591601
transpose_41,4.130053883449412
view_169,6.89659558344636
t_57,10.102499667129694
view_170,2.281611149007692
mm_39,2501.46006058324
view_171,5.351447949931846
add_21,283.633931542084
native_layer_norm_20,166.73872242840042
view_172,2.281611149007692
t_58,7.592820583082377
addmm_18,9834.818670000757
view_173,9.01336208318446
gelu_9,724.4657895826085
view_174,3.4633483339700253
t_59,12.842272665978705
addmm_19,9919.39643449956
view_175,5.351447949931846
add_22,283.633931542084
native_layer_norm_21,166.73872242840042
t_60,10.102499667129694
view_176,2.281611149007692
mm_40,2501.46006058324
view_177,5.351447949931846
t_61,10.102499667129694
view_178,2.281611149007692
mm_41,2501.46006058324
view_179,5.351447949931846
t_62,10.102499667129694
view_180,2.281611149007692
mm_42,2501.46006058324
view_181,5.351447949931846
view_182,2.281611149007692
view_183,2.281611149007692
view_184,2.281611149007692
transpose_42,13.981466145730485
transpose_43,13.981466145730485
transpose_44,13.981466145730485
_scaled_dot_product_flash_attention_for_cpu_10,60042.38307591601
transpose_45,4.130053883449412
view_185,6.89659558344636
t_63,10.102499667129694
view_186,2.281611149007692
mm_43,2501.46006058324
view_187,5.351447949931846
add_23,283.633931542084
native_layer_norm_22,166.73872242840042
view_188,2.281611149007692
t_64,7.592820583082377
addmm_20,9834.818670000757
view_189,9.01336208318446
gelu_10,724.4657895826085
view_190,3.4633483339700253
t_65,12.842272665978705
addmm_21,9919.39643449956
view_191,5.351447949931846
add_24,283.633931542084
native_layer_norm_23,166.73872242840042
t_66,10.102499667129694
view_192,2.281611149007692
mm_44,2501.46006058324
view_193,5.351447949931846
t_67,10.102499667129694
view_194,2.281611149007692
mm_45,2501.46006058324
view_195,5.351447949931846
t_68,10.102499667129694
view_196,2.281611149007692
mm_46,2501.46006058324
view_197,5.351447949931846
view_198,2.281611149007692
view_199,2.281611149007692
view_200,2.281611149007692
transpose_46,13.981466145730485
transpose_47,13.981466145730485
transpose_48,13.981466145730485
_scaled_dot_product_flash_attention_for_cpu_11,60042.38307591601
transpose_49,4.130053883449412
view_201,6.89659558344636
t_69,10.102499667129694
view_202,2.281611149007692
mm_47,2501.46006058324
view_203,5.351447949931846
add_25,283.633931542084
native_layer_norm_24,166.73872242840042
view_204,2.281611149007692
t_70,7.592820583082377
addmm_22,9834.818670000757
view_205,9.01336208318446
gelu_11,724.4657895826085
view_206,3.4633483339700253
t_71,12.842272665978705
addmm_23,9919.39643449956
view_207,5.351447949931846
add_26,283.633931542084
native_layer_norm_25,166.73872242840042
t_72,10.102499667129694
view_208,2.281611149007692
mm_48,2501.46006058324
view_209,5.351447949931846
t_73,10.102499667129694
view_210,2.281611149007692
mm_49,2501.46006058324
view_211,5.351447949931846
t_74,10.102499667129694
view_212,2.281611149007692
mm_50,2501.46006058324
view_213,5.351447949931846
view_214,2.281611149007692
view_215,2.281611149007692
view_216,2.281611149007692
transpose_50,13.981466145730485
transpose_51,13.981466145730485
transpose_52,13.981466145730485
_scaled_dot_product_flash_attention_for_cpu_12,60042.38307591601
transpose_53,4.130053883449412
view_217,6.89659558344636
t_75,10.102499667129694
view_218,2.281611149007692
mm_51,2501.46006058324
view_219,5.351447949931846
add_27,283.633931542084
native_layer_norm_26,166.73872242840042
view_220,2.281611149007692
t_76,7.592820583082377
addmm_24,9834.818670000757
view_221,9.01336208318446
gelu_12,724.4657895826085
view_222,3.4633483339700253
t_77,12.842272665978705
addmm_25,9919.39643449956
view_223,5.351447949931846
add_28,283.633931542084
native_layer_norm_27,166.73872242840042
t_78,10.102499667129694
view_224,2.281611149007692
mm_52,2501.46006058324
view_225,5.351447949931846
t_79,10.102499667129694
view_226,2.281611149007692
mm_53,2501.46006058324
view_227,5.351447949931846
t_80,10.102499667129694
view_228,2.281611149007692
mm_54,2501.46006058324
view_229,5.351447949931846
view_230,2.281611149007692
view_231,2.281611149007692
view_232,2.281611149007692
transpose_54,13.981466145730485
transpose_55,13.981466145730485
transpose_56,13.981466145730485
_scaled_dot_product_flash_attention_for_cpu_13,60042.38307591601
transpose_57,4.130053883449412
view_233,6.89659558344636
t_81,10.102499667129694
view_234,2.281611149007692
mm_55,2501.46006058324
view_235,5.351447949931846
add_29,283.633931542084
native_layer_norm_28,166.73872242840042
view_236,2.281611149007692
t_82,7.592820583082377
addmm_26,9834.818670000757
view_237,9.01336208318446
gelu_13,724.4657895826085
view_238,3.4633483339700253
t_83,12.842272665978705
addmm_27,9919.39643449956
view_239,5.351447949931846
add_30,283.633931542084
native_layer_norm_29,166.73872242840042
t_84,10.102499667129694
view_240,2.281611149007692
mm_56,2501.46006058324
view_241,5.351447949931846
t_85,10.102499667129694
view_242,2.281611149007692
mm_57,2501.46006058324
view_243,5.351447949931846
t_86,10.102499667129694
view_244,2.281611149007692
mm_58,2501.46006058324
view_245,5.351447949931846
view_246,2.281611149007692
view_247,2.281611149007692
view_248,2.281611149007692
transpose_58,13.981466145730485
transpose_59,13.981466145730485
transpose_60,13.981466145730485
_scaled_dot_product_flash_attention_for_cpu_14,60042.38307591601
transpose_61,4.130053883449412
view_249,6.89659558344636
t_87,10.102499667129694
view_250,2.281611149007692
mm_59,2501.46006058324
view_251,5.351447949931846
add_31,283.633931542084
native_layer_norm_30,166.73872242840042
view_252,2.281611149007692
t_88,7.592820583082377
addmm_28,9834.818670000757
view_253,9.01336208318446
gelu_14,724.4657895826085
view_254,3.4633483339700253
t_89,12.842272665978705
addmm_29,9919.39643449956
view_255,5.351447949931846
add_32,283.633931542084
native_layer_norm_31,166.73872242840042
t_90,10.102499667129694
view_256,2.281611149007692
mm_60,2501.46006058324
view_257,5.351447949931846
t_91,10.102499667129694
view_258,2.281611149007692
mm_61,2501.46006058324
view_259,5.351447949931846
t_92,10.102499667129694
view_260,2.281611149007692
mm_62,2501.46006058324
view_261,5.351447949931846
view_262,2.281611149007692
view_263,2.281611149007692
view_264,2.281611149007692
transpose_62,13.981466145730485
transpose_63,13.981466145730485
transpose_64,13.981466145730485
_scaled_dot_product_flash_attention_for_cpu_15,60042.38307591601
transpose_65,4.130053883449412
view_265,6.89659558344636
t_93,10.102499667129694
view_266,2.281611149007692
mm_63,2501.46006058324
view_267,5.351447949931846
add_33,283.633931542084
native_layer_norm_32,166.73872242840042
view_268,2.281611149007692
t_94,7.592820583082377
addmm_30,9834.818670000757
view_269,9.01336208318446
gelu_15,724.4657895826085
view_270,3.4633483339700253
t_95,12.842272665978705
addmm_31,9919.39643449956
view_271,5.351447949931846
add_34,283.633931542084
native_layer_norm_33,166.73872242840042
t_96,10.102499667129694
view_272,2.281611149007692
mm_64,2501.46006058324
view_273,5.351447949931846
t_97,10.102499667129694
view_274,2.281611149007692
mm_65,2501.46006058324
view_275,5.351447949931846
t_98,10.102499667129694
view_276,2.281611149007692
mm_66,2501.46006058324
view_277,5.351447949931846
view_278,2.281611149007692
view_279,2.281611149007692
view_280,2.281611149007692
transpose_66,13.981466145730485
transpose_67,13.981466145730485
transpose_68,13.981466145730485
_scaled_dot_product_flash_attention_for_cpu_16,60042.38307591601
transpose_69,4.130053883449412
view_281,6.89659558344636
t_99,10.102499667129694
view_282,2.281611149007692
mm_67,2501.46006058324
view_283,5.351447949931846
add_35,283.633931542084
native_layer_norm_34,166.73872242840042
view_284,2.281611149007692
t_100,7.592820583082377
addmm_32,9834.818670000757
view_285,9.01336208318446
gelu_16,724.4657895826085
view_286,3.4633483339700253
t_101,12.842272665978705
addmm_33,9919.39643449956
view_287,5.351447949931846
add_36,283.633931542084
native_layer_norm_35,166.73872242840042
t_102,10.102499667129694
view_288,2.281611149007692
mm_68,2501.46006058324
view_289,5.351447949931846
t_103,10.102499667129694
view_290,2.281611149007692
mm_69,2501.46006058324
view_291,5.351447949931846
t_104,10.102499667129694
view_292,2.281611149007692
mm_70,2501.46006058324
view_293,5.351447949931846
view_294,2.281611149007692
view_295,2.281611149007692
view_296,2.281611149007692
transpose_70,13.981466145730485
transpose_71,13.981466145730485
transpose_72,13.981466145730485
_scaled_dot_product_flash_attention_for_cpu_17,60042.38307591601
transpose_73,4.130053883449412
view_297,6.89659558344636
t_105,10.102499667129694
view_298,2.281611149007692
mm_71,2501.46006058324
view_299,5.351447949931846
add_37,283.633931542084
native_layer_norm_36,166.73872242840042
view_300,2.281611149007692
t_106,7.592820583082377
addmm_34,9834.818670000757
view_301,9.01336208318446
gelu_17,724.4657895826085
view_302,3.4633483339700253
t_107,12.842272665978705
addmm_35,9919.39643449956
view_303,5.351447949931846
add_38,283.633931542084
native_layer_norm_37,166.73872242840042
t_108,10.102499667129694
view_304,2.281611149007692
mm_72,2501.46006058324
view_305,5.351447949931846
t_109,10.102499667129694
view_306,2.281611149007692
mm_73,2501.46006058324
view_307,5.351447949931846
t_110,10.102499667129694
view_308,2.281611149007692
mm_74,2501.46006058324
view_309,5.351447949931846
view_310,2.281611149007692
view_311,2.281611149007692
view_312,2.281611149007692
transpose_74,13.981466145730485
transpose_75,13.981466145730485
transpose_76,13.981466145730485
_scaled_dot_product_flash_attention_for_cpu_18,60042.38307591601
transpose_77,4.130053883449412
view_313,6.89659558344636
t_111,10.102499667129694
view_314,2.281611149007692
mm_75,2501.46006058324
view_315,5.351447949931846
add_39,283.633931542084
native_layer_norm_38,166.73872242840042
view_316,2.281611149007692
t_112,7.592820583082377
addmm_36,9834.818670000757
view_317,9.01336208318446
gelu_18,724.4657895826085
view_318,3.4633483339700253
t_113,12.842272665978705
addmm_37,9919.39643449956
view_319,5.351447949931846
add_40,283.633931542084
native_layer_norm_39,166.73872242840042
t_114,10.102499667129694
view_320,2.281611149007692
mm_76,2501.46006058324
view_321,5.351447949931846
t_115,10.102499667129694
view_322,2.281611149007692
mm_77,2501.46006058324
view_323,5.351447949931846
t_116,10.102499667129694
view_324,2.281611149007692
mm_78,2501.46006058324
view_325,5.351447949931846
view_326,2.281611149007692
view_327,2.281611149007692
view_328,2.281611149007692
transpose_78,13.981466145730485
transpose_79,13.981466145730485
transpose_80,13.981466145730485
_scaled_dot_product_flash_attention_for_cpu_19,60042.38307591601
transpose_81,4.130053883449412
view_329,6.89659558344636
t_117,10.102499667129694
view_330,2.281611149007692
mm_79,2501.46006058324
view_331,5.351447949931846
add_41,283.633931542084
native_layer_norm_40,166.73872242840042
view_332,2.281611149007692
t_118,7.592820583082377
addmm_38,9834.818670000757
view_333,9.01336208318446
gelu_19,724.4657895826085
view_334,3.4633483339700253
t_119,12.842272665978705
addmm_39,9919.39643449956
view_335,5.351447949931846
add_42,283.633931542084
native_layer_norm_41,166.73872242840042
t_120,10.102499667129694
view_336,2.281611149007692
mm_80,2501.46006058324
view_337,5.351447949931846
t_121,10.102499667129694
view_338,2.281611149007692
mm_81,2501.46006058324
view_339,5.351447949931846
t_122,10.102499667129694
view_340,2.281611149007692
mm_82,2501.46006058324
view_341,5.351447949931846
view_342,2.281611149007692
view_343,2.281611149007692
view_344,2.281611149007692
transpose_82,13.981466145730485
transpose_83,13.981466145730485
transpose_84,13.981466145730485
_scaled_dot_product_flash_attention_for_cpu_20,60042.38307591601
transpose_85,4.130053883449412
view_345,6.89659558344636
t_123,10.102499667129694
view_346,2.281611149007692
mm_83,2501.46006058324
view_347,5.351447949931846
add_43,283.633931542084
native_layer_norm_42,166.73872242840042
view_348,2.281611149007692
t_124,7.592820583082377
addmm_40,9834.818670000757
view_349,9.01336208318446
gelu_20,724.4657895826085
view_350,3.4633483339700253
t_125,12.842272665978705
addmm_41,9919.39643449956
view_351,5.351447949931846
add_44,283.633931542084
native_layer_norm_43,166.73872242840042
t_126,10.102499667129694
view_352,2.281611149007692
mm_84,2501.46006058324
view_353,5.351447949931846
t_127,10.102499667129694
view_354,2.281611149007692
mm_85,2501.46006058324
view_355,5.351447949931846
t_128,10.102499667129694
view_356,2.281611149007692
mm_86,2501.46006058324
view_357,5.351447949931846
view_358,2.281611149007692
view_359,2.281611149007692
view_360,2.281611149007692
transpose_86,13.981466145730485
transpose_87,13.981466145730485
transpose_88,13.981466145730485
_scaled_dot_product_flash_attention_for_cpu_21,60042.38307591601
transpose_89,4.130053883449412
view_361,6.89659558344636
t_129,10.102499667129694
view_362,2.281611149007692
mm_87,2501.46006058324
view_363,5.351447949931846
add_45,283.633931542084
native_layer_norm_44,166.73872242840042
view_364,2.281611149007692
t_130,7.592820583082377
addmm_42,9834.818670000757
view_365,9.01336208318446
gelu_21,724.4657895826085
view_366,3.4633483339700253
t_131,12.842272665978705
addmm_43,9919.39643449956
view_367,5.351447949931846
add_46,283.633931542084
native_layer_norm_45,166.73872242840042
t_132,10.102499667129694
view_368,2.281611149007692
mm_88,2501.46006058324
view_369,5.351447949931846
t_133,10.102499667129694
view_370,2.281611149007692
mm_89,2501.46006058324
view_371,5.351447949931846
t_134,10.102499667129694
view_372,2.281611149007692
mm_90,2501.46006058324
view_373,5.351447949931846
view_374,2.281611149007692
view_375,2.281611149007692
view_376,2.281611149007692
transpose_90,13.981466145730485
transpose_91,13.981466145730485
transpose_92,13.981466145730485
_scaled_dot_product_flash_attention_for_cpu_22,60042.38307591601
transpose_93,4.130053883449412
view_377,6.89659558344636
t_135,10.102499667129694
view_378,2.281611149007692
mm_91,2501.46006058324
view_379,5.351447949931846
add_47,283.633931542084
native_layer_norm_46,166.73872242840042
view_380,2.281611149007692
t_136,7.592820583082377
addmm_44,9834.818670000757
view_381,9.01336208318446
gelu_22,724.4657895826085
view_382,3.4633483339700253
t_137,12.842272665978705
addmm_45,9919.39643449956
view_383,5.351447949931846
add_48,283.633931542084
native_layer_norm_47,166.73872242840042
t_138,10.102499667129694
view_384,2.281611149007692
mm_92,2501.46006058324
view_385,5.351447949931846
t_139,10.102499667129694
view_386,2.281611149007692
mm_93,2501.46006058324
view_387,5.351447949931846
t_140,10.102499667129694
view_388,2.281611149007692
mm_94,2501.46006058324
view_389,5.351447949931846
view_390,2.281611149007692
view_391,2.281611149007692
view_392,2.281611149007692
transpose_94,13.981466145730485
transpose_95,13.981466145730485
transpose_96,13.981466145730485
_scaled_dot_product_flash_attention_for_cpu_23,60042.38307591601
transpose_97,4.130053883449412
view_393,6.89659558344636
t_141,10.102499667129694
view_394,2.281611149007692
mm_95,2501.46006058324
view_395,5.351447949931846
add_49,283.633931542084
native_layer_norm_48,166.73872242840042
view_396,2.281611149007692
t_142,7.592820583082377
addmm_46,9834.818670000757
view_397,9.01336208318446
gelu_23,724.4657895826085
view_398,3.4633483339700253
t_143,12.842272665978705
addmm_47,9919.39643449956
view_399,5.351447949931846
add_50,283.633931542084
native_layer_norm_49,166.73872242840042
t_144,10.102499667129694
view_400,2.281611149007692
mm_96,2501.46006058324
view_401,5.351447949931846
t_145,10.102499667129694
view_402,2.281611149007692
mm_97,2501.46006058324
view_403,5.351447949931846
t_146,10.102499667129694
view_404,2.281611149007692
mm_98,2501.46006058324
view_405,5.351447949931846
view_406,2.281611149007692
view_407,2.281611149007692
view_408,2.281611149007692
transpose_98,13.981466145730485
transpose_99,13.981466145730485
transpose_100,13.981466145730485
_scaled_dot_product_flash_attention_for_cpu_24,60042.38307591601
transpose_101,4.130053883449412
view_409,6.89659558344636
t_147,10.102499667129694
view_410,2.281611149007692
mm_99,2501.46006058324
view_411,5.351447949931846
add_51,283.633931542084
native_layer_norm_50,166.73872242840042
view_412,2.281611149007692
t_148,7.592820583082377
addmm_48,9834.818670000757
view_413,9.01336208318446
gelu_24,724.4657895826085
view_414,3.4633483339700253
t_149,12.842272665978705
addmm_49,9919.39643449956
view_415,5.351447949931846
add_52,283.633931542084
native_layer_norm_51,166.73872242840042
t_150,10.102499667129694
view_416,2.281611149007692
mm_100,2501.46006058324
view_417,5.351447949931846
t_151,10.102499667129694
view_418,2.281611149007692
mm_101,2501.46006058324
view_419,5.351447949931846
t_152,10.102499667129694
view_420,2.281611149007692
mm_102,2501.46006058324
view_421,5.351447949931846
view_422,2.281611149007692
view_423,2.281611149007692
view_424,2.281611149007692
transpose_102,13.981466145730485
transpose_103,13.981466145730485
transpose_104,13.981466145730485
_scaled_dot_product_flash_attention_for_cpu_25,60042.38307591601
transpose_105,4.130053883449412
view_425,6.89659558344636
t_153,10.102499667129694
view_426,2.281611149007692
mm_103,2501.46006058324
view_427,5.351447949931846
add_53,283.633931542084
native_layer_norm_52,166.73872242840042
view_428,2.281611149007692
t_154,7.592820583082377
addmm_50,9834.818670000757
view_429,9.01336208318446
gelu_25,724.4657895826085
view_430,3.4633483339700253
t_155,12.842272665978705
addmm_51,9919.39643449956
view_431,5.351447949931846
add_54,283.633931542084
native_layer_norm_53,166.73872242840042
t_156,10.102499667129694
view_432,2.281611149007692
mm_104,2501.46006058324
view_433,5.351447949931846
t_157,10.102499667129694
view_434,2.281611149007692
mm_105,2501.46006058324
view_435,5.351447949931846
t_158,10.102499667129694
view_436,2.281611149007692
mm_106,2501.46006058324
view_437,5.351447949931846
view_438,2.281611149007692
view_439,2.281611149007692
view_440,2.281611149007692
transpose_106,13.981466145730485
transpose_107,13.981466145730485
transpose_108,13.981466145730485
_scaled_dot_product_flash_attention_for_cpu_26,60042.38307591601
transpose_109,4.130053883449412
view_441,6.89659558344636
t_159,10.102499667129694
view_442,2.281611149007692
mm_107,2501.46006058324
view_443,5.351447949931846
add_55,283.633931542084
native_layer_norm_54,166.73872242840042
view_444,2.281611149007692
t_160,7.592820583082377
addmm_52,9834.818670000757
view_445,9.01336208318446
gelu_26,724.4657895826085
view_446,3.4633483339700253
t_161,12.842272665978705
addmm_53,9919.39643449956
view_447,5.351447949931846
add_56,283.633931542084
native_layer_norm_55,166.73872242840042
t_162,10.102499667129694
view_448,2.281611149007692
mm_108,2501.46006058324
view_449,5.351447949931846
t_163,10.102499667129694
view_450,2.281611149007692
mm_109,2501.46006058324
view_451,5.351447949931846
t_164,10.102499667129694
view_452,2.281611149007692
mm_110,2501.46006058324
view_453,5.351447949931846
view_454,2.281611149007692
view_455,2.281611149007692
view_456,2.281611149007692
transpose_110,13.981466145730485
transpose_111,13.981466145730485
transpose_112,13.981466145730485
_scaled_dot_product_flash_attention_for_cpu_27,60042.38307591601
transpose_113,4.130053883449412
view_457,6.89659558344636
t_165,10.102499667129694
view_458,2.281611149007692
mm_111,2501.46006058324
view_459,5.351447949931846
add_57,283.633931542084
native_layer_norm_56,166.73872242840042
view_460,2.281611149007692
t_166,7.592820583082377
addmm_54,9834.818670000757
view_461,9.01336208318446
gelu_27,724.4657895826085
view_462,3.4633483339700253
t_167,12.842272665978705
addmm_55,9919.39643449956
view_463,5.351447949931846
add_58,283.633931542084
native_layer_norm_57,166.73872242840042
t_168,10.102499667129694
view_464,2.281611149007692
mm_112,2501.46006058324
view_465,5.351447949931846
t_169,10.102499667129694
view_466,2.281611149007692
mm_113,2501.46006058324
view_467,5.351447949931846
t_170,10.102499667129694
view_468,2.281611149007692
mm_114,2501.46006058324
view_469,5.351447949931846
view_470,2.281611149007692
view_471,2.281611149007692
view_472,2.281611149007692
transpose_114,13.981466145730485
transpose_115,13.981466145730485
transpose_116,13.981466145730485
_scaled_dot_product_flash_attention_for_cpu_28,60042.38307591601
transpose_117,4.130053883449412
view_473,6.89659558344636
t_171,10.102499667129694
view_474,2.281611149007692
mm_115,2501.46006058324
view_475,5.351447949931846
add_59,283.633931542084
native_layer_norm_58,166.73872242840042
view_476,2.281611149007692
t_172,7.592820583082377
addmm_56,9834.818670000757
view_477,9.01336208318446
gelu_28,724.4657895826085
view_478,3.4633483339700253
t_173,12.842272665978705
addmm_57,9919.39643449956
view_479,5.351447949931846
add_60,283.633931542084
native_layer_norm_59,166.73872242840042
t_174,10.102499667129694
view_480,2.281611149007692
mm_116,2501.46006058324
view_481,5.351447949931846
t_175,10.102499667129694
view_482,2.281611149007692
mm_117,2501.46006058324
view_483,5.351447949931846
t_176,10.102499667129694
view_484,2.281611149007692
mm_118,2501.46006058324
view_485,5.351447949931846
view_486,2.281611149007692
view_487,2.281611149007692
view_488,2.281611149007692
transpose_118,13.981466145730485
transpose_119,13.981466145730485
transpose_120,13.981466145730485
_scaled_dot_product_flash_attention_for_cpu_29,60042.38307591601
transpose_121,4.130053883449412
view_489,6.89659558344636
t_177,10.102499667129694
view_490,2.281611149007692
mm_119,2501.46006058324
view_491,5.351447949931846
add_61,283.633931542084
native_layer_norm_60,166.73872242840042
view_492,2.281611149007692
t_178,7.592820583082377
addmm_58,9834.818670000757
view_493,9.01336208318446
gelu_29,724.4657895826085
view_494,3.4633483339700253
t_179,12.842272665978705
addmm_59,9919.39643449956
view_495,5.351447949931846
add_62,283.633931542084
native_layer_norm_61,166.73872242840042
t_180,10.102499667129694
view_496,2.281611149007692
mm_120,2501.46006058324
view_497,5.351447949931846
t_181,10.102499667129694
view_498,2.281611149007692
mm_121,2501.46006058324
view_499,5.351447949931846
t_182,10.102499667129694
view_500,2.281611149007692
mm_122,2501.46006058324
view_501,5.351447949931846
view_502,2.281611149007692
view_503,2.281611149007692
view_504,2.281611149007692
transpose_122,13.981466145730485
transpose_123,13.981466145730485
transpose_124,13.981466145730485
_scaled_dot_product_flash_attention_for_cpu_30,60042.38307591601
transpose_125,4.130053883449412
view_505,6.89659558344636
t_183,10.102499667129694
view_506,2.281611149007692
mm_123,2501.46006058324
view_507,5.351447949931846
add_63,283.633931542084
native_layer_norm_62,166.73872242840042
view_508,2.281611149007692
t_184,7.592820583082377
addmm_60,9834.818670000757
view_509,9.01336208318446
gelu_30,724.4657895826085
view_510,3.4633483339700253
t_185,12.842272665978705
addmm_61,9919.39643449956
view_511,5.351447949931846
add_64,283.633931542084
native_layer_norm_63,166.73872242840042
t_186,10.102499667129694
view_512,2.281611149007692
mm_124,2501.46006058324
view_513,5.351447949931846
t_187,10.102499667129694
view_514,2.281611149007692
mm_125,2501.46006058324
view_515,5.351447949931846
t_188,10.102499667129694
view_516,2.281611149007692
mm_126,2501.46006058324
view_517,5.351447949931846
view_518,2.281611149007692
view_519,2.281611149007692
view_520,2.281611149007692
transpose_126,13.981466145730485
transpose_127,13.981466145730485
transpose_128,13.981466145730485
_scaled_dot_product_flash_attention_for_cpu_31,60042.38307591601
transpose_129,4.130053883449412
view_521,6.89659558344636
t_189,10.102499667129694
view_522,2.281611149007692
mm_127,2501.46006058324
view_523,5.351447949931846
add_65,283.633931542084
native_layer_norm_64,166.73872242840042
view_524,2.281611149007692
t_190,7.592820583082377
addmm_62,9834.818670000757
view_525,9.01336208318446
gelu_31,724.4657895826085
view_526,3.4633483339700253
t_191,12.842272665978705
addmm_63,9919.39643449956
view_527,5.351447949931846
add_66,283.633931542084
native_layer_norm_65,166.73872242840042
view_528,2.281611149007692
embedding_2,52.10322666508031
view_529,1.1235566754144748
tanh_3,25.707959944431543
mul_4,15.683140001239856
add_67,79.1435833257592
view_530,2.170310001029211
native_layer_norm_66,166.73872242840042
t_192,10.102499667129694
view_531,2.281611149007692
mm_128,2501.46006058324
view_532,5.351447949931846
t_193,10.102499667129694
view_533,2.281611149007692
mm_129,2501.46006058324
view_534,5.351447949931846
t_194,10.102499667129694
view_535,2.281611149007692
mm_130,2501.46006058324
view_536,5.351447949931846
view_537,2.281611149007692
view_538,2.281611149007692
view_539,2.281611149007692
transpose_130,13.981466145730485
transpose_131,13.981466145730485
transpose_132,13.981466145730485
_scaled_dot_product_flash_attention_for_cpu_32,60042.38307591601
transpose_133,4.130053883449412
view_540,6.89659558344636
t_195,10.102499667129694
view_541,2.281611149007692
mm_131,2501.46006058324
view_542,5.351447949931846
tanh_4,25.707959944431543
mul_5,263.19438791679335
add_68,283.633931542084
native_layer_norm_67,166.73872242840042
view_543,2.281611149007692
t_196,7.592820583082377
addmm_64,9834.818670000757
view_544,9.01336208318446
gelu_32,724.4657895826085
view_545,3.4633483339700253
t_197,12.842272665978705
addmm_65,9919.39643449956
view_546,5.351447949931846
tanh_5,25.707959944431543
mul_6,263.19438791679335
add_69,283.633931542084
native_layer_norm_68,166.73872242840042
t_198,10.102499667129694
view_547,2.281611149007692
mm_132,2501.46006058324
view_548,5.351447949931846
t_199,10.102499667129694
view_549,2.281611149007692
mm_133,2501.46006058324
view_550,5.351447949931846
t_200,10.102499667129694
view_551,2.281611149007692
mm_134,2501.46006058324
view_552,5.351447949931846
view_553,2.281611149007692
view_554,2.281611149007692
view_555,2.281611149007692
transpose_134,13.981466145730485
transpose_135,13.981466145730485
transpose_136,13.981466145730485
_scaled_dot_product_flash_attention_for_cpu_33,60042.38307591601
transpose_137,4.130053883449412
view_556,6.89659558344636
t_201,10.102499667129694
view_557,2.281611149007692
mm_135,2501.46006058324
view_558,5.351447949931846
tanh_6,25.707959944431543
mul_7,263.19438791679335
add_70,283.633931542084
native_layer_norm_69,166.73872242840042
view_559,2.281611149007692
t_202,7.592820583082377
addmm_66,9834.818670000757
view_560,9.01336208318446
gelu_33,724.4657895826085
view_561,3.4633483339700253
t_203,12.842272665978705
addmm_67,9919.39643449956
view_562,5.351447949931846
tanh_7,25.707959944431543
mul_8,263.19438791679335
add_71,283.633931542084
native_layer_norm_70,166.73872242840042
t_204,10.102499667129694
view_563,2.281611149007692
mm_136,2501.46006058324
view_564,5.351447949931846
t_205,10.102499667129694
view_565,2.281611149007692
mm_137,2501.46006058324
view_566,5.351447949931846
t_206,10.102499667129694
view_567,2.281611149007692
mm_138,2501.46006058324
view_568,5.351447949931846
view_569,2.281611149007692
view_570,2.281611149007692
view_571,2.281611149007692
transpose_138,13.981466145730485
transpose_139,13.981466145730485
transpose_140,13.981466145730485
_scaled_dot_product_flash_attention_for_cpu_34,60042.38307591601
transpose_141,4.130053883449412
view_572,6.89659558344636
t_207,10.102499667129694
view_573,2.281611149007692
mm_139,2501.46006058324
view_574,5.351447949931846
tanh_8,25.707959944431543
mul_9,263.19438791679335
add_72,283.633931542084
native_layer_norm_71,166.73872242840042
view_575,2.281611149007692
t_208,7.592820583082377
addmm_68,9834.818670000757
view_576,9.01336208318446
gelu_34,724.4657895826085
view_577,3.4633483339700253
t_209,12.842272665978705
addmm_69,9919.39643449956
view_578,5.351447949931846
tanh_9,25.707959944431543
mul_10,263.19438791679335
add_73,283.633931542084
native_layer_norm_72,166.73872242840042
t_210,10.102499667129694
view_579,2.281611149007692
mm_140,2501.46006058324
view_580,5.351447949931846
t_211,10.102499667129694
view_581,2.281611149007692
mm_141,2501.46006058324
view_582,5.351447949931846
t_212,10.102499667129694
view_583,2.281611149007692
mm_142,2501.46006058324
view_584,5.351447949931846
view_585,2.281611149007692
view_586,2.281611149007692
view_587,2.281611149007692
transpose_142,13.981466145730485
transpose_143,13.981466145730485
transpose_144,13.981466145730485
_scaled_dot_product_flash_attention_for_cpu_35,60042.38307591601
transpose_145,4.130053883449412
view_588,6.89659558344636
t_213,10.102499667129694
view_589,2.281611149007692
mm_143,2501.46006058324
view_590,5.351447949931846
tanh_10,25.707959944431543
mul_11,263.19438791679335
add_74,283.633931542084
native_layer_norm_73,166.73872242840042
view_591,2.281611149007692
t_214,7.592820583082377
addmm_70,9834.818670000757
view_592,9.01336208318446
gelu_35,724.4657895826085
view_593,3.4633483339700253
t_215,12.842272665978705
addmm_71,9919.39643449956
view_594,5.351447949931846
tanh_11,25.707959944431543
mul_12,263.19438791679335
add_75,283.633931542084
native_layer_norm_74,166.73872242840042
t_216,10.102499667129694
view_595,2.281611149007692
mm_144,2501.46006058324
view_596,5.351447949931846
t_217,10.102499667129694
view_597,2.281611149007692
mm_145,2501.46006058324
view_598,5.351447949931846
t_218,10.102499667129694
view_599,2.281611149007692
mm_146,2501.46006058324
view_600,5.351447949931846
view_601,2.281611149007692
view_602,2.281611149007692
view_603,2.281611149007692
transpose_146,13.981466145730485
transpose_147,13.981466145730485
transpose_148,13.981466145730485
_scaled_dot_product_flash_attention_for_cpu_36,60042.38307591601
transpose_149,4.130053883449412
view_604,6.89659558344636
t_219,10.102499667129694
view_605,2.281611149007692
mm_147,2501.46006058324
view_606,5.351447949931846
tanh_12,25.707959944431543
mul_13,263.19438791679335
add_76,283.633931542084
native_layer_norm_75,166.73872242840042
view_607,2.281611149007692
t_220,7.592820583082377
addmm_72,9834.818670000757
view_608,9.01336208318446
gelu_36,724.4657895826085
view_609,3.4633483339700253
t_221,12.842272665978705
addmm_73,9919.39643449956
view_610,5.351447949931846
tanh_13,25.707959944431543
mul_14,263.19438791679335
add_77,283.633931542084
native_layer_norm_76,166.73872242840042
t_222,10.102499667129694
view_611,2.281611149007692
mm_148,2501.46006058324
view_612,5.351447949931846
t_223,10.102499667129694
view_613,2.281611149007692
mm_149,2501.46006058324
view_614,5.351447949931846
t_224,10.102499667129694
view_615,2.281611149007692
mm_150,2501.46006058324
view_616,5.351447949931846
view_617,2.281611149007692
view_618,2.281611149007692
view_619,2.281611149007692
transpose_150,13.981466145730485
transpose_151,13.981466145730485
transpose_152,13.981466145730485
_scaled_dot_product_flash_attention_for_cpu_37,60042.38307591601
transpose_153,4.130053883449412
view_620,6.89659558344636
t_225,10.102499667129694
view_621,2.281611149007692
mm_151,2501.46006058324
view_622,5.351447949931846
tanh_14,25.707959944431543
mul_15,263.19438791679335
add_78,283.633931542084
native_layer_norm_77,166.73872242840042
view_623,2.281611149007692
t_226,7.592820583082377
addmm_74,9834.818670000757
view_624,9.01336208318446
gelu_37,724.4657895826085
view_625,3.4633483339700253
t_227,12.842272665978705
addmm_75,9919.39643449956
view_626,5.351447949931846
tanh_15,25.707959944431543
mul_16,263.19438791679335
add_79,283.633931542084
native_layer_norm_78,166.73872242840042
t_228,10.102499667129694
view_627,2.281611149007692
mm_152,2501.46006058324
view_628,5.351447949931846
t_229,10.102499667129694
view_629,2.281611149007692
mm_153,2501.46006058324
view_630,5.351447949931846
t_230,10.102499667129694
view_631,2.281611149007692
mm_154,2501.46006058324
view_632,5.351447949931846
view_633,2.281611149007692
view_634,2.281611149007692
view_635,2.281611149007692
transpose_154,13.981466145730485
transpose_155,13.981466145730485
transpose_156,13.981466145730485
_scaled_dot_product_flash_attention_for_cpu_38,60042.38307591601
transpose_157,4.130053883449412
view_636,6.89659558344636
t_231,10.102499667129694
view_637,2.281611149007692
mm_155,2501.46006058324
view_638,5.351447949931846
tanh_16,25.707959944431543
mul_17,263.19438791679335
add_80,283.633931542084
native_layer_norm_79,166.73872242840042
view_639,2.281611149007692
t_232,7.592820583082377
addmm_76,9834.818670000757
view_640,9.01336208318446
gelu_38,724.4657895826085
view_641,3.4633483339700253
t_233,12.842272665978705
addmm_77,9919.39643449956
view_642,5.351447949931846
tanh_17,25.707959944431543
mul_18,263.19438791679335
add_81,283.633931542084
native_layer_norm_80,166.73872242840042
t_234,10.102499667129694
view_643,2.281611149007692
mm_156,2501.46006058324
view_644,5.351447949931846
t_235,10.102499667129694
view_645,2.281611149007692
mm_157,2501.46006058324
view_646,5.351447949931846
t_236,10.102499667129694
view_647,2.281611149007692
mm_158,2501.46006058324
view_648,5.351447949931846
view_649,2.281611149007692
view_650,2.281611149007692
view_651,2.281611149007692
transpose_158,13.981466145730485
transpose_159,13.981466145730485
transpose_160,13.981466145730485
_scaled_dot_product_flash_attention_for_cpu_39,60042.38307591601
transpose_161,4.130053883449412
view_652,6.89659558344636
t_237,10.102499667129694
view_653,2.281611149007692
mm_159,2501.46006058324
view_654,5.351447949931846
tanh_18,25.707959944431543
mul_19,263.19438791679335
add_82,283.633931542084
native_layer_norm_81,166.73872242840042
view_655,2.281611149007692
t_238,7.592820583082377
addmm_78,9834.818670000757
view_656,9.01336208318446
gelu_39,724.4657895826085
view_657,3.4633483339700253
t_239,12.842272665978705
addmm_79,9919.39643449956
view_658,5.351447949931846
tanh_19,25.707959944431543
mul_20,263.19438791679335
add_83,283.633931542084
view_659,2.281611149007692
slice_9,6.541936668244719
slice_10,6.541936668244719
slice_11,6.541936668244719
view_660,2.8283066620118915
view_661,2.0829266703656564
slice_12,4.108970002078761
slice_13,4.108970002078761
slice_14,4.108970002078761
view_662,1.597093334235251
view_663,1.6542233362731835
t_240,14.415886667482555
addmm_80,99715.35880333868
view_664,24.420509999118124
view_665,37.263353326988096
unsqueeze_1,13.823999948489169
expand_3,9.83166668160508
clone,106.8583333529532
view_666,2.67366663304468
view_667,1.228333397457997
unsqueeze_2,3.4723333502188325
rsub_2,105.58299998845905
_to_copy_2,42.407444456902645
_to_copy_3,42.407444456902645
masked_fill,78.44833333355685
ne,59.63000001665205
any_1,49.197666679508984
_to_copy_4,6.132833348431935
unsqueeze_3,5.206333321519196
mul_21,29.307666649110615
slice_17,6.407999947511901
slice_18,6.407999947511901
slice_19,32.96239395174339
slice_20,32.96239395174339
embedding_3,68.8540000077337
full,171.02768528849637
triu,24.717666657020647
arange,16.934196665640922
view_668,1.213999966159463
gt,7.7183333632225795
mul_22,12.365333400666714
unsqueeze_6,3.0710000175361833
unsqueeze_7,2.9113333243876696
slice_23,3.625707029528712
slice_24,3.625707029528712
expand_5,2.6551687301983558
clone_1,6.464833310184379
slice_25,3.625707029528712
slice_26,3.625707029528712
slice_27,3.625707029528712
slice_28,2.785833308007568
unsqueeze_8,2.540666659207394
unsqueeze_9,5.206333321519196
slice_29,2.6540000159293413
add_84,15.540333354224762
eq,13.180333327812454
slice_30,3.625707029528712
slice_31,3.625707029528712
slice_32,3.625707029528712
masked_fill_1,11.303666657147309
slice_33,3.625707029528712
slice_34,3.625707029528712
slice_35,3.625707029528712
copy,14.478666642370323
slice_36,3.625707029528712
slice_37,3.625707029528712
slice_scatter_3,15.333222210821178
slice_scatter_4,15.333222210821178
slice_scatter_5,15.333222210821178
unsqueeze_10,2.8560933324166884
slice_41,2.8201257882862345
unsqueeze_11,2.646330066600486
expand_6,3.3163466648648803
slice_42,2.785833308007568
unsqueeze_12,2.540666659207394
slice_43,2.9776666642477116
_to_copy_5,6.132833348431935
expand_7,3.3163466648648803
view_669,1.6363299914201102
expand_8,3.2886666717628636
view_670,0.9746666594098011
bmm_1,20.874999954054754
view_671,1.8730000359937549
transpose_162,5.648333320704599
cos,17.80699997767806
sin,13.82766665952901
mul_23,12.151500045166662
mul_24,12.151500045166662
_to_copy_6,6.29266664525494
_to_copy_7,6.29266664525494
_to_copy_8,44.16985489295527
pow_1,43.33180431653722
mean,68.79993531911805
add_85,12.185689886228783
rsqrt,4.748243782246118
mul_25,61.68558335488972
_to_copy_9,44.16985489295527
mul_26,39.78191376306042
t_241,10.750924383797496
view_672,2.2068267689255827
mm_160,719.0733316652554
view_673,2.656543744362866
t_242,12.37918195005528
view_674,2.2068267689255827
mm_161,279.56115416727846
view_675,1.506858328372861
t_243,12.37918195005528
view_676,2.2068267689255827
mm_162,279.56115416727846
view_677,1.506858328372861
view_678,2.2068267689255827
transpose_163,6.826266668530492
view_679,1.8475583368175041
transpose_164,2.90094166676087
view_680,1.8475583368175041
transpose_165,2.90094166676087
unsqueeze_13,4.835810416387782
unsqueeze_14,4.835810416387782
mul_27,51.0362562492451
slice_44,5.1783937534297975
slice_45,5.1783937534297975
neg,33.15887083248235
mul_28,51.0362562492451
add_86,41.60751666310632
mul_29,10.267558335708843
slice_46,3.7261447892849295
slice_47,3.7261447892849295
neg_1,7.4644458359456625
mul_30,10.267558335708843
add_87,9.72212916703041
slice_48,3.7261447892849295
slice_49,3.7261447892849295
unsqueeze_15,2.9612062563110766
slice_50,3.320731253917135
slice_51,3.320731253917135
expand_9,5.464814582232308
clone_2,44.73909166993496
_unsafe_view,2.1629020777511565
slice_52,3.7261447892849295
slice_53,3.7261447892849295
unsqueeze_16,2.9612062563110766
slice_54,3.320731253917135
slice_55,3.320731253917135
expand_10,5.464814582232308
clone_3,44.73909166993496
_unsafe_view_1,2.1629020777511565
slice_59,3.625707029528712
slice_60,3.625707029528712
slice_61,3.625707029528712
_scaled_dot_product_flash_attention_for_cpu_40,133.43402916161187
transpose_166,3.5355985527345237
view_681,2.2484433323207003
t_244,10.750924383797496
view_682,2.2068267689255827
mm_163,719.0733316652554
view_683,2.656543744362866
add_88,72.46531333356785
_to_copy_10,44.16985489295527
pow_2,43.33180431653722
mean_1,68.79993531911805
add_89,12.185689886228783
rsqrt_1,4.748243782246118
mul_31,61.68558335488972
_to_copy_11,44.16985489295527
mul_32,39.78191376306042
t_245,14.31318720028669
view_684,2.2068267689255827
mm_164,1953.7946616700058
view_685,3.9753749975251655
silu,75.53168666604907
t_246,14.31318720028669
view_686,2.2068267689255827
mm_165,1953.7946616700058
view_687,3.9753749975251655
mul_33,67.96671999198074
t_247,16.561137600820793
view_688,1.335706665084387
mm_166,2124.797520003365
view_689,2.656543744362866
add_90,72.46531333356785
_to_copy_12,44.16985489295527
pow_3,43.33180431653722
mean_2,68.79993531911805
add_91,12.185689886228783
rsqrt_2,4.748243782246118
mul_34,61.68558335488972
_to_copy_13,44.16985489295527
mul_35,39.78191376306042
t_248,10.750924383797496
view_690,2.2068267689255827
mm_167,719.0733316652554
view_691,2.656543744362866
t_249,12.37918195005528
view_692,2.2068267689255827
mm_168,279.56115416727846
view_693,1.506858328372861
t_250,12.37918195005528
view_694,2.2068267689255827
mm_169,279.56115416727846
view_695,1.506858328372861
view_696,2.2068267689255827
transpose_167,6.826266668530492
view_697,1.8475583368175041
transpose_168,2.90094166676087
view_698,1.8475583368175041
transpose_169,2.90094166676087
unsqueeze_17,4.835810416387782
unsqueeze_18,4.835810416387782
mul_36,51.0362562492451
slice_62,5.1783937534297975
slice_63,5.1783937534297975
neg_2,33.15887083248235
mul_37,51.0362562492451
add_92,41.60751666310632
mul_38,10.267558335708843
slice_64,3.7261447892849295
slice_65,3.7261447892849295
neg_3,7.4644458359456625
mul_39,10.267558335708843
add_93,9.72212916703041
slice_66,3.7261447892849295
slice_67,3.7261447892849295
unsqueeze_19,2.9612062563110766
slice_68,3.320731253917135
slice_69,3.320731253917135
expand_11,5.464814582232308
clone_4,44.73909166993496
_unsafe_view_2,2.1629020777511565
slice_70,3.7261447892849295
slice_71,3.7261447892849295
unsqueeze_20,2.9612062563110766
slice_72,3.320731253917135
slice_73,3.320731253917135
expand_12,5.464814582232308
clone_5,44.73909166993496
_unsafe_view_3,2.1629020777511565
slice_77,3.625707029528712
slice_78,3.625707029528712
slice_79,3.625707029528712
_scaled_dot_product_flash_attention_for_cpu_41,133.43402916161187
transpose_170,3.5355985527345237
view_699,2.2484433323207003
t_251,10.750924383797496
view_700,2.2068267689255827
mm_170,719.0733316652554
view_701,2.656543744362866
add_94,72.46531333356785
_to_copy_14,44.16985489295527
pow_4,43.33180431653722
mean_3,68.79993531911805
add_95,12.185689886228783
rsqrt_3,4.748243782246118
mul_40,61.68558335488972
_to_copy_15,44.16985489295527
mul_41,39.78191376306042
t_252,14.31318720028669
view_702,2.2068267689255827
mm_171,1953.7946616700058
view_703,3.9753749975251655
silu_1,75.53168666604907
t_253,14.31318720028669
view_704,2.2068267689255827
mm_172,1953.7946616700058
view_705,3.9753749975251655
mul_42,67.96671999198074
t_254,16.561137600820793
view_706,1.335706665084387
mm_173,2124.797520003365
view_707,2.656543744362866
add_96,72.46531333356785
_to_copy_16,44.16985489295527
pow_5,43.33180431653722
mean_4,68.79993531911805
add_97,12.185689886228783
rsqrt_4,4.748243782246118
mul_43,61.68558335488972
_to_copy_17,44.16985489295527
mul_44,39.78191376306042
t_255,10.750924383797496
view_708,2.2068267689255827
mm_174,719.0733316652554
view_709,2.656543744362866
t_256,12.37918195005528
view_710,2.2068267689255827
mm_175,279.56115416727846
view_711,1.506858328372861
t_257,12.37918195005528
view_712,2.2068267689255827
mm_176,279.56115416727846
view_713,1.506858328372861
view_714,2.2068267689255827
transpose_171,6.826266668530492
view_715,1.8475583368175041
transpose_172,2.90094166676087
view_716,1.8475583368175041
transpose_173,2.90094166676087
unsqueeze_21,4.835810416387782
unsqueeze_22,4.835810416387782
mul_45,51.0362562492451
slice_80,5.1783937534297975
slice_81,5.1783937534297975
neg_4,33.15887083248235
mul_46,51.0362562492451
add_98,41.60751666310632
mul_47,10.267558335708843
slice_82,3.7261447892849295
slice_83,3.7261447892849295
neg_5,7.4644458359456625
mul_48,10.267558335708843
add_99,9.72212916703041
slice_84,3.7261447892849295
slice_85,3.7261447892849295
unsqueeze_23,2.9612062563110766
slice_86,3.320731253917135
slice_87,3.320731253917135
expand_13,5.464814582232308
clone_6,44.73909166993496
_unsafe_view_4,2.1629020777511565
slice_88,3.7261447892849295
slice_89,3.7261447892849295
unsqueeze_24,2.9612062563110766
slice_90,3.320731253917135
slice_91,3.320731253917135
expand_14,5.464814582232308
clone_7,44.73909166993496
_unsafe_view_5,2.1629020777511565
slice_95,3.625707029528712
slice_96,3.625707029528712
slice_97,3.625707029528712
_scaled_dot_product_flash_attention_for_cpu_42,133.43402916161187
transpose_174,3.5355985527345237
view_717,2.2484433323207003
t_258,10.750924383797496
view_718,2.2068267689255827
mm_177,719.0733316652554
view_719,2.656543744362866
add_100,72.46531333356785
_to_copy_18,44.16985489295527
pow_6,43.33180431653722
mean_5,68.79993531911805
add_101,12.185689886228783
rsqrt_5,4.748243782246118
mul_49,61.68558335488972
_to_copy_19,44.16985489295527
mul_50,39.78191376306042
t_259,14.31318720028669
view_720,2.2068267689255827
mm_178,1953.7946616700058
view_721,3.9753749975251655
silu_2,75.53168666604907
t_260,14.31318720028669
view_722,2.2068267689255827
mm_179,1953.7946616700058
view_723,3.9753749975251655
mul_51,67.96671999198074
t_261,16.561137600820793
view_724,1.335706665084387
mm_180,2124.797520003365
view_725,2.656543744362866
add_102,72.46531333356785
_to_copy_20,44.16985489295527
pow_7,43.33180431653722
mean_6,68.79993531911805
add_103,12.185689886228783
rsqrt_6,4.748243782246118
mul_52,61.68558335488972
_to_copy_21,44.16985489295527
mul_53,39.78191376306042
t_262,10.750924383797496
view_726,2.2068267689255827
mm_181,719.0733316652554
view_727,2.656543744362866
view_728,2.2068267689255827
transpose_175,6.826266668530492
_to_copy_22,40.80726667444687
pow_8,31.77725000027567
mean_7,66.97986665094892
add_104,12.308300004775326
rsqrt_7,6.009433334584658
mul_54,87.55960000717702
_to_copy_23,40.80726667444687
mul_55,48.82248333532674
t_263,12.37918195005528
view_729,2.787169833315459
mm_182,13154.641642499193
view_730,9.979323416914092
t_264,12.37918195005528
view_731,2.787169833315459
mm_183,13154.641642499193
view_732,9.979323416914092
view_733,8.347300917294653
transpose_176,6.222309333096181
view_734,8.347300917294653
transpose_177,6.222309333096181
slice_98,6.9279381247859755
slice_99,6.9279381247859755
unsqueeze_25,5.384175666665115
slice_100,3.509070708462464
slice_101,3.509070708462464
expand_15,5.936071667890297
clone_8,830.2875260820215
_unsafe_view_6,3.6639733324536743
slice_102,6.9279381247859755
slice_103,6.9279381247859755
unsqueeze_26,5.384175666665115
slice_104,3.509070708462464
slice_105,3.509070708462464
expand_16,5.936071667890297
clone_9,830.2875260820215
_unsafe_view_7,3.6639733324536743
_to_copy_24,1018.4411474996876
pow_9,1511.8400809998798
mean_8,525.2745238322847
add_105,76.74884933327263
rsqrt_8,44.12972749963527
mul_56,571.046251997958
_to_copy_25,1018.4411474996876
mul_57,1067.1315491652429
_scaled_dot_product_flash_attention_for_cpu_43,2056.2414499997317
transpose_178,3.5355985527345237
view_735,2.2484433323207003
t_265,10.750924383797496
view_736,2.2068267689255827
mm_184,719.0733316652554
view_737,2.656543744362866
tanh_20,25.707959944431543
mul_58,49.143500012531874
add_106,72.46531333356785
_to_copy_26,44.16985489295527
pow_10,43.33180431653722
mean_9,68.79993531911805
add_107,12.185689886228783
rsqrt_9,4.748243782246118
mul_59,61.68558335488972
_to_copy_27,44.16985489295527
mul_60,39.78191376306042
t_266,14.31318720028669
view_738,2.2068267689255827
mm_185,1953.7946616700058
view_739,3.9753749975251655
silu_3,75.53168666604907
t_267,14.31318720028669
view_740,2.2068267689255827
mm_186,1953.7946616700058
view_741,3.9753749975251655
mul_61,67.96671999198074
t_268,16.561137600820793
view_742,1.335706665084387
mm_187,2124.797520003365
view_743,2.656543744362866
slice_106,32.96239395174339
select,13.552850003835434
mul_62,61.68558335488972
tanh_21,25.707959944431543
mul_63,49.143500012531874
add_108,72.46531333356785
_to_copy_28,44.16985489295527
pow_11,43.33180431653722
mean_10,68.79993531911805
add_109,12.185689886228783
rsqrt_10,4.748243782246118
mul_64,61.68558335488972
_to_copy_29,44.16985489295527
mul_65,39.78191376306042
t_269,10.750924383797496
view_744,2.2068267689255827
mm_188,719.0733316652554
view_745,2.656543744362866
t_270,12.37918195005528
view_746,2.2068267689255827
mm_189,279.56115416727846
view_747,1.506858328372861
t_271,12.37918195005528
view_748,2.2068267689255827
mm_190,279.56115416727846
view_749,1.506858328372861
view_750,2.2068267689255827
transpose_179,6.826266668530492
view_751,1.8475583368175041
transpose_180,2.90094166676087
view_752,1.8475583368175041
transpose_181,2.90094166676087
unsqueeze_27,4.835810416387782
unsqueeze_28,4.835810416387782
mul_66,51.0362562492451
slice_107,5.1783937534297975
slice_108,5.1783937534297975
neg_6,33.15887083248235
mul_67,51.0362562492451
add_110,41.60751666310632
mul_68,10.267558335708843
slice_109,3.7261447892849295
slice_110,3.7261447892849295
neg_7,7.4644458359456625
mul_69,10.267558335708843
add_111,9.72212916703041
slice_111,3.7261447892849295
slice_112,3.7261447892849295
unsqueeze_29,2.9612062563110766
slice_113,3.320731253917135
slice_114,3.320731253917135
expand_17,5.464814582232308
clone_10,44.73909166993496
_unsafe_view_8,2.1629020777511565
slice_115,3.7261447892849295
slice_116,3.7261447892849295
unsqueeze_30,2.9612062563110766
slice_117,3.320731253917135
slice_118,3.320731253917135
expand_18,5.464814582232308
clone_11,44.73909166993496
_unsafe_view_9,2.1629020777511565
slice_122,3.625707029528712
slice_123,3.625707029528712
slice_124,3.625707029528712
_scaled_dot_product_flash_attention_for_cpu_44,133.43402916161187
transpose_182,3.5355985527345237
view_753,2.2484433323207003
t_272,10.750924383797496
view_754,2.2068267689255827
mm_191,719.0733316652554
view_755,2.656543744362866
add_112,72.46531333356785
_to_copy_30,44.16985489295527
pow_12,43.33180431653722
mean_11,68.79993531911805
add_113,12.185689886228783
rsqrt_11,4.748243782246118
mul_70,61.68558335488972
_to_copy_31,44.16985489295527
mul_71,39.78191376306042
t_273,14.31318720028669
view_756,2.2068267689255827
mm_192,1953.7946616700058
view_757,3.9753749975251655
silu_4,75.53168666604907
t_274,14.31318720028669
view_758,2.2068267689255827
mm_193,1953.7946616700058
view_759,3.9753749975251655
mul_72,67.96671999198074
t_275,16.561137600820793
view_760,1.335706665084387
mm_194,2124.797520003365
view_761,2.656543744362866
add_114,72.46531333356785
_to_copy_32,44.16985489295527
pow_13,43.33180431653722
mean_12,68.79993531911805
add_115,12.185689886228783
rsqrt_12,4.748243782246118
mul_73,61.68558335488972
_to_copy_33,44.16985489295527
mul_74,39.78191376306042
t_276,10.750924383797496
view_762,2.2068267689255827
mm_195,719.0733316652554
view_763,2.656543744362866
t_277,12.37918195005528
view_764,2.2068267689255827
mm_196,279.56115416727846
view_765,1.506858328372861
t_278,12.37918195005528
view_766,2.2068267689255827
mm_197,279.56115416727846
view_767,1.506858328372861
view_768,2.2068267689255827
transpose_183,6.826266668530492
view_769,1.8475583368175041
transpose_184,2.90094166676087
view_770,1.8475583368175041
transpose_185,2.90094166676087
unsqueeze_31,4.835810416387782
unsqueeze_32,4.835810416387782
mul_75,51.0362562492451
slice_125,5.1783937534297975
slice_126,5.1783937534297975
neg_8,33.15887083248235
mul_76,51.0362562492451
add_116,41.60751666310632
mul_77,10.267558335708843
slice_127,3.7261447892849295
slice_128,3.7261447892849295
neg_9,7.4644458359456625
mul_78,10.267558335708843
add_117,9.72212916703041
slice_129,3.7261447892849295
slice_130,3.7261447892849295
unsqueeze_33,2.9612062563110766
slice_131,3.320731253917135
slice_132,3.320731253917135
expand_19,5.464814582232308
clone_12,44.73909166993496
_unsafe_view_10,2.1629020777511565
slice_133,3.7261447892849295
slice_134,3.7261447892849295
unsqueeze_34,2.9612062563110766
slice_135,3.320731253917135
slice_136,3.320731253917135
expand_20,5.464814582232308
clone_13,44.73909166993496
_unsafe_view_11,2.1629020777511565
slice_140,3.625707029528712
slice_141,3.625707029528712
slice_142,3.625707029528712
_scaled_dot_product_flash_attention_for_cpu_45,133.43402916161187
transpose_186,3.5355985527345237
view_771,2.2484433323207003
t_279,10.750924383797496
view_772,2.2068267689255827
mm_198,719.0733316652554
view_773,2.656543744362866
add_118,72.46531333356785
_to_copy_34,44.16985489295527
pow_14,43.33180431653722
mean_13,68.79993531911805
add_119,12.185689886228783
rsqrt_13,4.748243782246118
mul_79,61.68558335488972
_to_copy_35,44.16985489295527
mul_80,39.78191376306042
t_280,14.31318720028669
view_774,2.2068267689255827
mm_199,1953.7946616700058
view_775,3.9753749975251655
silu_5,75.53168666604907
t_281,14.31318720028669
view_776,2.2068267689255827
mm_200,1953.7946616700058
view_777,3.9753749975251655
mul_81,67.96671999198074
t_282,16.561137600820793
view_778,1.335706665084387
mm_201,2124.797520003365
view_779,2.656543744362866
add_120,72.46531333356785
_to_copy_36,44.16985489295527
pow_15,43.33180431653722
mean_14,68.79993531911805
add_121,12.185689886228783
rsqrt_14,4.748243782246118
mul_82,61.68558335488972
_to_copy_37,44.16985489295527
mul_83,39.78191376306042
t_283,10.750924383797496
view_780,2.2068267689255827
mm_202,719.0733316652554
view_781,2.656543744362866
t_284,12.37918195005528
view_782,2.2068267689255827
mm_203,279.56115416727846
view_783,1.506858328372861
t_285,12.37918195005528
view_784,2.2068267689255827
mm_204,279.56115416727846
view_785,1.506858328372861
view_786,2.2068267689255827
transpose_187,6.826266668530492
view_787,1.8475583368175041
transpose_188,2.90094166676087
view_788,1.8475583368175041
transpose_189,2.90094166676087
unsqueeze_35,4.835810416387782
unsqueeze_36,4.835810416387782
mul_84,51.0362562492451
slice_143,5.1783937534297975
slice_144,5.1783937534297975
neg_10,33.15887083248235
mul_85,51.0362562492451
add_122,41.60751666310632
mul_86,10.267558335708843
slice_145,3.7261447892849295
slice_146,3.7261447892849295
neg_11,7.4644458359456625
mul_87,10.267558335708843
add_123,9.72212916703041
slice_147,3.7261447892849295
slice_148,3.7261447892849295
unsqueeze_37,2.9612062563110766
slice_149,3.320731253917135
slice_150,3.320731253917135
expand_21,5.464814582232308
clone_14,44.73909166993496
_unsafe_view_12,2.1629020777511565
slice_151,3.7261447892849295
slice_152,3.7261447892849295
unsqueeze_38,2.9612062563110766
slice_153,3.320731253917135
slice_154,3.320731253917135
expand_22,5.464814582232308
clone_15,44.73909166993496
_unsafe_view_13,2.1629020777511565
slice_158,3.625707029528712
slice_159,3.625707029528712
slice_160,3.625707029528712
_scaled_dot_product_flash_attention_for_cpu_46,133.43402916161187
transpose_190,3.5355985527345237
view_789,2.2484433323207003
t_286,10.750924383797496
view_790,2.2068267689255827
mm_205,719.0733316652554
view_791,2.656543744362866
add_124,72.46531333356785
_to_copy_38,44.16985489295527
pow_16,43.33180431653722
mean_15,68.79993531911805
add_125,12.185689886228783
rsqrt_15,4.748243782246118
mul_88,61.68558335488972
_to_copy_39,44.16985489295527
mul_89,39.78191376306042
t_287,14.31318720028669
view_792,2.2068267689255827
mm_206,1953.7946616700058
view_793,3.9753749975251655
silu_6,75.53168666604907
t_288,14.31318720028669
view_794,2.2068267689255827
mm_207,1953.7946616700058
view_795,3.9753749975251655
mul_90,67.96671999198074
t_289,16.561137600820793
view_796,1.335706665084387
mm_208,2124.797520003365
view_797,2.656543744362866
add_126,72.46531333356785
_to_copy_40,44.16985489295527
pow_17,43.33180431653722
mean_16,68.79993531911805
add_127,12.185689886228783
rsqrt_16,4.748243782246118
mul_91,61.68558335488972
_to_copy_41,44.16985489295527
mul_92,39.78191376306042
t_290,10.750924383797496
view_798,2.2068267689255827
mm_209,719.0733316652554
view_799,2.656543744362866
t_291,12.37918195005528
view_800,2.2068267689255827
mm_210,279.56115416727846
view_801,1.506858328372861
t_292,12.37918195005528
view_802,2.2068267689255827
mm_211,279.56115416727846
view_803,1.506858328372861
view_804,2.2068267689255827
transpose_191,6.826266668530492
view_805,1.8475583368175041
transpose_192,2.90094166676087
view_806,1.8475583368175041
transpose_193,2.90094166676087
unsqueeze_39,4.835810416387782
unsqueeze_40,4.835810416387782
mul_93,51.0362562492451
slice_161,5.1783937534297975
slice_162,5.1783937534297975
neg_12,33.15887083248235
mul_94,51.0362562492451
add_128,41.60751666310632
mul_95,10.267558335708843
slice_163,3.7261447892849295
slice_164,3.7261447892849295
neg_13,7.4644458359456625
mul_96,10.267558335708843
add_129,9.72212916703041
slice_165,3.7261447892849295
slice_166,3.7261447892849295
unsqueeze_41,2.9612062563110766
slice_167,3.320731253917135
slice_168,3.320731253917135
expand_23,5.464814582232308
clone_16,44.73909166993496
_unsafe_view_14,2.1629020777511565
slice_169,3.7261447892849295
slice_170,3.7261447892849295
unsqueeze_42,2.9612062563110766
slice_171,3.320731253917135
slice_172,3.320731253917135
expand_24,5.464814582232308
clone_17,44.73909166993496
_unsafe_view_15,2.1629020777511565
slice_176,3.625707029528712
slice_177,3.625707029528712
slice_178,3.625707029528712
_scaled_dot_product_flash_attention_for_cpu_47,133.43402916161187
transpose_194,3.5355985527345237
view_807,2.2484433323207003
t_293,10.750924383797496
view_808,2.2068267689255827
mm_212,719.0733316652554
view_809,2.656543744362866
add_130,72.46531333356785
_to_copy_42,44.16985489295527
pow_18,43.33180431653722
mean_17,68.79993531911805
add_131,12.185689886228783
rsqrt_17,4.748243782246118
mul_97,61.68558335488972
_to_copy_43,44.16985489295527
mul_98,39.78191376306042
t_294,14.31318720028669
view_810,2.2068267689255827
mm_213,1953.7946616700058
view_811,3.9753749975251655
silu_7,75.53168666604907
t_295,14.31318720028669
view_812,2.2068267689255827
mm_214,1953.7946616700058
view_813,3.9753749975251655
mul_99,67.96671999198074
t_296,16.561137600820793
view_814,1.335706665084387
mm_215,2124.797520003365
view_815,2.656543744362866
add_132,72.46531333356785
_to_copy_44,44.16985489295527
pow_19,43.33180431653722
mean_18,68.79993531911805
add_133,12.185689886228783
rsqrt_18,4.748243782246118
mul_100,61.68558335488972
_to_copy_45,44.16985489295527
mul_101,39.78191376306042
t_297,10.750924383797496
view_816,2.2068267689255827
mm_216,719.0733316652554
view_817,2.656543744362866
view_818,2.2068267689255827
transpose_195,6.826266668530492
_to_copy_46,40.80726667444687
pow_20,31.77725000027567
mean_19,66.97986665094892
add_134,12.308300004775326
rsqrt_19,6.009433334584658
mul_102,87.55960000717702
_to_copy_47,40.80726667444687
mul_103,48.82248333532674
t_298,12.37918195005528
view_819,2.787169833315459
mm_217,13154.641642499193
view_820,9.979323416914092
t_299,12.37918195005528
view_821,2.787169833315459
mm_218,13154.641642499193
view_822,9.979323416914092
view_823,8.347300917294653
transpose_196,6.222309333096181
view_824,8.347300917294653
transpose_197,6.222309333096181
slice_179,6.9279381247859755
slice_180,6.9279381247859755
unsqueeze_43,5.384175666665115
slice_181,3.509070708462464
slice_182,3.509070708462464
expand_25,5.936071667890297
clone_18,830.2875260820215
_unsafe_view_16,3.6639733324536743
slice_183,6.9279381247859755
slice_184,6.9279381247859755
unsqueeze_44,5.384175666665115
slice_185,3.509070708462464
slice_186,3.509070708462464
expand_26,5.936071667890297
clone_19,830.2875260820215
_unsafe_view_17,3.6639733324536743
_to_copy_48,1018.4411474996876
pow_21,1511.8400809998798
mean_20,525.2745238322847
add_135,76.74884933327263
rsqrt_20,44.12972749963527
mul_104,571.046251997958
_to_copy_49,1018.4411474996876
mul_105,1067.1315491652429
_scaled_dot_product_flash_attention_for_cpu_48,2056.2414499997317
transpose_198,3.5355985527345237
view_825,2.2484433323207003
t_300,10.750924383797496
view_826,2.2068267689255827
mm_219,719.0733316652554
view_827,2.656543744362866
tanh_22,25.707959944431543
mul_106,49.143500012531874
add_136,72.46531333356785
_to_copy_50,44.16985489295527
pow_22,43.33180431653722
mean_21,68.79993531911805
add_137,12.185689886228783
rsqrt_21,4.748243782246118
mul_107,61.68558335488972
_to_copy_51,44.16985489295527
mul_108,39.78191376306042
t_301,14.31318720028669
view_828,2.2068267689255827
mm_220,1953.7946616700058
view_829,3.9753749975251655
silu_8,75.53168666604907
t_302,14.31318720028669
view_830,2.2068267689255827
mm_221,1953.7946616700058
view_831,3.9753749975251655
mul_109,67.96671999198074
t_303,16.561137600820793
view_832,1.335706665084387
mm_222,2124.797520003365
view_833,2.656543744362866
slice_187,32.96239395174339
select_1,13.552850003835434
mul_110,61.68558335488972
tanh_23,25.707959944431543
mul_111,49.143500012531874
add_138,72.46531333356785
_to_copy_52,44.16985489295527
pow_23,43.33180431653722
mean_22,68.79993531911805
add_139,12.185689886228783
rsqrt_22,4.748243782246118
mul_112,61.68558335488972
_to_copy_53,44.16985489295527
mul_113,39.78191376306042
t_304,10.750924383797496
view_834,2.2068267689255827
mm_223,719.0733316652554
view_835,2.656543744362866
t_305,12.37918195005528
view_836,2.2068267689255827
mm_224,279.56115416727846
view_837,1.506858328372861
t_306,12.37918195005528
view_838,2.2068267689255827
mm_225,279.56115416727846
view_839,1.506858328372861
view_840,2.2068267689255827
transpose_199,6.826266668530492
view_841,1.8475583368175041
transpose_200,2.90094166676087
view_842,1.8475583368175041
transpose_201,2.90094166676087
unsqueeze_45,4.835810416387782
unsqueeze_46,4.835810416387782
mul_114,51.0362562492451
slice_188,5.1783937534297975
slice_189,5.1783937534297975
neg_14,33.15887083248235
mul_115,51.0362562492451
add_140,41.60751666310632
mul_116,10.267558335708843
slice_190,3.7261447892849295
slice_191,3.7261447892849295
neg_15,7.4644458359456625
mul_117,10.267558335708843
add_141,9.72212916703041
slice_192,3.7261447892849295
slice_193,3.7261447892849295
unsqueeze_47,2.9612062563110766
slice_194,3.320731253917135
slice_195,3.320731253917135
expand_27,5.464814582232308
clone_20,44.73909166993496
_unsafe_view_18,2.1629020777511565
slice_196,3.7261447892849295
slice_197,3.7261447892849295
unsqueeze_48,2.9612062563110766
slice_198,3.320731253917135
slice_199,3.320731253917135
expand_28,5.464814582232308
clone_21,44.73909166993496
_unsafe_view_19,2.1629020777511565
slice_203,3.625707029528712
slice_204,3.625707029528712
slice_205,3.625707029528712
_scaled_dot_product_flash_attention_for_cpu_49,133.43402916161187
transpose_202,3.5355985527345237
view_843,2.2484433323207003
t_307,10.750924383797496
view_844,2.2068267689255827
mm_226,719.0733316652554
view_845,2.656543744362866
add_142,72.46531333356785
_to_copy_54,44.16985489295527
pow_24,43.33180431653722
mean_23,68.79993531911805
add_143,12.185689886228783
rsqrt_23,4.748243782246118
mul_118,61.68558335488972
_to_copy_55,44.16985489295527
mul_119,39.78191376306042
t_308,14.31318720028669
view_846,2.2068267689255827
mm_227,1953.7946616700058
view_847,3.9753749975251655
silu_9,75.53168666604907
t_309,14.31318720028669
view_848,2.2068267689255827
mm_228,1953.7946616700058
view_849,3.9753749975251655
mul_120,67.96671999198074
t_310,16.561137600820793
view_850,1.335706665084387
mm_229,2124.797520003365
view_851,2.656543744362866
add_144,72.46531333356785
_to_copy_56,44.16985489295527
pow_25,43.33180431653722
mean_24,68.79993531911805
add_145,12.185689886228783
rsqrt_24,4.748243782246118
mul_121,61.68558335488972
_to_copy_57,44.16985489295527
mul_122,39.78191376306042
t_311,10.750924383797496
view_852,2.2068267689255827
mm_230,719.0733316652554
view_853,2.656543744362866
t_312,12.37918195005528
view_854,2.2068267689255827
mm_231,279.56115416727846
view_855,1.506858328372861
t_313,12.37918195005528
view_856,2.2068267689255827
mm_232,279.56115416727846
view_857,1.506858328372861
view_858,2.2068267689255827
transpose_203,6.826266668530492
view_859,1.8475583368175041
transpose_204,2.90094166676087
view_860,1.8475583368175041
transpose_205,2.90094166676087
unsqueeze_49,4.835810416387782
unsqueeze_50,4.835810416387782
mul_123,51.0362562492451
slice_206,5.1783937534297975
slice_207,5.1783937534297975
neg_16,33.15887083248235
mul_124,51.0362562492451
add_146,41.60751666310632
mul_125,10.267558335708843
slice_208,3.7261447892849295
slice_209,3.7261447892849295
neg_17,7.4644458359456625
mul_126,10.267558335708843
add_147,9.72212916703041
slice_210,3.7261447892849295
slice_211,3.7261447892849295
unsqueeze_51,2.9612062563110766
slice_212,3.320731253917135
slice_213,3.320731253917135
expand_29,5.464814582232308
clone_22,44.73909166993496
_unsafe_view_20,2.1629020777511565
slice_214,3.7261447892849295
slice_215,3.7261447892849295
unsqueeze_52,2.9612062563110766
slice_216,3.320731253917135
slice_217,3.320731253917135
expand_30,5.464814582232308
clone_23,44.73909166993496
_unsafe_view_21,2.1629020777511565
slice_221,3.625707029528712
slice_222,3.625707029528712
slice_223,3.625707029528712
_scaled_dot_product_flash_attention_for_cpu_50,133.43402916161187
transpose_206,3.5355985527345237
view_861,2.2484433323207003
t_314,10.750924383797496
view_862,2.2068267689255827
mm_233,719.0733316652554
view_863,2.656543744362866
add_148,72.46531333356785
_to_copy_58,44.16985489295527
pow_26,43.33180431653722
mean_25,68.79993531911805
add_149,12.185689886228783
rsqrt_25,4.748243782246118
mul_127,61.68558335488972
_to_copy_59,44.16985489295527
mul_128,39.78191376306042
t_315,14.31318720028669
view_864,2.2068267689255827
mm_234,1953.7946616700058
view_865,3.9753749975251655
silu_10,75.53168666604907
t_316,14.31318720028669
view_866,2.2068267689255827
mm_235,1953.7946616700058
view_867,3.9753749975251655
mul_129,67.96671999198074
t_317,16.561137600820793
view_868,1.335706665084387
mm_236,2124.797520003365
view_869,2.656543744362866
add_150,72.46531333356785
_to_copy_60,44.16985489295527
pow_27,43.33180431653722
mean_26,68.79993531911805
add_151,12.185689886228783
rsqrt_26,4.748243782246118
mul_130,61.68558335488972
_to_copy_61,44.16985489295527
mul_131,39.78191376306042
t_318,10.750924383797496
view_870,2.2068267689255827
mm_237,719.0733316652554
view_871,2.656543744362866
t_319,12.37918195005528
view_872,2.2068267689255827
mm_238,279.56115416727846
view_873,1.506858328372861
t_320,12.37918195005528
view_874,2.2068267689255827
mm_239,279.56115416727846
view_875,1.506858328372861
view_876,2.2068267689255827
transpose_207,6.826266668530492
view_877,1.8475583368175041
transpose_208,2.90094166676087
view_878,1.8475583368175041
transpose_209,2.90094166676087
unsqueeze_53,4.835810416387782
unsqueeze_54,4.835810416387782
mul_132,51.0362562492451
slice_224,5.1783937534297975
slice_225,5.1783937534297975
neg_18,33.15887083248235
mul_133,51.0362562492451
add_152,41.60751666310632
mul_134,10.267558335708843
slice_226,3.7261447892849295
slice_227,3.7261447892849295
neg_19,7.4644458359456625
mul_135,10.267558335708843
add_153,9.72212916703041
slice_228,3.7261447892849295
slice_229,3.7261447892849295
unsqueeze_55,2.9612062563110766
slice_230,3.320731253917135
slice_231,3.320731253917135
expand_31,5.464814582232308
clone_24,44.73909166993496
_unsafe_view_22,2.1629020777511565
slice_232,3.7261447892849295
slice_233,3.7261447892849295
unsqueeze_56,2.9612062563110766
slice_234,3.320731253917135
slice_235,3.320731253917135
expand_32,5.464814582232308
clone_25,44.73909166993496
_unsafe_view_23,2.1629020777511565
slice_239,3.625707029528712
slice_240,3.625707029528712
slice_241,3.625707029528712
_scaled_dot_product_flash_attention_for_cpu_51,133.43402916161187
transpose_210,3.5355985527345237
view_879,2.2484433323207003
t_321,10.750924383797496
view_880,2.2068267689255827
mm_240,719.0733316652554
view_881,2.656543744362866
add_154,72.46531333356785
_to_copy_62,44.16985489295527
pow_28,43.33180431653722
mean_27,68.79993531911805
add_155,12.185689886228783
rsqrt_27,4.748243782246118
mul_136,61.68558335488972
_to_copy_63,44.16985489295527
mul_137,39.78191376306042
t_322,14.31318720028669
view_882,2.2068267689255827
mm_241,1953.7946616700058
view_883,3.9753749975251655
silu_11,75.53168666604907
t_323,14.31318720028669
view_884,2.2068267689255827
mm_242,1953.7946616700058
view_885,3.9753749975251655
mul_138,67.96671999198074
t_324,16.561137600820793
view_886,1.335706665084387
mm_243,2124.797520003365
view_887,2.656543744362866
add_156,72.46531333356785
_to_copy_64,44.16985489295527
pow_29,43.33180431653722
mean_28,68.79993531911805
add_157,12.185689886228783
rsqrt_28,4.748243782246118
mul_139,61.68558335488972
_to_copy_65,44.16985489295527
mul_140,39.78191376306042
t_325,10.750924383797496
view_888,2.2068267689255827
mm_244,719.0733316652554
view_889,2.656543744362866
t_326,12.37918195005528
view_890,2.2068267689255827
mm_245,279.56115416727846
view_891,1.506858328372861
t_327,12.37918195005528
view_892,2.2068267689255827
mm_246,279.56115416727846
view_893,1.506858328372861
view_894,2.2068267689255827
transpose_211,6.826266668530492
view_895,1.8475583368175041
transpose_212,2.90094166676087
view_896,1.8475583368175041
transpose_213,2.90094166676087
unsqueeze_57,4.835810416387782
unsqueeze_58,4.835810416387782
mul_141,51.0362562492451
slice_242,5.1783937534297975
slice_243,5.1783937534297975
neg_20,33.15887083248235
mul_142,51.0362562492451
add_158,41.60751666310632
mul_143,10.267558335708843
slice_244,3.7261447892849295
slice_245,3.7261447892849295
neg_21,7.4644458359456625
mul_144,10.267558335708843
add_159,9.72212916703041
slice_246,3.7261447892849295
slice_247,3.7261447892849295
unsqueeze_59,2.9612062563110766
slice_248,3.320731253917135
slice_249,3.320731253917135
expand_33,5.464814582232308
clone_26,44.73909166993496
_unsafe_view_24,2.1629020777511565
slice_250,3.7261447892849295
slice_251,3.7261447892849295
unsqueeze_60,2.9612062563110766
slice_252,3.320731253917135
slice_253,3.320731253917135
expand_34,5.464814582232308
clone_27,44.73909166993496
_unsafe_view_25,2.1629020777511565
slice_257,3.625707029528712
slice_258,3.625707029528712
slice_259,3.625707029528712
_scaled_dot_product_flash_attention_for_cpu_52,133.43402916161187
transpose_214,3.5355985527345237
view_897,2.2484433323207003
t_328,10.750924383797496
view_898,2.2068267689255827
mm_247,719.0733316652554
view_899,2.656543744362866
add_160,72.46531333356785
_to_copy_66,44.16985489295527
pow_30,43.33180431653722
mean_29,68.79993531911805
add_161,12.185689886228783
rsqrt_29,4.748243782246118
mul_145,61.68558335488972
_to_copy_67,44.16985489295527
mul_146,39.78191376306042
t_329,14.31318720028669
view_900,2.2068267689255827
mm_248,1953.7946616700058
view_901,3.9753749975251655
silu_12,75.53168666604907
t_330,14.31318720028669
view_902,2.2068267689255827
mm_249,1953.7946616700058
view_903,3.9753749975251655
mul_147,67.96671999198074
t_331,16.561137600820793
view_904,1.335706665084387
mm_250,2124.797520003365
view_905,2.656543744362866
add_162,72.46531333356785
_to_copy_68,44.16985489295527
pow_31,43.33180431653722
mean_30,68.79993531911805
add_163,12.185689886228783
rsqrt_30,4.748243782246118
mul_148,61.68558335488972
_to_copy_69,44.16985489295527
mul_149,39.78191376306042
t_332,10.750924383797496
view_906,2.2068267689255827
mm_251,719.0733316652554
view_907,2.656543744362866
view_908,2.2068267689255827
transpose_215,6.826266668530492
_to_copy_70,40.80726667444687
pow_32,31.77725000027567
mean_31,66.97986665094892
add_164,12.308300004775326
rsqrt_31,6.009433334584658
mul_150,87.55960000717702
_to_copy_71,40.80726667444687
mul_151,48.82248333532674
t_333,12.37918195005528
view_909,2.787169833315459
mm_252,13154.641642499193
view_910,9.979323416914092
t_334,12.37918195005528
view_911,2.787169833315459
mm_253,13154.641642499193
view_912,9.979323416914092
view_913,8.347300917294653
transpose_216,6.222309333096181
view_914,8.347300917294653
transpose_217,6.222309333096181
slice_260,6.9279381247859755
slice_261,6.9279381247859755
unsqueeze_61,5.384175666665115
slice_262,3.509070708462464
slice_263,3.509070708462464
expand_35,5.936071667890297
clone_28,830.2875260820215
_unsafe_view_26,3.6639733324536743
slice_264,6.9279381247859755
slice_265,6.9279381247859755
unsqueeze_62,5.384175666665115
slice_266,3.509070708462464
slice_267,3.509070708462464
expand_36,5.936071667890297
clone_29,830.2875260820215
_unsafe_view_27,3.6639733324536743
_to_copy_72,1018.4411474996876
pow_33,1511.8400809998798
mean_32,525.2745238322847
add_165,76.74884933327263
rsqrt_32,44.12972749963527
mul_152,571.046251997958
_to_copy_73,1018.4411474996876
mul_153,1067.1315491652429
_scaled_dot_product_flash_attention_for_cpu_53,2056.2414499997317
transpose_218,3.5355985527345237
view_915,2.2484433323207003
t_335,10.750924383797496
view_916,2.2068267689255827
mm_254,719.0733316652554
view_917,2.656543744362866
tanh_24,25.707959944431543
mul_154,49.143500012531874
add_166,72.46531333356785
_to_copy_74,44.16985489295527
pow_34,43.33180431653722
mean_33,68.79993531911805
add_167,12.185689886228783
rsqrt_33,4.748243782246118
mul_155,61.68558335488972
_to_copy_75,44.16985489295527
mul_156,39.78191376306042
t_336,14.31318720028669
view_918,2.2068267689255827
mm_255,1953.7946616700058
view_919,3.9753749975251655
silu_13,75.53168666604907
t_337,14.31318720028669
view_920,2.2068267689255827
mm_256,1953.7946616700058
view_921,3.9753749975251655
mul_157,67.96671999198074
t_338,16.561137600820793
view_922,1.335706665084387
mm_257,2124.797520003365
view_923,2.656543744362866
slice_268,32.96239395174339
select_2,13.552850003835434
mul_158,61.68558335488972
tanh_25,25.707959944431543
mul_159,49.143500012531874
add_168,72.46531333356785
_to_copy_76,44.16985489295527
pow_35,43.33180431653722
mean_34,68.79993531911805
add_169,12.185689886228783
rsqrt_34,4.748243782246118
mul_160,61.68558335488972
_to_copy_77,44.16985489295527
mul_161,39.78191376306042
t_339,10.750924383797496
view_924,2.2068267689255827
mm_258,719.0733316652554
view_925,2.656543744362866
t_340,12.37918195005528
view_926,2.2068267689255827
mm_259,279.56115416727846
view_927,1.506858328372861
t_341,12.37918195005528
view_928,2.2068267689255827
mm_260,279.56115416727846
view_929,1.506858328372861
view_930,2.2068267689255827
transpose_219,6.826266668530492
view_931,1.8475583368175041
transpose_220,2.90094166676087
view_932,1.8475583368175041
transpose_221,2.90094166676087
unsqueeze_63,4.835810416387782
unsqueeze_64,4.835810416387782
mul_162,51.0362562492451
slice_269,5.1783937534297975
slice_270,5.1783937534297975
neg_22,33.15887083248235
mul_163,51.0362562492451
add_170,41.60751666310632
mul_164,10.267558335708843
slice_271,3.7261447892849295
slice_272,3.7261447892849295
neg_23,7.4644458359456625
mul_165,10.267558335708843
add_171,9.72212916703041
slice_273,3.7261447892849295
slice_274,3.7261447892849295
unsqueeze_65,2.9612062563110766
slice_275,3.320731253917135
slice_276,3.320731253917135
expand_37,5.464814582232308
clone_30,44.73909166993496
_unsafe_view_28,2.1629020777511565
slice_277,3.7261447892849295
slice_278,3.7261447892849295
unsqueeze_66,2.9612062563110766
slice_279,3.320731253917135
slice_280,3.320731253917135
expand_38,5.464814582232308
clone_31,44.73909166993496
_unsafe_view_29,2.1629020777511565
slice_284,3.625707029528712
slice_285,3.625707029528712
slice_286,3.625707029528712
_scaled_dot_product_flash_attention_for_cpu_54,133.43402916161187
transpose_222,3.5355985527345237
view_933,2.2484433323207003
t_342,10.750924383797496
view_934,2.2068267689255827
mm_261,719.0733316652554
view_935,2.656543744362866
add_172,72.46531333356785
_to_copy_78,44.16985489295527
pow_36,43.33180431653722
mean_35,68.79993531911805
add_173,12.185689886228783
rsqrt_35,4.748243782246118
mul_166,61.68558335488972
_to_copy_79,44.16985489295527
mul_167,39.78191376306042
t_343,14.31318720028669
view_936,2.2068267689255827
mm_262,1953.7946616700058
view_937,3.9753749975251655
silu_14,75.53168666604907
t_344,14.31318720028669
view_938,2.2068267689255827
mm_263,1953.7946616700058
view_939,3.9753749975251655
mul_168,67.96671999198074
t_345,16.561137600820793
view_940,1.335706665084387
mm_264,2124.797520003365
view_941,2.656543744362866
add_174,72.46531333356785
_to_copy_80,44.16985489295527
pow_37,43.33180431653722
mean_36,68.79993531911805
add_175,12.185689886228783
rsqrt_36,4.748243782246118
mul_169,61.68558335488972
_to_copy_81,44.16985489295527
mul_170,39.78191376306042
t_346,10.750924383797496
view_942,2.2068267689255827
mm_265,719.0733316652554
view_943,2.656543744362866
t_347,12.37918195005528
view_944,2.2068267689255827
mm_266,279.56115416727846
view_945,1.506858328372861
t_348,12.37918195005528
view_946,2.2068267689255827
mm_267,279.56115416727846
view_947,1.506858328372861
view_948,2.2068267689255827
transpose_223,6.826266668530492
view_949,1.8475583368175041
transpose_224,2.90094166676087
view_950,1.8475583368175041
transpose_225,2.90094166676087
unsqueeze_67,4.835810416387782
unsqueeze_68,4.835810416387782
mul_171,51.0362562492451
slice_287,5.1783937534297975
slice_288,5.1783937534297975
neg_24,33.15887083248235
mul_172,51.0362562492451
add_176,41.60751666310632
mul_173,10.267558335708843
slice_289,3.7261447892849295
slice_290,3.7261447892849295
neg_25,7.4644458359456625
mul_174,10.267558335708843
add_177,9.72212916703041
slice_291,3.7261447892849295
slice_292,3.7261447892849295
unsqueeze_69,2.9612062563110766
slice_293,3.320731253917135
slice_294,3.320731253917135
expand_39,5.464814582232308
clone_32,44.73909166993496
_unsafe_view_30,2.1629020777511565
slice_295,3.7261447892849295
slice_296,3.7261447892849295
unsqueeze_70,2.9612062563110766
slice_297,3.320731253917135
slice_298,3.320731253917135
expand_40,5.464814582232308
clone_33,44.73909166993496
_unsafe_view_31,2.1629020777511565
slice_302,3.625707029528712
slice_303,3.625707029528712
slice_304,3.625707029528712
_scaled_dot_product_flash_attention_for_cpu_55,133.43402916161187
transpose_226,3.5355985527345237
view_951,2.2484433323207003
t_349,10.750924383797496
view_952,2.2068267689255827
mm_268,719.0733316652554
view_953,2.656543744362866
add_178,72.46531333356785
_to_copy_82,44.16985489295527
pow_38,43.33180431653722
mean_37,68.79993531911805
add_179,12.185689886228783
rsqrt_37,4.748243782246118
mul_175,61.68558335488972
_to_copy_83,44.16985489295527
mul_176,39.78191376306042
t_350,14.31318720028669
view_954,2.2068267689255827
mm_269,1953.7946616700058
view_955,3.9753749975251655
silu_15,75.53168666604907
t_351,14.31318720028669
view_956,2.2068267689255827
mm_270,1953.7946616700058
view_957,3.9753749975251655
mul_177,67.96671999198074
t_352,16.561137600820793
view_958,1.335706665084387
mm_271,2124.797520003365
view_959,2.656543744362866
add_180,72.46531333356785
_to_copy_84,44.16985489295527
pow_39,43.33180431653722
mean_38,68.79993531911805
add_181,12.185689886228783
rsqrt_38,4.748243782246118
mul_178,61.68558335488972
_to_copy_85,44.16985489295527
mul_179,39.78191376306042
t_353,10.750924383797496
view_960,2.2068267689255827
mm_272,719.0733316652554
view_961,2.656543744362866
t_354,12.37918195005528
view_962,2.2068267689255827
mm_273,279.56115416727846
view_963,1.506858328372861
t_355,12.37918195005528
view_964,2.2068267689255827
mm_274,279.56115416727846
view_965,1.506858328372861
view_966,2.2068267689255827
transpose_227,6.826266668530492
view_967,1.8475583368175041
transpose_228,2.90094166676087
view_968,1.8475583368175041
transpose_229,2.90094166676087
unsqueeze_71,4.835810416387782
unsqueeze_72,4.835810416387782
mul_180,51.0362562492451
slice_305,5.1783937534297975
slice_306,5.1783937534297975
neg_26,33.15887083248235
mul_181,51.0362562492451
add_182,41.60751666310632
mul_182,10.267558335708843
slice_307,3.7261447892849295
slice_308,3.7261447892849295
neg_27,7.4644458359456625
mul_183,10.267558335708843
add_183,9.72212916703041
slice_309,3.7261447892849295
slice_310,3.7261447892849295
unsqueeze_73,2.9612062563110766
slice_311,3.320731253917135
slice_312,3.320731253917135
expand_41,5.464814582232308
clone_34,44.73909166993496
_unsafe_view_32,2.1629020777511565
slice_313,3.7261447892849295
slice_314,3.7261447892849295
unsqueeze_74,2.9612062563110766
slice_315,3.320731253917135
slice_316,3.320731253917135
expand_42,5.464814582232308
clone_35,44.73909166993496
_unsafe_view_33,2.1629020777511565
slice_320,3.625707029528712
slice_321,3.625707029528712
slice_322,3.625707029528712
_scaled_dot_product_flash_attention_for_cpu_56,133.43402916161187
transpose_230,3.5355985527345237
view_969,2.2484433323207003
t_356,10.750924383797496
view_970,2.2068267689255827
mm_275,719.0733316652554
view_971,2.656543744362866
add_184,72.46531333356785
_to_copy_86,44.16985489295527
pow_40,43.33180431653722
mean_39,68.79993531911805
add_185,12.185689886228783
rsqrt_39,4.748243782246118
mul_184,61.68558335488972
_to_copy_87,44.16985489295527
mul_185,39.78191376306042
t_357,14.31318720028669
view_972,2.2068267689255827
mm_276,1953.7946616700058
view_973,3.9753749975251655
silu_16,75.53168666604907
t_358,14.31318720028669
view_974,2.2068267689255827
mm_277,1953.7946616700058
view_975,3.9753749975251655
mul_186,67.96671999198074
t_359,16.561137600820793
view_976,1.335706665084387
mm_278,2124.797520003365
view_977,2.656543744362866
add_186,72.46531333356785
_to_copy_88,44.16985489295527
pow_41,43.33180431653722
mean_40,68.79993531911805
add_187,12.185689886228783
rsqrt_40,4.748243782246118
mul_187,61.68558335488972
_to_copy_89,44.16985489295527
mul_188,39.78191376306042
t_360,10.750924383797496
view_978,2.2068267689255827
mm_279,719.0733316652554
view_979,2.656543744362866
t_361,12.37918195005528
view_980,2.2068267689255827
mm_280,279.56115416727846
view_981,1.506858328372861
t_362,12.37918195005528
view_982,2.2068267689255827
mm_281,279.56115416727846
view_983,1.506858328372861
view_984,2.2068267689255827
transpose_231,6.826266668530492
view_985,1.8475583368175041
transpose_232,2.90094166676087
view_986,1.8475583368175041
transpose_233,2.90094166676087
unsqueeze_75,4.835810416387782
unsqueeze_76,4.835810416387782
mul_189,51.0362562492451
slice_323,5.1783937534297975
slice_324,5.1783937534297975
neg_28,33.15887083248235
mul_190,51.0362562492451
add_188,41.60751666310632
mul_191,10.267558335708843
slice_325,3.7261447892849295
slice_326,3.7261447892849295
neg_29,7.4644458359456625
mul_192,10.267558335708843
add_189,9.72212916703041
slice_327,3.7261447892849295
slice_328,3.7261447892849295
unsqueeze_77,2.9612062563110766
slice_329,3.320731253917135
slice_330,3.320731253917135
expand_43,5.464814582232308
clone_36,44.73909166993496
_unsafe_view_34,2.1629020777511565
slice_331,3.7261447892849295
slice_332,3.7261447892849295
unsqueeze_78,2.9612062563110766
slice_333,3.320731253917135
slice_334,3.320731253917135
expand_44,5.464814582232308
clone_37,44.73909166993496
_unsafe_view_35,2.1629020777511565
slice_338,3.625707029528712
slice_339,3.625707029528712
slice_340,3.625707029528712
_scaled_dot_product_flash_attention_for_cpu_57,133.43402916161187
transpose_234,3.5355985527345237
view_987,2.2484433323207003
t_363,10.750924383797496
view_988,2.2068267689255827
mm_282,719.0733316652554
view_989,2.656543744362866
add_190,72.46531333356785
_to_copy_90,44.16985489295527
pow_42,43.33180431653722
mean_41,68.79993531911805
add_191,12.185689886228783
rsqrt_41,4.748243782246118
mul_193,61.68558335488972
_to_copy_91,44.16985489295527
mul_194,39.78191376306042
t_364,14.31318720028669
view_990,2.2068267689255827
mm_283,1953.7946616700058
view_991,3.9753749975251655
silu_17,75.53168666604907
t_365,14.31318720028669
view_992,2.2068267689255827
mm_284,1953.7946616700058
view_993,3.9753749975251655
mul_195,67.96671999198074
t_366,16.561137600820793
view_994,1.335706665084387
mm_285,2124.797520003365
view_995,2.656543744362866
add_192,72.46531333356785
_to_copy_92,44.16985489295527
pow_43,43.33180431653722
mean_42,68.79993531911805
add_193,12.185689886228783
rsqrt_42,4.748243782246118
mul_196,61.68558335488972
_to_copy_93,44.16985489295527
mul_197,39.78191376306042
t_367,10.750924383797496
view_996,2.2068267689255827
mm_286,719.0733316652554
view_997,2.656543744362866
view_998,2.2068267689255827
transpose_235,6.826266668530492
_to_copy_94,40.80726667444687
pow_44,31.77725000027567
mean_43,66.97986665094892
add_194,12.308300004775326
rsqrt_43,6.009433334584658
mul_198,87.55960000717702
_to_copy_95,40.80726667444687
mul_199,48.82248333532674
t_368,12.37918195005528
view_999,2.787169833315459
mm_287,13154.641642499193
view_1000,9.979323416914092
t_369,12.37918195005528
view_1001,2.787169833315459
mm_288,13154.641642499193
view_1002,9.979323416914092
view_1003,8.347300917294653
transpose_236,6.222309333096181
view_1004,8.347300917294653
transpose_237,6.222309333096181
slice_341,6.9279381247859755
slice_342,6.9279381247859755
unsqueeze_79,5.384175666665115
slice_343,3.509070708462464
slice_344,3.509070708462464
expand_45,5.936071667890297
clone_38,830.2875260820215
_unsafe_view_36,3.6639733324536743
slice_345,6.9279381247859755
slice_346,6.9279381247859755
unsqueeze_80,5.384175666665115
slice_347,3.509070708462464
slice_348,3.509070708462464
expand_46,5.936071667890297
clone_39,830.2875260820215
_unsafe_view_37,3.6639733324536743
_to_copy_96,1018.4411474996876
pow_45,1511.8400809998798
mean_44,525.2745238322847
add_195,76.74884933327263
rsqrt_44,44.12972749963527
mul_200,571.046251997958
_to_copy_97,1018.4411474996876
mul_201,1067.1315491652429
_scaled_dot_product_flash_attention_for_cpu_58,2056.2414499997317
transpose_238,3.5355985527345237
view_1005,2.2484433323207003
t_370,10.750924383797496
view_1006,2.2068267689255827
mm_289,719.0733316652554
view_1007,2.656543744362866
tanh_26,25.707959944431543
mul_202,49.143500012531874
add_196,72.46531333356785
_to_copy_98,44.16985489295527
pow_46,43.33180431653722
mean_45,68.79993531911805
add_197,12.185689886228783
rsqrt_45,4.748243782246118
mul_203,61.68558335488972
_to_copy_99,44.16985489295527
mul_204,39.78191376306042
t_371,14.31318720028669
view_1008,2.2068267689255827
mm_290,1953.7946616700058
view_1009,3.9753749975251655
silu_18,75.53168666604907
t_372,14.31318720028669
view_1010,2.2068267689255827
mm_291,1953.7946616700058
view_1011,3.9753749975251655
mul_205,67.96671999198074
t_373,16.561137600820793
view_1012,1.335706665084387
mm_292,2124.797520003365
view_1013,2.656543744362866
slice_349,32.96239395174339
select_3,13.552850003835434
mul_206,61.68558335488972
tanh_27,25.707959944431543
mul_207,49.143500012531874
add_198,72.46531333356785
_to_copy_100,44.16985489295527
pow_47,43.33180431653722
mean_46,68.79993531911805
add_199,12.185689886228783
rsqrt_46,4.748243782246118
mul_208,61.68558335488972
_to_copy_101,44.16985489295527
mul_209,39.78191376306042
t_374,10.750924383797496
view_1014,2.2068267689255827
mm_293,719.0733316652554
view_1015,2.656543744362866
t_375,12.37918195005528
view_1016,2.2068267689255827
mm_294,279.56115416727846
view_1017,1.506858328372861
t_376,12.37918195005528
view_1018,2.2068267689255827
mm_295,279.56115416727846
view_1019,1.506858328372861
view_1020,2.2068267689255827
transpose_239,6.826266668530492
view_1021,1.8475583368175041
transpose_240,2.90094166676087
view_1022,1.8475583368175041
transpose_241,2.90094166676087
unsqueeze_81,4.835810416387782
unsqueeze_82,4.835810416387782
mul_210,51.0362562492451
slice_350,5.1783937534297975
slice_351,5.1783937534297975
neg_30,33.15887083248235
mul_211,51.0362562492451
add_200,41.60751666310632
mul_212,10.267558335708843
slice_352,3.7261447892849295
slice_353,3.7261447892849295
neg_31,7.4644458359456625
mul_213,10.267558335708843
add_201,9.72212916703041
slice_354,3.7261447892849295
slice_355,3.7261447892849295
unsqueeze_83,2.9612062563110766
slice_356,3.320731253917135
slice_357,3.320731253917135
expand_47,5.464814582232308
clone_40,44.73909166993496
_unsafe_view_38,2.1629020777511565
slice_358,3.7261447892849295
slice_359,3.7261447892849295
unsqueeze_84,2.9612062563110766
slice_360,3.320731253917135
slice_361,3.320731253917135
expand_48,5.464814582232308
clone_41,44.73909166993496
_unsafe_view_39,2.1629020777511565
slice_365,3.625707029528712
slice_366,3.625707029528712
slice_367,3.625707029528712
_scaled_dot_product_flash_attention_for_cpu_59,133.43402916161187
transpose_242,3.5355985527345237
view_1023,2.2484433323207003
t_377,10.750924383797496
view_1024,2.2068267689255827
mm_296,719.0733316652554
view_1025,2.656543744362866
add_202,72.46531333356785
_to_copy_102,44.16985489295527
pow_48,43.33180431653722
mean_47,68.79993531911805
add_203,12.185689886228783
rsqrt_47,4.748243782246118
mul_214,61.68558335488972
_to_copy_103,44.16985489295527
mul_215,39.78191376306042
t_378,14.31318720028669
view_1026,2.2068267689255827
mm_297,1953.7946616700058
view_1027,3.9753749975251655
silu_19,75.53168666604907
t_379,14.31318720028669
view_1028,2.2068267689255827
mm_298,1953.7946616700058
view_1029,3.9753749975251655
mul_216,67.96671999198074
t_380,16.561137600820793
view_1030,1.335706665084387
mm_299,2124.797520003365
view_1031,2.656543744362866
add_204,72.46531333356785
_to_copy_104,44.16985489295527
pow_49,43.33180431653722
mean_48,68.79993531911805
add_205,12.185689886228783
rsqrt_48,4.748243782246118
mul_217,61.68558335488972
_to_copy_105,44.16985489295527
mul_218,39.78191376306042
t_381,10.750924383797496
view_1032,2.2068267689255827
mm_300,719.0733316652554
view_1033,2.656543744362866
t_382,12.37918195005528
view_1034,2.2068267689255827
mm_301,279.56115416727846
view_1035,1.506858328372861
t_383,12.37918195005528
view_1036,2.2068267689255827
mm_302,279.56115416727846
view_1037,1.506858328372861
view_1038,2.2068267689255827
transpose_243,6.826266668530492
view_1039,1.8475583368175041
transpose_244,2.90094166676087
view_1040,1.8475583368175041
transpose_245,2.90094166676087
unsqueeze_85,4.835810416387782
unsqueeze_86,4.835810416387782
mul_219,51.0362562492451
slice_368,5.1783937534297975
slice_369,5.1783937534297975
neg_32,33.15887083248235
mul_220,51.0362562492451
add_206,41.60751666310632
mul_221,10.267558335708843
slice_370,3.7261447892849295
slice_371,3.7261447892849295
neg_33,7.4644458359456625
mul_222,10.267558335708843
add_207,9.72212916703041
slice_372,3.7261447892849295
slice_373,3.7261447892849295
unsqueeze_87,2.9612062563110766
slice_374,3.320731253917135
slice_375,3.320731253917135
expand_49,5.464814582232308
clone_42,44.73909166993496
_unsafe_view_40,2.1629020777511565
slice_376,3.7261447892849295
slice_377,3.7261447892849295
unsqueeze_88,2.9612062563110766
slice_378,3.320731253917135
slice_379,3.320731253917135
expand_50,5.464814582232308
clone_43,44.73909166993496
_unsafe_view_41,2.1629020777511565
slice_383,3.625707029528712
slice_384,3.625707029528712
slice_385,3.625707029528712
_scaled_dot_product_flash_attention_for_cpu_60,133.43402916161187
transpose_246,3.5355985527345237
view_1041,2.2484433323207003
t_384,10.750924383797496
view_1042,2.2068267689255827
mm_303,719.0733316652554
view_1043,2.656543744362866
add_208,72.46531333356785
_to_copy_106,44.16985489295527
pow_50,43.33180431653722
mean_49,68.79993531911805
add_209,12.185689886228783
rsqrt_49,4.748243782246118
mul_223,61.68558335488972
_to_copy_107,44.16985489295527
mul_224,39.78191376306042
t_385,14.31318720028669
view_1044,2.2068267689255827
mm_304,1953.7946616700058
view_1045,3.9753749975251655
silu_20,75.53168666604907
t_386,14.31318720028669
view_1046,2.2068267689255827
mm_305,1953.7946616700058
view_1047,3.9753749975251655
mul_225,67.96671999198074
t_387,16.561137600820793
view_1048,1.335706665084387
mm_306,2124.797520003365
view_1049,2.656543744362866
add_210,72.46531333356785
_to_copy_108,44.16985489295527
pow_51,43.33180431653722
mean_50,68.79993531911805
add_211,12.185689886228783
rsqrt_50,4.748243782246118
mul_226,61.68558335488972
_to_copy_109,44.16985489295527
mul_227,39.78191376306042
t_388,10.750924383797496
view_1050,2.2068267689255827
mm_307,719.0733316652554
view_1051,2.656543744362866
t_389,12.37918195005528
view_1052,2.2068267689255827
mm_308,279.56115416727846
view_1053,1.506858328372861
t_390,12.37918195005528
view_1054,2.2068267689255827
mm_309,279.56115416727846
view_1055,1.506858328372861
view_1056,2.2068267689255827
transpose_247,6.826266668530492
view_1057,1.8475583368175041
transpose_248,2.90094166676087
view_1058,1.8475583368175041
transpose_249,2.90094166676087
unsqueeze_89,4.835810416387782
unsqueeze_90,4.835810416387782
mul_228,51.0362562492451
slice_386,5.1783937534297975
slice_387,5.1783937534297975
neg_34,33.15887083248235
mul_229,51.0362562492451
add_212,41.60751666310632
mul_230,10.267558335708843
slice_388,3.7261447892849295
slice_389,3.7261447892849295
neg_35,7.4644458359456625
mul_231,10.267558335708843
add_213,9.72212916703041
slice_390,3.7261447892849295
slice_391,3.7261447892849295
unsqueeze_91,2.9612062563110766
slice_392,3.320731253917135
slice_393,3.320731253917135
expand_51,5.464814582232308
clone_44,44.73909166993496
_unsafe_view_42,2.1629020777511565
slice_394,3.7261447892849295
slice_395,3.7261447892849295
unsqueeze_92,2.9612062563110766
slice_396,3.320731253917135
slice_397,3.320731253917135
expand_52,5.464814582232308
clone_45,44.73909166993496
_unsafe_view_43,2.1629020777511565
slice_401,3.625707029528712
slice_402,3.625707029528712
slice_403,3.625707029528712
_scaled_dot_product_flash_attention_for_cpu_61,133.43402916161187
transpose_250,3.5355985527345237
view_1059,2.2484433323207003
t_391,10.750924383797496
view_1060,2.2068267689255827
mm_310,719.0733316652554
view_1061,2.656543744362866
add_214,72.46531333356785
_to_copy_110,44.16985489295527
pow_52,43.33180431653722
mean_51,68.79993531911805
add_215,12.185689886228783
rsqrt_51,4.748243782246118
mul_232,61.68558335488972
_to_copy_111,44.16985489295527
mul_233,39.78191376306042
t_392,14.31318720028669
view_1062,2.2068267689255827
mm_311,1953.7946616700058
view_1063,3.9753749975251655
silu_21,75.53168666604907
t_393,14.31318720028669
view_1064,2.2068267689255827
mm_312,1953.7946616700058
view_1065,3.9753749975251655
mul_234,67.96671999198074
t_394,16.561137600820793
view_1066,1.335706665084387
mm_313,2124.797520003365
view_1067,2.656543744362866
add_216,72.46531333356785
_to_copy_112,44.16985489295527
pow_53,43.33180431653722
mean_52,68.79993531911805
add_217,12.185689886228783
rsqrt_52,4.748243782246118
mul_235,61.68558335488972
_to_copy_113,44.16985489295527
mul_236,39.78191376306042
t_395,10.750924383797496
view_1068,2.2068267689255827
mm_314,719.0733316652554
view_1069,2.656543744362866
t_396,12.37918195005528
view_1070,2.2068267689255827
mm_315,279.56115416727846
view_1071,1.506858328372861
t_397,12.37918195005528
view_1072,2.2068267689255827
mm_316,279.56115416727846
view_1073,1.506858328372861
view_1074,2.2068267689255827
transpose_251,6.826266668530492
view_1075,1.8475583368175041
transpose_252,2.90094166676087
view_1076,1.8475583368175041
transpose_253,2.90094166676087
unsqueeze_93,4.835810416387782
unsqueeze_94,4.835810416387782
mul_237,51.0362562492451
slice_404,5.1783937534297975
slice_405,5.1783937534297975
neg_36,33.15887083248235
mul_238,51.0362562492451
add_218,41.60751666310632
mul_239,10.267558335708843
slice_406,3.7261447892849295
slice_407,3.7261447892849295
neg_37,7.4644458359456625
mul_240,10.267558335708843
add_219,9.72212916703041
slice_408,3.7261447892849295
slice_409,3.7261447892849295
unsqueeze_95,2.9612062563110766
slice_410,3.320731253917135
slice_411,3.320731253917135
expand_53,5.464814582232308
clone_46,44.73909166993496
_unsafe_view_44,2.1629020777511565
slice_412,3.7261447892849295
slice_413,3.7261447892849295
unsqueeze_96,2.9612062563110766
slice_414,3.320731253917135
slice_415,3.320731253917135
expand_54,5.464814582232308
clone_47,44.73909166993496
_unsafe_view_45,2.1629020777511565
slice_419,3.625707029528712
slice_420,3.625707029528712
slice_421,3.625707029528712
_scaled_dot_product_flash_attention_for_cpu_62,133.43402916161187
transpose_254,3.5355985527345237
view_1077,2.2484433323207003
t_398,10.750924383797496
view_1078,2.2068267689255827
mm_317,719.0733316652554
view_1079,2.656543744362866
add_220,72.46531333356785
_to_copy_114,44.16985489295527
pow_54,43.33180431653722
mean_53,68.79993531911805
add_221,12.185689886228783
rsqrt_53,4.748243782246118
mul_241,61.68558335488972
_to_copy_115,44.16985489295527
mul_242,39.78191376306042
t_399,14.31318720028669
view_1080,2.2068267689255827
mm_318,1953.7946616700058
view_1081,3.9753749975251655
silu_22,75.53168666604907
t_400,14.31318720028669
view_1082,2.2068267689255827
mm_319,1953.7946616700058
view_1083,3.9753749975251655
mul_243,67.96671999198074
t_401,16.561137600820793
view_1084,1.335706665084387
mm_320,2124.797520003365
view_1085,2.656543744362866
add_222,72.46531333356785
_to_copy_116,44.16985489295527
pow_55,43.33180431653722
mean_54,68.79993531911805
add_223,12.185689886228783
rsqrt_54,4.748243782246118
mul_244,61.68558335488972
_to_copy_117,44.16985489295527
mul_245,39.78191376306042
t_402,10.750924383797496
view_1086,2.2068267689255827
mm_321,719.0733316652554
view_1087,2.656543744362866
view_1088,2.2068267689255827
transpose_255,6.826266668530492
_to_copy_118,40.80726667444687
pow_56,31.77725000027567
mean_55,66.97986665094892
add_224,12.308300004775326
rsqrt_55,6.009433334584658
mul_246,87.55960000717702
_to_copy_119,40.80726667444687
mul_247,48.82248333532674
t_403,12.37918195005528
view_1089,2.787169833315459
mm_322,13154.641642499193
view_1090,9.979323416914092
t_404,12.37918195005528
view_1091,2.787169833315459
mm_323,13154.641642499193
view_1092,9.979323416914092
view_1093,8.347300917294653
transpose_256,6.222309333096181
view_1094,8.347300917294653
transpose_257,6.222309333096181
slice_422,6.9279381247859755
slice_423,6.9279381247859755
unsqueeze_97,5.384175666665115
slice_424,3.509070708462464
slice_425,3.509070708462464
expand_55,5.936071667890297
clone_48,830.2875260820215
_unsafe_view_46,3.6639733324536743
slice_426,6.9279381247859755
slice_427,6.9279381247859755
unsqueeze_98,5.384175666665115
slice_428,3.509070708462464
slice_429,3.509070708462464
expand_56,5.936071667890297
clone_49,830.2875260820215
_unsafe_view_47,3.6639733324536743
_to_copy_120,1018.4411474996876
pow_57,1511.8400809998798
mean_56,525.2745238322847
add_225,76.74884933327263
rsqrt_56,44.12972749963527
mul_248,571.046251997958
_to_copy_121,1018.4411474996876
mul_249,1067.1315491652429
_scaled_dot_product_flash_attention_for_cpu_63,2056.2414499997317
transpose_258,3.5355985527345237
view_1095,2.2484433323207003
t_405,10.750924383797496
view_1096,2.2068267689255827
mm_324,719.0733316652554
view_1097,2.656543744362866
tanh_28,25.707959944431543
mul_250,49.143500012531874
add_226,72.46531333356785
_to_copy_122,44.16985489295527
pow_58,43.33180431653722
mean_57,68.79993531911805
add_227,12.185689886228783
rsqrt_57,4.748243782246118
mul_251,61.68558335488972
_to_copy_123,44.16985489295527
mul_252,39.78191376306042
t_406,14.31318720028669
view_1098,2.2068267689255827
mm_325,1953.7946616700058
view_1099,3.9753749975251655
silu_23,75.53168666604907
t_407,14.31318720028669
view_1100,2.2068267689255827
mm_326,1953.7946616700058
view_1101,3.9753749975251655
mul_253,67.96671999198074
t_408,16.561137600820793
view_1102,1.335706665084387
mm_327,2124.797520003365
view_1103,2.656543744362866
slice_430,32.96239395174339
select_4,13.552850003835434
mul_254,61.68558335488972
tanh_29,25.707959944431543
mul_255,49.143500012531874
add_228,72.46531333356785
_to_copy_124,44.16985489295527
pow_59,43.33180431653722
mean_58,68.79993531911805
add_229,12.185689886228783
rsqrt_58,4.748243782246118
mul_256,61.68558335488972
_to_copy_125,44.16985489295527
mul_257,39.78191376306042
t_409,10.750924383797496
view_1104,2.2068267689255827
mm_328,719.0733316652554
view_1105,2.656543744362866
t_410,12.37918195005528
view_1106,2.2068267689255827
mm_329,279.56115416727846
view_1107,1.506858328372861
t_411,12.37918195005528
view_1108,2.2068267689255827
mm_330,279.56115416727846
view_1109,1.506858328372861
view_1110,2.2068267689255827
transpose_259,6.826266668530492
view_1111,1.8475583368175041
transpose_260,2.90094166676087
view_1112,1.8475583368175041
transpose_261,2.90094166676087
unsqueeze_99,4.835810416387782
unsqueeze_100,4.835810416387782
mul_258,51.0362562492451
slice_431,5.1783937534297975
slice_432,5.1783937534297975
neg_38,33.15887083248235
mul_259,51.0362562492451
add_230,41.60751666310632
mul_260,10.267558335708843
slice_433,3.7261447892849295
slice_434,3.7261447892849295
neg_39,7.4644458359456625
mul_261,10.267558335708843
add_231,9.72212916703041
slice_435,3.7261447892849295
slice_436,3.7261447892849295
unsqueeze_101,2.9612062563110766
slice_437,3.320731253917135
slice_438,3.320731253917135
expand_57,5.464814582232308
clone_50,44.73909166993496
_unsafe_view_48,2.1629020777511565
slice_439,3.7261447892849295
slice_440,3.7261447892849295
unsqueeze_102,2.9612062563110766
slice_441,3.320731253917135
slice_442,3.320731253917135
expand_58,5.464814582232308
clone_51,44.73909166993496
_unsafe_view_49,2.1629020777511565
slice_446,3.625707029528712
slice_447,3.625707029528712
slice_448,3.625707029528712
_scaled_dot_product_flash_attention_for_cpu_64,133.43402916161187
transpose_262,3.5355985527345237
view_1113,2.2484433323207003
t_412,10.750924383797496
view_1114,2.2068267689255827
mm_331,719.0733316652554
view_1115,2.656543744362866
add_232,72.46531333356785
_to_copy_126,44.16985489295527
pow_60,43.33180431653722
mean_59,68.79993531911805
add_233,12.185689886228783
rsqrt_59,4.748243782246118
mul_262,61.68558335488972
_to_copy_127,44.16985489295527
mul_263,39.78191376306042
t_413,14.31318720028669
view_1116,2.2068267689255827
mm_332,1953.7946616700058
view_1117,3.9753749975251655
silu_24,75.53168666604907
t_414,14.31318720028669
view_1118,2.2068267689255827
mm_333,1953.7946616700058
view_1119,3.9753749975251655
mul_264,67.96671999198074
t_415,16.561137600820793
view_1120,1.335706665084387
mm_334,2124.797520003365
view_1121,2.656543744362866
add_234,72.46531333356785
_to_copy_128,44.16985489295527
pow_61,43.33180431653722
mean_60,68.79993531911805
add_235,12.185689886228783
rsqrt_60,4.748243782246118
mul_265,61.68558335488972
_to_copy_129,44.16985489295527
mul_266,39.78191376306042
t_416,10.750924383797496
view_1122,2.2068267689255827
mm_335,719.0733316652554
view_1123,2.656543744362866
t_417,12.37918195005528
view_1124,2.2068267689255827
mm_336,279.56115416727846
view_1125,1.506858328372861
t_418,12.37918195005528
view_1126,2.2068267689255827
mm_337,279.56115416727846
view_1127,1.506858328372861
view_1128,2.2068267689255827
transpose_263,6.826266668530492
view_1129,1.8475583368175041
transpose_264,2.90094166676087
view_1130,1.8475583368175041
transpose_265,2.90094166676087
unsqueeze_103,4.835810416387782
unsqueeze_104,4.835810416387782
mul_267,51.0362562492451
slice_449,5.1783937534297975
slice_450,5.1783937534297975
neg_40,33.15887083248235
mul_268,51.0362562492451
add_236,41.60751666310632
mul_269,10.267558335708843
slice_451,3.7261447892849295
slice_452,3.7261447892849295
neg_41,7.4644458359456625
mul_270,10.267558335708843
add_237,9.72212916703041
slice_453,3.7261447892849295
slice_454,3.7261447892849295
unsqueeze_105,2.9612062563110766
slice_455,3.320731253917135
slice_456,3.320731253917135
expand_59,5.464814582232308
clone_52,44.73909166993496
_unsafe_view_50,2.1629020777511565
slice_457,3.7261447892849295
slice_458,3.7261447892849295
unsqueeze_106,2.9612062563110766
slice_459,3.320731253917135
slice_460,3.320731253917135
expand_60,5.464814582232308
clone_53,44.73909166993496
_unsafe_view_51,2.1629020777511565
slice_464,3.625707029528712
slice_465,3.625707029528712
slice_466,3.625707029528712
_scaled_dot_product_flash_attention_for_cpu_65,133.43402916161187
transpose_266,3.5355985527345237
view_1131,2.2484433323207003
t_419,10.750924383797496
view_1132,2.2068267689255827
mm_338,719.0733316652554
view_1133,2.656543744362866
add_238,72.46531333356785
_to_copy_130,44.16985489295527
pow_62,43.33180431653722
mean_61,68.79993531911805
add_239,12.185689886228783
rsqrt_61,4.748243782246118
mul_271,61.68558335488972
_to_copy_131,44.16985489295527
mul_272,39.78191376306042
t_420,14.31318720028669
view_1134,2.2068267689255827
mm_339,1953.7946616700058
view_1135,3.9753749975251655
silu_25,75.53168666604907
t_421,14.31318720028669
view_1136,2.2068267689255827
mm_340,1953.7946616700058
view_1137,3.9753749975251655
mul_273,67.96671999198074
t_422,16.561137600820793
view_1138,1.335706665084387
mm_341,2124.797520003365
view_1139,2.656543744362866
add_240,72.46531333356785
_to_copy_132,44.16985489295527
pow_63,43.33180431653722
mean_62,68.79993531911805
add_241,12.185689886228783
rsqrt_62,4.748243782246118
mul_274,61.68558335488972
_to_copy_133,44.16985489295527
mul_275,39.78191376306042
t_423,10.750924383797496
view_1140,2.2068267689255827
mm_342,719.0733316652554
view_1141,2.656543744362866
t_424,12.37918195005528
view_1142,2.2068267689255827
mm_343,279.56115416727846
view_1143,1.506858328372861
t_425,12.37918195005528
view_1144,2.2068267689255827
mm_344,279.56115416727846
view_1145,1.506858328372861
view_1146,2.2068267689255827
transpose_267,6.826266668530492
view_1147,1.8475583368175041
transpose_268,2.90094166676087
view_1148,1.8475583368175041
transpose_269,2.90094166676087
unsqueeze_107,4.835810416387782
unsqueeze_108,4.835810416387782
mul_276,51.0362562492451
slice_467,5.1783937534297975
slice_468,5.1783937534297975
neg_42,33.15887083248235
mul_277,51.0362562492451
add_242,41.60751666310632
mul_278,10.267558335708843
slice_469,3.7261447892849295
slice_470,3.7261447892849295
neg_43,7.4644458359456625
mul_279,10.267558335708843
add_243,9.72212916703041
slice_471,3.7261447892849295
slice_472,3.7261447892849295
unsqueeze_109,2.9612062563110766
slice_473,3.320731253917135
slice_474,3.320731253917135
expand_61,5.464814582232308
clone_54,44.73909166993496
_unsafe_view_52,2.1629020777511565
slice_475,3.7261447892849295
slice_476,3.7261447892849295
unsqueeze_110,2.9612062563110766
slice_477,3.320731253917135
slice_478,3.320731253917135
expand_62,5.464814582232308
clone_55,44.73909166993496
_unsafe_view_53,2.1629020777511565
slice_482,3.625707029528712
slice_483,3.625707029528712
slice_484,3.625707029528712
_scaled_dot_product_flash_attention_for_cpu_66,133.43402916161187
transpose_270,3.5355985527345237
view_1149,2.2484433323207003
t_426,10.750924383797496
view_1150,2.2068267689255827
mm_345,719.0733316652554
view_1151,2.656543744362866
add_244,72.46531333356785
_to_copy_134,44.16985489295527
pow_64,43.33180431653722
mean_63,68.79993531911805
add_245,12.185689886228783
rsqrt_63,4.748243782246118
mul_280,61.68558335488972
_to_copy_135,44.16985489295527
mul_281,39.78191376306042
t_427,14.31318720028669
view_1152,2.2068267689255827
mm_346,1953.7946616700058
view_1153,3.9753749975251655
silu_26,75.53168666604907
t_428,14.31318720028669
view_1154,2.2068267689255827
mm_347,1953.7946616700058
view_1155,3.9753749975251655
mul_282,67.96671999198074
t_429,16.561137600820793
view_1156,1.335706665084387
mm_348,2124.797520003365
view_1157,2.656543744362866
add_246,72.46531333356785
_to_copy_136,44.16985489295527
pow_65,43.33180431653722
mean_64,68.79993531911805
add_247,12.185689886228783
rsqrt_64,4.748243782246118
mul_283,61.68558335488972
_to_copy_137,44.16985489295527
mul_284,39.78191376306042
t_430,10.750924383797496
view_1158,2.2068267689255827
mm_349,719.0733316652554
view_1159,2.656543744362866
t_431,12.37918195005528
view_1160,2.2068267689255827
mm_350,279.56115416727846
view_1161,1.506858328372861
t_432,12.37918195005528
view_1162,2.2068267689255827
mm_351,279.56115416727846
view_1163,1.506858328372861
view_1164,2.2068267689255827
transpose_271,6.826266668530492
view_1165,1.8475583368175041
transpose_272,2.90094166676087
view_1166,1.8475583368175041
transpose_273,2.90094166676087
unsqueeze_111,4.835810416387782
unsqueeze_112,4.835810416387782
mul_285,51.0362562492451
slice_485,5.1783937534297975
slice_486,5.1783937534297975
neg_44,33.15887083248235
mul_286,51.0362562492451
add_248,41.60751666310632
mul_287,10.267558335708843
slice_487,3.7261447892849295
slice_488,3.7261447892849295
neg_45,7.4644458359456625
mul_288,10.267558335708843
add_249,9.72212916703041
slice_489,3.7261447892849295
slice_490,3.7261447892849295
unsqueeze_113,2.9612062563110766
slice_491,3.320731253917135
slice_492,3.320731253917135
expand_63,5.464814582232308
clone_56,44.73909166993496
_unsafe_view_54,2.1629020777511565
slice_493,3.7261447892849295
slice_494,3.7261447892849295
unsqueeze_114,2.9612062563110766
slice_495,3.320731253917135
slice_496,3.320731253917135
expand_64,5.464814582232308
clone_57,44.73909166993496
_unsafe_view_55,2.1629020777511565
slice_500,3.625707029528712
slice_501,3.625707029528712
slice_502,3.625707029528712
_scaled_dot_product_flash_attention_for_cpu_67,133.43402916161187
transpose_274,3.5355985527345237
view_1167,2.2484433323207003
t_433,10.750924383797496
view_1168,2.2068267689255827
mm_352,719.0733316652554
view_1169,2.656543744362866
add_250,72.46531333356785
_to_copy_138,44.16985489295527
pow_66,43.33180431653722
mean_65,68.79993531911805
add_251,12.185689886228783
rsqrt_65,4.748243782246118
mul_289,61.68558335488972
_to_copy_139,44.16985489295527
mul_290,39.78191376306042
t_434,14.31318720028669
view_1170,2.2068267689255827
mm_353,1953.7946616700058
view_1171,3.9753749975251655
silu_27,75.53168666604907
t_435,14.31318720028669
view_1172,2.2068267689255827
mm_354,1953.7946616700058
view_1173,3.9753749975251655
mul_291,67.96671999198074
t_436,16.561137600820793
view_1174,1.335706665084387
mm_355,2124.797520003365
view_1175,2.656543744362866
add_252,72.46531333356785
_to_copy_140,44.16985489295527
pow_67,43.33180431653722
mean_66,68.79993531911805
add_253,12.185689886228783
rsqrt_66,4.748243782246118
mul_292,61.68558335488972
_to_copy_141,44.16985489295527
mul_293,39.78191376306042
t_437,10.750924383797496
view_1176,2.2068267689255827
mm_356,719.0733316652554
view_1177,2.656543744362866
view_1178,2.2068267689255827
transpose_275,6.826266668530492
_to_copy_142,40.80726667444687
pow_68,31.77725000027567
mean_67,66.97986665094892
add_254,12.308300004775326
rsqrt_67,6.009433334584658
mul_294,87.55960000717702
_to_copy_143,40.80726667444687
mul_295,48.82248333532674
t_438,12.37918195005528
view_1179,2.787169833315459
mm_357,13154.641642499193
view_1180,9.979323416914092
t_439,12.37918195005528
view_1181,2.787169833315459
mm_358,13154.641642499193
view_1182,9.979323416914092
view_1183,8.347300917294653
transpose_276,6.222309333096181
view_1184,8.347300917294653
transpose_277,6.222309333096181
slice_503,6.9279381247859755
slice_504,6.9279381247859755
unsqueeze_115,5.384175666665115
slice_505,3.509070708462464
slice_506,3.509070708462464
expand_65,5.936071667890297
clone_58,830.2875260820215
_unsafe_view_56,3.6639733324536743
slice_507,6.9279381247859755
slice_508,6.9279381247859755
unsqueeze_116,5.384175666665115
slice_509,3.509070708462464
slice_510,3.509070708462464
expand_66,5.936071667890297
clone_59,830.2875260820215
_unsafe_view_57,3.6639733324536743
_to_copy_144,1018.4411474996876
pow_69,1511.8400809998798
mean_68,525.2745238322847
add_255,76.74884933327263
rsqrt_68,44.12972749963527
mul_296,571.046251997958
_to_copy_145,1018.4411474996876
mul_297,1067.1315491652429
_scaled_dot_product_flash_attention_for_cpu_68,2056.2414499997317
transpose_278,3.5355985527345237
view_1185,2.2484433323207003
t_440,10.750924383797496
view_1186,2.2068267689255827
mm_359,719.0733316652554
view_1187,2.656543744362866
tanh_30,25.707959944431543
mul_298,49.143500012531874
add_256,72.46531333356785
_to_copy_146,44.16985489295527
pow_70,43.33180431653722
mean_69,68.79993531911805
add_257,12.185689886228783
rsqrt_69,4.748243782246118
mul_299,61.68558335488972
_to_copy_147,44.16985489295527
mul_300,39.78191376306042
t_441,14.31318720028669
view_1188,2.2068267689255827
mm_360,1953.7946616700058
view_1189,3.9753749975251655
silu_28,75.53168666604907
t_442,14.31318720028669
view_1190,2.2068267689255827
mm_361,1953.7946616700058
view_1191,3.9753749975251655
mul_301,67.96671999198074
t_443,16.561137600820793
view_1192,1.335706665084387
mm_362,2124.797520003365
view_1193,2.656543744362866
slice_511,32.96239395174339
select_5,13.552850003835434
mul_302,61.68558335488972
tanh_31,25.707959944431543
mul_303,49.143500012531874
add_258,72.46531333356785
_to_copy_148,44.16985489295527
pow_71,43.33180431653722
mean_70,68.79993531911805
add_259,12.185689886228783
rsqrt_70,4.748243782246118
mul_304,61.68558335488972
_to_copy_149,44.16985489295527
mul_305,39.78191376306042
t_444,10.750924383797496
view_1194,2.2068267689255827
mm_363,719.0733316652554
view_1195,2.656543744362866
t_445,12.37918195005528
view_1196,2.2068267689255827
mm_364,279.56115416727846
view_1197,1.506858328372861
t_446,12.37918195005528
view_1198,2.2068267689255827
mm_365,279.56115416727846
view_1199,1.506858328372861
view_1200,2.2068267689255827
transpose_279,6.826266668530492
view_1201,1.8475583368175041
transpose_280,2.90094166676087
view_1202,1.8475583368175041
transpose_281,2.90094166676087
unsqueeze_117,4.835810416387782
unsqueeze_118,4.835810416387782
mul_306,51.0362562492451
slice_512,5.1783937534297975
slice_513,5.1783937534297975
neg_46,33.15887083248235
mul_307,51.0362562492451
add_260,41.60751666310632
mul_308,10.267558335708843
slice_514,3.7261447892849295
slice_515,3.7261447892849295
neg_47,7.4644458359456625
mul_309,10.267558335708843
add_261,9.72212916703041
slice_516,3.7261447892849295
slice_517,3.7261447892849295
unsqueeze_119,2.9612062563110766
slice_518,3.320731253917135
slice_519,3.320731253917135
expand_67,5.464814582232308
clone_60,44.73909166993496
_unsafe_view_58,2.1629020777511565
slice_520,3.7261447892849295
slice_521,3.7261447892849295
unsqueeze_120,2.9612062563110766
slice_522,3.320731253917135
slice_523,3.320731253917135
expand_68,5.464814582232308
clone_61,44.73909166993496
_unsafe_view_59,2.1629020777511565
slice_527,3.625707029528712
slice_528,3.625707029528712
slice_529,3.625707029528712
_scaled_dot_product_flash_attention_for_cpu_69,133.43402916161187
transpose_282,3.5355985527345237
view_1203,2.2484433323207003
t_447,10.750924383797496
view_1204,2.2068267689255827
mm_366,719.0733316652554
view_1205,2.656543744362866
add_262,72.46531333356785
_to_copy_150,44.16985489295527
pow_72,43.33180431653722
mean_71,68.79993531911805
add_263,12.185689886228783
rsqrt_71,4.748243782246118
mul_310,61.68558335488972
_to_copy_151,44.16985489295527
mul_311,39.78191376306042
t_448,14.31318720028669
view_1206,2.2068267689255827
mm_367,1953.7946616700058
view_1207,3.9753749975251655
silu_29,75.53168666604907
t_449,14.31318720028669
view_1208,2.2068267689255827
mm_368,1953.7946616700058
view_1209,3.9753749975251655
mul_312,67.96671999198074
t_450,16.561137600820793
view_1210,1.335706665084387
mm_369,2124.797520003365
view_1211,2.656543744362866
add_264,72.46531333356785
_to_copy_152,44.16985489295527
pow_73,43.33180431653722
mean_72,68.79993531911805
add_265,12.185689886228783
rsqrt_72,4.748243782246118
mul_313,61.68558335488972
_to_copy_153,44.16985489295527
mul_314,39.78191376306042
t_451,10.750924383797496
view_1212,2.2068267689255827
mm_370,719.0733316652554
view_1213,2.656543744362866
t_452,12.37918195005528
view_1214,2.2068267689255827
mm_371,279.56115416727846
view_1215,1.506858328372861
t_453,12.37918195005528
view_1216,2.2068267689255827
mm_372,279.56115416727846
view_1217,1.506858328372861
view_1218,2.2068267689255827
transpose_283,6.826266668530492
view_1219,1.8475583368175041
transpose_284,2.90094166676087
view_1220,1.8475583368175041
transpose_285,2.90094166676087
unsqueeze_121,4.835810416387782
unsqueeze_122,4.835810416387782
mul_315,51.0362562492451
slice_530,5.1783937534297975
slice_531,5.1783937534297975
neg_48,33.15887083248235
mul_316,51.0362562492451
add_266,41.60751666310632
mul_317,10.267558335708843
slice_532,3.7261447892849295
slice_533,3.7261447892849295
neg_49,7.4644458359456625
mul_318,10.267558335708843
add_267,9.72212916703041
slice_534,3.7261447892849295
slice_535,3.7261447892849295
unsqueeze_123,2.9612062563110766
slice_536,3.320731253917135
slice_537,3.320731253917135
expand_69,5.464814582232308
clone_62,44.73909166993496
_unsafe_view_60,2.1629020777511565
slice_538,3.7261447892849295
slice_539,3.7261447892849295
unsqueeze_124,2.9612062563110766
slice_540,3.320731253917135
slice_541,3.320731253917135
expand_70,5.464814582232308
clone_63,44.73909166993496
_unsafe_view_61,2.1629020777511565
slice_545,3.625707029528712
slice_546,3.625707029528712
slice_547,3.625707029528712
_scaled_dot_product_flash_attention_for_cpu_70,133.43402916161187
transpose_286,3.5355985527345237
view_1221,2.2484433323207003
t_454,10.750924383797496
view_1222,2.2068267689255827
mm_373,719.0733316652554
view_1223,2.656543744362866
add_268,72.46531333356785
_to_copy_154,44.16985489295527
pow_74,43.33180431653722
mean_73,68.79993531911805
add_269,12.185689886228783
rsqrt_73,4.748243782246118
mul_319,61.68558335488972
_to_copy_155,44.16985489295527
mul_320,39.78191376306042
t_455,14.31318720028669
view_1224,2.2068267689255827
mm_374,1953.7946616700058
view_1225,3.9753749975251655
silu_30,75.53168666604907
t_456,14.31318720028669
view_1226,2.2068267689255827
mm_375,1953.7946616700058
view_1227,3.9753749975251655
mul_321,67.96671999198074
t_457,16.561137600820793
view_1228,1.335706665084387
mm_376,2124.797520003365
view_1229,2.656543744362866
add_270,72.46531333356785
_to_copy_156,44.16985489295527
pow_75,43.33180431653722
mean_74,68.79993531911805
add_271,12.185689886228783
rsqrt_74,4.748243782246118
mul_322,61.68558335488972
_to_copy_157,44.16985489295527
mul_323,39.78191376306042
t_458,10.750924383797496
view_1230,2.2068267689255827
mm_377,719.0733316652554
view_1231,2.656543744362866
t_459,12.37918195005528
view_1232,2.2068267689255827
mm_378,279.56115416727846
view_1233,1.506858328372861
t_460,12.37918195005528
view_1234,2.2068267689255827
mm_379,279.56115416727846
view_1235,1.506858328372861
view_1236,2.2068267689255827
transpose_287,6.826266668530492
view_1237,1.8475583368175041
transpose_288,2.90094166676087
view_1238,1.8475583368175041
transpose_289,2.90094166676087
unsqueeze_125,4.835810416387782
unsqueeze_126,4.835810416387782
mul_324,51.0362562492451
slice_548,5.1783937534297975
slice_549,5.1783937534297975
neg_50,33.15887083248235
mul_325,51.0362562492451
add_272,41.60751666310632
mul_326,10.267558335708843
slice_550,3.7261447892849295
slice_551,3.7261447892849295
neg_51,7.4644458359456625
mul_327,10.267558335708843
add_273,9.72212916703041
slice_552,3.7261447892849295
slice_553,3.7261447892849295
unsqueeze_127,2.9612062563110766
slice_554,3.320731253917135
slice_555,3.320731253917135
expand_71,5.464814582232308
clone_64,44.73909166993496
_unsafe_view_62,2.1629020777511565
slice_556,3.7261447892849295
slice_557,3.7261447892849295
unsqueeze_128,2.9612062563110766
slice_558,3.320731253917135
slice_559,3.320731253917135
expand_72,5.464814582232308
clone_65,44.73909166993496
_unsafe_view_63,2.1629020777511565
slice_563,3.625707029528712
slice_564,3.625707029528712
slice_565,3.625707029528712
_scaled_dot_product_flash_attention_for_cpu_71,133.43402916161187
transpose_290,3.5355985527345237
view_1239,2.2484433323207003
t_461,10.750924383797496
view_1240,2.2068267689255827
mm_380,719.0733316652554
view_1241,2.656543744362866
add_274,72.46531333356785
_to_copy_158,44.16985489295527
pow_76,43.33180431653722
mean_75,68.79993531911805
add_275,12.185689886228783
rsqrt_75,4.748243782246118
mul_328,61.68558335488972
_to_copy_159,44.16985489295527
mul_329,39.78191376306042
t_462,14.31318720028669
view_1242,2.2068267689255827
mm_381,1953.7946616700058
view_1243,3.9753749975251655
silu_31,75.53168666604907
t_463,14.31318720028669
view_1244,2.2068267689255827
mm_382,1953.7946616700058
view_1245,3.9753749975251655
mul_330,67.96671999198074
t_464,16.561137600820793
view_1246,1.335706665084387
mm_383,2124.797520003365
view_1247,2.656543744362866
add_276,72.46531333356785
_to_copy_160,44.16985489295527
pow_77,43.33180431653722
mean_76,68.79993531911805
add_277,12.185689886228783
rsqrt_76,4.748243782246118
mul_331,61.68558335488972
_to_copy_161,44.16985489295527
mul_332,39.78191376306042
t_465,10.750924383797496
view_1248,2.2068267689255827
mm_384,719.0733316652554
view_1249,2.656543744362866
t_466,12.37918195005528
view_1250,2.2068267689255827
mm_385,279.56115416727846
view_1251,1.506858328372861
t_467,12.37918195005528
view_1252,2.2068267689255827
mm_386,279.56115416727846
view_1253,1.506858328372861
view_1254,2.2068267689255827
transpose_291,6.826266668530492
view_1255,1.8475583368175041
transpose_292,2.90094166676087
view_1256,1.8475583368175041
transpose_293,2.90094166676087
unsqueeze_129,4.835810416387782
unsqueeze_130,4.835810416387782
mul_333,51.0362562492451
slice_566,5.1783937534297975
slice_567,5.1783937534297975
neg_52,33.15887083248235
mul_334,51.0362562492451
add_278,41.60751666310632
mul_335,10.267558335708843
slice_568,3.7261447892849295
slice_569,3.7261447892849295
neg_53,7.4644458359456625
mul_336,10.267558335708843
add_279,9.72212916703041
slice_570,3.7261447892849295
slice_571,3.7261447892849295
unsqueeze_131,2.9612062563110766
slice_572,3.320731253917135
slice_573,3.320731253917135
expand_73,5.464814582232308
clone_66,44.73909166993496
_unsafe_view_64,2.1629020777511565
slice_574,3.7261447892849295
slice_575,3.7261447892849295
unsqueeze_132,2.9612062563110766
slice_576,3.320731253917135
slice_577,3.320731253917135
expand_74,5.464814582232308
clone_67,44.73909166993496
_unsafe_view_65,2.1629020777511565
slice_581,3.625707029528712
slice_582,3.625707029528712
slice_583,3.625707029528712
_scaled_dot_product_flash_attention_for_cpu_72,133.43402916161187
transpose_294,3.5355985527345237
view_1257,2.2484433323207003
t_468,10.750924383797496
view_1258,2.2068267689255827
mm_387,719.0733316652554
view_1259,2.656543744362866
add_280,72.46531333356785
_to_copy_162,44.16985489295527
pow_78,43.33180431653722
mean_77,68.79993531911805
add_281,12.185689886228783
rsqrt_77,4.748243782246118
mul_337,61.68558335488972
_to_copy_163,44.16985489295527
mul_338,39.78191376306042
t_469,14.31318720028669
view_1260,2.2068267689255827
mm_388,1953.7946616700058
view_1261,3.9753749975251655
silu_32,75.53168666604907
t_470,14.31318720028669
view_1262,2.2068267689255827
mm_389,1953.7946616700058
view_1263,3.9753749975251655
mul_339,67.96671999198074
t_471,16.561137600820793
view_1264,1.335706665084387
mm_390,2124.797520003365
view_1265,2.656543744362866
add_282,72.46531333356785
_to_copy_164,44.16985489295527
pow_79,43.33180431653722
mean_78,68.79993531911805
add_283,12.185689886228783
rsqrt_78,4.748243782246118
mul_340,61.68558335488972
_to_copy_165,44.16985489295527
mul_341,39.78191376306042
t_472,10.750924383797496
view_1266,2.2068267689255827
mm_391,719.0733316652554
view_1267,2.656543744362866
view_1268,2.2068267689255827
transpose_295,6.826266668530492
_to_copy_166,40.80726667444687
pow_80,31.77725000027567
mean_79,66.97986665094892
add_284,12.308300004775326
rsqrt_79,6.009433334584658
mul_342,87.55960000717702
_to_copy_167,40.80726667444687
mul_343,48.82248333532674
t_473,12.37918195005528
view_1269,2.787169833315459
mm_392,13154.641642499193
view_1270,9.979323416914092
t_474,12.37918195005528
view_1271,2.787169833315459
mm_393,13154.641642499193
view_1272,9.979323416914092
view_1273,8.347300917294653
transpose_296,6.222309333096181
view_1274,8.347300917294653
transpose_297,6.222309333096181
slice_584,6.9279381247859755
slice_585,6.9279381247859755
unsqueeze_133,5.384175666665115
slice_586,3.509070708462464
slice_587,3.509070708462464
expand_75,5.936071667890297
clone_68,830.2875260820215
_unsafe_view_66,3.6639733324536743
slice_588,6.9279381247859755
slice_589,6.9279381247859755
unsqueeze_134,5.384175666665115
slice_590,3.509070708462464
slice_591,3.509070708462464
expand_76,5.936071667890297
clone_69,830.2875260820215
_unsafe_view_67,3.6639733324536743
_to_copy_168,1018.4411474996876
pow_81,1511.8400809998798
mean_80,525.2745238322847
add_285,76.74884933327263
rsqrt_80,44.12972749963527
mul_344,571.046251997958
_to_copy_169,1018.4411474996876
mul_345,1067.1315491652429
_scaled_dot_product_flash_attention_for_cpu_73,2056.2414499997317
transpose_298,3.5355985527345237
view_1275,2.2484433323207003
t_475,10.750924383797496
view_1276,2.2068267689255827
mm_394,719.0733316652554
view_1277,2.656543744362866
tanh_32,25.707959944431543
mul_346,49.143500012531874
add_286,72.46531333356785
_to_copy_170,44.16985489295527
pow_82,43.33180431653722
mean_81,68.79993531911805
add_287,12.185689886228783
rsqrt_81,4.748243782246118
mul_347,61.68558335488972
_to_copy_171,44.16985489295527
mul_348,39.78191376306042
t_476,14.31318720028669
view_1278,2.2068267689255827
mm_395,1953.7946616700058
view_1279,3.9753749975251655
silu_33,75.53168666604907
t_477,14.31318720028669
view_1280,2.2068267689255827
mm_396,1953.7946616700058
view_1281,3.9753749975251655
mul_349,67.96671999198074
t_478,16.561137600820793
view_1282,1.335706665084387
mm_397,2124.797520003365
view_1283,2.656543744362866
slice_592,32.96239395174339
select_6,13.552850003835434
mul_350,61.68558335488972
tanh_33,25.707959944431543
mul_351,49.143500012531874
add_288,72.46531333356785
_to_copy_172,44.16985489295527
pow_83,43.33180431653722
mean_82,68.79993531911805
add_289,12.185689886228783
rsqrt_82,4.748243782246118
mul_352,61.68558335488972
_to_copy_173,44.16985489295527
mul_353,39.78191376306042
t_479,10.750924383797496
view_1284,2.2068267689255827
mm_398,719.0733316652554
view_1285,2.656543744362866
t_480,12.37918195005528
view_1286,2.2068267689255827
mm_399,279.56115416727846
view_1287,1.506858328372861
t_481,12.37918195005528
view_1288,2.2068267689255827
mm_400,279.56115416727846
view_1289,1.506858328372861
view_1290,2.2068267689255827
transpose_299,6.826266668530492
view_1291,1.8475583368175041
transpose_300,2.90094166676087
view_1292,1.8475583368175041
transpose_301,2.90094166676087
unsqueeze_135,4.835810416387782
unsqueeze_136,4.835810416387782
mul_354,51.0362562492451
slice_593,5.1783937534297975
slice_594,5.1783937534297975
neg_54,33.15887083248235
mul_355,51.0362562492451
add_290,41.60751666310632
mul_356,10.267558335708843
slice_595,3.7261447892849295
slice_596,3.7261447892849295
neg_55,7.4644458359456625
mul_357,10.267558335708843
add_291,9.72212916703041
slice_597,3.7261447892849295
slice_598,3.7261447892849295
unsqueeze_137,2.9612062563110766
slice_599,3.320731253917135
slice_600,3.320731253917135
expand_77,5.464814582232308
clone_70,44.73909166993496
_unsafe_view_68,2.1629020777511565
slice_601,3.7261447892849295
slice_602,3.7261447892849295
unsqueeze_138,2.9612062563110766
slice_603,3.320731253917135
slice_604,3.320731253917135
expand_78,5.464814582232308
clone_71,44.73909166993496
_unsafe_view_69,2.1629020777511565
slice_608,3.625707029528712
slice_609,3.625707029528712
slice_610,3.625707029528712
_scaled_dot_product_flash_attention_for_cpu_74,133.43402916161187
transpose_302,3.5355985527345237
view_1293,2.2484433323207003
t_482,10.750924383797496
view_1294,2.2068267689255827
mm_401,719.0733316652554
view_1295,2.656543744362866
add_292,72.46531333356785
_to_copy_174,44.16985489295527
pow_84,43.33180431653722
mean_83,68.79993531911805
add_293,12.185689886228783
rsqrt_83,4.748243782246118
mul_358,61.68558335488972
_to_copy_175,44.16985489295527
mul_359,39.78191376306042
t_483,14.31318720028669
view_1296,2.2068267689255827
mm_402,1953.7946616700058
view_1297,3.9753749975251655
silu_34,75.53168666604907
t_484,14.31318720028669
view_1298,2.2068267689255827
mm_403,1953.7946616700058
view_1299,3.9753749975251655
mul_360,67.96671999198074
t_485,16.561137600820793
view_1300,1.335706665084387
mm_404,2124.797520003365
view_1301,2.656543744362866
add_294,72.46531333356785
_to_copy_176,44.16985489295527
pow_85,43.33180431653722
mean_84,68.79993531911805
add_295,12.185689886228783
rsqrt_84,4.748243782246118
mul_361,61.68558335488972
_to_copy_177,44.16985489295527
mul_362,39.78191376306042
t_486,10.750924383797496
view_1302,2.2068267689255827
mm_405,719.0733316652554
view_1303,2.656543744362866
t_487,12.37918195005528
view_1304,2.2068267689255827
mm_406,279.56115416727846
view_1305,1.506858328372861
t_488,12.37918195005528
view_1306,2.2068267689255827
mm_407,279.56115416727846
view_1307,1.506858328372861
view_1308,2.2068267689255827
transpose_303,6.826266668530492
view_1309,1.8475583368175041
transpose_304,2.90094166676087
view_1310,1.8475583368175041
transpose_305,2.90094166676087
unsqueeze_139,4.835810416387782
unsqueeze_140,4.835810416387782
mul_363,51.0362562492451
slice_611,5.1783937534297975
slice_612,5.1783937534297975
neg_56,33.15887083248235
mul_364,51.0362562492451
add_296,41.60751666310632
mul_365,10.267558335708843
slice_613,3.7261447892849295
slice_614,3.7261447892849295
neg_57,7.4644458359456625
mul_366,10.267558335708843
add_297,9.72212916703041
slice_615,3.7261447892849295
slice_616,3.7261447892849295
unsqueeze_141,2.9612062563110766
slice_617,3.320731253917135
slice_618,3.320731253917135
expand_79,5.464814582232308
clone_72,44.73909166993496
_unsafe_view_70,2.1629020777511565
slice_619,3.7261447892849295
slice_620,3.7261447892849295
unsqueeze_142,2.9612062563110766
slice_621,3.320731253917135
slice_622,3.320731253917135
expand_80,5.464814582232308
clone_73,44.73909166993496
_unsafe_view_71,2.1629020777511565
slice_626,3.625707029528712
slice_627,3.625707029528712
slice_628,3.625707029528712
_scaled_dot_product_flash_attention_for_cpu_75,133.43402916161187
transpose_306,3.5355985527345237
view_1311,2.2484433323207003
t_489,10.750924383797496
view_1312,2.2068267689255827
mm_408,719.0733316652554
view_1313,2.656543744362866
add_298,72.46531333356785
_to_copy_178,44.16985489295527
pow_86,43.33180431653722
mean_85,68.79993531911805
add_299,12.185689886228783
rsqrt_85,4.748243782246118
mul_367,61.68558335488972
_to_copy_179,44.16985489295527
mul_368,39.78191376306042
t_490,14.31318720028669
view_1314,2.2068267689255827
mm_409,1953.7946616700058
view_1315,3.9753749975251655
silu_35,75.53168666604907
t_491,14.31318720028669
view_1316,2.2068267689255827
mm_410,1953.7946616700058
view_1317,3.9753749975251655
mul_369,67.96671999198074
t_492,16.561137600820793
view_1318,1.335706665084387
mm_411,2124.797520003365
view_1319,2.656543744362866
add_300,72.46531333356785
_to_copy_180,44.16985489295527
pow_87,43.33180431653722
mean_86,68.79993531911805
add_301,12.185689886228783
rsqrt_86,4.748243782246118
mul_370,61.68558335488972
_to_copy_181,44.16985489295527
mul_371,39.78191376306042
t_493,10.750924383797496
view_1320,2.2068267689255827
mm_412,719.0733316652554
view_1321,2.656543744362866
t_494,12.37918195005528
view_1322,2.2068267689255827
mm_413,279.56115416727846
view_1323,1.506858328372861
t_495,12.37918195005528
view_1324,2.2068267689255827
mm_414,279.56115416727846
view_1325,1.506858328372861
view_1326,2.2068267689255827
transpose_307,6.826266668530492
view_1327,1.8475583368175041
transpose_308,2.90094166676087
view_1328,1.8475583368175041
transpose_309,2.90094166676087
unsqueeze_143,4.835810416387782
unsqueeze_144,4.835810416387782
mul_372,51.0362562492451
slice_629,5.1783937534297975
slice_630,5.1783937534297975
neg_58,33.15887083248235
mul_373,51.0362562492451
add_302,41.60751666310632
mul_374,10.267558335708843
slice_631,3.7261447892849295
slice_632,3.7261447892849295
neg_59,7.4644458359456625
mul_375,10.267558335708843
add_303,9.72212916703041
slice_633,3.7261447892849295
slice_634,3.7261447892849295
unsqueeze_145,2.9612062563110766
slice_635,3.320731253917135
slice_636,3.320731253917135
expand_81,5.464814582232308
clone_74,44.73909166993496
_unsafe_view_72,2.1629020777511565
slice_637,3.7261447892849295
slice_638,3.7261447892849295
unsqueeze_146,2.9612062563110766
slice_639,3.320731253917135
slice_640,3.320731253917135
expand_82,5.464814582232308
clone_75,44.73909166993496
_unsafe_view_73,2.1629020777511565
slice_644,3.625707029528712
slice_645,3.625707029528712
slice_646,3.625707029528712
_scaled_dot_product_flash_attention_for_cpu_76,133.43402916161187
transpose_310,3.5355985527345237
view_1329,2.2484433323207003
t_496,10.750924383797496
view_1330,2.2068267689255827
mm_415,719.0733316652554
view_1331,2.656543744362866
add_304,72.46531333356785
_to_copy_182,44.16985489295527
pow_88,43.33180431653722
mean_87,68.79993531911805
add_305,12.185689886228783
rsqrt_87,4.748243782246118
mul_376,61.68558335488972
_to_copy_183,44.16985489295527
mul_377,39.78191376306042
t_497,14.31318720028669
view_1332,2.2068267689255827
mm_416,1953.7946616700058
view_1333,3.9753749975251655
silu_36,75.53168666604907
t_498,14.31318720028669
view_1334,2.2068267689255827
mm_417,1953.7946616700058
view_1335,3.9753749975251655
mul_378,67.96671999198074
t_499,16.561137600820793
view_1336,1.335706665084387
mm_418,2124.797520003365
view_1337,2.656543744362866
add_306,72.46531333356785
_to_copy_184,44.16985489295527
pow_89,43.33180431653722
mean_88,68.79993531911805
add_307,12.185689886228783
rsqrt_88,4.748243782246118
mul_379,61.68558335488972
_to_copy_185,44.16985489295527
mul_380,39.78191376306042
t_500,10.750924383797496
view_1338,2.2068267689255827
mm_419,719.0733316652554
view_1339,2.656543744362866
t_501,12.37918195005528
view_1340,2.2068267689255827
mm_420,279.56115416727846
view_1341,1.506858328372861
t_502,12.37918195005528
view_1342,2.2068267689255827
mm_421,279.56115416727846
view_1343,1.506858328372861
view_1344,2.2068267689255827
transpose_311,6.826266668530492
view_1345,1.8475583368175041
transpose_312,2.90094166676087
view_1346,1.8475583368175041
transpose_313,2.90094166676087
unsqueeze_147,4.835810416387782
unsqueeze_148,4.835810416387782
mul_381,51.0362562492451
slice_647,5.1783937534297975
slice_648,5.1783937534297975
neg_60,33.15887083248235
mul_382,51.0362562492451
add_308,41.60751666310632
mul_383,10.267558335708843
slice_649,3.7261447892849295
slice_650,3.7261447892849295
neg_61,7.4644458359456625
mul_384,10.267558335708843
add_309,9.72212916703041
slice_651,3.7261447892849295
slice_652,3.7261447892849295
unsqueeze_149,2.9612062563110766
slice_653,3.320731253917135
slice_654,3.320731253917135
expand_83,5.464814582232308
clone_76,44.73909166993496
_unsafe_view_74,2.1629020777511565
slice_655,3.7261447892849295
slice_656,3.7261447892849295
unsqueeze_150,2.9612062563110766
slice_657,3.320731253917135
slice_658,3.320731253917135
expand_84,5.464814582232308
clone_77,44.73909166993496
_unsafe_view_75,2.1629020777511565
slice_662,3.625707029528712
slice_663,3.625707029528712
slice_664,3.625707029528712
_scaled_dot_product_flash_attention_for_cpu_77,133.43402916161187
transpose_314,3.5355985527345237
view_1347,2.2484433323207003
t_503,10.750924383797496
view_1348,2.2068267689255827
mm_422,719.0733316652554
view_1349,2.656543744362866
add_310,72.46531333356785
_to_copy_186,44.16985489295527
pow_90,43.33180431653722
mean_89,68.79993531911805
add_311,12.185689886228783
rsqrt_89,4.748243782246118
mul_385,61.68558335488972
_to_copy_187,44.16985489295527
mul_386,39.78191376306042
t_504,14.31318720028669
view_1350,2.2068267689255827
mm_423,1953.7946616700058
view_1351,3.9753749975251655
silu_37,75.53168666604907
t_505,14.31318720028669
view_1352,2.2068267689255827
mm_424,1953.7946616700058
view_1353,3.9753749975251655
mul_387,67.96671999198074
t_506,16.561137600820793
view_1354,1.335706665084387
mm_425,2124.797520003365
view_1355,2.656543744362866
add_312,72.46531333356785
_to_copy_188,44.16985489295527
pow_91,43.33180431653722
mean_90,68.79993531911805
add_313,12.185689886228783
rsqrt_90,4.748243782246118
mul_388,61.68558335488972
_to_copy_189,44.16985489295527
mul_389,39.78191376306042
t_507,10.750924383797496
view_1356,2.2068267689255827
mm_426,719.0733316652554
view_1357,2.656543744362866
view_1358,2.2068267689255827
transpose_315,6.826266668530492
_to_copy_190,40.80726667444687
pow_92,31.77725000027567
mean_91,66.97986665094892
add_314,12.308300004775326
rsqrt_91,6.009433334584658
mul_390,87.55960000717702
_to_copy_191,40.80726667444687
mul_391,48.82248333532674
t_508,12.37918195005528
view_1359,2.787169833315459
mm_427,13154.641642499193
view_1360,9.979323416914092
t_509,12.37918195005528
view_1361,2.787169833315459
mm_428,13154.641642499193
view_1362,9.979323416914092
view_1363,8.347300917294653
transpose_316,6.222309333096181
view_1364,8.347300917294653
transpose_317,6.222309333096181
slice_665,6.9279381247859755
slice_666,6.9279381247859755
unsqueeze_151,5.384175666665115
slice_667,3.509070708462464
slice_668,3.509070708462464
expand_85,5.936071667890297
clone_78,830.2875260820215
_unsafe_view_76,3.6639733324536743
slice_669,6.9279381247859755
slice_670,6.9279381247859755
unsqueeze_152,5.384175666665115
slice_671,3.509070708462464
slice_672,3.509070708462464
expand_86,5.936071667890297
clone_79,830.2875260820215
_unsafe_view_77,3.6639733324536743
_to_copy_192,1018.4411474996876
pow_93,1511.8400809998798
mean_92,525.2745238322847
add_315,76.74884933327263
rsqrt_92,44.12972749963527
mul_392,571.046251997958
_to_copy_193,1018.4411474996876
mul_393,1067.1315491652429
_scaled_dot_product_flash_attention_for_cpu_78,2056.2414499997317
transpose_318,3.5355985527345237
view_1365,2.2484433323207003
t_510,10.750924383797496
view_1366,2.2068267689255827
mm_429,719.0733316652554
view_1367,2.656543744362866
tanh_34,25.707959944431543
mul_394,49.143500012531874
add_316,72.46531333356785
_to_copy_194,44.16985489295527
pow_94,43.33180431653722
mean_93,68.79993531911805
add_317,12.185689886228783
rsqrt_93,4.748243782246118
mul_395,61.68558335488972
_to_copy_195,44.16985489295527
mul_396,39.78191376306042
t_511,14.31318720028669
view_1368,2.2068267689255827
mm_430,1953.7946616700058
view_1369,3.9753749975251655
silu_38,75.53168666604907
t_512,14.31318720028669
view_1370,2.2068267689255827
mm_431,1953.7946616700058
view_1371,3.9753749975251655
mul_397,67.96671999198074
t_513,16.561137600820793
view_1372,1.335706665084387
mm_432,2124.797520003365
view_1373,2.656543744362866
slice_673,32.96239395174339
select_7,13.552850003835434
mul_398,61.68558335488972
tanh_35,25.707959944431543
mul_399,49.143500012531874
add_318,72.46531333356785
_to_copy_196,44.16985489295527
pow_95,43.33180431653722
mean_94,68.79993531911805
add_319,12.185689886228783
rsqrt_94,4.748243782246118
mul_400,61.68558335488972
_to_copy_197,44.16985489295527
mul_401,39.78191376306042
t_514,10.750924383797496
view_1374,2.2068267689255827
mm_433,719.0733316652554
view_1375,2.656543744362866
t_515,12.37918195005528
view_1376,2.2068267689255827
mm_434,279.56115416727846
view_1377,1.506858328372861
t_516,12.37918195005528
view_1378,2.2068267689255827
mm_435,279.56115416727846
view_1379,1.506858328372861
view_1380,2.2068267689255827
transpose_319,6.826266668530492
view_1381,1.8475583368175041
transpose_320,2.90094166676087
view_1382,1.8475583368175041
transpose_321,2.90094166676087
unsqueeze_153,4.835810416387782
unsqueeze_154,4.835810416387782
mul_402,51.0362562492451
slice_674,5.1783937534297975
slice_675,5.1783937534297975
neg_62,33.15887083248235
mul_403,51.0362562492451
add_320,41.60751666310632
mul_404,10.267558335708843
slice_676,3.7261447892849295
slice_677,3.7261447892849295
neg_63,7.4644458359456625
mul_405,10.267558335708843
add_321,9.72212916703041
slice_678,3.7261447892849295
slice_679,3.7261447892849295
unsqueeze_155,2.9612062563110766
slice_680,3.320731253917135
slice_681,3.320731253917135
expand_87,5.464814582232308
clone_80,44.73909166993496
_unsafe_view_78,2.1629020777511565
slice_682,3.7261447892849295
slice_683,3.7261447892849295
unsqueeze_156,2.9612062563110766
slice_684,3.320731253917135
slice_685,3.320731253917135
expand_88,5.464814582232308
clone_81,44.73909166993496
_unsafe_view_79,2.1629020777511565
slice_689,3.625707029528712
slice_690,3.625707029528712
slice_691,3.625707029528712
_scaled_dot_product_flash_attention_for_cpu_79,133.43402916161187
transpose_322,3.5355985527345237
view_1383,2.2484433323207003
t_517,10.750924383797496
view_1384,2.2068267689255827
mm_436,719.0733316652554
view_1385,2.656543744362866
add_322,72.46531333356785
_to_copy_198,44.16985489295527
pow_96,43.33180431653722
mean_95,68.79993531911805
add_323,12.185689886228783
rsqrt_95,4.748243782246118
mul_406,61.68558335488972
_to_copy_199,44.16985489295527
mul_407,39.78191376306042
t_518,14.31318720028669
view_1386,2.2068267689255827
mm_437,1953.7946616700058
view_1387,3.9753749975251655
silu_39,75.53168666604907
t_519,14.31318720028669
view_1388,2.2068267689255827
mm_438,1953.7946616700058
view_1389,3.9753749975251655
mul_408,67.96671999198074
t_520,16.561137600820793
view_1390,1.335706665084387
mm_439,2124.797520003365
view_1391,2.656543744362866
add_324,72.46531333356785
_to_copy_200,44.16985489295527
pow_97,43.33180431653722
mean_96,68.79993531911805
add_325,12.185689886228783
rsqrt_96,4.748243782246118
mul_409,61.68558335488972
_to_copy_201,44.16985489295527
mul_410,39.78191376306042
t_521,10.750924383797496
view_1392,2.2068267689255827
mm_440,719.0733316652554
view_1393,2.656543744362866
t_522,12.37918195005528
view_1394,2.2068267689255827
mm_441,279.56115416727846
view_1395,1.506858328372861
t_523,12.37918195005528
view_1396,2.2068267689255827
mm_442,279.56115416727846
view_1397,1.506858328372861
view_1398,2.2068267689255827
transpose_323,6.826266668530492
view_1399,1.8475583368175041
transpose_324,2.90094166676087
view_1400,1.8475583368175041
transpose_325,2.90094166676087
unsqueeze_157,4.835810416387782
unsqueeze_158,4.835810416387782
mul_411,51.0362562492451
slice_692,5.1783937534297975
slice_693,5.1783937534297975
neg_64,33.15887083248235
mul_412,51.0362562492451
add_326,41.60751666310632
mul_413,10.267558335708843
slice_694,3.7261447892849295
slice_695,3.7261447892849295
neg_65,7.4644458359456625
mul_414,10.267558335708843
add_327,9.72212916703041
slice_696,3.7261447892849295
slice_697,3.7261447892849295
unsqueeze_159,2.9612062563110766
slice_698,3.320731253917135
slice_699,3.320731253917135
expand_89,5.464814582232308
clone_82,44.73909166993496
_unsafe_view_80,2.1629020777511565
slice_700,3.7261447892849295
slice_701,3.7261447892849295
unsqueeze_160,2.9612062563110766
slice_702,3.320731253917135
slice_703,3.320731253917135
expand_90,5.464814582232308
clone_83,44.73909166993496
_unsafe_view_81,2.1629020777511565
slice_707,3.625707029528712
slice_708,3.625707029528712
slice_709,3.625707029528712
_scaled_dot_product_flash_attention_for_cpu_80,133.43402916161187
transpose_326,3.5355985527345237
view_1401,2.2484433323207003
t_524,10.750924383797496
view_1402,2.2068267689255827
mm_443,719.0733316652554
view_1403,2.656543744362866
add_328,72.46531333356785
_to_copy_202,44.16985489295527
pow_98,43.33180431653722
mean_97,68.79993531911805
add_329,12.185689886228783
rsqrt_97,4.748243782246118
mul_415,61.68558335488972
_to_copy_203,44.16985489295527
mul_416,39.78191376306042
t_525,14.31318720028669
view_1404,2.2068267689255827
mm_444,1953.7946616700058
view_1405,3.9753749975251655
silu_40,75.53168666604907
t_526,14.31318720028669
view_1406,2.2068267689255827
mm_445,1953.7946616700058
view_1407,3.9753749975251655
mul_417,67.96671999198074
t_527,16.561137600820793
view_1408,1.335706665084387
mm_446,2124.797520003365
view_1409,2.656543744362866
add_330,72.46531333356785
_to_copy_204,44.16985489295527
pow_99,43.33180431653722
mean_98,68.79993531911805
add_331,12.185689886228783
rsqrt_98,4.748243782246118
mul_418,61.68558335488972
_to_copy_205,44.16985489295527
mul_419,39.78191376306042
t_528,10.750924383797496
view_1410,2.2068267689255827
mm_447,719.0733316652554
view_1411,2.656543744362866
t_529,12.37918195005528
view_1412,2.2068267689255827
mm_448,279.56115416727846
view_1413,1.506858328372861
t_530,12.37918195005528
view_1414,2.2068267689255827
mm_449,279.56115416727846
view_1415,1.506858328372861
view_1416,2.2068267689255827
transpose_327,6.826266668530492
view_1417,1.8475583368175041
transpose_328,2.90094166676087
view_1418,1.8475583368175041
transpose_329,2.90094166676087
unsqueeze_161,4.835810416387782
unsqueeze_162,4.835810416387782
mul_420,51.0362562492451
slice_710,5.1783937534297975
slice_711,5.1783937534297975
neg_66,33.15887083248235
mul_421,51.0362562492451
add_332,41.60751666310632
mul_422,10.267558335708843
slice_712,3.7261447892849295
slice_713,3.7261447892849295
neg_67,7.4644458359456625
mul_423,10.267558335708843
add_333,9.72212916703041
slice_714,3.7261447892849295
slice_715,3.7261447892849295
unsqueeze_163,2.9612062563110766
slice_716,3.320731253917135
slice_717,3.320731253917135
expand_91,5.464814582232308
clone_84,44.73909166993496
_unsafe_view_82,2.1629020777511565
slice_718,3.7261447892849295
slice_719,3.7261447892849295
unsqueeze_164,2.9612062563110766
slice_720,3.320731253917135
slice_721,3.320731253917135
expand_92,5.464814582232308
clone_85,44.73909166993496
_unsafe_view_83,2.1629020777511565
slice_725,3.625707029528712
slice_726,3.625707029528712
slice_727,3.625707029528712
_scaled_dot_product_flash_attention_for_cpu_81,133.43402916161187
transpose_330,3.5355985527345237
view_1419,2.2484433323207003
t_531,10.750924383797496
view_1420,2.2068267689255827
mm_450,719.0733316652554
view_1421,2.656543744362866
add_334,72.46531333356785
_to_copy_206,44.16985489295527
pow_100,43.33180431653722
mean_99,68.79993531911805
add_335,12.185689886228783
rsqrt_99,4.748243782246118
mul_424,61.68558335488972
_to_copy_207,44.16985489295527
mul_425,39.78191376306042
t_532,14.31318720028669
view_1422,2.2068267689255827
mm_451,1953.7946616700058
view_1423,3.9753749975251655
silu_41,75.53168666604907
t_533,14.31318720028669
view_1424,2.2068267689255827
mm_452,1953.7946616700058
view_1425,3.9753749975251655
mul_426,67.96671999198074
t_534,16.561137600820793
view_1426,1.335706665084387
mm_453,2124.797520003365
view_1427,2.656543744362866
add_336,72.46531333356785
_to_copy_208,44.16985489295527
pow_101,43.33180431653722
mean_100,68.79993531911805
add_337,12.185689886228783
rsqrt_100,4.748243782246118
mul_427,61.68558335488972
_to_copy_209,44.16985489295527
mul_428,39.78191376306042
t_535,10.750924383797496
view_1428,2.2068267689255827
mm_454,719.0733316652554
view_1429,2.656543744362866
t_536,12.37918195005528
view_1430,2.2068267689255827
mm_455,279.56115416727846
view_1431,1.506858328372861
t_537,12.37918195005528
view_1432,2.2068267689255827
mm_456,279.56115416727846
view_1433,1.506858328372861
view_1434,2.2068267689255827
transpose_331,6.826266668530492
view_1435,1.8475583368175041
transpose_332,2.90094166676087
view_1436,1.8475583368175041
transpose_333,2.90094166676087
unsqueeze_165,4.835810416387782
unsqueeze_166,4.835810416387782
mul_429,51.0362562492451
slice_728,5.1783937534297975
slice_729,5.1783937534297975
neg_68,33.15887083248235
mul_430,51.0362562492451
add_338,41.60751666310632
mul_431,10.267558335708843
slice_730,3.7261447892849295
slice_731,3.7261447892849295
neg_69,7.4644458359456625
mul_432,10.267558335708843
add_339,9.72212916703041
slice_732,3.7261447892849295
slice_733,3.7261447892849295
unsqueeze_167,2.9612062563110766
slice_734,3.320731253917135
slice_735,3.320731253917135
expand_93,5.464814582232308
clone_86,44.73909166993496
_unsafe_view_84,2.1629020777511565
slice_736,3.7261447892849295
slice_737,3.7261447892849295
unsqueeze_168,2.9612062563110766
slice_738,3.320731253917135
slice_739,3.320731253917135
expand_94,5.464814582232308
clone_87,44.73909166993496
_unsafe_view_85,2.1629020777511565
slice_743,3.625707029528712
slice_744,3.625707029528712
slice_745,3.625707029528712
_scaled_dot_product_flash_attention_for_cpu_82,133.43402916161187
transpose_334,3.5355985527345237
view_1437,2.2484433323207003
t_538,10.750924383797496
view_1438,2.2068267689255827
mm_457,719.0733316652554
view_1439,2.656543744362866
add_340,72.46531333356785
_to_copy_210,44.16985489295527
pow_102,43.33180431653722
mean_101,68.79993531911805
add_341,12.185689886228783
rsqrt_101,4.748243782246118
mul_433,61.68558335488972
_to_copy_211,44.16985489295527
mul_434,39.78191376306042
t_539,14.31318720028669
view_1440,2.2068267689255827
mm_458,1953.7946616700058
view_1441,3.9753749975251655
silu_42,75.53168666604907
t_540,14.31318720028669
view_1442,2.2068267689255827
mm_459,1953.7946616700058
view_1443,3.9753749975251655
mul_435,67.96671999198074
t_541,16.561137600820793
view_1444,1.335706665084387
mm_460,2124.797520003365
view_1445,2.656543744362866
add_342,72.46531333356785
_to_copy_212,44.16985489295527
pow_103,43.33180431653722
mean_102,68.79993531911805
add_343,12.185689886228783
rsqrt_102,4.748243782246118
mul_436,61.68558335488972
_to_copy_213,44.16985489295527
mul_437,39.78191376306042
t_542,10.750924383797496
view_1446,2.2068267689255827
mm_461,719.0733316652554
view_1447,2.656543744362866
view_1448,2.2068267689255827
transpose_335,6.826266668530492
_to_copy_214,40.80726667444687
pow_104,31.77725000027567
mean_103,66.97986665094892
add_344,12.308300004775326
rsqrt_103,6.009433334584658
mul_438,87.55960000717702
_to_copy_215,40.80726667444687
mul_439,48.82248333532674
t_543,12.37918195005528
view_1449,2.787169833315459
mm_462,13154.641642499193
view_1450,9.979323416914092
t_544,12.37918195005528
view_1451,2.787169833315459
mm_463,13154.641642499193
view_1452,9.979323416914092
view_1453,8.347300917294653
transpose_336,6.222309333096181
view_1454,8.347300917294653
transpose_337,6.222309333096181
slice_746,6.9279381247859755
slice_747,6.9279381247859755
unsqueeze_169,5.384175666665115
slice_748,3.509070708462464
slice_749,3.509070708462464
expand_95,5.936071667890297
clone_88,830.2875260820215
_unsafe_view_86,3.6639733324536743
slice_750,6.9279381247859755
slice_751,6.9279381247859755
unsqueeze_170,5.384175666665115
slice_752,3.509070708462464
slice_753,3.509070708462464
expand_96,5.936071667890297
clone_89,830.2875260820215
_unsafe_view_87,3.6639733324536743
_to_copy_216,1018.4411474996876
pow_105,1511.8400809998798
mean_104,525.2745238322847
add_345,76.74884933327263
rsqrt_104,44.12972749963527
mul_440,571.046251997958
_to_copy_217,1018.4411474996876
mul_441,1067.1315491652429
_scaled_dot_product_flash_attention_for_cpu_83,2056.2414499997317
transpose_338,3.5355985527345237
view_1455,2.2484433323207003
t_545,10.750924383797496
view_1456,2.2068267689255827
mm_464,719.0733316652554
view_1457,2.656543744362866
tanh_36,25.707959944431543
mul_442,49.143500012531874
add_346,72.46531333356785
_to_copy_218,44.16985489295527
pow_106,43.33180431653722
mean_105,68.79993531911805
add_347,12.185689886228783
rsqrt_105,4.748243782246118
mul_443,61.68558335488972
_to_copy_219,44.16985489295527
mul_444,39.78191376306042
t_546,14.31318720028669
view_1458,2.2068267689255827
mm_465,1953.7946616700058
view_1459,3.9753749975251655
silu_43,75.53168666604907
t_547,14.31318720028669
view_1460,2.2068267689255827
mm_466,1953.7946616700058
view_1461,3.9753749975251655
mul_445,67.96671999198074
t_548,16.561137600820793
view_1462,1.335706665084387
mm_467,2124.797520003365
view_1463,2.656543744362866
slice_754,32.96239395174339
select_8,13.552850003835434
mul_446,61.68558335488972
tanh_37,25.707959944431543
mul_447,49.143500012531874
add_348,72.46531333356785
_to_copy_220,44.16985489295527
pow_107,43.33180431653722
mean_106,68.79993531911805
add_349,12.185689886228783
rsqrt_106,4.748243782246118
mul_448,61.68558335488972
_to_copy_221,44.16985489295527
mul_449,39.78191376306042
t_549,10.750924383797496
view_1464,2.2068267689255827
mm_468,719.0733316652554
view_1465,2.656543744362866
t_550,12.37918195005528
view_1466,2.2068267689255827
mm_469,279.56115416727846
view_1467,1.506858328372861
t_551,12.37918195005528
view_1468,2.2068267689255827
mm_470,279.56115416727846
view_1469,1.506858328372861
view_1470,2.2068267689255827
transpose_339,6.826266668530492
view_1471,1.8475583368175041
transpose_340,2.90094166676087
view_1472,1.8475583368175041
transpose_341,2.90094166676087
unsqueeze_171,4.835810416387782
unsqueeze_172,4.835810416387782
mul_450,51.0362562492451
slice_755,5.1783937534297975
slice_756,5.1783937534297975
neg_70,33.15887083248235
mul_451,51.0362562492451
add_350,41.60751666310632
mul_452,10.267558335708843
slice_757,3.7261447892849295
slice_758,3.7261447892849295
neg_71,7.4644458359456625
mul_453,10.267558335708843
add_351,9.72212916703041
slice_759,3.7261447892849295
slice_760,3.7261447892849295
unsqueeze_173,2.9612062563110766
slice_761,3.320731253917135
slice_762,3.320731253917135
expand_97,5.464814582232308
clone_90,44.73909166993496
_unsafe_view_88,2.1629020777511565
slice_763,3.7261447892849295
slice_764,3.7261447892849295
unsqueeze_174,2.9612062563110766
slice_765,3.320731253917135
slice_766,3.320731253917135
expand_98,5.464814582232308
clone_91,44.73909166993496
_unsafe_view_89,2.1629020777511565
slice_770,3.625707029528712
slice_771,3.625707029528712
slice_772,3.625707029528712
_scaled_dot_product_flash_attention_for_cpu_84,133.43402916161187
transpose_342,3.5355985527345237
view_1473,2.2484433323207003
t_552,10.750924383797496
view_1474,2.2068267689255827
mm_471,719.0733316652554
view_1475,2.656543744362866
add_352,72.46531333356785
_to_copy_222,44.16985489295527
pow_108,43.33180431653722
mean_107,68.79993531911805
add_353,12.185689886228783
rsqrt_107,4.748243782246118
mul_454,61.68558335488972
_to_copy_223,44.16985489295527
mul_455,39.78191376306042
t_553,14.31318720028669
view_1476,2.2068267689255827
mm_472,1953.7946616700058
view_1477,3.9753749975251655
silu_44,75.53168666604907
t_554,14.31318720028669
view_1478,2.2068267689255827
mm_473,1953.7946616700058
view_1479,3.9753749975251655
mul_456,67.96671999198074
t_555,16.561137600820793
view_1480,1.335706665084387
mm_474,2124.797520003365
view_1481,2.656543744362866
add_354,72.46531333356785
_to_copy_224,44.16985489295527
pow_109,43.33180431653722
mean_108,68.79993531911805
add_355,12.185689886228783
rsqrt_108,4.748243782246118
mul_457,61.68558335488972
_to_copy_225,44.16985489295527
mul_458,39.78191376306042
t_556,10.750924383797496
view_1482,2.2068267689255827
mm_475,719.0733316652554
view_1483,2.656543744362866
t_557,12.37918195005528
view_1484,2.2068267689255827
mm_476,279.56115416727846
view_1485,1.506858328372861
t_558,12.37918195005528
view_1486,2.2068267689255827
mm_477,279.56115416727846
view_1487,1.506858328372861
view_1488,2.2068267689255827
transpose_343,6.826266668530492
view_1489,1.8475583368175041
transpose_344,2.90094166676087
view_1490,1.8475583368175041
transpose_345,2.90094166676087
unsqueeze_175,4.835810416387782
unsqueeze_176,4.835810416387782
mul_459,51.0362562492451
slice_773,5.1783937534297975
slice_774,5.1783937534297975
neg_72,33.15887083248235
mul_460,51.0362562492451
add_356,41.60751666310632
mul_461,10.267558335708843
slice_775,3.7261447892849295
slice_776,3.7261447892849295
neg_73,7.4644458359456625
mul_462,10.267558335708843
add_357,9.72212916703041
slice_777,3.7261447892849295
slice_778,3.7261447892849295
unsqueeze_177,2.9612062563110766
slice_779,3.320731253917135
slice_780,3.320731253917135
expand_99,5.464814582232308
clone_92,44.73909166993496
_unsafe_view_90,2.1629020777511565
slice_781,3.7261447892849295
slice_782,3.7261447892849295
unsqueeze_178,2.9612062563110766
slice_783,3.320731253917135
slice_784,3.320731253917135
expand_100,5.464814582232308
clone_93,44.73909166993496
_unsafe_view_91,2.1629020777511565
slice_788,3.625707029528712
slice_789,3.625707029528712
slice_790,3.625707029528712
_scaled_dot_product_flash_attention_for_cpu_85,133.43402916161187
transpose_346,3.5355985527345237
view_1491,2.2484433323207003
t_559,10.750924383797496
view_1492,2.2068267689255827
mm_478,719.0733316652554
view_1493,2.656543744362866
add_358,72.46531333356785
_to_copy_226,44.16985489295527
pow_110,43.33180431653722
mean_109,68.79993531911805
add_359,12.185689886228783
rsqrt_109,4.748243782246118
mul_463,61.68558335488972
_to_copy_227,44.16985489295527
mul_464,39.78191376306042
t_560,14.31318720028669
view_1494,2.2068267689255827
mm_479,1953.7946616700058
view_1495,3.9753749975251655
silu_45,75.53168666604907
t_561,14.31318720028669
view_1496,2.2068267689255827
mm_480,1953.7946616700058
view_1497,3.9753749975251655
mul_465,67.96671999198074
t_562,16.561137600820793
view_1498,1.335706665084387
mm_481,2124.797520003365
view_1499,2.656543744362866
add_360,72.46531333356785
_to_copy_228,44.16985489295527
pow_111,43.33180431653722
mean_110,68.79993531911805
add_361,12.185689886228783
rsqrt_110,4.748243782246118
mul_466,61.68558335488972
_to_copy_229,44.16985489295527
mul_467,39.78191376306042
t_563,10.750924383797496
view_1500,2.2068267689255827
mm_482,719.0733316652554
view_1501,2.656543744362866
t_564,12.37918195005528
view_1502,2.2068267689255827
mm_483,279.56115416727846
view_1503,1.506858328372861
t_565,12.37918195005528
view_1504,2.2068267689255827
mm_484,279.56115416727846
view_1505,1.506858328372861
view_1506,2.2068267689255827
transpose_347,6.826266668530492
view_1507,1.8475583368175041
transpose_348,2.90094166676087
view_1508,1.8475583368175041
transpose_349,2.90094166676087
unsqueeze_179,4.835810416387782
unsqueeze_180,4.835810416387782
mul_468,51.0362562492451
slice_791,5.1783937534297975
slice_792,5.1783937534297975
neg_74,33.15887083248235
mul_469,51.0362562492451
add_362,41.60751666310632
mul_470,10.267558335708843
slice_793,3.7261447892849295
slice_794,3.7261447892849295
neg_75,7.4644458359456625
mul_471,10.267558335708843
add_363,9.72212916703041
slice_795,3.7261447892849295
slice_796,3.7261447892849295
unsqueeze_181,2.9612062563110766
slice_797,3.320731253917135
slice_798,3.320731253917135
expand_101,5.464814582232308
clone_94,44.73909166993496
_unsafe_view_92,2.1629020777511565
slice_799,3.7261447892849295
slice_800,3.7261447892849295
unsqueeze_182,2.9612062563110766
slice_801,3.320731253917135
slice_802,3.320731253917135
expand_102,5.464814582232308
clone_95,44.73909166993496
_unsafe_view_93,2.1629020777511565
slice_806,3.625707029528712
slice_807,3.625707029528712
slice_808,3.625707029528712
_scaled_dot_product_flash_attention_for_cpu_86,133.43402916161187
transpose_350,3.5355985527345237
view_1509,2.2484433323207003
t_566,10.750924383797496
view_1510,2.2068267689255827
mm_485,719.0733316652554
view_1511,2.656543744362866
add_364,72.46531333356785
_to_copy_230,44.16985489295527
pow_112,43.33180431653722
mean_111,68.79993531911805
add_365,12.185689886228783
rsqrt_111,4.748243782246118
mul_472,61.68558335488972
_to_copy_231,44.16985489295527
mul_473,39.78191376306042
t_567,14.31318720028669
view_1512,2.2068267689255827
mm_486,1953.7946616700058
view_1513,3.9753749975251655
silu_46,75.53168666604907
t_568,14.31318720028669
view_1514,2.2068267689255827
mm_487,1953.7946616700058
view_1515,3.9753749975251655
mul_474,67.96671999198074
t_569,16.561137600820793
view_1516,1.335706665084387
mm_488,2124.797520003365
view_1517,2.656543744362866
add_366,72.46531333356785
_to_copy_232,44.16985489295527
pow_113,43.33180431653722
mean_112,68.79993531911805
add_367,12.185689886228783
rsqrt_112,4.748243782246118
mul_475,61.68558335488972
_to_copy_233,44.16985489295527
mul_476,39.78191376306042
t_570,10.750924383797496
view_1518,2.2068267689255827
mm_489,719.0733316652554
view_1519,2.656543744362866
t_571,12.37918195005528
view_1520,2.2068267689255827
mm_490,279.56115416727846
view_1521,1.506858328372861
t_572,12.37918195005528
view_1522,2.2068267689255827
mm_491,279.56115416727846
view_1523,1.506858328372861
view_1524,2.2068267689255827
transpose_351,6.826266668530492
view_1525,1.8475583368175041
transpose_352,2.90094166676087
view_1526,1.8475583368175041
transpose_353,2.90094166676087
unsqueeze_183,4.835810416387782
unsqueeze_184,4.835810416387782
mul_477,51.0362562492451
slice_809,5.1783937534297975
slice_810,5.1783937534297975
neg_76,33.15887083248235
mul_478,51.0362562492451
add_368,41.60751666310632
mul_479,10.267558335708843
slice_811,3.7261447892849295
slice_812,3.7261447892849295
neg_77,7.4644458359456625
mul_480,10.267558335708843
add_369,9.72212916703041
slice_813,3.7261447892849295
slice_814,3.7261447892849295
unsqueeze_185,2.9612062563110766
slice_815,3.320731253917135
slice_816,3.320731253917135
expand_103,5.464814582232308
clone_96,44.73909166993496
_unsafe_view_94,2.1629020777511565
slice_817,3.7261447892849295
slice_818,3.7261447892849295
unsqueeze_186,2.9612062563110766
slice_819,3.320731253917135
slice_820,3.320731253917135
expand_104,5.464814582232308
clone_97,44.73909166993496
_unsafe_view_95,2.1629020777511565
slice_824,3.625707029528712
slice_825,3.625707029528712
slice_826,3.625707029528712
_scaled_dot_product_flash_attention_for_cpu_87,133.43402916161187
transpose_354,3.5355985527345237
view_1527,2.2484433323207003
t_573,10.750924383797496
view_1528,2.2068267689255827
mm_492,719.0733316652554
view_1529,2.656543744362866
add_370,72.46531333356785
_to_copy_234,44.16985489295527
pow_114,43.33180431653722
mean_113,68.79993531911805
add_371,12.185689886228783
rsqrt_113,4.748243782246118
mul_481,61.68558335488972
_to_copy_235,44.16985489295527
mul_482,39.78191376306042
t_574,14.31318720028669
view_1530,2.2068267689255827
mm_493,1953.7946616700058
view_1531,3.9753749975251655
silu_47,75.53168666604907
t_575,14.31318720028669
view_1532,2.2068267689255827
mm_494,1953.7946616700058
view_1533,3.9753749975251655
mul_483,67.96671999198074
t_576,16.561137600820793
view_1534,1.335706665084387
mm_495,2124.797520003365
view_1535,2.656543744362866
add_372,72.46531333356785
_to_copy_236,44.16985489295527
pow_115,43.33180431653722
mean_114,68.79993531911805
add_373,12.185689886228783
rsqrt_114,4.748243782246118
mul_484,61.68558335488972
_to_copy_237,44.16985489295527
mul_485,39.78191376306042
t_577,10.750924383797496
view_1536,2.2068267689255827
mm_496,719.0733316652554
view_1537,2.656543744362866
view_1538,2.2068267689255827
transpose_355,6.826266668530492
_to_copy_238,40.80726667444687
pow_116,31.77725000027567
mean_115,66.97986665094892
add_374,12.308300004775326
rsqrt_115,6.009433334584658
mul_486,87.55960000717702
_to_copy_239,40.80726667444687
mul_487,48.82248333532674
t_578,12.37918195005528
view_1539,2.787169833315459
mm_497,13154.641642499193
view_1540,9.979323416914092
t_579,12.37918195005528
view_1541,2.787169833315459
mm_498,13154.641642499193
view_1542,9.979323416914092
view_1543,8.347300917294653
transpose_356,6.222309333096181
view_1544,8.347300917294653
transpose_357,6.222309333096181
slice_827,6.9279381247859755
slice_828,6.9279381247859755
unsqueeze_187,5.384175666665115
slice_829,3.509070708462464
slice_830,3.509070708462464
expand_105,5.936071667890297
clone_98,830.2875260820215
_unsafe_view_96,3.6639733324536743
slice_831,6.9279381247859755
slice_832,6.9279381247859755
unsqueeze_188,5.384175666665115
slice_833,3.509070708462464
slice_834,3.509070708462464
expand_106,5.936071667890297
clone_99,830.2875260820215
_unsafe_view_97,3.6639733324536743
_to_copy_240,1018.4411474996876
pow_117,1511.8400809998798
mean_116,525.2745238322847
add_375,76.74884933327263
rsqrt_116,44.12972749963527
mul_488,571.046251997958
_to_copy_241,1018.4411474996876
mul_489,1067.1315491652429
_scaled_dot_product_flash_attention_for_cpu_88,2056.2414499997317
transpose_358,3.5355985527345237
view_1545,2.2484433323207003
t_580,10.750924383797496
view_1546,2.2068267689255827
mm_499,719.0733316652554
view_1547,2.656543744362866
tanh_38,25.707959944431543
mul_490,49.143500012531874
add_376,72.46531333356785
_to_copy_242,44.16985489295527
pow_118,43.33180431653722
mean_117,68.79993531911805
add_377,12.185689886228783
rsqrt_117,4.748243782246118
mul_491,61.68558335488972
_to_copy_243,44.16985489295527
mul_492,39.78191376306042
t_581,14.31318720028669
view_1548,2.2068267689255827
mm_500,1953.7946616700058
view_1549,3.9753749975251655
silu_48,75.53168666604907
t_582,14.31318720028669
view_1550,2.2068267689255827
mm_501,1953.7946616700058
view_1551,3.9753749975251655
mul_493,67.96671999198074
t_583,16.561137600820793
view_1552,1.335706665084387
mm_502,2124.797520003365
view_1553,2.656543744362866
slice_835,32.96239395174339
select_9,13.552850003835434
mul_494,61.68558335488972
tanh_39,25.707959944431543
mul_495,49.143500012531874
add_378,72.46531333356785
_to_copy_244,44.16985489295527
pow_119,43.33180431653722
mean_118,68.79993531911805
add_379,12.185689886228783
rsqrt_118,4.748243782246118
mul_496,61.68558335488972
_to_copy_245,44.16985489295527
mul_497,39.78191376306042
t_584,10.750924383797496
view_1554,2.2068267689255827
mm_503,719.0733316652554
view_1555,2.656543744362866
t_585,12.37918195005528
view_1556,2.2068267689255827
mm_504,279.56115416727846
view_1557,1.506858328372861
t_586,12.37918195005528
view_1558,2.2068267689255827
mm_505,279.56115416727846
view_1559,1.506858328372861
view_1560,2.2068267689255827
transpose_359,6.826266668530492
view_1561,1.8475583368175041
transpose_360,2.90094166676087
view_1562,1.8475583368175041
transpose_361,2.90094166676087
unsqueeze_189,4.835810416387782
unsqueeze_190,4.835810416387782
mul_498,51.0362562492451
slice_836,5.1783937534297975
slice_837,5.1783937534297975
neg_78,33.15887083248235
mul_499,51.0362562492451
add_380,41.60751666310632
mul_500,10.267558335708843
slice_838,3.7261447892849295
slice_839,3.7261447892849295
neg_79,7.4644458359456625
mul_501,10.267558335708843
add_381,9.72212916703041
slice_840,3.7261447892849295
slice_841,3.7261447892849295
unsqueeze_191,2.9612062563110766
slice_842,3.320731253917135
slice_843,3.320731253917135
expand_107,5.464814582232308
clone_100,44.73909166993496
_unsafe_view_98,2.1629020777511565
slice_844,3.7261447892849295
slice_845,3.7261447892849295
unsqueeze_192,2.9612062563110766
slice_846,3.320731253917135
slice_847,3.320731253917135
expand_108,5.464814582232308
clone_101,44.73909166993496
_unsafe_view_99,2.1629020777511565
slice_851,3.625707029528712
slice_852,3.625707029528712
slice_853,3.625707029528712
_scaled_dot_product_flash_attention_for_cpu_89,133.43402916161187
transpose_362,3.5355985527345237
view_1563,2.2484433323207003
t_587,10.750924383797496
view_1564,2.2068267689255827
mm_506,719.0733316652554
view_1565,2.656543744362866
add_382,72.46531333356785
_to_copy_246,44.16985489295527
pow_120,43.33180431653722
mean_119,68.79993531911805
add_383,12.185689886228783
rsqrt_119,4.748243782246118
mul_502,61.68558335488972
_to_copy_247,44.16985489295527
mul_503,39.78191376306042
t_588,14.31318720028669
view_1566,2.2068267689255827
mm_507,1953.7946616700058
view_1567,3.9753749975251655
silu_49,75.53168666604907
t_589,14.31318720028669
view_1568,2.2068267689255827
mm_508,1953.7946616700058
view_1569,3.9753749975251655
mul_504,67.96671999198074
t_590,16.561137600820793
view_1570,1.335706665084387
mm_509,2124.797520003365
view_1571,2.656543744362866
add_384,72.46531333356785
_to_copy_248,44.16985489295527
pow_121,43.33180431653722
mean_120,68.79993531911805
add_385,12.185689886228783
rsqrt_120,4.748243782246118
mul_505,61.68558335488972
_to_copy_249,44.16985489295527
mul_506,39.78191376306042
t_591,10.750924383797496
view_1572,2.2068267689255827
mm_510,719.0733316652554
view_1573,2.656543744362866
t_592,12.37918195005528
view_1574,2.2068267689255827
mm_511,279.56115416727846
view_1575,1.506858328372861
t_593,12.37918195005528
view_1576,2.2068267689255827
mm_512,279.56115416727846
view_1577,1.506858328372861
view_1578,2.2068267689255827
transpose_363,6.826266668530492
view_1579,1.8475583368175041
transpose_364,2.90094166676087
view_1580,1.8475583368175041
transpose_365,2.90094166676087
unsqueeze_193,4.835810416387782
unsqueeze_194,4.835810416387782
mul_507,51.0362562492451
slice_854,5.1783937534297975
slice_855,5.1783937534297975
neg_80,33.15887083248235
mul_508,51.0362562492451
add_386,41.60751666310632
mul_509,10.267558335708843
slice_856,3.7261447892849295
slice_857,3.7261447892849295
neg_81,7.4644458359456625
mul_510,10.267558335708843
add_387,9.72212916703041
slice_858,3.7261447892849295
slice_859,3.7261447892849295
unsqueeze_195,2.9612062563110766
slice_860,3.320731253917135
slice_861,3.320731253917135
expand_109,5.464814582232308
clone_102,44.73909166993496
_unsafe_view_100,2.1629020777511565
slice_862,3.7261447892849295
slice_863,3.7261447892849295
unsqueeze_196,2.9612062563110766
slice_864,3.320731253917135
slice_865,3.320731253917135
expand_110,5.464814582232308
clone_103,44.73909166993496
_unsafe_view_101,2.1629020777511565
slice_869,3.625707029528712
slice_870,3.625707029528712
slice_871,3.625707029528712
_scaled_dot_product_flash_attention_for_cpu_90,133.43402916161187
transpose_366,3.5355985527345237
view_1581,2.2484433323207003
t_594,10.750924383797496
view_1582,2.2068267689255827
mm_513,719.0733316652554
view_1583,2.656543744362866
add_388,72.46531333356785
_to_copy_250,44.16985489295527
pow_122,43.33180431653722
mean_121,68.79993531911805
add_389,12.185689886228783
rsqrt_121,4.748243782246118
mul_511,61.68558335488972
_to_copy_251,44.16985489295527
mul_512,39.78191376306042
t_595,14.31318720028669
view_1584,2.2068267689255827
mm_514,1953.7946616700058
view_1585,3.9753749975251655
silu_50,75.53168666604907
t_596,14.31318720028669
view_1586,2.2068267689255827
mm_515,1953.7946616700058
view_1587,3.9753749975251655
mul_513,67.96671999198074
t_597,16.561137600820793
view_1588,1.335706665084387
mm_516,2124.797520003365
view_1589,2.656543744362866
add_390,72.46531333356785
_to_copy_252,44.16985489295527
pow_123,43.33180431653722
mean_122,68.79993531911805
add_391,12.185689886228783
rsqrt_122,4.748243782246118
mul_514,61.68558335488972
_to_copy_253,44.16985489295527
mul_515,39.78191376306042
t_598,10.750924383797496
view_1590,2.2068267689255827
mm_517,719.0733316652554
view_1591,2.656543744362866
t_599,12.37918195005528
view_1592,2.2068267689255827
mm_518,279.56115416727846
view_1593,1.506858328372861
t_600,12.37918195005528
view_1594,2.2068267689255827
mm_519,279.56115416727846
view_1595,1.506858328372861
view_1596,2.2068267689255827
transpose_367,6.826266668530492
view_1597,1.8475583368175041
transpose_368,2.90094166676087
view_1598,1.8475583368175041
transpose_369,2.90094166676087
unsqueeze_197,4.835810416387782
unsqueeze_198,4.835810416387782
mul_516,51.0362562492451
slice_872,5.1783937534297975
slice_873,5.1783937534297975
neg_82,33.15887083248235
mul_517,51.0362562492451
add_392,41.60751666310632
mul_518,10.267558335708843
slice_874,3.7261447892849295
slice_875,3.7261447892849295
neg_83,7.4644458359456625
mul_519,10.267558335708843
add_393,9.72212916703041
slice_876,3.7261447892849295
slice_877,3.7261447892849295
unsqueeze_199,2.9612062563110766
slice_878,3.320731253917135
slice_879,3.320731253917135
expand_111,5.464814582232308
clone_104,44.73909166993496
_unsafe_view_102,2.1629020777511565
slice_880,3.7261447892849295
slice_881,3.7261447892849295
unsqueeze_200,2.9612062563110766
slice_882,3.320731253917135
slice_883,3.320731253917135
expand_112,5.464814582232308
clone_105,44.73909166993496
_unsafe_view_103,2.1629020777511565
slice_887,3.625707029528712
slice_888,3.625707029528712
slice_889,3.625707029528712
_scaled_dot_product_flash_attention_for_cpu_91,133.43402916161187
transpose_370,3.5355985527345237
view_1599,2.2484433323207003
t_601,10.750924383797496
view_1600,2.2068267689255827
mm_520,719.0733316652554
view_1601,2.656543744362866
add_394,72.46531333356785
_to_copy_254,44.16985489295527
pow_124,43.33180431653722
mean_123,68.79993531911805
add_395,12.185689886228783
rsqrt_123,4.748243782246118
mul_520,61.68558335488972
_to_copy_255,44.16985489295527
mul_521,39.78191376306042
t_602,14.31318720028669
view_1602,2.2068267689255827
mm_521,1953.7946616700058
view_1603,3.9753749975251655
silu_51,75.53168666604907
t_603,14.31318720028669
view_1604,2.2068267689255827
mm_522,1953.7946616700058
view_1605,3.9753749975251655
mul_522,67.96671999198074
t_604,16.561137600820793
view_1606,1.335706665084387
mm_523,2124.797520003365
view_1607,2.656543744362866
add_396,72.46531333356785
_to_copy_256,44.16985489295527
pow_125,43.33180431653722
mean_124,68.79993531911805
add_397,12.185689886228783
rsqrt_124,4.748243782246118
mul_523,61.68558335488972
_to_copy_257,44.16985489295527
mul_524,39.78191376306042
t_605,10.750924383797496
view_1608,2.2068267689255827
mm_524,719.0733316652554
view_1609,2.656543744362866
t_606,12.37918195005528
view_1610,2.2068267689255827
mm_525,279.56115416727846
view_1611,1.506858328372861
t_607,12.37918195005528
view_1612,2.2068267689255827
mm_526,279.56115416727846
view_1613,1.506858328372861
view_1614,2.2068267689255827
transpose_371,6.826266668530492
view_1615,1.8475583368175041
transpose_372,2.90094166676087
view_1616,1.8475583368175041
transpose_373,2.90094166676087
unsqueeze_201,4.835810416387782
unsqueeze_202,4.835810416387782
mul_525,51.0362562492451
slice_890,5.1783937534297975
slice_891,5.1783937534297975
neg_84,33.15887083248235
mul_526,51.0362562492451
add_398,41.60751666310632
mul_527,10.267558335708843
slice_892,3.7261447892849295
slice_893,3.7261447892849295
neg_85,7.4644458359456625
mul_528,10.267558335708843
add_399,9.72212916703041
slice_894,3.7261447892849295
slice_895,3.7261447892849295
unsqueeze_203,2.9612062563110766
slice_896,3.320731253917135
slice_897,3.320731253917135
expand_113,5.464814582232308
clone_106,44.73909166993496
_unsafe_view_104,2.1629020777511565
slice_898,3.7261447892849295
slice_899,3.7261447892849295
unsqueeze_204,2.9612062563110766
slice_900,3.320731253917135
slice_901,3.320731253917135
expand_114,5.464814582232308
clone_107,44.73909166993496
_unsafe_view_105,2.1629020777511565
slice_905,3.625707029528712
slice_906,3.625707029528712
slice_907,3.625707029528712
_scaled_dot_product_flash_attention_for_cpu_92,133.43402916161187
transpose_374,3.5355985527345237
view_1617,2.2484433323207003
t_608,10.750924383797496
view_1618,2.2068267689255827
mm_527,719.0733316652554
view_1619,2.656543744362866
add_400,72.46531333356785
_to_copy_258,44.16985489295527
pow_126,43.33180431653722
mean_125,68.79993531911805
add_401,12.185689886228783
rsqrt_125,4.748243782246118
mul_529,61.68558335488972
_to_copy_259,44.16985489295527
mul_530,39.78191376306042
t_609,14.31318720028669
view_1620,2.2068267689255827
mm_528,1953.7946616700058
view_1621,3.9753749975251655
silu_52,75.53168666604907
t_610,14.31318720028669
view_1622,2.2068267689255827
mm_529,1953.7946616700058
view_1623,3.9753749975251655
mul_531,67.96671999198074
t_611,16.561137600820793
view_1624,1.335706665084387
mm_530,2124.797520003365
view_1625,2.656543744362866
add_402,72.46531333356785
_to_copy_260,44.16985489295527
pow_127,43.33180431653722
mean_126,68.79993531911805
add_403,12.185689886228783
rsqrt_126,4.748243782246118
mul_532,61.68558335488972
_to_copy_261,44.16985489295527
mul_533,39.78191376306042
t_612,10.750924383797496
view_1626,2.2068267689255827
mm_531,719.0733316652554
view_1627,2.656543744362866
view_1628,2.2068267689255827
transpose_375,6.826266668530492
_to_copy_262,40.80726667444687
pow_128,31.77725000027567
mean_127,66.97986665094892
add_404,12.308300004775326
rsqrt_127,6.009433334584658
mul_534,87.55960000717702
_to_copy_263,40.80726667444687
mul_535,48.82248333532674
t_613,12.37918195005528
view_1629,2.787169833315459
mm_532,13154.641642499193
view_1630,9.979323416914092
t_614,12.37918195005528
view_1631,2.787169833315459
mm_533,13154.641642499193
view_1632,9.979323416914092
view_1633,8.347300917294653
transpose_376,6.222309333096181
view_1634,8.347300917294653
transpose_377,6.222309333096181
slice_908,6.9279381247859755
slice_909,6.9279381247859755
unsqueeze_205,5.384175666665115
slice_910,3.509070708462464
slice_911,3.509070708462464
expand_115,5.936071667890297
clone_108,830.2875260820215
_unsafe_view_106,3.6639733324536743
slice_912,6.9279381247859755
slice_913,6.9279381247859755
unsqueeze_206,5.384175666665115
slice_914,3.509070708462464
slice_915,3.509070708462464
expand_116,5.936071667890297
clone_109,830.2875260820215
_unsafe_view_107,3.6639733324536743
_to_copy_264,1018.4411474996876
pow_129,1511.8400809998798
mean_128,525.2745238322847
add_405,76.74884933327263
rsqrt_128,44.12972749963527
mul_536,571.046251997958
_to_copy_265,1018.4411474996876
mul_537,1067.1315491652429
_scaled_dot_product_flash_attention_for_cpu_93,2056.2414499997317
transpose_378,3.5355985527345237
view_1635,2.2484433323207003
t_615,10.750924383797496
view_1636,2.2068267689255827
mm_534,719.0733316652554
view_1637,2.656543744362866
tanh_40,25.707959944431543
mul_538,49.143500012531874
add_406,72.46531333356785
_to_copy_266,44.16985489295527
pow_130,43.33180431653722
mean_129,68.79993531911805
add_407,12.185689886228783
rsqrt_129,4.748243782246118
mul_539,61.68558335488972
_to_copy_267,44.16985489295527
mul_540,39.78191376306042
t_616,14.31318720028669
view_1638,2.2068267689255827
mm_535,1953.7946616700058
view_1639,3.9753749975251655
silu_53,75.53168666604907
t_617,14.31318720028669
view_1640,2.2068267689255827
mm_536,1953.7946616700058
view_1641,3.9753749975251655
mul_541,67.96671999198074
t_618,16.561137600820793
view_1642,1.335706665084387
mm_537,2124.797520003365
view_1643,2.656543744362866
slice_916,32.96239395174339
select_10,13.552850003835434
mul_542,61.68558335488972
tanh_41,25.707959944431543
mul_543,49.143500012531874
add_408,72.46531333356785
_to_copy_268,44.16985489295527
pow_131,43.33180431653722
mean_130,68.79993531911805
add_409,12.185689886228783
rsqrt_130,4.748243782246118
mul_544,61.68558335488972
_to_copy_269,44.16985489295527
mul_545,39.78191376306042
t_619,10.750924383797496
view_1644,2.2068267689255827
mm_538,719.0733316652554
view_1645,2.656543744362866
t_620,12.37918195005528
view_1646,2.2068267689255827
mm_539,279.56115416727846
view_1647,1.506858328372861
t_621,12.37918195005528
view_1648,2.2068267689255827
mm_540,279.56115416727846
view_1649,1.506858328372861
view_1650,2.2068267689255827
transpose_379,6.826266668530492
view_1651,1.8475583368175041
transpose_380,2.90094166676087
view_1652,1.8475583368175041
transpose_381,2.90094166676087
unsqueeze_207,4.835810416387782
unsqueeze_208,4.835810416387782
mul_546,51.0362562492451
slice_917,5.1783937534297975
slice_918,5.1783937534297975
neg_86,33.15887083248235
mul_547,51.0362562492451
add_410,41.60751666310632
mul_548,10.267558335708843
slice_919,3.7261447892849295
slice_920,3.7261447892849295
neg_87,7.4644458359456625
mul_549,10.267558335708843
add_411,9.72212916703041
slice_921,3.7261447892849295
slice_922,3.7261447892849295
unsqueeze_209,2.9612062563110766
slice_923,3.320731253917135
slice_924,3.320731253917135
expand_117,5.464814582232308
clone_110,44.73909166993496
_unsafe_view_108,2.1629020777511565
slice_925,3.7261447892849295
slice_926,3.7261447892849295
unsqueeze_210,2.9612062563110766
slice_927,3.320731253917135
slice_928,3.320731253917135
expand_118,5.464814582232308
clone_111,44.73909166993496
_unsafe_view_109,2.1629020777511565
slice_932,3.625707029528712
slice_933,3.625707029528712
slice_934,3.625707029528712
_scaled_dot_product_flash_attention_for_cpu_94,133.43402916161187
transpose_382,3.5355985527345237
view_1653,2.2484433323207003
t_622,10.750924383797496
view_1654,2.2068267689255827
mm_541,719.0733316652554
view_1655,2.656543744362866
add_412,72.46531333356785
_to_copy_270,44.16985489295527
pow_132,43.33180431653722
mean_131,68.79993531911805
add_413,12.185689886228783
rsqrt_131,4.748243782246118
mul_550,61.68558335488972
_to_copy_271,44.16985489295527
mul_551,39.78191376306042
t_623,14.31318720028669
view_1656,2.2068267689255827
mm_542,1953.7946616700058
view_1657,3.9753749975251655
silu_54,75.53168666604907
t_624,14.31318720028669
view_1658,2.2068267689255827
mm_543,1953.7946616700058
view_1659,3.9753749975251655
mul_552,67.96671999198074
t_625,16.561137600820793
view_1660,1.335706665084387
mm_544,2124.797520003365
view_1661,2.656543744362866
add_414,72.46531333356785
_to_copy_272,44.16985489295527
pow_133,43.33180431653722
mean_132,68.79993531911805
add_415,12.185689886228783
rsqrt_132,4.748243782246118
mul_553,61.68558335488972
_to_copy_273,44.16985489295527
mul_554,39.78191376306042
t_626,10.750924383797496
view_1662,2.2068267689255827
mm_545,719.0733316652554
view_1663,2.656543744362866
t_627,12.37918195005528
view_1664,2.2068267689255827
mm_546,279.56115416727846
view_1665,1.506858328372861
t_628,12.37918195005528
view_1666,2.2068267689255827
mm_547,279.56115416727846
view_1667,1.506858328372861
view_1668,2.2068267689255827
transpose_383,6.826266668530492
view_1669,1.8475583368175041
transpose_384,2.90094166676087
view_1670,1.8475583368175041
transpose_385,2.90094166676087
unsqueeze_211,4.835810416387782
unsqueeze_212,4.835810416387782
mul_555,51.0362562492451
slice_935,5.1783937534297975
slice_936,5.1783937534297975
neg_88,33.15887083248235
mul_556,51.0362562492451
add_416,41.60751666310632
mul_557,10.267558335708843
slice_937,3.7261447892849295
slice_938,3.7261447892849295
neg_89,7.4644458359456625
mul_558,10.267558335708843
add_417,9.72212916703041
slice_939,3.7261447892849295
slice_940,3.7261447892849295
unsqueeze_213,2.9612062563110766
slice_941,3.320731253917135
slice_942,3.320731253917135
expand_119,5.464814582232308
clone_112,44.73909166993496
_unsafe_view_110,2.1629020777511565
slice_943,3.7261447892849295
slice_944,3.7261447892849295
unsqueeze_214,2.9612062563110766
slice_945,3.320731253917135
slice_946,3.320731253917135
expand_120,5.464814582232308
clone_113,44.73909166993496
_unsafe_view_111,2.1629020777511565
slice_950,3.625707029528712
slice_951,3.625707029528712
slice_952,3.625707029528712
_scaled_dot_product_flash_attention_for_cpu_95,133.43402916161187
transpose_386,3.5355985527345237
view_1671,2.2484433323207003
t_629,10.750924383797496
view_1672,2.2068267689255827
mm_548,719.0733316652554
view_1673,2.656543744362866
add_418,72.46531333356785
_to_copy_274,44.16985489295527
pow_134,43.33180431653722
mean_133,68.79993531911805
add_419,12.185689886228783
rsqrt_133,4.748243782246118
mul_559,61.68558335488972
_to_copy_275,44.16985489295527
mul_560,39.78191376306042
t_630,14.31318720028669
view_1674,2.2068267689255827
mm_549,1953.7946616700058
view_1675,3.9753749975251655
silu_55,75.53168666604907
t_631,14.31318720028669
view_1676,2.2068267689255827
mm_550,1953.7946616700058
view_1677,3.9753749975251655
mul_561,67.96671999198074
t_632,16.561137600820793
view_1678,1.335706665084387
mm_551,2124.797520003365
view_1679,2.656543744362866
add_420,72.46531333356785
_to_copy_276,44.16985489295527
pow_135,43.33180431653722
mean_134,68.79993531911805
add_421,12.185689886228783
rsqrt_134,4.748243782246118
mul_562,61.68558335488972
_to_copy_277,44.16985489295527
mul_563,39.78191376306042
t_633,10.750924383797496
view_1680,2.2068267689255827
mm_552,719.0733316652554
view_1681,2.656543744362866
t_634,12.37918195005528
view_1682,2.2068267689255827
mm_553,279.56115416727846
view_1683,1.506858328372861
t_635,12.37918195005528
view_1684,2.2068267689255827
mm_554,279.56115416727846
view_1685,1.506858328372861
view_1686,2.2068267689255827
transpose_387,6.826266668530492
view_1687,1.8475583368175041
transpose_388,2.90094166676087
view_1688,1.8475583368175041
transpose_389,2.90094166676087
unsqueeze_215,4.835810416387782
unsqueeze_216,4.835810416387782
mul_564,51.0362562492451
slice_953,5.1783937534297975
slice_954,5.1783937534297975
neg_90,33.15887083248235
mul_565,51.0362562492451
add_422,41.60751666310632
mul_566,10.267558335708843
slice_955,3.7261447892849295
slice_956,3.7261447892849295
neg_91,7.4644458359456625
mul_567,10.267558335708843
add_423,9.72212916703041
slice_957,3.7261447892849295
slice_958,3.7261447892849295
unsqueeze_217,2.9612062563110766
slice_959,3.320731253917135
slice_960,3.320731253917135
expand_121,5.464814582232308
clone_114,44.73909166993496
_unsafe_view_112,2.1629020777511565
slice_961,3.7261447892849295
slice_962,3.7261447892849295
unsqueeze_218,2.9612062563110766
slice_963,3.320731253917135
slice_964,3.320731253917135
expand_122,5.464814582232308
clone_115,44.73909166993496
_unsafe_view_113,2.1629020777511565
slice_968,3.625707029528712
slice_969,3.625707029528712
slice_970,3.625707029528712
_scaled_dot_product_flash_attention_for_cpu_96,133.43402916161187
transpose_390,3.5355985527345237
view_1689,2.2484433323207003
t_636,10.750924383797496
view_1690,2.2068267689255827
mm_555,719.0733316652554
view_1691,2.656543744362866
add_424,72.46531333356785
_to_copy_278,44.16985489295527
pow_136,43.33180431653722
mean_135,68.79993531911805
add_425,12.185689886228783
rsqrt_135,4.748243782246118
mul_568,61.68558335488972
_to_copy_279,44.16985489295527
mul_569,39.78191376306042
t_637,14.31318720028669
view_1692,2.2068267689255827
mm_556,1953.7946616700058
view_1693,3.9753749975251655
silu_56,75.53168666604907
t_638,14.31318720028669
view_1694,2.2068267689255827
mm_557,1953.7946616700058
view_1695,3.9753749975251655
mul_570,67.96671999198074
t_639,16.561137600820793
view_1696,1.335706665084387
mm_558,2124.797520003365
view_1697,2.656543744362866
add_426,72.46531333356785
_to_copy_280,44.16985489295527
pow_137,43.33180431653722
mean_136,68.79993531911805
add_427,12.185689886228783
rsqrt_136,4.748243782246118
mul_571,61.68558335488972
_to_copy_281,44.16985489295527
mul_572,39.78191376306042
t_640,10.750924383797496
view_1698,2.2068267689255827
mm_559,719.0733316652554
view_1699,2.656543744362866
t_641,12.37918195005528
view_1700,2.2068267689255827
mm_560,279.56115416727846
view_1701,1.506858328372861
t_642,12.37918195005528
view_1702,2.2068267689255827
mm_561,279.56115416727846
view_1703,1.506858328372861
view_1704,2.2068267689255827
transpose_391,6.826266668530492
view_1705,1.8475583368175041
transpose_392,2.90094166676087
view_1706,1.8475583368175041
transpose_393,2.90094166676087
unsqueeze_219,4.835810416387782
unsqueeze_220,4.835810416387782
mul_573,51.0362562492451
slice_971,5.1783937534297975
slice_972,5.1783937534297975
neg_92,33.15887083248235
mul_574,51.0362562492451
add_428,41.60751666310632
mul_575,10.267558335708843
slice_973,3.7261447892849295
slice_974,3.7261447892849295
neg_93,7.4644458359456625
mul_576,10.267558335708843
add_429,9.72212916703041
slice_975,3.7261447892849295
slice_976,3.7261447892849295
unsqueeze_221,2.9612062563110766
slice_977,3.320731253917135
slice_978,3.320731253917135
expand_123,5.464814582232308
clone_116,44.73909166993496
_unsafe_view_114,2.1629020777511565
slice_979,3.7261447892849295
slice_980,3.7261447892849295
unsqueeze_222,2.9612062563110766
slice_981,3.320731253917135
slice_982,3.320731253917135
expand_124,5.464814582232308
clone_117,44.73909166993496
_unsafe_view_115,2.1629020777511565
slice_986,3.625707029528712
slice_987,3.625707029528712
slice_988,3.625707029528712
_scaled_dot_product_flash_attention_for_cpu_97,133.43402916161187
transpose_394,3.5355985527345237
view_1707,2.2484433323207003
t_643,10.750924383797496
view_1708,2.2068267689255827
mm_562,719.0733316652554
view_1709,2.656543744362866
add_430,72.46531333356785
_to_copy_282,44.16985489295527
pow_138,43.33180431653722
mean_137,68.79993531911805
add_431,12.185689886228783
rsqrt_137,4.748243782246118
mul_577,61.68558335488972
_to_copy_283,44.16985489295527
mul_578,39.78191376306042
t_644,14.31318720028669
view_1710,2.2068267689255827
mm_563,1953.7946616700058
view_1711,3.9753749975251655
silu_57,75.53168666604907
t_645,14.31318720028669
view_1712,2.2068267689255827
mm_564,1953.7946616700058
view_1713,3.9753749975251655
mul_579,67.96671999198074
t_646,16.561137600820793
view_1714,1.335706665084387
mm_565,2124.797520003365
view_1715,2.656543744362866
add_432,72.46531333356785
_to_copy_284,44.16985489295527
pow_139,43.33180431653722
mean_138,68.79993531911805
add_433,12.185689886228783
rsqrt_138,4.748243782246118
mul_580,61.68558335488972
_to_copy_285,44.16985489295527
mul_581,39.78191376306042
t_647,10.750924383797496
view_1716,2.2068267689255827
mm_566,719.0733316652554
view_1717,2.656543744362866
view_1718,2.2068267689255827
transpose_395,6.826266668530492
_to_copy_286,40.80726667444687
pow_140,31.77725000027567
mean_139,66.97986665094892
add_434,12.308300004775326
rsqrt_139,6.009433334584658
mul_582,87.55960000717702
_to_copy_287,40.80726667444687
mul_583,48.82248333532674
t_648,12.37918195005528
view_1719,2.787169833315459
mm_567,13154.641642499193
view_1720,9.979323416914092
t_649,12.37918195005528
view_1721,2.787169833315459
mm_568,13154.641642499193
view_1722,9.979323416914092
view_1723,8.347300917294653
transpose_396,6.222309333096181
view_1724,8.347300917294653
transpose_397,6.222309333096181
slice_989,6.9279381247859755
slice_990,6.9279381247859755
unsqueeze_223,5.384175666665115
slice_991,3.509070708462464
slice_992,3.509070708462464
expand_125,5.936071667890297
clone_118,830.2875260820215
_unsafe_view_116,3.6639733324536743
slice_993,6.9279381247859755
slice_994,6.9279381247859755
unsqueeze_224,5.384175666665115
slice_995,3.509070708462464
slice_996,3.509070708462464
expand_126,5.936071667890297
clone_119,830.2875260820215
_unsafe_view_117,3.6639733324536743
_to_copy_288,1018.4411474996876
pow_141,1511.8400809998798
mean_140,525.2745238322847
add_435,76.74884933327263
rsqrt_140,44.12972749963527
mul_584,571.046251997958
_to_copy_289,1018.4411474996876
mul_585,1067.1315491652429
_scaled_dot_product_flash_attention_for_cpu_98,2056.2414499997317
transpose_398,3.5355985527345237
view_1725,2.2484433323207003
t_650,10.750924383797496
view_1726,2.2068267689255827
mm_569,719.0733316652554
view_1727,2.656543744362866
tanh_42,25.707959944431543
mul_586,49.143500012531874
add_436,72.46531333356785
_to_copy_290,44.16985489295527
pow_142,43.33180431653722
mean_141,68.79993531911805
add_437,12.185689886228783
rsqrt_141,4.748243782246118
mul_587,61.68558335488972
_to_copy_291,44.16985489295527
mul_588,39.78191376306042
t_651,14.31318720028669
view_1728,2.2068267689255827
mm_570,1953.7946616700058
view_1729,3.9753749975251655
silu_58,75.53168666604907
t_652,14.31318720028669
view_1730,2.2068267689255827
mm_571,1953.7946616700058
view_1731,3.9753749975251655
mul_589,67.96671999198074
t_653,16.561137600820793
view_1732,1.335706665084387
mm_572,2124.797520003365
view_1733,2.656543744362866
slice_997,32.96239395174339
select_11,13.552850003835434
mul_590,61.68558335488972
tanh_43,25.707959944431543
mul_591,49.143500012531874
add_438,72.46531333356785
_to_copy_292,44.16985489295527
pow_143,43.33180431653722
mean_142,68.79993531911805
add_439,12.185689886228783
rsqrt_142,4.748243782246118
mul_592,61.68558335488972
_to_copy_293,44.16985489295527
mul_593,39.78191376306042
t_654,10.750924383797496
view_1734,2.2068267689255827
mm_573,719.0733316652554
view_1735,2.656543744362866
t_655,12.37918195005528
view_1736,2.2068267689255827
mm_574,279.56115416727846
view_1737,1.506858328372861
t_656,12.37918195005528
view_1738,2.2068267689255827
mm_575,279.56115416727846
view_1739,1.506858328372861
view_1740,2.2068267689255827
transpose_399,6.826266668530492
view_1741,1.8475583368175041
transpose_400,2.90094166676087
view_1742,1.8475583368175041
transpose_401,2.90094166676087
unsqueeze_225,4.835810416387782
unsqueeze_226,4.835810416387782
mul_594,51.0362562492451
slice_998,5.1783937534297975
slice_999,5.1783937534297975
neg_94,33.15887083248235
mul_595,51.0362562492451
add_440,41.60751666310632
mul_596,10.267558335708843
slice_1000,3.7261447892849295
slice_1001,3.7261447892849295
neg_95,7.4644458359456625
mul_597,10.267558335708843
add_441,9.72212916703041
slice_1002,3.7261447892849295
slice_1003,3.7261447892849295
unsqueeze_227,2.9612062563110766
slice_1004,3.320731253917135
slice_1005,3.320731253917135
expand_127,5.464814582232308
clone_120,44.73909166993496
_unsafe_view_118,2.1629020777511565
slice_1006,3.7261447892849295
slice_1007,3.7261447892849295
unsqueeze_228,2.9612062563110766
slice_1008,3.320731253917135
slice_1009,3.320731253917135
expand_128,5.464814582232308
clone_121,44.73909166993496
_unsafe_view_119,2.1629020777511565
slice_1013,3.625707029528712
slice_1014,3.625707029528712
slice_1015,3.625707029528712
_scaled_dot_product_flash_attention_for_cpu_99,133.43402916161187
transpose_402,3.5355985527345237
view_1743,2.2484433323207003
t_657,10.750924383797496
view_1744,2.2068267689255827
mm_576,719.0733316652554
view_1745,2.656543744362866
add_442,72.46531333356785
_to_copy_294,44.16985489295527
pow_144,43.33180431653722
mean_143,68.79993531911805
add_443,12.185689886228783
rsqrt_143,4.748243782246118
mul_598,61.68558335488972
_to_copy_295,44.16985489295527
mul_599,39.78191376306042
t_658,14.31318720028669
view_1746,2.2068267689255827
mm_577,1953.7946616700058
view_1747,3.9753749975251655
silu_59,75.53168666604907
t_659,14.31318720028669
view_1748,2.2068267689255827
mm_578,1953.7946616700058
view_1749,3.9753749975251655
mul_600,67.96671999198074
t_660,16.561137600820793
view_1750,1.335706665084387
mm_579,2124.797520003365
view_1751,2.656543744362866
add_444,72.46531333356785
_to_copy_296,44.16985489295527
pow_145,43.33180431653722
mean_144,68.79993531911805
add_445,12.185689886228783
rsqrt_144,4.748243782246118
mul_601,61.68558335488972
_to_copy_297,44.16985489295527
mul_602,39.78191376306042
t_661,10.750924383797496
view_1752,2.2068267689255827
mm_580,719.0733316652554
view_1753,2.656543744362866
t_662,12.37918195005528
view_1754,2.2068267689255827
mm_581,279.56115416727846
view_1755,1.506858328372861
t_663,12.37918195005528
view_1756,2.2068267689255827
mm_582,279.56115416727846
view_1757,1.506858328372861
view_1758,2.2068267689255827
transpose_403,6.826266668530492
view_1759,1.8475583368175041
transpose_404,2.90094166676087
view_1760,1.8475583368175041
transpose_405,2.90094166676087
unsqueeze_229,4.835810416387782
unsqueeze_230,4.835810416387782
mul_603,51.0362562492451
slice_1016,5.1783937534297975
slice_1017,5.1783937534297975
neg_96,33.15887083248235
mul_604,51.0362562492451
add_446,41.60751666310632
mul_605,10.267558335708843
slice_1018,3.7261447892849295
slice_1019,3.7261447892849295
neg_97,7.4644458359456625
mul_606,10.267558335708843
add_447,9.72212916703041
slice_1020,3.7261447892849295
slice_1021,3.7261447892849295
unsqueeze_231,2.9612062563110766
slice_1022,3.320731253917135
slice_1023,3.320731253917135
expand_129,5.464814582232308
clone_122,44.73909166993496
_unsafe_view_120,2.1629020777511565
slice_1024,3.7261447892849295
slice_1025,3.7261447892849295
unsqueeze_232,2.9612062563110766
slice_1026,3.320731253917135
slice_1027,3.320731253917135
expand_130,5.464814582232308
clone_123,44.73909166993496
_unsafe_view_121,2.1629020777511565
slice_1031,3.625707029528712
slice_1032,3.625707029528712
slice_1033,3.625707029528712
_scaled_dot_product_flash_attention_for_cpu_100,133.43402916161187
transpose_406,3.5355985527345237
view_1761,2.2484433323207003
t_664,10.750924383797496
view_1762,2.2068267689255827
mm_583,719.0733316652554
view_1763,2.656543744362866
add_448,72.46531333356785
_to_copy_298,44.16985489295527
pow_146,43.33180431653722
mean_145,68.79993531911805
add_449,12.185689886228783
rsqrt_145,4.748243782246118
mul_607,61.68558335488972
_to_copy_299,44.16985489295527
mul_608,39.78191376306042
t_665,14.31318720028669
view_1764,2.2068267689255827
mm_584,1953.7946616700058
view_1765,3.9753749975251655
silu_60,75.53168666604907
t_666,14.31318720028669
view_1766,2.2068267689255827
mm_585,1953.7946616700058
view_1767,3.9753749975251655
mul_609,67.96671999198074
t_667,16.561137600820793
view_1768,1.335706665084387
mm_586,2124.797520003365
view_1769,2.656543744362866
add_450,72.46531333356785
_to_copy_300,44.16985489295527
pow_147,43.33180431653722
mean_146,68.79993531911805
add_451,12.185689886228783
rsqrt_146,4.748243782246118
mul_610,61.68558335488972
_to_copy_301,44.16985489295527
mul_611,39.78191376306042
t_668,10.750924383797496
view_1770,2.2068267689255827
mm_587,719.0733316652554
view_1771,2.656543744362866
t_669,12.37918195005528
view_1772,2.2068267689255827
mm_588,279.56115416727846
view_1773,1.506858328372861
t_670,12.37918195005528
view_1774,2.2068267689255827
mm_589,279.56115416727846
view_1775,1.506858328372861
view_1776,2.2068267689255827
transpose_407,6.826266668530492
view_1777,1.8475583368175041
transpose_408,2.90094166676087
view_1778,1.8475583368175041
transpose_409,2.90094166676087
unsqueeze_233,4.835810416387782
unsqueeze_234,4.835810416387782
mul_612,51.0362562492451
slice_1034,5.1783937534297975
slice_1035,5.1783937534297975
neg_98,33.15887083248235
mul_613,51.0362562492451
add_452,41.60751666310632
mul_614,10.267558335708843
slice_1036,3.7261447892849295
slice_1037,3.7261447892849295
neg_99,7.4644458359456625
mul_615,10.267558335708843
add_453,9.72212916703041
slice_1038,3.7261447892849295
slice_1039,3.7261447892849295
unsqueeze_235,2.9612062563110766
slice_1040,3.320731253917135
slice_1041,3.320731253917135
expand_131,5.464814582232308
clone_124,44.73909166993496
_unsafe_view_122,2.1629020777511565
slice_1042,3.7261447892849295
slice_1043,3.7261447892849295
unsqueeze_236,2.9612062563110766
slice_1044,3.320731253917135
slice_1045,3.320731253917135
expand_132,5.464814582232308
clone_125,44.73909166993496
_unsafe_view_123,2.1629020777511565
slice_1049,3.625707029528712
slice_1050,3.625707029528712
slice_1051,3.625707029528712
_scaled_dot_product_flash_attention_for_cpu_101,133.43402916161187
transpose_410,3.5355985527345237
view_1779,2.2484433323207003
t_671,10.750924383797496
view_1780,2.2068267689255827
mm_590,719.0733316652554
view_1781,2.656543744362866
add_454,72.46531333356785
_to_copy_302,44.16985489295527
pow_148,43.33180431653722
mean_147,68.79993531911805
add_455,12.185689886228783
rsqrt_147,4.748243782246118
mul_616,61.68558335488972
_to_copy_303,44.16985489295527
mul_617,39.78191376306042
t_672,14.31318720028669
view_1782,2.2068267689255827
mm_591,1953.7946616700058
view_1783,3.9753749975251655
silu_61,75.53168666604907
t_673,14.31318720028669
view_1784,2.2068267689255827
mm_592,1953.7946616700058
view_1785,3.9753749975251655
mul_618,67.96671999198074
t_674,16.561137600820793
view_1786,1.335706665084387
mm_593,2124.797520003365
view_1787,2.656543744362866
add_456,72.46531333356785
_to_copy_304,44.16985489295527
pow_149,43.33180431653722
mean_148,68.79993531911805
add_457,12.185689886228783
rsqrt_148,4.748243782246118
mul_619,61.68558335488972
_to_copy_305,44.16985489295527
mul_620,39.78191376306042
t_675,10.750924383797496
view_1788,2.2068267689255827
mm_594,719.0733316652554
view_1789,2.656543744362866
t_676,12.37918195005528
view_1790,2.2068267689255827
mm_595,279.56115416727846
view_1791,1.506858328372861
t_677,12.37918195005528
view_1792,2.2068267689255827
mm_596,279.56115416727846
view_1793,1.506858328372861
view_1794,2.2068267689255827
transpose_411,6.826266668530492
view_1795,1.8475583368175041
transpose_412,2.90094166676087
view_1796,1.8475583368175041
transpose_413,2.90094166676087
unsqueeze_237,4.835810416387782
unsqueeze_238,4.835810416387782
mul_621,51.0362562492451
slice_1052,5.1783937534297975
slice_1053,5.1783937534297975
neg_100,33.15887083248235
mul_622,51.0362562492451
add_458,41.60751666310632
mul_623,10.267558335708843
slice_1054,3.7261447892849295
slice_1055,3.7261447892849295
neg_101,7.4644458359456625
mul_624,10.267558335708843
add_459,9.72212916703041
slice_1056,3.7261447892849295
slice_1057,3.7261447892849295
unsqueeze_239,2.9612062563110766
slice_1058,3.320731253917135
slice_1059,3.320731253917135
expand_133,5.464814582232308
clone_126,44.73909166993496
_unsafe_view_124,2.1629020777511565
slice_1060,3.7261447892849295
slice_1061,3.7261447892849295
unsqueeze_240,2.9612062563110766
slice_1062,3.320731253917135
slice_1063,3.320731253917135
expand_134,5.464814582232308
clone_127,44.73909166993496
_unsafe_view_125,2.1629020777511565
slice_1067,3.625707029528712
slice_1068,3.625707029528712
slice_1069,3.625707029528712
_scaled_dot_product_flash_attention_for_cpu_102,133.43402916161187
transpose_414,3.5355985527345237
view_1797,2.2484433323207003
t_678,10.750924383797496
view_1798,2.2068267689255827
mm_597,719.0733316652554
view_1799,2.656543744362866
add_460,72.46531333356785
_to_copy_306,44.16985489295527
pow_150,43.33180431653722
mean_149,68.79993531911805
add_461,12.185689886228783
rsqrt_149,4.748243782246118
mul_625,61.68558335488972
_to_copy_307,44.16985489295527
mul_626,39.78191376306042
t_679,14.31318720028669
view_1800,2.2068267689255827
mm_598,1953.7946616700058
view_1801,3.9753749975251655
silu_62,75.53168666604907
t_680,14.31318720028669
view_1802,2.2068267689255827
mm_599,1953.7946616700058
view_1803,3.9753749975251655
mul_627,67.96671999198074
t_681,16.561137600820793
view_1804,1.335706665084387
mm_600,2124.797520003365
view_1805,2.656543744362866
add_462,72.46531333356785
_to_copy_308,44.16985489295527
pow_151,43.33180431653722
mean_150,68.79993531911805
add_463,12.185689886228783
rsqrt_150,4.748243782246118
mul_628,61.68558335488972
_to_copy_309,44.16985489295527
mul_629,39.78191376306042
t_682,10.750924383797496
view_1806,2.2068267689255827
mm_601,719.0733316652554
view_1807,2.656543744362866
view_1808,2.2068267689255827
transpose_415,6.826266668530492
_to_copy_310,40.80726667444687
pow_152,31.77725000027567
mean_151,66.97986665094892
add_464,12.308300004775326
rsqrt_151,6.009433334584658
mul_630,87.55960000717702
_to_copy_311,40.80726667444687
mul_631,48.82248333532674
t_683,12.37918195005528
view_1809,2.787169833315459
mm_602,13154.641642499193
view_1810,9.979323416914092
t_684,12.37918195005528
view_1811,2.787169833315459
mm_603,13154.641642499193
view_1812,9.979323416914092
view_1813,8.347300917294653
transpose_416,6.222309333096181
view_1814,8.347300917294653
transpose_417,6.222309333096181
slice_1070,6.9279381247859755
slice_1071,6.9279381247859755
unsqueeze_241,5.384175666665115
slice_1072,3.509070708462464
slice_1073,3.509070708462464
expand_135,5.936071667890297
clone_128,830.2875260820215
_unsafe_view_126,3.6639733324536743
slice_1074,6.9279381247859755
slice_1075,6.9279381247859755
unsqueeze_242,5.384175666665115
slice_1076,3.509070708462464
slice_1077,3.509070708462464
expand_136,5.936071667890297
clone_129,830.2875260820215
_unsafe_view_127,3.6639733324536743
_to_copy_312,1018.4411474996876
pow_153,1511.8400809998798
mean_152,525.2745238322847
add_465,76.74884933327263
rsqrt_152,44.12972749963527
mul_632,571.046251997958
_to_copy_313,1018.4411474996876
mul_633,1067.1315491652429
_scaled_dot_product_flash_attention_for_cpu_103,2056.2414499997317
transpose_418,3.5355985527345237
view_1815,2.2484433323207003
t_685,10.750924383797496
view_1816,2.2068267689255827
mm_604,719.0733316652554
view_1817,2.656543744362866
tanh_44,25.707959944431543
mul_634,49.143500012531874
add_466,72.46531333356785
_to_copy_314,44.16985489295527
pow_154,43.33180431653722
mean_153,68.79993531911805
add_467,12.185689886228783
rsqrt_153,4.748243782246118
mul_635,61.68558335488972
_to_copy_315,44.16985489295527
mul_636,39.78191376306042
t_686,14.31318720028669
view_1818,2.2068267689255827
mm_605,1953.7946616700058
view_1819,3.9753749975251655
silu_63,75.53168666604907
t_687,14.31318720028669
view_1820,2.2068267689255827
mm_606,1953.7946616700058
view_1821,3.9753749975251655
mul_637,67.96671999198074
t_688,16.561137600820793
view_1822,1.335706665084387
mm_607,2124.797520003365
view_1823,2.656543744362866
slice_1078,32.96239395174339
select_12,13.552850003835434
mul_638,61.68558335488972
tanh_45,25.707959944431543
mul_639,49.143500012531874
add_468,72.46531333356785
_to_copy_316,44.16985489295527
pow_155,43.33180431653722
mean_154,68.79993531911805
add_469,12.185689886228783
rsqrt_154,4.748243782246118
mul_640,61.68558335488972
_to_copy_317,44.16985489295527
mul_641,39.78191376306042
t_689,10.750924383797496
view_1824,2.2068267689255827
mm_608,719.0733316652554
view_1825,2.656543744362866
t_690,12.37918195005528
view_1826,2.2068267689255827
mm_609,279.56115416727846
view_1827,1.506858328372861
t_691,12.37918195005528
view_1828,2.2068267689255827
mm_610,279.56115416727846
view_1829,1.506858328372861
view_1830,2.2068267689255827
transpose_419,6.826266668530492
view_1831,1.8475583368175041
transpose_420,2.90094166676087
view_1832,1.8475583368175041
transpose_421,2.90094166676087
unsqueeze_243,4.835810416387782
unsqueeze_244,4.835810416387782
mul_642,51.0362562492451
slice_1079,5.1783937534297975
slice_1080,5.1783937534297975
neg_102,33.15887083248235
mul_643,51.0362562492451
add_470,41.60751666310632
mul_644,10.267558335708843
slice_1081,3.7261447892849295
slice_1082,3.7261447892849295
neg_103,7.4644458359456625
mul_645,10.267558335708843
add_471,9.72212916703041
slice_1083,3.7261447892849295
slice_1084,3.7261447892849295
unsqueeze_245,2.9612062563110766
slice_1085,3.320731253917135
slice_1086,3.320731253917135
expand_137,5.464814582232308
clone_130,44.73909166993496
_unsafe_view_128,2.1629020777511565
slice_1087,3.7261447892849295
slice_1088,3.7261447892849295
unsqueeze_246,2.9612062563110766
slice_1089,3.320731253917135
slice_1090,3.320731253917135
expand_138,5.464814582232308
clone_131,44.73909166993496
_unsafe_view_129,2.1629020777511565
slice_1094,3.625707029528712
slice_1095,3.625707029528712
slice_1096,3.625707029528712
_scaled_dot_product_flash_attention_for_cpu_104,133.43402916161187
transpose_422,3.5355985527345237
view_1833,2.2484433323207003
t_692,10.750924383797496
view_1834,2.2068267689255827
mm_611,719.0733316652554
view_1835,2.656543744362866
add_472,72.46531333356785
_to_copy_318,44.16985489295527
pow_156,43.33180431653722
mean_155,68.79993531911805
add_473,12.185689886228783
rsqrt_155,4.748243782246118
mul_646,61.68558335488972
_to_copy_319,44.16985489295527
mul_647,39.78191376306042
t_693,14.31318720028669
view_1836,2.2068267689255827
mm_612,1953.7946616700058
view_1837,3.9753749975251655
silu_64,75.53168666604907
t_694,14.31318720028669
view_1838,2.2068267689255827
mm_613,1953.7946616700058
view_1839,3.9753749975251655
mul_648,67.96671999198074
t_695,16.561137600820793
view_1840,1.335706665084387
mm_614,2124.797520003365
view_1841,2.656543744362866
add_474,72.46531333356785
_to_copy_320,44.16985489295527
pow_157,43.33180431653722
mean_156,68.79993531911805
add_475,12.185689886228783
rsqrt_156,4.748243782246118
mul_649,61.68558335488972
_to_copy_321,44.16985489295527
mul_650,39.78191376306042
t_696,10.750924383797496
view_1842,2.2068267689255827
mm_615,719.0733316652554
view_1843,2.656543744362866
t_697,12.37918195005528
view_1844,2.2068267689255827
mm_616,279.56115416727846
view_1845,1.506858328372861
t_698,12.37918195005528
view_1846,2.2068267689255827
mm_617,279.56115416727846
view_1847,1.506858328372861
view_1848,2.2068267689255827
transpose_423,6.826266668530492
view_1849,1.8475583368175041
transpose_424,2.90094166676087
view_1850,1.8475583368175041
transpose_425,2.90094166676087
unsqueeze_247,4.835810416387782
unsqueeze_248,4.835810416387782
mul_651,51.0362562492451
slice_1097,5.1783937534297975
slice_1098,5.1783937534297975
neg_104,33.15887083248235
mul_652,51.0362562492451
add_476,41.60751666310632
mul_653,10.267558335708843
slice_1099,3.7261447892849295
slice_1100,3.7261447892849295
neg_105,7.4644458359456625
mul_654,10.267558335708843
add_477,9.72212916703041
slice_1101,3.7261447892849295
slice_1102,3.7261447892849295
unsqueeze_249,2.9612062563110766
slice_1103,3.320731253917135
slice_1104,3.320731253917135
expand_139,5.464814582232308
clone_132,44.73909166993496
_unsafe_view_130,2.1629020777511565
slice_1105,3.7261447892849295
slice_1106,3.7261447892849295
unsqueeze_250,2.9612062563110766
slice_1107,3.320731253917135
slice_1108,3.320731253917135
expand_140,5.464814582232308
clone_133,44.73909166993496
_unsafe_view_131,2.1629020777511565
slice_1112,3.625707029528712
slice_1113,3.625707029528712
slice_1114,3.625707029528712
_scaled_dot_product_flash_attention_for_cpu_105,133.43402916161187
transpose_426,3.5355985527345237
view_1851,2.2484433323207003
t_699,10.750924383797496
view_1852,2.2068267689255827
mm_618,719.0733316652554
view_1853,2.656543744362866
add_478,72.46531333356785
_to_copy_322,44.16985489295527
pow_158,43.33180431653722
mean_157,68.79993531911805
add_479,12.185689886228783
rsqrt_157,4.748243782246118
mul_655,61.68558335488972
_to_copy_323,44.16985489295527
mul_656,39.78191376306042
t_700,14.31318720028669
view_1854,2.2068267689255827
mm_619,1953.7946616700058
view_1855,3.9753749975251655
silu_65,75.53168666604907
t_701,14.31318720028669
view_1856,2.2068267689255827
mm_620,1953.7946616700058
view_1857,3.9753749975251655
mul_657,67.96671999198074
t_702,16.561137600820793
view_1858,1.335706665084387
mm_621,2124.797520003365
view_1859,2.656543744362866
add_480,72.46531333356785
_to_copy_324,44.16985489295527
pow_159,43.33180431653722
mean_158,68.79993531911805
add_481,12.185689886228783
rsqrt_158,4.748243782246118
mul_658,61.68558335488972
_to_copy_325,44.16985489295527
mul_659,39.78191376306042
t_703,10.750924383797496
view_1860,2.2068267689255827
mm_622,719.0733316652554
view_1861,2.656543744362866
t_704,12.37918195005528
view_1862,2.2068267689255827
mm_623,279.56115416727846
view_1863,1.506858328372861
t_705,12.37918195005528
view_1864,2.2068267689255827
mm_624,279.56115416727846
view_1865,1.506858328372861
view_1866,2.2068267689255827
transpose_427,6.826266668530492
view_1867,1.8475583368175041
transpose_428,2.90094166676087
view_1868,1.8475583368175041
transpose_429,2.90094166676087
unsqueeze_251,4.835810416387782
unsqueeze_252,4.835810416387782
mul_660,51.0362562492451
slice_1115,5.1783937534297975
slice_1116,5.1783937534297975
neg_106,33.15887083248235
mul_661,51.0362562492451
add_482,41.60751666310632
mul_662,10.267558335708843
slice_1117,3.7261447892849295
slice_1118,3.7261447892849295
neg_107,7.4644458359456625
mul_663,10.267558335708843
add_483,9.72212916703041
slice_1119,3.7261447892849295
slice_1120,3.7261447892849295
unsqueeze_253,2.9612062563110766
slice_1121,3.320731253917135
slice_1122,3.320731253917135
expand_141,5.464814582232308
clone_134,44.73909166993496
_unsafe_view_132,2.1629020777511565
slice_1123,3.7261447892849295
slice_1124,3.7261447892849295
unsqueeze_254,2.9612062563110766
slice_1125,3.320731253917135
slice_1126,3.320731253917135
expand_142,5.464814582232308
clone_135,44.73909166993496
_unsafe_view_133,2.1629020777511565
slice_1130,3.625707029528712
slice_1131,3.625707029528712
slice_1132,3.625707029528712
_scaled_dot_product_flash_attention_for_cpu_106,133.43402916161187
transpose_430,3.5355985527345237
view_1869,2.2484433323207003
t_706,10.750924383797496
view_1870,2.2068267689255827
mm_625,719.0733316652554
view_1871,2.656543744362866
add_484,72.46531333356785
_to_copy_326,44.16985489295527
pow_160,43.33180431653722
mean_159,68.79993531911805
add_485,12.185689886228783
rsqrt_159,4.748243782246118
mul_664,61.68558335488972
_to_copy_327,44.16985489295527
mul_665,39.78191376306042
t_707,14.31318720028669
view_1872,2.2068267689255827
mm_626,1953.7946616700058
view_1873,3.9753749975251655
silu_66,75.53168666604907
t_708,14.31318720028669
view_1874,2.2068267689255827
mm_627,1953.7946616700058
view_1875,3.9753749975251655
mul_666,67.96671999198074
t_709,16.561137600820793
view_1876,1.335706665084387
mm_628,2124.797520003365
view_1877,2.656543744362866
add_486,72.46531333356785
_to_copy_328,44.16985489295527
pow_161,43.33180431653722
mean_160,68.79993531911805
add_487,12.185689886228783
rsqrt_160,4.748243782246118
mul_667,61.68558335488972
_to_copy_329,44.16985489295527
mul_668,39.78191376306042
t_710,10.750924383797496
view_1878,2.2068267689255827
mm_629,719.0733316652554
view_1879,2.656543744362866
t_711,12.37918195005528
view_1880,2.2068267689255827
mm_630,279.56115416727846
view_1881,1.506858328372861
t_712,12.37918195005528
view_1882,2.2068267689255827
mm_631,279.56115416727846
view_1883,1.506858328372861
view_1884,2.2068267689255827
transpose_431,6.826266668530492
view_1885,1.8475583368175041
transpose_432,2.90094166676087
view_1886,1.8475583368175041
transpose_433,2.90094166676087
unsqueeze_255,4.835810416387782
unsqueeze_256,4.835810416387782
mul_669,51.0362562492451
slice_1133,5.1783937534297975
slice_1134,5.1783937534297975
neg_108,33.15887083248235
mul_670,51.0362562492451
add_488,41.60751666310632
mul_671,10.267558335708843
slice_1135,3.7261447892849295
slice_1136,3.7261447892849295
neg_109,7.4644458359456625
mul_672,10.267558335708843
add_489,9.72212916703041
slice_1137,3.7261447892849295
slice_1138,3.7261447892849295
unsqueeze_257,2.9612062563110766
slice_1139,3.320731253917135
slice_1140,3.320731253917135
expand_143,5.464814582232308
clone_136,44.73909166993496
_unsafe_view_134,2.1629020777511565
slice_1141,3.7261447892849295
slice_1142,3.7261447892849295
unsqueeze_258,2.9612062563110766
slice_1143,3.320731253917135
slice_1144,3.320731253917135
expand_144,5.464814582232308
clone_137,44.73909166993496
_unsafe_view_135,2.1629020777511565
slice_1148,3.625707029528712
slice_1149,3.625707029528712
slice_1150,3.625707029528712
_scaled_dot_product_flash_attention_for_cpu_107,133.43402916161187
transpose_434,3.5355985527345237
view_1887,2.2484433323207003
t_713,10.750924383797496
view_1888,2.2068267689255827
mm_632,719.0733316652554
view_1889,2.656543744362866
add_490,72.46531333356785
_to_copy_330,44.16985489295527
pow_162,43.33180431653722
mean_161,68.79993531911805
add_491,12.185689886228783
rsqrt_161,4.748243782246118
mul_673,61.68558335488972
_to_copy_331,44.16985489295527
mul_674,39.78191376306042
t_714,14.31318720028669
view_1890,2.2068267689255827
mm_633,1953.7946616700058
view_1891,3.9753749975251655
silu_67,75.53168666604907
t_715,14.31318720028669
view_1892,2.2068267689255827
mm_634,1953.7946616700058
view_1893,3.9753749975251655
mul_675,67.96671999198074
t_716,16.561137600820793
view_1894,1.335706665084387
mm_635,2124.797520003365
view_1895,2.656543744362866
add_492,72.46531333356785
_to_copy_332,44.16985489295527
pow_163,43.33180431653722
mean_162,68.79993531911805
add_493,12.185689886228783
rsqrt_162,4.748243782246118
mul_676,61.68558335488972
_to_copy_333,44.16985489295527
mul_677,39.78191376306042
t_717,10.750924383797496
view_1896,2.2068267689255827
mm_636,719.0733316652554
view_1897,2.656543744362866
view_1898,2.2068267689255827
transpose_435,6.826266668530492
_to_copy_334,40.80726667444687
pow_164,31.77725000027567
mean_163,66.97986665094892
add_494,12.308300004775326
rsqrt_163,6.009433334584658
mul_678,87.55960000717702
_to_copy_335,40.80726667444687
mul_679,48.82248333532674
t_718,12.37918195005528
view_1899,2.787169833315459
mm_637,13154.641642499193
view_1900,9.979323416914092
t_719,12.37918195005528
view_1901,2.787169833315459
mm_638,13154.641642499193
view_1902,9.979323416914092
view_1903,8.347300917294653
transpose_436,6.222309333096181
view_1904,8.347300917294653
transpose_437,6.222309333096181
slice_1151,6.9279381247859755
slice_1152,6.9279381247859755
unsqueeze_259,5.384175666665115
slice_1153,3.509070708462464
slice_1154,3.509070708462464
expand_145,5.936071667890297
clone_138,830.2875260820215
_unsafe_view_136,3.6639733324536743
slice_1155,6.9279381247859755
slice_1156,6.9279381247859755
unsqueeze_260,5.384175666665115
slice_1157,3.509070708462464
slice_1158,3.509070708462464
expand_146,5.936071667890297
clone_139,830.2875260820215
_unsafe_view_137,3.6639733324536743
_to_copy_336,1018.4411474996876
pow_165,1511.8400809998798
mean_164,525.2745238322847
add_495,76.74884933327263
rsqrt_164,44.12972749963527
mul_680,571.046251997958
_to_copy_337,1018.4411474996876
mul_681,1067.1315491652429
_scaled_dot_product_flash_attention_for_cpu_108,2056.2414499997317
transpose_438,3.5355985527345237
view_1905,2.2484433323207003
t_720,10.750924383797496
view_1906,2.2068267689255827
mm_639,719.0733316652554
view_1907,2.656543744362866
tanh_46,25.707959944431543
mul_682,49.143500012531874
add_496,72.46531333356785
_to_copy_338,44.16985489295527
pow_166,43.33180431653722
mean_165,68.79993531911805
add_497,12.185689886228783
rsqrt_165,4.748243782246118
mul_683,61.68558335488972
_to_copy_339,44.16985489295527
mul_684,39.78191376306042
t_721,14.31318720028669
view_1908,2.2068267689255827
mm_640,1953.7946616700058
view_1909,3.9753749975251655
silu_68,75.53168666604907
t_722,14.31318720028669
view_1910,2.2068267689255827
mm_641,1953.7946616700058
view_1911,3.9753749975251655
mul_685,67.96671999198074
t_723,16.561137600820793
view_1912,1.335706665084387
mm_642,2124.797520003365
view_1913,2.656543744362866
slice_1159,32.96239395174339
select_13,13.552850003835434
mul_686,61.68558335488972
tanh_47,25.707959944431543
mul_687,49.143500012531874
add_498,72.46531333356785
_to_copy_340,44.16985489295527
pow_167,43.33180431653722
mean_166,68.79993531911805
add_499,12.185689886228783
rsqrt_166,4.748243782246118
mul_688,61.68558335488972
_to_copy_341,44.16985489295527
mul_689,39.78191376306042
t_724,10.750924383797496
view_1914,2.2068267689255827
mm_643,719.0733316652554
view_1915,2.656543744362866
t_725,12.37918195005528
view_1916,2.2068267689255827
mm_644,279.56115416727846
view_1917,1.506858328372861
t_726,12.37918195005528
view_1918,2.2068267689255827
mm_645,279.56115416727846
view_1919,1.506858328372861
view_1920,2.2068267689255827
transpose_439,6.826266668530492
view_1921,1.8475583368175041
transpose_440,2.90094166676087
view_1922,1.8475583368175041
transpose_441,2.90094166676087
unsqueeze_261,4.835810416387782
unsqueeze_262,4.835810416387782
mul_690,51.0362562492451
slice_1160,5.1783937534297975
slice_1161,5.1783937534297975
neg_110,33.15887083248235
mul_691,51.0362562492451
add_500,41.60751666310632
mul_692,10.267558335708843
slice_1162,3.7261447892849295
slice_1163,3.7261447892849295
neg_111,7.4644458359456625
mul_693,10.267558335708843
add_501,9.72212916703041
slice_1164,3.7261447892849295
slice_1165,3.7261447892849295
unsqueeze_263,2.9612062563110766
slice_1166,3.320731253917135
slice_1167,3.320731253917135
expand_147,5.464814582232308
clone_140,44.73909166993496
_unsafe_view_138,2.1629020777511565
slice_1168,3.7261447892849295
slice_1169,3.7261447892849295
unsqueeze_264,2.9612062563110766
slice_1170,3.320731253917135
slice_1171,3.320731253917135
expand_148,5.464814582232308
clone_141,44.73909166993496
_unsafe_view_139,2.1629020777511565
slice_1175,3.625707029528712
slice_1176,3.625707029528712
slice_1177,3.625707029528712
_scaled_dot_product_flash_attention_for_cpu_109,133.43402916161187
transpose_442,3.5355985527345237
view_1923,2.2484433323207003
t_727,10.750924383797496
view_1924,2.2068267689255827
mm_646,719.0733316652554
view_1925,2.656543744362866
add_502,72.46531333356785
_to_copy_342,44.16985489295527
pow_168,43.33180431653722
mean_167,68.79993531911805
add_503,12.185689886228783
rsqrt_167,4.748243782246118
mul_694,61.68558335488972
_to_copy_343,44.16985489295527
mul_695,39.78191376306042
t_728,14.31318720028669
view_1926,2.2068267689255827
mm_647,1953.7946616700058
view_1927,3.9753749975251655
silu_69,75.53168666604907
t_729,14.31318720028669
view_1928,2.2068267689255827
mm_648,1953.7946616700058
view_1929,3.9753749975251655
mul_696,67.96671999198074
t_730,16.561137600820793
view_1930,1.335706665084387
mm_649,2124.797520003365
view_1931,2.656543744362866
add_504,72.46531333356785
_to_copy_344,44.16985489295527
pow_169,43.33180431653722
mean_168,68.79993531911805
add_505,12.185689886228783
rsqrt_168,4.748243782246118
mul_697,61.68558335488972
_to_copy_345,44.16985489295527
mul_698,39.78191376306042
t_731,10.750924383797496
view_1932,2.2068267689255827
mm_650,719.0733316652554
view_1933,2.656543744362866
t_732,12.37918195005528
view_1934,2.2068267689255827
mm_651,279.56115416727846
view_1935,1.506858328372861
t_733,12.37918195005528
view_1936,2.2068267689255827
mm_652,279.56115416727846
view_1937,1.506858328372861
view_1938,2.2068267689255827
transpose_443,6.826266668530492
view_1939,1.8475583368175041
transpose_444,2.90094166676087
view_1940,1.8475583368175041
transpose_445,2.90094166676087
unsqueeze_265,4.835810416387782
unsqueeze_266,4.835810416387782
mul_699,51.0362562492451
slice_1178,5.1783937534297975
slice_1179,5.1783937534297975
neg_112,33.15887083248235
mul_700,51.0362562492451
add_506,41.60751666310632
mul_701,10.267558335708843
slice_1180,3.7261447892849295
slice_1181,3.7261447892849295
neg_113,7.4644458359456625
mul_702,10.267558335708843
add_507,9.72212916703041
slice_1182,3.7261447892849295
slice_1183,3.7261447892849295
unsqueeze_267,2.9612062563110766
slice_1184,3.320731253917135
slice_1185,3.320731253917135
expand_149,5.464814582232308
clone_142,44.73909166993496
_unsafe_view_140,2.1629020777511565
slice_1186,3.7261447892849295
slice_1187,3.7261447892849295
unsqueeze_268,2.9612062563110766
slice_1188,3.320731253917135
slice_1189,3.320731253917135
expand_150,5.464814582232308
clone_143,44.73909166993496
_unsafe_view_141,2.1629020777511565
slice_1193,3.625707029528712
slice_1194,3.625707029528712
slice_1195,3.625707029528712
_scaled_dot_product_flash_attention_for_cpu_110,133.43402916161187
transpose_446,3.5355985527345237
view_1941,2.2484433323207003
t_734,10.750924383797496
view_1942,2.2068267689255827
mm_653,719.0733316652554
view_1943,2.656543744362866
add_508,72.46531333356785
_to_copy_346,44.16985489295527
pow_170,43.33180431653722
mean_169,68.79993531911805
add_509,12.185689886228783
rsqrt_169,4.748243782246118
mul_703,61.68558335488972
_to_copy_347,44.16985489295527
mul_704,39.78191376306042
t_735,14.31318720028669
view_1944,2.2068267689255827
mm_654,1953.7946616700058
view_1945,3.9753749975251655
silu_70,75.53168666604907
t_736,14.31318720028669
view_1946,2.2068267689255827
mm_655,1953.7946616700058
view_1947,3.9753749975251655
mul_705,67.96671999198074
t_737,16.561137600820793
view_1948,1.335706665084387
mm_656,2124.797520003365
view_1949,2.656543744362866
add_510,72.46531333356785
_to_copy_348,44.16985489295527
pow_171,43.33180431653722
mean_170,68.79993531911805
add_511,12.185689886228783
rsqrt_170,4.748243782246118
mul_706,61.68558335488972
_to_copy_349,44.16985489295527
mul_707,39.78191376306042
t_738,10.750924383797496
view_1950,2.2068267689255827
mm_657,719.0733316652554
view_1951,2.656543744362866
t_739,12.37918195005528
view_1952,2.2068267689255827
mm_658,279.56115416727846
view_1953,1.506858328372861
t_740,12.37918195005528
view_1954,2.2068267689255827
mm_659,279.56115416727846
view_1955,1.506858328372861
view_1956,2.2068267689255827
transpose_447,6.826266668530492
view_1957,1.8475583368175041
transpose_448,2.90094166676087
view_1958,1.8475583368175041
transpose_449,2.90094166676087
unsqueeze_269,4.835810416387782
unsqueeze_270,4.835810416387782
mul_708,51.0362562492451
slice_1196,5.1783937534297975
slice_1197,5.1783937534297975
neg_114,33.15887083248235
mul_709,51.0362562492451
add_512,41.60751666310632
mul_710,10.267558335708843
slice_1198,3.7261447892849295
slice_1199,3.7261447892849295
neg_115,7.4644458359456625
mul_711,10.267558335708843
add_513,9.72212916703041
slice_1200,3.7261447892849295
slice_1201,3.7261447892849295
unsqueeze_271,2.9612062563110766
slice_1202,3.320731253917135
slice_1203,3.320731253917135
expand_151,5.464814582232308
clone_144,44.73909166993496
_unsafe_view_142,2.1629020777511565
slice_1204,3.7261447892849295
slice_1205,3.7261447892849295
unsqueeze_272,2.9612062563110766
slice_1206,3.320731253917135
slice_1207,3.320731253917135
expand_152,5.464814582232308
clone_145,44.73909166993496
_unsafe_view_143,2.1629020777511565
slice_1211,3.625707029528712
slice_1212,3.625707029528712
slice_1213,3.625707029528712
_scaled_dot_product_flash_attention_for_cpu_111,133.43402916161187
transpose_450,3.5355985527345237
view_1959,2.2484433323207003
t_741,10.750924383797496
view_1960,2.2068267689255827
mm_660,719.0733316652554
view_1961,2.656543744362866
add_514,72.46531333356785
_to_copy_350,44.16985489295527
pow_172,43.33180431653722
mean_171,68.79993531911805
add_515,12.185689886228783
rsqrt_171,4.748243782246118
mul_712,61.68558335488972
_to_copy_351,44.16985489295527
mul_713,39.78191376306042
t_742,14.31318720028669
view_1962,2.2068267689255827
mm_661,1953.7946616700058
view_1963,3.9753749975251655
silu_71,75.53168666604907
t_743,14.31318720028669
view_1964,2.2068267689255827
mm_662,1953.7946616700058
view_1965,3.9753749975251655
mul_714,67.96671999198074
t_744,16.561137600820793
view_1966,1.335706665084387
mm_663,2124.797520003365
view_1967,2.656543744362866
add_516,72.46531333356785
_to_copy_352,44.16985489295527
pow_173,43.33180431653722
mean_172,68.79993531911805
add_517,12.185689886228783
rsqrt_172,4.748243782246118
mul_715,61.68558335488972
_to_copy_353,44.16985489295527
mul_716,39.78191376306042
t_745,10.750924383797496
view_1968,2.2068267689255827
mm_664,719.0733316652554
view_1969,2.656543744362866
t_746,12.37918195005528
view_1970,2.2068267689255827
mm_665,279.56115416727846
view_1971,1.506858328372861
t_747,12.37918195005528
view_1972,2.2068267689255827
mm_666,279.56115416727846
view_1973,1.506858328372861
view_1974,2.2068267689255827
transpose_451,6.826266668530492
view_1975,1.8475583368175041
transpose_452,2.90094166676087
view_1976,1.8475583368175041
transpose_453,2.90094166676087
unsqueeze_273,4.835810416387782
unsqueeze_274,4.835810416387782
mul_717,51.0362562492451
slice_1214,5.1783937534297975
slice_1215,5.1783937534297975
neg_116,33.15887083248235
mul_718,51.0362562492451
add_518,41.60751666310632
mul_719,10.267558335708843
slice_1216,3.7261447892849295
slice_1217,3.7261447892849295
neg_117,7.4644458359456625
mul_720,10.267558335708843
add_519,9.72212916703041
slice_1218,3.7261447892849295
slice_1219,3.7261447892849295
unsqueeze_275,2.9612062563110766
slice_1220,3.320731253917135
slice_1221,3.320731253917135
expand_153,5.464814582232308
clone_146,44.73909166993496
_unsafe_view_144,2.1629020777511565
slice_1222,3.7261447892849295
slice_1223,3.7261447892849295
unsqueeze_276,2.9612062563110766
slice_1224,3.320731253917135
slice_1225,3.320731253917135
expand_154,5.464814582232308
clone_147,44.73909166993496
_unsafe_view_145,2.1629020777511565
slice_1229,3.625707029528712
slice_1230,3.625707029528712
slice_1231,3.625707029528712
_scaled_dot_product_flash_attention_for_cpu_112,133.43402916161187
transpose_454,3.5355985527345237
view_1977,2.2484433323207003
t_748,10.750924383797496
view_1978,2.2068267689255827
mm_667,719.0733316652554
view_1979,2.656543744362866
add_520,72.46531333356785
_to_copy_354,44.16985489295527
pow_174,43.33180431653722
mean_173,68.79993531911805
add_521,12.185689886228783
rsqrt_173,4.748243782246118
mul_721,61.68558335488972
_to_copy_355,44.16985489295527
mul_722,39.78191376306042
t_749,14.31318720028669
view_1980,2.2068267689255827
mm_668,1953.7946616700058
view_1981,3.9753749975251655
silu_72,75.53168666604907
t_750,14.31318720028669
view_1982,2.2068267689255827
mm_669,1953.7946616700058
view_1983,3.9753749975251655
mul_723,67.96671999198074
t_751,16.561137600820793
view_1984,1.335706665084387
mm_670,2124.797520003365
view_1985,2.656543744362866
add_522,72.46531333356785
_to_copy_356,44.16985489295527
pow_175,43.33180431653722
mean_174,68.79993531911805
add_523,12.185689886228783
rsqrt_174,4.748243782246118
mul_724,61.68558335488972
_to_copy_357,44.16985489295527
mul_725,39.78191376306042
t_752,10.750924383797496
view_1986,2.2068267689255827
mm_671,719.0733316652554
view_1987,2.656543744362866
view_1988,2.2068267689255827
transpose_455,6.826266668530492
_to_copy_358,40.80726667444687
pow_176,31.77725000027567
mean_175,66.97986665094892
add_524,12.308300004775326
rsqrt_175,6.009433334584658
mul_726,87.55960000717702
_to_copy_359,40.80726667444687
mul_727,48.82248333532674
t_753,12.37918195005528
view_1989,2.787169833315459
mm_672,13154.641642499193
view_1990,9.979323416914092
t_754,12.37918195005528
view_1991,2.787169833315459
mm_673,13154.641642499193
view_1992,9.979323416914092
view_1993,8.347300917294653
transpose_456,6.222309333096181
view_1994,8.347300917294653
transpose_457,6.222309333096181
slice_1232,6.9279381247859755
slice_1233,6.9279381247859755
unsqueeze_277,5.384175666665115
slice_1234,3.509070708462464
slice_1235,3.509070708462464
expand_155,5.936071667890297
clone_148,830.2875260820215
_unsafe_view_146,3.6639733324536743
slice_1236,6.9279381247859755
slice_1237,6.9279381247859755
unsqueeze_278,5.384175666665115
slice_1238,3.509070708462464
slice_1239,3.509070708462464
expand_156,5.936071667890297
clone_149,830.2875260820215
_unsafe_view_147,3.6639733324536743
_to_copy_360,1018.4411474996876
pow_177,1511.8400809998798
mean_176,525.2745238322847
add_525,76.74884933327263
rsqrt_176,44.12972749963527
mul_728,571.046251997958
_to_copy_361,1018.4411474996876
mul_729,1067.1315491652429
_scaled_dot_product_flash_attention_for_cpu_113,2056.2414499997317
transpose_458,3.5355985527345237
view_1995,2.2484433323207003
t_755,10.750924383797496
view_1996,2.2068267689255827
mm_674,719.0733316652554
view_1997,2.656543744362866
tanh_48,25.707959944431543
mul_730,49.143500012531874
add_526,72.46531333356785
_to_copy_362,44.16985489295527
pow_178,43.33180431653722
mean_177,68.79993531911805
add_527,12.185689886228783
rsqrt_177,4.748243782246118
mul_731,61.68558335488972
_to_copy_363,44.16985489295527
mul_732,39.78191376306042
t_756,14.31318720028669
view_1998,2.2068267689255827
mm_675,1953.7946616700058
view_1999,3.9753749975251655
silu_73,75.53168666604907
t_757,14.31318720028669
view_2000,2.2068267689255827
mm_676,1953.7946616700058
view_2001,3.9753749975251655
mul_733,67.96671999198074
t_758,16.561137600820793
view_2002,1.335706665084387
mm_677,2124.797520003365
view_2003,2.656543744362866
slice_1240,32.96239395174339
select_14,13.552850003835434
mul_734,61.68558335488972
tanh_49,25.707959944431543
mul_735,49.143500012531874
add_528,72.46531333356785
_to_copy_364,44.16985489295527
pow_179,43.33180431653722
mean_178,68.79993531911805
add_529,12.185689886228783
rsqrt_178,4.748243782246118
mul_736,61.68558335488972
_to_copy_365,44.16985489295527
mul_737,39.78191376306042
t_759,10.750924383797496
view_2004,2.2068267689255827
mm_678,719.0733316652554
view_2005,2.656543744362866
t_760,12.37918195005528
view_2006,2.2068267689255827
mm_679,279.56115416727846
view_2007,1.506858328372861
t_761,12.37918195005528
view_2008,2.2068267689255827
mm_680,279.56115416727846
view_2009,1.506858328372861
view_2010,2.2068267689255827
transpose_459,6.826266668530492
view_2011,1.8475583368175041
transpose_460,2.90094166676087
view_2012,1.8475583368175041
transpose_461,2.90094166676087
unsqueeze_279,4.835810416387782
unsqueeze_280,4.835810416387782
mul_738,51.0362562492451
slice_1241,5.1783937534297975
slice_1242,5.1783937534297975
neg_118,33.15887083248235
mul_739,51.0362562492451
add_530,41.60751666310632
mul_740,10.267558335708843
slice_1243,3.7261447892849295
slice_1244,3.7261447892849295
neg_119,7.4644458359456625
mul_741,10.267558335708843
add_531,9.72212916703041
slice_1245,3.7261447892849295
slice_1246,3.7261447892849295
unsqueeze_281,2.9612062563110766
slice_1247,3.320731253917135
slice_1248,3.320731253917135
expand_157,5.464814582232308
clone_150,44.73909166993496
_unsafe_view_148,2.1629020777511565
slice_1249,3.7261447892849295
slice_1250,3.7261447892849295
unsqueeze_282,2.9612062563110766
slice_1251,3.320731253917135
slice_1252,3.320731253917135
expand_158,5.464814582232308
clone_151,44.73909166993496
_unsafe_view_149,2.1629020777511565
slice_1256,3.625707029528712
slice_1257,3.625707029528712
slice_1258,3.625707029528712
_scaled_dot_product_flash_attention_for_cpu_114,133.43402916161187
transpose_462,3.5355985527345237
view_2013,2.2484433323207003
t_762,10.750924383797496
view_2014,2.2068267689255827
mm_681,719.0733316652554
view_2015,2.656543744362866
add_532,72.46531333356785
_to_copy_366,44.16985489295527
pow_180,43.33180431653722
mean_179,68.79993531911805
add_533,12.185689886228783
rsqrt_179,4.748243782246118
mul_742,61.68558335488972
_to_copy_367,44.16985489295527
mul_743,39.78191376306042
t_763,14.31318720028669
view_2016,2.2068267689255827
mm_682,1953.7946616700058
view_2017,3.9753749975251655
silu_74,75.53168666604907
t_764,14.31318720028669
view_2018,2.2068267689255827
mm_683,1953.7946616700058
view_2019,3.9753749975251655
mul_744,67.96671999198074
t_765,16.561137600820793
view_2020,1.335706665084387
mm_684,2124.797520003365
view_2021,2.656543744362866
add_534,72.46531333356785
_to_copy_368,44.16985489295527
pow_181,43.33180431653722
mean_180,68.79993531911805
add_535,12.185689886228783
rsqrt_180,4.748243782246118
mul_745,61.68558335488972
_to_copy_369,44.16985489295527
mul_746,39.78191376306042
t_766,10.750924383797496
view_2022,2.2068267689255827
mm_685,719.0733316652554
view_2023,2.656543744362866
t_767,12.37918195005528
view_2024,2.2068267689255827
mm_686,279.56115416727846
view_2025,1.506858328372861
t_768,12.37918195005528
view_2026,2.2068267689255827
mm_687,279.56115416727846
view_2027,1.506858328372861
view_2028,2.2068267689255827
transpose_463,6.826266668530492
view_2029,1.8475583368175041
transpose_464,2.90094166676087
view_2030,1.8475583368175041
transpose_465,2.90094166676087
unsqueeze_283,4.835810416387782
unsqueeze_284,4.835810416387782
mul_747,51.0362562492451
slice_1259,5.1783937534297975
slice_1260,5.1783937534297975
neg_120,33.15887083248235
mul_748,51.0362562492451
add_536,41.60751666310632
mul_749,10.267558335708843
slice_1261,3.7261447892849295
slice_1262,3.7261447892849295
neg_121,7.4644458359456625
mul_750,10.267558335708843
add_537,9.72212916703041
slice_1263,3.7261447892849295
slice_1264,3.7261447892849295
unsqueeze_285,2.9612062563110766
slice_1265,3.320731253917135
slice_1266,3.320731253917135
expand_159,5.464814582232308
clone_152,44.73909166993496
_unsafe_view_150,2.1629020777511565
slice_1267,3.7261447892849295
slice_1268,3.7261447892849295
unsqueeze_286,2.9612062563110766
slice_1269,3.320731253917135
slice_1270,3.320731253917135
expand_160,5.464814582232308
clone_153,44.73909166993496
_unsafe_view_151,2.1629020777511565
slice_1274,3.625707029528712
slice_1275,3.625707029528712
slice_1276,3.625707029528712
_scaled_dot_product_flash_attention_for_cpu_115,133.43402916161187
transpose_466,3.5355985527345237
view_2031,2.2484433323207003
t_769,10.750924383797496
view_2032,2.2068267689255827
mm_688,719.0733316652554
view_2033,2.656543744362866
add_538,72.46531333356785
_to_copy_370,44.16985489295527
pow_182,43.33180431653722
mean_181,68.79993531911805
add_539,12.185689886228783
rsqrt_181,4.748243782246118
mul_751,61.68558335488972
_to_copy_371,44.16985489295527
mul_752,39.78191376306042
t_770,14.31318720028669
view_2034,2.2068267689255827
mm_689,1953.7946616700058
view_2035,3.9753749975251655
silu_75,75.53168666604907
t_771,14.31318720028669
view_2036,2.2068267689255827
mm_690,1953.7946616700058
view_2037,3.9753749975251655
mul_753,67.96671999198074
t_772,16.561137600820793
view_2038,1.335706665084387
mm_691,2124.797520003365
view_2039,2.656543744362866
add_540,72.46531333356785
_to_copy_372,44.16985489295527
pow_183,43.33180431653722
mean_182,68.79993531911805
add_541,12.185689886228783
rsqrt_182,4.748243782246118
mul_754,61.68558335488972
_to_copy_373,44.16985489295527
mul_755,39.78191376306042
t_773,10.750924383797496
view_2040,2.2068267689255827
mm_692,719.0733316652554
view_2041,2.656543744362866
t_774,12.37918195005528
view_2042,2.2068267689255827
mm_693,279.56115416727846
view_2043,1.506858328372861
t_775,12.37918195005528
view_2044,2.2068267689255827
mm_694,279.56115416727846
view_2045,1.506858328372861
view_2046,2.2068267689255827
transpose_467,6.826266668530492
view_2047,1.8475583368175041
transpose_468,2.90094166676087
view_2048,1.8475583368175041
transpose_469,2.90094166676087
unsqueeze_287,4.835810416387782
unsqueeze_288,4.835810416387782
mul_756,51.0362562492451
slice_1277,5.1783937534297975
slice_1278,5.1783937534297975
neg_122,33.15887083248235
mul_757,51.0362562492451
add_542,41.60751666310632
mul_758,10.267558335708843
slice_1279,3.7261447892849295
slice_1280,3.7261447892849295
neg_123,7.4644458359456625
mul_759,10.267558335708843
add_543,9.72212916703041
slice_1281,3.7261447892849295
slice_1282,3.7261447892849295
unsqueeze_289,2.9612062563110766
slice_1283,3.320731253917135
slice_1284,3.320731253917135
expand_161,5.464814582232308
clone_154,44.73909166993496
_unsafe_view_152,2.1629020777511565
slice_1285,3.7261447892849295
slice_1286,3.7261447892849295
unsqueeze_290,2.9612062563110766
slice_1287,3.320731253917135
slice_1288,3.320731253917135
expand_162,5.464814582232308
clone_155,44.73909166993496
_unsafe_view_153,2.1629020777511565
slice_1292,3.625707029528712
slice_1293,3.625707029528712
slice_1294,3.625707029528712
_scaled_dot_product_flash_attention_for_cpu_116,133.43402916161187
transpose_470,3.5355985527345237
view_2049,2.2484433323207003
t_776,10.750924383797496
view_2050,2.2068267689255827
mm_695,719.0733316652554
view_2051,2.656543744362866
add_544,72.46531333356785
_to_copy_374,44.16985489295527
pow_184,43.33180431653722
mean_183,68.79993531911805
add_545,12.185689886228783
rsqrt_183,4.748243782246118
mul_760,61.68558335488972
_to_copy_375,44.16985489295527
mul_761,39.78191376306042
t_777,14.31318720028669
view_2052,2.2068267689255827
mm_696,1953.7946616700058
view_2053,3.9753749975251655
silu_76,75.53168666604907
t_778,14.31318720028669
view_2054,2.2068267689255827
mm_697,1953.7946616700058
view_2055,3.9753749975251655
mul_762,67.96671999198074
t_779,16.561137600820793
view_2056,1.335706665084387
mm_698,2124.797520003365
view_2057,2.656543744362866
add_546,72.46531333356785
_to_copy_376,44.16985489295527
pow_185,43.33180431653722
mean_184,68.79993531911805
add_547,12.185689886228783
rsqrt_184,4.748243782246118
mul_763,61.68558335488972
_to_copy_377,44.16985489295527
mul_764,39.78191376306042
t_780,10.750924383797496
view_2058,2.2068267689255827
mm_699,719.0733316652554
view_2059,2.656543744362866
t_781,12.37918195005528
view_2060,2.2068267689255827
mm_700,279.56115416727846
view_2061,1.506858328372861
t_782,12.37918195005528
view_2062,2.2068267689255827
mm_701,279.56115416727846
view_2063,1.506858328372861
view_2064,2.2068267689255827
transpose_471,6.826266668530492
view_2065,1.8475583368175041
transpose_472,2.90094166676087
view_2066,1.8475583368175041
transpose_473,2.90094166676087
unsqueeze_291,4.835810416387782
unsqueeze_292,4.835810416387782
mul_765,51.0362562492451
slice_1295,5.1783937534297975
slice_1296,5.1783937534297975
neg_124,33.15887083248235
mul_766,51.0362562492451
add_548,41.60751666310632
mul_767,10.267558335708843
slice_1297,3.7261447892849295
slice_1298,3.7261447892849295
neg_125,7.4644458359456625
mul_768,10.267558335708843
add_549,9.72212916703041
slice_1299,3.7261447892849295
slice_1300,3.7261447892849295
unsqueeze_293,2.9612062563110766
slice_1301,3.320731253917135
slice_1302,3.320731253917135
expand_163,5.464814582232308
clone_156,44.73909166993496
_unsafe_view_154,2.1629020777511565
slice_1303,3.7261447892849295
slice_1304,3.7261447892849295
unsqueeze_294,2.9612062563110766
slice_1305,3.320731253917135
slice_1306,3.320731253917135
expand_164,5.464814582232308
clone_157,44.73909166993496
_unsafe_view_155,2.1629020777511565
slice_1310,3.625707029528712
slice_1311,3.625707029528712
slice_1312,3.625707029528712
_scaled_dot_product_flash_attention_for_cpu_117,133.43402916161187
transpose_474,3.5355985527345237
view_2067,2.2484433323207003
t_783,10.750924383797496
view_2068,2.2068267689255827
mm_702,719.0733316652554
view_2069,2.656543744362866
add_550,72.46531333356785
_to_copy_378,44.16985489295527
pow_186,43.33180431653722
mean_185,68.79993531911805
add_551,12.185689886228783
rsqrt_185,4.748243782246118
mul_769,61.68558335488972
_to_copy_379,44.16985489295527
mul_770,39.78191376306042
t_784,14.31318720028669
view_2070,2.2068267689255827
mm_703,1953.7946616700058
view_2071,3.9753749975251655
silu_77,75.53168666604907
t_785,14.31318720028669
view_2072,2.2068267689255827
mm_704,1953.7946616700058
view_2073,3.9753749975251655
mul_771,67.96671999198074
t_786,16.561137600820793
view_2074,1.335706665084387
mm_705,2124.797520003365
view_2075,2.656543744362866
add_552,72.46531333356785
_to_copy_380,44.16985489295527
pow_187,43.33180431653722
mean_186,68.79993531911805
add_553,12.185689886228783
rsqrt_186,4.748243782246118
mul_772,61.68558335488972
_to_copy_381,44.16985489295527
mul_773,39.78191376306042
t_787,10.750924383797496
view_2076,2.2068267689255827
mm_706,719.0733316652554
view_2077,2.656543744362866
view_2078,2.2068267689255827
transpose_475,6.826266668530492
_to_copy_382,40.80726667444687
pow_188,31.77725000027567
mean_187,66.97986665094892
add_554,12.308300004775326
rsqrt_187,6.009433334584658
mul_774,87.55960000717702
_to_copy_383,40.80726667444687
mul_775,48.82248333532674
t_788,12.37918195005528
view_2079,2.787169833315459
mm_707,13154.641642499193
view_2080,9.979323416914092
t_789,12.37918195005528
view_2081,2.787169833315459
mm_708,13154.641642499193
view_2082,9.979323416914092
view_2083,8.347300917294653
transpose_476,6.222309333096181
view_2084,8.347300917294653
transpose_477,6.222309333096181
slice_1313,6.9279381247859755
slice_1314,6.9279381247859755
unsqueeze_295,5.384175666665115
slice_1315,3.509070708462464
slice_1316,3.509070708462464
expand_165,5.936071667890297
clone_158,830.2875260820215
_unsafe_view_156,3.6639733324536743
slice_1317,6.9279381247859755
slice_1318,6.9279381247859755
unsqueeze_296,5.384175666665115
slice_1319,3.509070708462464
slice_1320,3.509070708462464
expand_166,5.936071667890297
clone_159,830.2875260820215
_unsafe_view_157,3.6639733324536743
_to_copy_384,1018.4411474996876
pow_189,1511.8400809998798
mean_188,525.2745238322847
add_555,76.74884933327263
rsqrt_188,44.12972749963527
mul_776,571.046251997958
_to_copy_385,1018.4411474996876
mul_777,1067.1315491652429
_scaled_dot_product_flash_attention_for_cpu_118,2056.2414499997317
transpose_478,3.5355985527345237
view_2085,2.2484433323207003
t_790,10.750924383797496
view_2086,2.2068267689255827
mm_709,719.0733316652554
view_2087,2.656543744362866
tanh_50,25.707959944431543
mul_778,49.143500012531874
add_556,72.46531333356785
_to_copy_386,44.16985489295527
pow_190,43.33180431653722
mean_189,68.79993531911805
add_557,12.185689886228783
rsqrt_189,4.748243782246118
mul_779,61.68558335488972
_to_copy_387,44.16985489295527
mul_780,39.78191376306042
t_791,14.31318720028669
view_2088,2.2068267689255827
mm_710,1953.7946616700058
view_2089,3.9753749975251655
silu_78,75.53168666604907
t_792,14.31318720028669
view_2090,2.2068267689255827
mm_711,1953.7946616700058
view_2091,3.9753749975251655
mul_781,67.96671999198074
t_793,16.561137600820793
view_2092,1.335706665084387
mm_712,2124.797520003365
view_2093,2.656543744362866
slice_1321,32.96239395174339
select_15,13.552850003835434
mul_782,61.68558335488972
tanh_51,25.707959944431543
mul_783,49.143500012531874
add_558,72.46531333356785
_to_copy_388,44.16985489295527
pow_191,43.33180431653722
mean_190,68.79993531911805
add_559,12.185689886228783
rsqrt_190,4.748243782246118
mul_784,61.68558335488972
_to_copy_389,44.16985489295527
mul_785,39.78191376306042
t_794,10.750924383797496
view_2094,2.2068267689255827
mm_713,719.0733316652554
view_2095,2.656543744362866
t_795,12.37918195005528
view_2096,2.2068267689255827
mm_714,279.56115416727846
view_2097,1.506858328372861
t_796,12.37918195005528
view_2098,2.2068267689255827
mm_715,279.56115416727846
view_2099,1.506858328372861
view_2100,2.2068267689255827
transpose_479,6.826266668530492
view_2101,1.8475583368175041
transpose_480,2.90094166676087
view_2102,1.8475583368175041
transpose_481,2.90094166676087
unsqueeze_297,4.835810416387782
unsqueeze_298,4.835810416387782
mul_786,51.0362562492451
slice_1322,5.1783937534297975
slice_1323,5.1783937534297975
neg_126,33.15887083248235
mul_787,51.0362562492451
add_560,41.60751666310632
mul_788,10.267558335708843
slice_1324,3.7261447892849295
slice_1325,3.7261447892849295
neg_127,7.4644458359456625
mul_789,10.267558335708843
add_561,9.72212916703041
slice_1326,3.7261447892849295
slice_1327,3.7261447892849295
unsqueeze_299,2.9612062563110766
slice_1328,3.320731253917135
slice_1329,3.320731253917135
expand_167,5.464814582232308
clone_160,44.73909166993496
_unsafe_view_158,2.1629020777511565
slice_1330,3.7261447892849295
slice_1331,3.7261447892849295
unsqueeze_300,2.9612062563110766
slice_1332,3.320731253917135
slice_1333,3.320731253917135
expand_168,5.464814582232308
clone_161,44.73909166993496
_unsafe_view_159,2.1629020777511565
slice_1337,3.625707029528712
slice_1338,3.625707029528712
slice_1339,3.625707029528712
_scaled_dot_product_flash_attention_for_cpu_119,133.43402916161187
transpose_482,3.5355985527345237
view_2103,2.2484433323207003
t_797,10.750924383797496
view_2104,2.2068267689255827
mm_716,719.0733316652554
view_2105,2.656543744362866
add_562,72.46531333356785
_to_copy_390,44.16985489295527
pow_192,43.33180431653722
mean_191,68.79993531911805
add_563,12.185689886228783
rsqrt_191,4.748243782246118
mul_790,61.68558335488972
_to_copy_391,44.16985489295527
mul_791,39.78191376306042
t_798,14.31318720028669
view_2106,2.2068267689255827
mm_717,1953.7946616700058
view_2107,3.9753749975251655
silu_79,75.53168666604907
t_799,14.31318720028669
view_2108,2.2068267689255827
mm_718,1953.7946616700058
view_2109,3.9753749975251655
mul_792,67.96671999198074
t_800,16.561137600820793
view_2110,1.335706665084387
mm_719,2124.797520003365
view_2111,2.656543744362866
add_564,72.46531333356785
_to_copy_392,44.16985489295527
pow_193,43.33180431653722
mean_192,68.79993531911805
add_565,12.185689886228783
rsqrt_192,4.748243782246118
mul_793,61.68558335488972
_to_copy_393,44.16985489295527
mul_794,39.78191376306042
t_801,10.750924383797496
view_2112,2.2068267689255827
mm_720,719.0733316652554
view_2113,2.656543744362866
t_802,12.37918195005528
view_2114,2.2068267689255827
mm_721,279.56115416727846
view_2115,1.506858328372861
t_803,12.37918195005528
view_2116,2.2068267689255827
mm_722,279.56115416727846
view_2117,1.506858328372861
view_2118,2.2068267689255827
transpose_483,6.826266668530492
view_2119,1.8475583368175041
transpose_484,2.90094166676087
view_2120,1.8475583368175041
transpose_485,2.90094166676087
unsqueeze_301,4.835810416387782
unsqueeze_302,4.835810416387782
mul_795,51.0362562492451
slice_1340,5.1783937534297975
slice_1341,5.1783937534297975
neg_128,33.15887083248235
mul_796,51.0362562492451
add_566,41.60751666310632
mul_797,10.267558335708843
slice_1342,3.7261447892849295
slice_1343,3.7261447892849295
neg_129,7.4644458359456625
mul_798,10.267558335708843
add_567,9.72212916703041
slice_1344,3.7261447892849295
slice_1345,3.7261447892849295
unsqueeze_303,2.9612062563110766
slice_1346,3.320731253917135
slice_1347,3.320731253917135
expand_169,5.464814582232308
clone_162,44.73909166993496
_unsafe_view_160,2.1629020777511565
slice_1348,3.7261447892849295
slice_1349,3.7261447892849295
unsqueeze_304,2.9612062563110766
slice_1350,3.320731253917135
slice_1351,3.320731253917135
expand_170,5.464814582232308
clone_163,44.73909166993496
_unsafe_view_161,2.1629020777511565
slice_1355,3.625707029528712
slice_1356,3.625707029528712
slice_1357,3.625707029528712
_scaled_dot_product_flash_attention_for_cpu_120,133.43402916161187
transpose_486,3.5355985527345237
view_2121,2.2484433323207003
t_804,10.750924383797496
view_2122,2.2068267689255827
mm_723,719.0733316652554
view_2123,2.656543744362866
add_568,72.46531333356785
_to_copy_394,44.16985489295527
pow_194,43.33180431653722
mean_193,68.79993531911805
add_569,12.185689886228783
rsqrt_193,4.748243782246118
mul_799,61.68558335488972
_to_copy_395,44.16985489295527
mul_800,39.78191376306042
t_805,14.31318720028669
view_2124,2.2068267689255827
mm_724,1953.7946616700058
view_2125,3.9753749975251655
silu_80,75.53168666604907
t_806,14.31318720028669
view_2126,2.2068267689255827
mm_725,1953.7946616700058
view_2127,3.9753749975251655
mul_801,67.96671999198074
t_807,16.561137600820793
view_2128,1.335706665084387
mm_726,2124.797520003365
view_2129,2.656543744362866
add_570,72.46531333356785
_to_copy_396,44.16985489295527
pow_195,43.33180431653722
mean_194,68.79993531911805
add_571,12.185689886228783
rsqrt_194,4.748243782246118
mul_802,61.68558335488972
_to_copy_397,44.16985489295527
mul_803,39.78191376306042
t_808,10.750924383797496
view_2130,2.2068267689255827
mm_727,719.0733316652554
view_2131,2.656543744362866
t_809,12.37918195005528
view_2132,2.2068267689255827
mm_728,279.56115416727846
view_2133,1.506858328372861
t_810,12.37918195005528
view_2134,2.2068267689255827
mm_729,279.56115416727846
view_2135,1.506858328372861
view_2136,2.2068267689255827
transpose_487,6.826266668530492
view_2137,1.8475583368175041
transpose_488,2.90094166676087
view_2138,1.8475583368175041
transpose_489,2.90094166676087
unsqueeze_305,4.835810416387782
unsqueeze_306,4.835810416387782
mul_804,51.0362562492451
slice_1358,5.1783937534297975
slice_1359,5.1783937534297975
neg_130,33.15887083248235
mul_805,51.0362562492451
add_572,41.60751666310632
mul_806,10.267558335708843
slice_1360,3.7261447892849295
slice_1361,3.7261447892849295
neg_131,7.4644458359456625
mul_807,10.267558335708843
add_573,9.72212916703041
slice_1362,3.7261447892849295
slice_1363,3.7261447892849295
unsqueeze_307,2.9612062563110766
slice_1364,3.320731253917135
slice_1365,3.320731253917135
expand_171,5.464814582232308
clone_164,44.73909166993496
_unsafe_view_162,2.1629020777511565
slice_1366,3.7261447892849295
slice_1367,3.7261447892849295
unsqueeze_308,2.9612062563110766
slice_1368,3.320731253917135
slice_1369,3.320731253917135
expand_172,5.464814582232308
clone_165,44.73909166993496
_unsafe_view_163,2.1629020777511565
slice_1373,3.625707029528712
slice_1374,3.625707029528712
slice_1375,3.625707029528712
_scaled_dot_product_flash_attention_for_cpu_121,133.43402916161187
transpose_490,3.5355985527345237
view_2139,2.2484433323207003
t_811,10.750924383797496
view_2140,2.2068267689255827
mm_730,719.0733316652554
view_2141,2.656543744362866
add_574,72.46531333356785
_to_copy_398,44.16985489295527
pow_196,43.33180431653722
mean_195,68.79993531911805
add_575,12.185689886228783
rsqrt_195,4.748243782246118
mul_808,61.68558335488972
_to_copy_399,44.16985489295527
mul_809,39.78191376306042
t_812,14.31318720028669
view_2142,2.2068267689255827
mm_731,1953.7946616700058
view_2143,3.9753749975251655
silu_81,75.53168666604907
t_813,14.31318720028669
view_2144,2.2068267689255827
mm_732,1953.7946616700058
view_2145,3.9753749975251655
mul_810,67.96671999198074
t_814,16.561137600820793
view_2146,1.335706665084387
mm_733,2124.797520003365
view_2147,2.656543744362866
add_576,72.46531333356785
_to_copy_400,44.16985489295527
pow_197,43.33180431653722
mean_196,68.79993531911805
add_577,12.185689886228783
rsqrt_196,4.748243782246118
mul_811,61.68558335488972
_to_copy_401,44.16985489295527
mul_812,39.78191376306042
t_815,10.750924383797496
view_2148,2.2068267689255827
mm_734,719.0733316652554
view_2149,2.656543744362866
t_816,12.37918195005528
view_2150,2.2068267689255827
mm_735,279.56115416727846
view_2151,1.506858328372861
t_817,12.37918195005528
view_2152,2.2068267689255827
mm_736,279.56115416727846
view_2153,1.506858328372861
view_2154,2.2068267689255827
transpose_491,6.826266668530492
view_2155,1.8475583368175041
transpose_492,2.90094166676087
view_2156,1.8475583368175041
transpose_493,2.90094166676087
unsqueeze_309,4.835810416387782
unsqueeze_310,4.835810416387782
mul_813,51.0362562492451
slice_1376,5.1783937534297975
slice_1377,5.1783937534297975
neg_132,33.15887083248235
mul_814,51.0362562492451
add_578,41.60751666310632
mul_815,10.267558335708843
slice_1378,3.7261447892849295
slice_1379,3.7261447892849295
neg_133,7.4644458359456625
mul_816,10.267558335708843
add_579,9.72212916703041
slice_1380,3.7261447892849295
slice_1381,3.7261447892849295
unsqueeze_311,2.9612062563110766
slice_1382,3.320731253917135
slice_1383,3.320731253917135
expand_173,5.464814582232308
clone_166,44.73909166993496
_unsafe_view_164,2.1629020777511565
slice_1384,3.7261447892849295
slice_1385,3.7261447892849295
unsqueeze_312,2.9612062563110766
slice_1386,3.320731253917135
slice_1387,3.320731253917135
expand_174,5.464814582232308
clone_167,44.73909166993496
_unsafe_view_165,2.1629020777511565
slice_1391,3.625707029528712
slice_1392,3.625707029528712
slice_1393,3.625707029528712
_scaled_dot_product_flash_attention_for_cpu_122,133.43402916161187
transpose_494,3.5355985527345237
view_2157,2.2484433323207003
t_818,10.750924383797496
view_2158,2.2068267689255827
mm_737,719.0733316652554
view_2159,2.656543744362866
add_580,72.46531333356785
_to_copy_402,44.16985489295527
pow_198,43.33180431653722
mean_197,68.79993531911805
add_581,12.185689886228783
rsqrt_197,4.748243782246118
mul_817,61.68558335488972
_to_copy_403,44.16985489295527
mul_818,39.78191376306042
t_819,14.31318720028669
view_2160,2.2068267689255827
mm_738,1953.7946616700058
view_2161,3.9753749975251655
silu_82,75.53168666604907
t_820,14.31318720028669
view_2162,2.2068267689255827
mm_739,1953.7946616700058
view_2163,3.9753749975251655
mul_819,67.96671999198074
t_821,16.561137600820793
view_2164,1.335706665084387
mm_740,2124.797520003365
view_2165,2.656543744362866
add_582,72.46531333356785
_to_copy_404,44.16985489295527
pow_199,43.33180431653722
mean_198,68.79993531911805
add_583,12.185689886228783
rsqrt_198,4.748243782246118
mul_820,61.68558335488972
_to_copy_405,44.16985489295527
mul_821,39.78191376306042
t_822,10.750924383797496
view_2166,2.2068267689255827
mm_741,719.0733316652554
view_2167,2.656543744362866
view_2168,2.2068267689255827
transpose_495,6.826266668530492
_to_copy_406,40.80726667444687
pow_200,31.77725000027567
mean_199,66.97986665094892
add_584,12.308300004775326
rsqrt_199,6.009433334584658
mul_822,87.55960000717702
_to_copy_407,40.80726667444687
mul_823,48.82248333532674
t_823,12.37918195005528
view_2169,2.787169833315459
mm_742,13154.641642499193
view_2170,9.979323416914092
t_824,12.37918195005528
view_2171,2.787169833315459
mm_743,13154.641642499193
view_2172,9.979323416914092
view_2173,8.347300917294653
transpose_496,6.222309333096181
view_2174,8.347300917294653
transpose_497,6.222309333096181
slice_1394,6.9279381247859755
slice_1395,6.9279381247859755
unsqueeze_313,5.384175666665115
slice_1396,3.509070708462464
slice_1397,3.509070708462464
expand_175,5.936071667890297
clone_168,830.2875260820215
_unsafe_view_166,3.6639733324536743
slice_1398,6.9279381247859755
slice_1399,6.9279381247859755
unsqueeze_314,5.384175666665115
slice_1400,3.509070708462464
slice_1401,3.509070708462464
expand_176,5.936071667890297
clone_169,830.2875260820215
_unsafe_view_167,3.6639733324536743
_to_copy_408,1018.4411474996876
pow_201,1511.8400809998798
mean_200,525.2745238322847
add_585,76.74884933327263
rsqrt_200,44.12972749963527
mul_824,571.046251997958
_to_copy_409,1018.4411474996876
mul_825,1067.1315491652429
_scaled_dot_product_flash_attention_for_cpu_123,2056.2414499997317
transpose_498,3.5355985527345237
view_2175,2.2484433323207003
t_825,10.750924383797496
view_2176,2.2068267689255827
mm_744,719.0733316652554
view_2177,2.656543744362866
tanh_52,25.707959944431543
mul_826,49.143500012531874
add_586,72.46531333356785
_to_copy_410,44.16985489295527
pow_202,43.33180431653722
mean_201,68.79993531911805
add_587,12.185689886228783
rsqrt_201,4.748243782246118
mul_827,61.68558335488972
_to_copy_411,44.16985489295527
mul_828,39.78191376306042
t_826,14.31318720028669
view_2178,2.2068267689255827
mm_745,1953.7946616700058
view_2179,3.9753749975251655
silu_83,75.53168666604907
t_827,14.31318720028669
view_2180,2.2068267689255827
mm_746,1953.7946616700058
view_2181,3.9753749975251655
mul_829,67.96671999198074
t_828,16.561137600820793
view_2182,1.335706665084387
mm_747,2124.797520003365
view_2183,2.656543744362866
slice_1402,32.96239395174339
select_16,13.552850003835434
mul_830,61.68558335488972
tanh_53,25.707959944431543
mul_831,49.143500012531874
add_588,72.46531333356785
_to_copy_412,44.16985489295527
pow_203,43.33180431653722
mean_202,68.79993531911805
add_589,12.185689886228783
rsqrt_202,4.748243782246118
mul_832,61.68558335488972
_to_copy_413,44.16985489295527
mul_833,39.78191376306042
t_829,10.750924383797496
view_2184,2.2068267689255827
mm_748,719.0733316652554
view_2185,2.656543744362866
t_830,12.37918195005528
view_2186,2.2068267689255827
mm_749,279.56115416727846
view_2187,1.506858328372861
t_831,12.37918195005528
view_2188,2.2068267689255827
mm_750,279.56115416727846
view_2189,1.506858328372861
view_2190,2.2068267689255827
transpose_499,6.826266668530492
view_2191,1.8475583368175041
transpose_500,2.90094166676087
view_2192,1.8475583368175041
transpose_501,2.90094166676087
unsqueeze_315,4.835810416387782
unsqueeze_316,4.835810416387782
mul_834,51.0362562492451
slice_1403,5.1783937534297975
slice_1404,5.1783937534297975
neg_134,33.15887083248235
mul_835,51.0362562492451
add_590,41.60751666310632
mul_836,10.267558335708843
slice_1405,3.7261447892849295
slice_1406,3.7261447892849295
neg_135,7.4644458359456625
mul_837,10.267558335708843
add_591,9.72212916703041
slice_1407,3.7261447892849295
slice_1408,3.7261447892849295
unsqueeze_317,2.9612062563110766
slice_1409,3.320731253917135
slice_1410,3.320731253917135
expand_177,5.464814582232308
clone_170,44.73909166993496
_unsafe_view_168,2.1629020777511565
slice_1411,3.7261447892849295
slice_1412,3.7261447892849295
unsqueeze_318,2.9612062563110766
slice_1413,3.320731253917135
slice_1414,3.320731253917135
expand_178,5.464814582232308
clone_171,44.73909166993496
_unsafe_view_169,2.1629020777511565
slice_1418,3.625707029528712
slice_1419,3.625707029528712
slice_1420,3.625707029528712
_scaled_dot_product_flash_attention_for_cpu_124,133.43402916161187
transpose_502,3.5355985527345237
view_2193,2.2484433323207003
t_832,10.750924383797496
view_2194,2.2068267689255827
mm_751,719.0733316652554
view_2195,2.656543744362866
add_592,72.46531333356785
_to_copy_414,44.16985489295527
pow_204,43.33180431653722
mean_203,68.79993531911805
add_593,12.185689886228783
rsqrt_203,4.748243782246118
mul_838,61.68558335488972
_to_copy_415,44.16985489295527
mul_839,39.78191376306042
t_833,14.31318720028669
view_2196,2.2068267689255827
mm_752,1953.7946616700058
view_2197,3.9753749975251655
silu_84,75.53168666604907
t_834,14.31318720028669
view_2198,2.2068267689255827
mm_753,1953.7946616700058
view_2199,3.9753749975251655
mul_840,67.96671999198074
t_835,16.561137600820793
view_2200,1.335706665084387
mm_754,2124.797520003365
view_2201,2.656543744362866
add_594,72.46531333356785
_to_copy_416,44.16985489295527
pow_205,43.33180431653722
mean_204,68.79993531911805
add_595,12.185689886228783
rsqrt_204,4.748243782246118
mul_841,61.68558335488972
_to_copy_417,44.16985489295527
mul_842,39.78191376306042
t_836,10.750924383797496
view_2202,2.2068267689255827
mm_755,719.0733316652554
view_2203,2.656543744362866
t_837,12.37918195005528
view_2204,2.2068267689255827
mm_756,279.56115416727846
view_2205,1.506858328372861
t_838,12.37918195005528
view_2206,2.2068267689255827
mm_757,279.56115416727846
view_2207,1.506858328372861
view_2208,2.2068267689255827
transpose_503,6.826266668530492
view_2209,1.8475583368175041
transpose_504,2.90094166676087
view_2210,1.8475583368175041
transpose_505,2.90094166676087
unsqueeze_319,4.835810416387782
unsqueeze_320,4.835810416387782
mul_843,51.0362562492451
slice_1421,5.1783937534297975
slice_1422,5.1783937534297975
neg_136,33.15887083248235
mul_844,51.0362562492451
add_596,41.60751666310632
mul_845,10.267558335708843
slice_1423,3.7261447892849295
slice_1424,3.7261447892849295
neg_137,7.4644458359456625
mul_846,10.267558335708843
add_597,9.72212916703041
slice_1425,3.7261447892849295
slice_1426,3.7261447892849295
unsqueeze_321,2.9612062563110766
slice_1427,3.320731253917135
slice_1428,3.320731253917135
expand_179,5.464814582232308
clone_172,44.73909166993496
_unsafe_view_170,2.1629020777511565
slice_1429,3.7261447892849295
slice_1430,3.7261447892849295
unsqueeze_322,2.9612062563110766
slice_1431,3.320731253917135
slice_1432,3.320731253917135
expand_180,5.464814582232308
clone_173,44.73909166993496
_unsafe_view_171,2.1629020777511565
slice_1436,3.625707029528712
slice_1437,3.625707029528712
slice_1438,3.625707029528712
_scaled_dot_product_flash_attention_for_cpu_125,133.43402916161187
transpose_506,3.5355985527345237
view_2211,2.2484433323207003
t_839,10.750924383797496
view_2212,2.2068267689255827
mm_758,719.0733316652554
view_2213,2.656543744362866
add_598,72.46531333356785
_to_copy_418,44.16985489295527
pow_206,43.33180431653722
mean_205,68.79993531911805
add_599,12.185689886228783
rsqrt_205,4.748243782246118
mul_847,61.68558335488972
_to_copy_419,44.16985489295527
mul_848,39.78191376306042
t_840,14.31318720028669
view_2214,2.2068267689255827
mm_759,1953.7946616700058
view_2215,3.9753749975251655
silu_85,75.53168666604907
t_841,14.31318720028669
view_2216,2.2068267689255827
mm_760,1953.7946616700058
view_2217,3.9753749975251655
mul_849,67.96671999198074
t_842,16.561137600820793
view_2218,1.335706665084387
mm_761,2124.797520003365
view_2219,2.656543744362866
add_600,72.46531333356785
_to_copy_420,44.16985489295527
pow_207,43.33180431653722
mean_206,68.79993531911805
add_601,12.185689886228783
rsqrt_206,4.748243782246118
mul_850,61.68558335488972
_to_copy_421,44.16985489295527
mul_851,39.78191376306042
t_843,10.750924383797496
view_2220,2.2068267689255827
mm_762,719.0733316652554
view_2221,2.656543744362866
t_844,12.37918195005528
view_2222,2.2068267689255827
mm_763,279.56115416727846
view_2223,1.506858328372861
t_845,12.37918195005528
view_2224,2.2068267689255827
mm_764,279.56115416727846
view_2225,1.506858328372861
view_2226,2.2068267689255827
transpose_507,6.826266668530492
view_2227,1.8475583368175041
transpose_508,2.90094166676087
view_2228,1.8475583368175041
transpose_509,2.90094166676087
unsqueeze_323,4.835810416387782
unsqueeze_324,4.835810416387782
mul_852,51.0362562492451
slice_1439,5.1783937534297975
slice_1440,5.1783937534297975
neg_138,33.15887083248235
mul_853,51.0362562492451
add_602,41.60751666310632
mul_854,10.267558335708843
slice_1441,3.7261447892849295
slice_1442,3.7261447892849295
neg_139,7.4644458359456625
mul_855,10.267558335708843
add_603,9.72212916703041
slice_1443,3.7261447892849295
slice_1444,3.7261447892849295
unsqueeze_325,2.9612062563110766
slice_1445,3.320731253917135
slice_1446,3.320731253917135
expand_181,5.464814582232308
clone_174,44.73909166993496
_unsafe_view_172,2.1629020777511565
slice_1447,3.7261447892849295
slice_1448,3.7261447892849295
unsqueeze_326,2.9612062563110766
slice_1449,3.320731253917135
slice_1450,3.320731253917135
expand_182,5.464814582232308
clone_175,44.73909166993496
_unsafe_view_173,2.1629020777511565
slice_1454,3.625707029528712
slice_1455,3.625707029528712
slice_1456,3.625707029528712
_scaled_dot_product_flash_attention_for_cpu_126,133.43402916161187
transpose_510,3.5355985527345237
view_2229,2.2484433323207003
t_846,10.750924383797496
view_2230,2.2068267689255827
mm_765,719.0733316652554
view_2231,2.656543744362866
add_604,72.46531333356785
_to_copy_422,44.16985489295527
pow_208,43.33180431653722
mean_207,68.79993531911805
add_605,12.185689886228783
rsqrt_207,4.748243782246118
mul_856,61.68558335488972
_to_copy_423,44.16985489295527
mul_857,39.78191376306042
t_847,14.31318720028669
view_2232,2.2068267689255827
mm_766,1953.7946616700058
view_2233,3.9753749975251655
silu_86,75.53168666604907
t_848,14.31318720028669
view_2234,2.2068267689255827
mm_767,1953.7946616700058
view_2235,3.9753749975251655
mul_858,67.96671999198074
t_849,16.561137600820793
view_2236,1.335706665084387
mm_768,2124.797520003365
view_2237,2.656543744362866
add_606,72.46531333356785
_to_copy_424,44.16985489295527
pow_209,43.33180431653722
mean_208,68.79993531911805
add_607,12.185689886228783
rsqrt_208,4.748243782246118
mul_859,61.68558335488972
_to_copy_425,44.16985489295527
mul_860,39.78191376306042
t_850,10.750924383797496
view_2238,2.2068267689255827
mm_769,719.0733316652554
view_2239,2.656543744362866
t_851,12.37918195005528
view_2240,2.2068267689255827
mm_770,279.56115416727846
view_2241,1.506858328372861
t_852,12.37918195005528
view_2242,2.2068267689255827
mm_771,279.56115416727846
view_2243,1.506858328372861
view_2244,2.2068267689255827
transpose_511,6.826266668530492
view_2245,1.8475583368175041
transpose_512,2.90094166676087
view_2246,1.8475583368175041
transpose_513,2.90094166676087
unsqueeze_327,4.835810416387782
unsqueeze_328,4.835810416387782
mul_861,51.0362562492451
slice_1457,5.1783937534297975
slice_1458,5.1783937534297975
neg_140,33.15887083248235
mul_862,51.0362562492451
add_608,41.60751666310632
mul_863,10.267558335708843
slice_1459,3.7261447892849295
slice_1460,3.7261447892849295
neg_141,7.4644458359456625
mul_864,10.267558335708843
add_609,9.72212916703041
slice_1461,3.7261447892849295
slice_1462,3.7261447892849295
unsqueeze_329,2.9612062563110766
slice_1463,3.320731253917135
slice_1464,3.320731253917135
expand_183,5.464814582232308
clone_176,44.73909166993496
_unsafe_view_174,2.1629020777511565
slice_1465,3.7261447892849295
slice_1466,3.7261447892849295
unsqueeze_330,2.9612062563110766
slice_1467,3.320731253917135
slice_1468,3.320731253917135
expand_184,5.464814582232308
clone_177,44.73909166993496
_unsafe_view_175,2.1629020777511565
slice_1472,3.625707029528712
slice_1473,3.625707029528712
slice_1474,3.625707029528712
_scaled_dot_product_flash_attention_for_cpu_127,133.43402916161187
transpose_514,3.5355985527345237
view_2247,2.2484433323207003
t_853,10.750924383797496
view_2248,2.2068267689255827
mm_772,719.0733316652554
view_2249,2.656543744362866
add_610,72.46531333356785
_to_copy_426,44.16985489295527
pow_210,43.33180431653722
mean_209,68.79993531911805
add_611,12.185689886228783
rsqrt_209,4.748243782246118
mul_865,61.68558335488972
_to_copy_427,44.16985489295527
mul_866,39.78191376306042
t_854,14.31318720028669
view_2250,2.2068267689255827
mm_773,1953.7946616700058
view_2251,3.9753749975251655
silu_87,75.53168666604907
t_855,14.31318720028669
view_2252,2.2068267689255827
mm_774,1953.7946616700058
view_2253,3.9753749975251655
mul_867,67.96671999198074
t_856,16.561137600820793
view_2254,1.335706665084387
mm_775,2124.797520003365
view_2255,2.656543744362866
add_612,72.46531333356785
_to_copy_428,44.16985489295527
pow_211,43.33180431653722
mean_210,68.79993531911805
add_613,12.185689886228783
rsqrt_210,4.748243782246118
mul_868,61.68558335488972
_to_copy_429,44.16985489295527
mul_869,39.78191376306042
t_857,10.750924383797496
view_2256,2.2068267689255827
mm_776,719.0733316652554
view_2257,2.656543744362866
view_2258,2.2068267689255827
transpose_515,6.826266668530492
_to_copy_430,40.80726667444687
pow_212,31.77725000027567
mean_211,66.97986665094892
add_614,12.308300004775326
rsqrt_211,6.009433334584658
mul_870,87.55960000717702
_to_copy_431,40.80726667444687
mul_871,48.82248333532674
t_858,12.37918195005528
view_2259,2.787169833315459
mm_777,13154.641642499193
view_2260,9.979323416914092
t_859,12.37918195005528
view_2261,2.787169833315459
mm_778,13154.641642499193
view_2262,9.979323416914092
view_2263,8.347300917294653
transpose_516,6.222309333096181
view_2264,8.347300917294653
transpose_517,6.222309333096181
slice_1475,6.9279381247859755
slice_1476,6.9279381247859755
unsqueeze_331,5.384175666665115
slice_1477,3.509070708462464
slice_1478,3.509070708462464
expand_185,5.936071667890297
clone_178,830.2875260820215
_unsafe_view_176,3.6639733324536743
slice_1479,6.9279381247859755
slice_1480,6.9279381247859755
unsqueeze_332,5.384175666665115
slice_1481,3.509070708462464
slice_1482,3.509070708462464
expand_186,5.936071667890297
clone_179,830.2875260820215
_unsafe_view_177,3.6639733324536743
_to_copy_432,1018.4411474996876
pow_213,1511.8400809998798
mean_212,525.2745238322847
add_615,76.74884933327263
rsqrt_212,44.12972749963527
mul_872,571.046251997958
_to_copy_433,1018.4411474996876
mul_873,1067.1315491652429
_scaled_dot_product_flash_attention_for_cpu_128,2056.2414499997317
transpose_518,3.5355985527345237
view_2265,2.2484433323207003
t_860,10.750924383797496
view_2266,2.2068267689255827
mm_779,719.0733316652554
view_2267,2.656543744362866
tanh_54,25.707959944431543
mul_874,49.143500012531874
add_616,72.46531333356785
_to_copy_434,44.16985489295527
pow_214,43.33180431653722
mean_213,68.79993531911805
add_617,12.185689886228783
rsqrt_213,4.748243782246118
mul_875,61.68558335488972
_to_copy_435,44.16985489295527
mul_876,39.78191376306042
t_861,14.31318720028669
view_2268,2.2068267689255827
mm_780,1953.7946616700058
view_2269,3.9753749975251655
silu_88,75.53168666604907
t_862,14.31318720028669
view_2270,2.2068267689255827
mm_781,1953.7946616700058
view_2271,3.9753749975251655
mul_877,67.96671999198074
t_863,16.561137600820793
view_2272,1.335706665084387
mm_782,2124.797520003365
view_2273,2.656543744362866
slice_1483,32.96239395174339
select_17,13.552850003835434
mul_878,61.68558335488972
tanh_55,25.707959944431543
mul_879,49.143500012531874
add_618,72.46531333356785
_to_copy_436,44.16985489295527
pow_215,43.33180431653722
mean_214,68.79993531911805
add_619,12.185689886228783
rsqrt_214,4.748243782246118
mul_880,61.68558335488972
_to_copy_437,44.16985489295527
mul_881,39.78191376306042
t_864,10.750924383797496
view_2274,2.2068267689255827
mm_783,719.0733316652554
view_2275,2.656543744362866
t_865,12.37918195005528
view_2276,2.2068267689255827
mm_784,279.56115416727846
view_2277,1.506858328372861
t_866,12.37918195005528
view_2278,2.2068267689255827
mm_785,279.56115416727846
view_2279,1.506858328372861
view_2280,2.2068267689255827
transpose_519,6.826266668530492
view_2281,1.8475583368175041
transpose_520,2.90094166676087
view_2282,1.8475583368175041
transpose_521,2.90094166676087
unsqueeze_333,4.835810416387782
unsqueeze_334,4.835810416387782
mul_882,51.0362562492451
slice_1484,5.1783937534297975
slice_1485,5.1783937534297975
neg_142,33.15887083248235
mul_883,51.0362562492451
add_620,41.60751666310632
mul_884,10.267558335708843
slice_1486,3.7261447892849295
slice_1487,3.7261447892849295
neg_143,7.4644458359456625
mul_885,10.267558335708843
add_621,9.72212916703041
slice_1488,3.7261447892849295
slice_1489,3.7261447892849295
unsqueeze_335,2.9612062563110766
slice_1490,3.320731253917135
slice_1491,3.320731253917135
expand_187,5.464814582232308
clone_180,44.73909166993496
_unsafe_view_178,2.1629020777511565
slice_1492,3.7261447892849295
slice_1493,3.7261447892849295
unsqueeze_336,2.9612062563110766
slice_1494,3.320731253917135
slice_1495,3.320731253917135
expand_188,5.464814582232308
clone_181,44.73909166993496
_unsafe_view_179,2.1629020777511565
slice_1499,3.625707029528712
slice_1500,3.625707029528712
slice_1501,3.625707029528712
_scaled_dot_product_flash_attention_for_cpu_129,133.43402916161187
transpose_522,3.5355985527345237
view_2283,2.2484433323207003
t_867,10.750924383797496
view_2284,2.2068267689255827
mm_786,719.0733316652554
view_2285,2.656543744362866
add_622,72.46531333356785
_to_copy_438,44.16985489295527
pow_216,43.33180431653722
mean_215,68.79993531911805
add_623,12.185689886228783
rsqrt_215,4.748243782246118
mul_886,61.68558335488972
_to_copy_439,44.16985489295527
mul_887,39.78191376306042
t_868,14.31318720028669
view_2286,2.2068267689255827
mm_787,1953.7946616700058
view_2287,3.9753749975251655
silu_89,75.53168666604907
t_869,14.31318720028669
view_2288,2.2068267689255827
mm_788,1953.7946616700058
view_2289,3.9753749975251655
mul_888,67.96671999198074
t_870,16.561137600820793
view_2290,1.335706665084387
mm_789,2124.797520003365
view_2291,2.656543744362866
add_624,72.46531333356785
_to_copy_440,44.16985489295527
pow_217,43.33180431653722
mean_216,68.79993531911805
add_625,12.185689886228783
rsqrt_216,4.748243782246118
mul_889,61.68558335488972
_to_copy_441,44.16985489295527
mul_890,39.78191376306042
t_871,10.750924383797496
view_2292,2.2068267689255827
mm_790,719.0733316652554
view_2293,2.656543744362866
t_872,12.37918195005528
view_2294,2.2068267689255827
mm_791,279.56115416727846
view_2295,1.506858328372861
t_873,12.37918195005528
view_2296,2.2068267689255827
mm_792,279.56115416727846
view_2297,1.506858328372861
view_2298,2.2068267689255827
transpose_523,6.826266668530492
view_2299,1.8475583368175041
transpose_524,2.90094166676087
view_2300,1.8475583368175041
transpose_525,2.90094166676087
unsqueeze_337,4.835810416387782
unsqueeze_338,4.835810416387782
mul_891,51.0362562492451
slice_1502,5.1783937534297975
slice_1503,5.1783937534297975
neg_144,33.15887083248235
mul_892,51.0362562492451
add_626,41.60751666310632
mul_893,10.267558335708843
slice_1504,3.7261447892849295
slice_1505,3.7261447892849295
neg_145,7.4644458359456625
mul_894,10.267558335708843
add_627,9.72212916703041
slice_1506,3.7261447892849295
slice_1507,3.7261447892849295
unsqueeze_339,2.9612062563110766
slice_1508,3.320731253917135
slice_1509,3.320731253917135
expand_189,5.464814582232308
clone_182,44.73909166993496
_unsafe_view_180,2.1629020777511565
slice_1510,3.7261447892849295
slice_1511,3.7261447892849295
unsqueeze_340,2.9612062563110766
slice_1512,3.320731253917135
slice_1513,3.320731253917135
expand_190,5.464814582232308
clone_183,44.73909166993496
_unsafe_view_181,2.1629020777511565
slice_1517,3.625707029528712
slice_1518,3.625707029528712
slice_1519,3.625707029528712
_scaled_dot_product_flash_attention_for_cpu_130,133.43402916161187
transpose_526,3.5355985527345237
view_2301,2.2484433323207003
t_874,10.750924383797496
view_2302,2.2068267689255827
mm_793,719.0733316652554
view_2303,2.656543744362866
add_628,72.46531333356785
_to_copy_442,44.16985489295527
pow_218,43.33180431653722
mean_217,68.79993531911805
add_629,12.185689886228783
rsqrt_217,4.748243782246118
mul_895,61.68558335488972
_to_copy_443,44.16985489295527
mul_896,39.78191376306042
t_875,14.31318720028669
view_2304,2.2068267689255827
mm_794,1953.7946616700058
view_2305,3.9753749975251655
silu_90,75.53168666604907
t_876,14.31318720028669
view_2306,2.2068267689255827
mm_795,1953.7946616700058
view_2307,3.9753749975251655
mul_897,67.96671999198074
t_877,16.561137600820793
view_2308,1.335706665084387
mm_796,2124.797520003365
view_2309,2.656543744362866
add_630,72.46531333356785
_to_copy_444,44.16985489295527
pow_219,43.33180431653722
mean_218,68.79993531911805
add_631,12.185689886228783
rsqrt_218,4.748243782246118
mul_898,61.68558335488972
_to_copy_445,44.16985489295527
mul_899,39.78191376306042
t_878,10.750924383797496
view_2310,2.2068267689255827
mm_797,719.0733316652554
view_2311,2.656543744362866
t_879,12.37918195005528
view_2312,2.2068267689255827
mm_798,279.56115416727846
view_2313,1.506858328372861
t_880,12.37918195005528
view_2314,2.2068267689255827
mm_799,279.56115416727846
view_2315,1.506858328372861
view_2316,2.2068267689255827
transpose_527,6.826266668530492
view_2317,1.8475583368175041
transpose_528,2.90094166676087
view_2318,1.8475583368175041
transpose_529,2.90094166676087
unsqueeze_341,4.835810416387782
unsqueeze_342,4.835810416387782
mul_900,51.0362562492451
slice_1520,5.1783937534297975
slice_1521,5.1783937534297975
neg_146,33.15887083248235
mul_901,51.0362562492451
add_632,41.60751666310632
mul_902,10.267558335708843
slice_1522,3.7261447892849295
slice_1523,3.7261447892849295
neg_147,7.4644458359456625
mul_903,10.267558335708843
add_633,9.72212916703041
slice_1524,3.7261447892849295
slice_1525,3.7261447892849295
unsqueeze_343,2.9612062563110766
slice_1526,3.320731253917135
slice_1527,3.320731253917135
expand_191,5.464814582232308
clone_184,44.73909166993496
_unsafe_view_182,2.1629020777511565
slice_1528,3.7261447892849295
slice_1529,3.7261447892849295
unsqueeze_344,2.9612062563110766
slice_1530,3.320731253917135
slice_1531,3.320731253917135
expand_192,5.464814582232308
clone_185,44.73909166993496
_unsafe_view_183,2.1629020777511565
slice_1535,3.625707029528712
slice_1536,3.625707029528712
slice_1537,3.625707029528712
_scaled_dot_product_flash_attention_for_cpu_131,133.43402916161187
transpose_530,3.5355985527345237
view_2319,2.2484433323207003
t_881,10.750924383797496
view_2320,2.2068267689255827
mm_800,719.0733316652554
view_2321,2.656543744362866
add_634,72.46531333356785
_to_copy_446,44.16985489295527
pow_220,43.33180431653722
mean_219,68.79993531911805
add_635,12.185689886228783
rsqrt_219,4.748243782246118
mul_904,61.68558335488972
_to_copy_447,44.16985489295527
mul_905,39.78191376306042
t_882,14.31318720028669
view_2322,2.2068267689255827
mm_801,1953.7946616700058
view_2323,3.9753749975251655
silu_91,75.53168666604907
t_883,14.31318720028669
view_2324,2.2068267689255827
mm_802,1953.7946616700058
view_2325,3.9753749975251655
mul_906,67.96671999198074
t_884,16.561137600820793
view_2326,1.335706665084387
mm_803,2124.797520003365
view_2327,2.656543744362866
add_636,72.46531333356785
_to_copy_448,44.16985489295527
pow_221,43.33180431653722
mean_220,68.79993531911805
add_637,12.185689886228783
rsqrt_220,4.748243782246118
mul_907,61.68558335488972
_to_copy_449,44.16985489295527
mul_908,39.78191376306042
t_885,10.750924383797496
view_2328,2.2068267689255827
mm_804,719.0733316652554
view_2329,2.656543744362866
t_886,12.37918195005528
view_2330,2.2068267689255827
mm_805,279.56115416727846
view_2331,1.506858328372861
t_887,12.37918195005528
view_2332,2.2068267689255827
mm_806,279.56115416727846
view_2333,1.506858328372861
view_2334,2.2068267689255827
transpose_531,6.826266668530492
view_2335,1.8475583368175041
transpose_532,2.90094166676087
view_2336,1.8475583368175041
transpose_533,2.90094166676087
unsqueeze_345,4.835810416387782
unsqueeze_346,4.835810416387782
mul_909,51.0362562492451
slice_1538,5.1783937534297975
slice_1539,5.1783937534297975
neg_148,33.15887083248235
mul_910,51.0362562492451
add_638,41.60751666310632
mul_911,10.267558335708843
slice_1540,3.7261447892849295
slice_1541,3.7261447892849295
neg_149,7.4644458359456625
mul_912,10.267558335708843
add_639,9.72212916703041
slice_1542,3.7261447892849295
slice_1543,3.7261447892849295
unsqueeze_347,2.9612062563110766
slice_1544,3.320731253917135
slice_1545,3.320731253917135
expand_193,5.464814582232308
clone_186,44.73909166993496
_unsafe_view_184,2.1629020777511565
slice_1546,3.7261447892849295
slice_1547,3.7261447892849295
unsqueeze_348,2.9612062563110766
slice_1548,3.320731253917135
slice_1549,3.320731253917135
expand_194,5.464814582232308
clone_187,44.73909166993496
_unsafe_view_185,2.1629020777511565
slice_1553,3.625707029528712
slice_1554,3.625707029528712
slice_1555,3.625707029528712
_scaled_dot_product_flash_attention_for_cpu_132,133.43402916161187
transpose_534,3.5355985527345237
view_2337,2.2484433323207003
t_888,10.750924383797496
view_2338,2.2068267689255827
mm_807,719.0733316652554
view_2339,2.656543744362866
add_640,72.46531333356785
_to_copy_450,44.16985489295527
pow_222,43.33180431653722
mean_221,68.79993531911805
add_641,12.185689886228783
rsqrt_221,4.748243782246118
mul_913,61.68558335488972
_to_copy_451,44.16985489295527
mul_914,39.78191376306042
t_889,14.31318720028669
view_2340,2.2068267689255827
mm_808,1953.7946616700058
view_2341,3.9753749975251655
silu_92,75.53168666604907
t_890,14.31318720028669
view_2342,2.2068267689255827
mm_809,1953.7946616700058
view_2343,3.9753749975251655
mul_915,67.96671999198074
t_891,16.561137600820793
view_2344,1.335706665084387
mm_810,2124.797520003365
view_2345,2.656543744362866
add_642,72.46531333356785
_to_copy_452,44.16985489295527
pow_223,43.33180431653722
mean_222,68.79993531911805
add_643,12.185689886228783
rsqrt_222,4.748243782246118
mul_916,61.68558335488972
_to_copy_453,44.16985489295527
mul_917,39.78191376306042
t_892,10.750924383797496
view_2346,2.2068267689255827
mm_811,719.0733316652554
view_2347,2.656543744362866
view_2348,2.2068267689255827
transpose_535,6.826266668530492
_to_copy_454,40.80726667444687
pow_224,31.77725000027567
mean_223,66.97986665094892
add_644,12.308300004775326
rsqrt_223,6.009433334584658
mul_918,87.55960000717702
_to_copy_455,40.80726667444687
mul_919,48.82248333532674
t_893,12.37918195005528
view_2349,2.787169833315459
mm_812,13154.641642499193
view_2350,9.979323416914092
t_894,12.37918195005528
view_2351,2.787169833315459
mm_813,13154.641642499193
view_2352,9.979323416914092
view_2353,8.347300917294653
transpose_536,6.222309333096181
view_2354,8.347300917294653
transpose_537,6.222309333096181
slice_1556,6.9279381247859755
slice_1557,6.9279381247859755
unsqueeze_349,5.384175666665115
slice_1558,3.509070708462464
slice_1559,3.509070708462464
expand_195,5.936071667890297
clone_188,830.2875260820215
_unsafe_view_186,3.6639733324536743
slice_1560,6.9279381247859755
slice_1561,6.9279381247859755
unsqueeze_350,5.384175666665115
slice_1562,3.509070708462464
slice_1563,3.509070708462464
expand_196,5.936071667890297
clone_189,830.2875260820215
_unsafe_view_187,3.6639733324536743
_to_copy_456,1018.4411474996876
pow_225,1511.8400809998798
mean_224,525.2745238322847
add_645,76.74884933327263
rsqrt_224,44.12972749963527
mul_920,571.046251997958
_to_copy_457,1018.4411474996876
mul_921,1067.1315491652429
_scaled_dot_product_flash_attention_for_cpu_133,2056.2414499997317
transpose_538,3.5355985527345237
view_2355,2.2484433323207003
t_895,10.750924383797496
view_2356,2.2068267689255827
mm_814,719.0733316652554
view_2357,2.656543744362866
tanh_56,25.707959944431543
mul_922,49.143500012531874
add_646,72.46531333356785
_to_copy_458,44.16985489295527
pow_226,43.33180431653722
mean_225,68.79993531911805
add_647,12.185689886228783
rsqrt_225,4.748243782246118
mul_923,61.68558335488972
_to_copy_459,44.16985489295527
mul_924,39.78191376306042
t_896,14.31318720028669
view_2358,2.2068267689255827
mm_815,1953.7946616700058
view_2359,3.9753749975251655
silu_93,75.53168666604907
t_897,14.31318720028669
view_2360,2.2068267689255827
mm_816,1953.7946616700058
view_2361,3.9753749975251655
mul_925,67.96671999198074
t_898,16.561137600820793
view_2362,1.335706665084387
mm_817,2124.797520003365
view_2363,2.656543744362866
slice_1564,32.96239395174339
select_18,13.552850003835434
mul_926,61.68558335488972
tanh_57,25.707959944431543
mul_927,49.143500012531874
add_648,72.46531333356785
_to_copy_460,44.16985489295527
pow_227,43.33180431653722
mean_226,68.79993531911805
add_649,12.185689886228783
rsqrt_226,4.748243782246118
mul_928,61.68558335488972
_to_copy_461,44.16985489295527
mul_929,39.78191376306042
t_899,10.750924383797496
view_2364,2.2068267689255827
mm_818,719.0733316652554
view_2365,2.656543744362866
t_900,12.37918195005528
view_2366,2.2068267689255827
mm_819,279.56115416727846
view_2367,1.506858328372861
t_901,12.37918195005528
view_2368,2.2068267689255827
mm_820,279.56115416727846
view_2369,1.506858328372861
view_2370,2.2068267689255827
transpose_539,6.826266668530492
view_2371,1.8475583368175041
transpose_540,2.90094166676087
view_2372,1.8475583368175041
transpose_541,2.90094166676087
unsqueeze_351,4.835810416387782
unsqueeze_352,4.835810416387782
mul_930,51.0362562492451
slice_1565,5.1783937534297975
slice_1566,5.1783937534297975
neg_150,33.15887083248235
mul_931,51.0362562492451
add_650,41.60751666310632
mul_932,10.267558335708843
slice_1567,3.7261447892849295
slice_1568,3.7261447892849295
neg_151,7.4644458359456625
mul_933,10.267558335708843
add_651,9.72212916703041
slice_1569,3.7261447892849295
slice_1570,3.7261447892849295
unsqueeze_353,2.9612062563110766
slice_1571,3.320731253917135
slice_1572,3.320731253917135
expand_197,5.464814582232308
clone_190,44.73909166993496
_unsafe_view_188,2.1629020777511565
slice_1573,3.7261447892849295
slice_1574,3.7261447892849295
unsqueeze_354,2.9612062563110766
slice_1575,3.320731253917135
slice_1576,3.320731253917135
expand_198,5.464814582232308
clone_191,44.73909166993496
_unsafe_view_189,2.1629020777511565
slice_1580,3.625707029528712
slice_1581,3.625707029528712
slice_1582,3.625707029528712
_scaled_dot_product_flash_attention_for_cpu_134,133.43402916161187
transpose_542,3.5355985527345237
view_2373,2.2484433323207003
t_902,10.750924383797496
view_2374,2.2068267689255827
mm_821,719.0733316652554
view_2375,2.656543744362866
add_652,72.46531333356785
_to_copy_462,44.16985489295527
pow_228,43.33180431653722
mean_227,68.79993531911805
add_653,12.185689886228783
rsqrt_227,4.748243782246118
mul_934,61.68558335488972
_to_copy_463,44.16985489295527
mul_935,39.78191376306042
t_903,14.31318720028669
view_2376,2.2068267689255827
mm_822,1953.7946616700058
view_2377,3.9753749975251655
silu_94,75.53168666604907
t_904,14.31318720028669
view_2378,2.2068267689255827
mm_823,1953.7946616700058
view_2379,3.9753749975251655
mul_936,67.96671999198074
t_905,16.561137600820793
view_2380,1.335706665084387
mm_824,2124.797520003365
view_2381,2.656543744362866
add_654,72.46531333356785
_to_copy_464,44.16985489295527
pow_229,43.33180431653722
mean_228,68.79993531911805
add_655,12.185689886228783
rsqrt_228,4.748243782246118
mul_937,61.68558335488972
_to_copy_465,44.16985489295527
mul_938,39.78191376306042
t_906,10.750924383797496
view_2382,2.2068267689255827
mm_825,719.0733316652554
view_2383,2.656543744362866
t_907,12.37918195005528
view_2384,2.2068267689255827
mm_826,279.56115416727846
view_2385,1.506858328372861
t_908,12.37918195005528
view_2386,2.2068267689255827
mm_827,279.56115416727846
view_2387,1.506858328372861
view_2388,2.2068267689255827
transpose_543,6.826266668530492
view_2389,1.8475583368175041
transpose_544,2.90094166676087
view_2390,1.8475583368175041
transpose_545,2.90094166676087
unsqueeze_355,4.835810416387782
unsqueeze_356,4.835810416387782
mul_939,51.0362562492451
slice_1583,5.1783937534297975
slice_1584,5.1783937534297975
neg_152,33.15887083248235
mul_940,51.0362562492451
add_656,41.60751666310632
mul_941,10.267558335708843
slice_1585,3.7261447892849295
slice_1586,3.7261447892849295
neg_153,7.4644458359456625
mul_942,10.267558335708843
add_657,9.72212916703041
slice_1587,3.7261447892849295
slice_1588,3.7261447892849295
unsqueeze_357,2.9612062563110766
slice_1589,3.320731253917135
slice_1590,3.320731253917135
expand_199,5.464814582232308
clone_192,44.73909166993496
_unsafe_view_190,2.1629020777511565
slice_1591,3.7261447892849295
slice_1592,3.7261447892849295
unsqueeze_358,2.9612062563110766
slice_1593,3.320731253917135
slice_1594,3.320731253917135
expand_200,5.464814582232308
clone_193,44.73909166993496
_unsafe_view_191,2.1629020777511565
slice_1598,3.625707029528712
slice_1599,3.625707029528712
slice_1600,3.625707029528712
_scaled_dot_product_flash_attention_for_cpu_135,133.43402916161187
transpose_546,3.5355985527345237
view_2391,2.2484433323207003
t_909,10.750924383797496
view_2392,2.2068267689255827
mm_828,719.0733316652554
view_2393,2.656543744362866
add_658,72.46531333356785
_to_copy_466,44.16985489295527
pow_230,43.33180431653722
mean_229,68.79993531911805
add_659,12.185689886228783
rsqrt_229,4.748243782246118
mul_943,61.68558335488972
_to_copy_467,44.16985489295527
mul_944,39.78191376306042
t_910,14.31318720028669
view_2394,2.2068267689255827
mm_829,1953.7946616700058
view_2395,3.9753749975251655
silu_95,75.53168666604907
t_911,14.31318720028669
view_2396,2.2068267689255827
mm_830,1953.7946616700058
view_2397,3.9753749975251655
mul_945,67.96671999198074
t_912,16.561137600820793
view_2398,1.335706665084387
mm_831,2124.797520003365
view_2399,2.656543744362866
add_660,72.46531333356785
_to_copy_468,44.16985489295527
pow_231,43.33180431653722
mean_230,68.79993531911805
add_661,12.185689886228783
rsqrt_230,4.748243782246118
mul_946,61.68558335488972
_to_copy_469,44.16985489295527
mul_947,39.78191376306042
t_913,10.750924383797496
view_2400,2.2068267689255827
mm_832,719.0733316652554
view_2401,2.656543744362866
t_914,12.37918195005528
view_2402,2.2068267689255827
mm_833,279.56115416727846
view_2403,1.506858328372861
t_915,12.37918195005528
view_2404,2.2068267689255827
mm_834,279.56115416727846
view_2405,1.506858328372861
view_2406,2.2068267689255827
transpose_547,6.826266668530492
view_2407,1.8475583368175041
transpose_548,2.90094166676087
view_2408,1.8475583368175041
transpose_549,2.90094166676087
unsqueeze_359,4.835810416387782
unsqueeze_360,4.835810416387782
mul_948,51.0362562492451
slice_1601,5.1783937534297975
slice_1602,5.1783937534297975
neg_154,33.15887083248235
mul_949,51.0362562492451
add_662,41.60751666310632
mul_950,10.267558335708843
slice_1603,3.7261447892849295
slice_1604,3.7261447892849295
neg_155,7.4644458359456625
mul_951,10.267558335708843
add_663,9.72212916703041
slice_1605,3.7261447892849295
slice_1606,3.7261447892849295
unsqueeze_361,2.9612062563110766
slice_1607,3.320731253917135
slice_1608,3.320731253917135
expand_201,5.464814582232308
clone_194,44.73909166993496
_unsafe_view_192,2.1629020777511565
slice_1609,3.7261447892849295
slice_1610,3.7261447892849295
unsqueeze_362,2.9612062563110766
slice_1611,3.320731253917135
slice_1612,3.320731253917135
expand_202,5.464814582232308
clone_195,44.73909166993496
_unsafe_view_193,2.1629020777511565
slice_1616,3.625707029528712
slice_1617,3.625707029528712
slice_1618,3.625707029528712
_scaled_dot_product_flash_attention_for_cpu_136,133.43402916161187
transpose_550,3.5355985527345237
view_2409,2.2484433323207003
t_916,10.750924383797496
view_2410,2.2068267689255827
mm_835,719.0733316652554
view_2411,2.656543744362866
add_664,72.46531333356785
_to_copy_470,44.16985489295527
pow_232,43.33180431653722
mean_231,68.79993531911805
add_665,12.185689886228783
rsqrt_231,4.748243782246118
mul_952,61.68558335488972
_to_copy_471,44.16985489295527
mul_953,39.78191376306042
t_917,14.31318720028669
view_2412,2.2068267689255827
mm_836,1953.7946616700058
view_2413,3.9753749975251655
silu_96,75.53168666604907
t_918,14.31318720028669
view_2414,2.2068267689255827
mm_837,1953.7946616700058
view_2415,3.9753749975251655
mul_954,67.96671999198074
t_919,16.561137600820793
view_2416,1.335706665084387
mm_838,2124.797520003365
view_2417,2.656543744362866
add_666,72.46531333356785
_to_copy_472,44.16985489295527
pow_233,43.33180431653722
mean_232,68.79993531911805
add_667,12.185689886228783
rsqrt_232,4.748243782246118
mul_955,61.68558335488972
_to_copy_473,44.16985489295527
mul_956,39.78191376306042
t_920,10.750924383797496
view_2418,2.2068267689255827
mm_839,719.0733316652554
view_2419,2.656543744362866
t_921,12.37918195005528
view_2420,2.2068267689255827
mm_840,279.56115416727846
view_2421,1.506858328372861
t_922,12.37918195005528
view_2422,2.2068267689255827
mm_841,279.56115416727846
view_2423,1.506858328372861
view_2424,2.2068267689255827
transpose_551,6.826266668530492
view_2425,1.8475583368175041
transpose_552,2.90094166676087
view_2426,1.8475583368175041
transpose_553,2.90094166676087
unsqueeze_363,4.835810416387782
unsqueeze_364,4.835810416387782
mul_957,51.0362562492451
slice_1619,5.1783937534297975
slice_1620,5.1783937534297975
neg_156,33.15887083248235
mul_958,51.0362562492451
add_668,41.60751666310632
mul_959,10.267558335708843
slice_1621,3.7261447892849295
slice_1622,3.7261447892849295
neg_157,7.4644458359456625
mul_960,10.267558335708843
add_669,9.72212916703041
slice_1623,3.7261447892849295
slice_1624,3.7261447892849295
unsqueeze_365,2.9612062563110766
slice_1625,3.320731253917135
slice_1626,3.320731253917135
expand_203,5.464814582232308
clone_196,44.73909166993496
_unsafe_view_194,2.1629020777511565
slice_1627,3.7261447892849295
slice_1628,3.7261447892849295
unsqueeze_366,2.9612062563110766
slice_1629,3.320731253917135
slice_1630,3.320731253917135
expand_204,5.464814582232308
clone_197,44.73909166993496
_unsafe_view_195,2.1629020777511565
slice_1634,3.625707029528712
slice_1635,3.625707029528712
slice_1636,3.625707029528712
_scaled_dot_product_flash_attention_for_cpu_137,133.43402916161187
transpose_554,3.5355985527345237
view_2427,2.2484433323207003
t_923,10.750924383797496
view_2428,2.2068267689255827
mm_842,719.0733316652554
view_2429,2.656543744362866
add_670,72.46531333356785
_to_copy_474,44.16985489295527
pow_234,43.33180431653722
mean_233,68.79993531911805
add_671,12.185689886228783
rsqrt_233,4.748243782246118
mul_961,61.68558335488972
_to_copy_475,44.16985489295527
mul_962,39.78191376306042
t_924,14.31318720028669
view_2430,2.2068267689255827
mm_843,1953.7946616700058
view_2431,3.9753749975251655
silu_97,75.53168666604907
t_925,14.31318720028669
view_2432,2.2068267689255827
mm_844,1953.7946616700058
view_2433,3.9753749975251655
mul_963,67.96671999198074
t_926,16.561137600820793
view_2434,1.335706665084387
mm_845,2124.797520003365
view_2435,2.656543744362866
add_672,72.46531333356785
_to_copy_476,44.16985489295527
pow_235,43.33180431653722
mean_234,68.79993531911805
add_673,12.185689886228783
rsqrt_234,4.748243782246118
mul_964,61.68558335488972
_to_copy_477,44.16985489295527
mul_965,39.78191376306042
t_927,10.750924383797496
view_2436,2.2068267689255827
mm_846,719.0733316652554
view_2437,2.656543744362866
view_2438,2.2068267689255827
transpose_555,6.826266668530492
_to_copy_478,40.80726667444687
pow_236,31.77725000027567
mean_235,66.97986665094892
add_674,12.308300004775326
rsqrt_235,6.009433334584658
mul_966,87.55960000717702
_to_copy_479,40.80726667444687
mul_967,48.82248333532674
t_928,12.37918195005528
view_2439,2.787169833315459
mm_847,13154.641642499193
view_2440,9.979323416914092
t_929,12.37918195005528
view_2441,2.787169833315459
mm_848,13154.641642499193
view_2442,9.979323416914092
view_2443,8.347300917294653
transpose_556,6.222309333096181
view_2444,8.347300917294653
transpose_557,6.222309333096181
slice_1637,6.9279381247859755
slice_1638,6.9279381247859755
unsqueeze_367,5.384175666665115
slice_1639,3.509070708462464
slice_1640,3.509070708462464
expand_205,5.936071667890297
clone_198,830.2875260820215
_unsafe_view_196,3.6639733324536743
slice_1641,6.9279381247859755
slice_1642,6.9279381247859755
unsqueeze_368,5.384175666665115
slice_1643,3.509070708462464
slice_1644,3.509070708462464
expand_206,5.936071667890297
clone_199,830.2875260820215
_unsafe_view_197,3.6639733324536743
_to_copy_480,1018.4411474996876
pow_237,1511.8400809998798
mean_236,525.2745238322847
add_675,76.74884933327263
rsqrt_236,44.12972749963527
mul_968,571.046251997958
_to_copy_481,1018.4411474996876
mul_969,1067.1315491652429
_scaled_dot_product_flash_attention_for_cpu_138,2056.2414499997317
transpose_558,3.5355985527345237
view_2445,2.2484433323207003
t_930,10.750924383797496
view_2446,2.2068267689255827
mm_849,719.0733316652554
view_2447,2.656543744362866
tanh_58,25.707959944431543
mul_970,49.143500012531874
add_676,72.46531333356785
_to_copy_482,44.16985489295527
pow_238,43.33180431653722
mean_237,68.79993531911805
add_677,12.185689886228783
rsqrt_237,4.748243782246118
mul_971,61.68558335488972
_to_copy_483,44.16985489295527
mul_972,39.78191376306042
t_931,14.31318720028669
view_2448,2.2068267689255827
mm_850,1953.7946616700058
view_2449,3.9753749975251655
silu_98,75.53168666604907
t_932,14.31318720028669
view_2450,2.2068267689255827
mm_851,1953.7946616700058
view_2451,3.9753749975251655
mul_973,67.96671999198074
t_933,16.561137600820793
view_2452,1.335706665084387
mm_852,2124.797520003365
view_2453,2.656543744362866
slice_1645,32.96239395174339
select_19,13.552850003835434
mul_974,61.68558335488972
tanh_59,25.707959944431543
mul_975,49.143500012531874
add_678,72.46531333356785
_to_copy_484,44.16985489295527
pow_239,43.33180431653722
mean_238,68.79993531911805
add_679,12.185689886228783
rsqrt_238,4.748243782246118
mul_976,61.68558335488972
_to_copy_485,44.16985489295527
mul_977,39.78191376306042
t_934,10.750924383797496
view_2454,2.2068267689255827
mm_853,719.0733316652554
view_2455,2.656543744362866
t_935,12.37918195005528
view_2456,2.2068267689255827
mm_854,279.56115416727846
view_2457,1.506858328372861
t_936,12.37918195005528
view_2458,2.2068267689255827
mm_855,279.56115416727846
view_2459,1.506858328372861
view_2460,2.2068267689255827
transpose_559,6.826266668530492
view_2461,1.8475583368175041
transpose_560,2.90094166676087
view_2462,1.8475583368175041
transpose_561,2.90094166676087
unsqueeze_369,4.835810416387782
unsqueeze_370,4.835810416387782
mul_978,51.0362562492451
slice_1646,5.1783937534297975
slice_1647,5.1783937534297975
neg_158,33.15887083248235
mul_979,51.0362562492451
add_680,41.60751666310632
mul_980,10.267558335708843
slice_1648,3.7261447892849295
slice_1649,3.7261447892849295
neg_159,7.4644458359456625
mul_981,10.267558335708843
add_681,9.72212916703041
slice_1650,3.7261447892849295
slice_1651,3.7261447892849295
unsqueeze_371,2.9612062563110766
slice_1652,3.320731253917135
slice_1653,3.320731253917135
expand_207,5.464814582232308
clone_200,44.73909166993496
_unsafe_view_198,2.1629020777511565
slice_1654,3.7261447892849295
slice_1655,3.7261447892849295
unsqueeze_372,2.9612062563110766
slice_1656,3.320731253917135
slice_1657,3.320731253917135
expand_208,5.464814582232308
clone_201,44.73909166993496
_unsafe_view_199,2.1629020777511565
slice_1661,3.625707029528712
slice_1662,3.625707029528712
slice_1663,3.625707029528712
_scaled_dot_product_flash_attention_for_cpu_139,133.43402916161187
transpose_562,3.5355985527345237
view_2463,2.2484433323207003
t_937,10.750924383797496
view_2464,2.2068267689255827
mm_856,719.0733316652554
view_2465,2.656543744362866
add_682,72.46531333356785
_to_copy_486,44.16985489295527
pow_240,43.33180431653722
mean_239,68.79993531911805
add_683,12.185689886228783
rsqrt_239,4.748243782246118
mul_982,61.68558335488972
_to_copy_487,44.16985489295527
mul_983,39.78191376306042
t_938,14.31318720028669
view_2466,2.2068267689255827
mm_857,1953.7946616700058
view_2467,3.9753749975251655
silu_99,75.53168666604907
t_939,14.31318720028669
view_2468,2.2068267689255827
mm_858,1953.7946616700058
view_2469,3.9753749975251655
mul_984,67.96671999198074
t_940,16.561137600820793
view_2470,1.335706665084387
mm_859,2124.797520003365
view_2471,2.656543744362866
add_684,72.46531333356785
_to_copy_488,44.16985489295527
pow_241,43.33180431653722
mean_240,68.79993531911805
add_685,12.185689886228783
rsqrt_240,4.748243782246118
mul_985,61.68558335488972
_to_copy_489,44.16985489295527
mul_986,39.78191376306042
slice_1664,9.481333318321655
slice_1665,9.481333318321655
slice_1666,3.2541966681772223
t_941,9.620163338280593
view_2472,2.4144966687945026
mm_860,7082.008166661818
view_2473,16.315490001020954
_to_copy_490,118.95666999726245
