Node,Shape,Dtype,Memory (Bytes)
view,"torch.Size([4, 3, 560, 560])",torch.float32,15052800
view_1,"torch.Size([1, 1])",torch.int64,8
_to_copy,"torch.Size([4, 3, 560, 560])",torch.bfloat16,7526400
convolution,"torch.Size([4, 1280, 40, 40])",torch.bfloat16,16384000
view_2,"torch.Size([4, 1280, 1600])",torch.bfloat16,16384000
transpose,"torch.Size([4, 1600, 1280])",torch.bfloat16,16384000
view_3,"torch.Size([1, 4, 1600, 1280])",torch.bfloat16,16384000
embedding,"torch.Size([1, 1, 5120])",torch.bfloat16,10240
view_4,"torch.Size([1, 4, 1, 1280])",torch.bfloat16,10240
tanh,torch.Size([1]),torch.bfloat16,2
mul,"torch.Size([1, 4, 1, 1280])",torch.bfloat16,10240
add,"torch.Size([1, 4, 1600, 1280])",torch.bfloat16,16384000
view_5,"torch.Size([4, 1600, 1280])",torch.bfloat16,16384000
expand,"torch.Size([4, 1, 1280])",torch.bfloat16,10240
cat,"torch.Size([4, 1601, 1280])",torch.bfloat16,16394240
view_6,"torch.Size([1, 4, 1601, 1280])",torch.bfloat16,16394240
tanh_1,torch.Size([1]),torch.bfloat16,2
rsub,torch.Size([1]),torch.bfloat16,2
mul_1,"torch.Size([1601, 1280])",torch.bfloat16,4098560
view_7,"torch.Size([1, 1, 1601, 1280])",torch.bfloat16,4098560
add_1,"torch.Size([1, 4, 1601, 1280])",torch.bfloat16,16394240
embedding_1,"torch.Size([1, 1, 8197120])",torch.bfloat16,16394240
view_8,"torch.Size([1, 4, 1601, 1280])",torch.bfloat16,16394240
tanh_2,torch.Size([1]),torch.bfloat16,2
mul_2,"torch.Size([1, 4, 1601, 1280])",torch.bfloat16,16394240
add_2,"torch.Size([1, 4, 1601, 1280])",torch.bfloat16,16394240
getitem,"torch.Size([1, 4, 1601, 1280])",torch.bfloat16,16394240
constant_pad_nd,"torch.Size([1, 4, 1608, 1280])",torch.bfloat16,16465920
view_9,"torch.Size([1, 4])",torch.int64,32
view_10,"torch.Size([1, 4, 1, 1])",torch.int64,32
_to_copy_1,"torch.Size([1, 4, 1, 1])",torch.bfloat16,8
repeat,"torch.Size([1, 4, 1608, 1])",torch.bfloat16,12864
lift_fresh_copy,torch.Size([]),torch.bfloat16,2.0
slice_1,"torch.Size([1, 4, 1608, 1])",torch.bfloat16,12864
slice_2,"torch.Size([1, 4, 1608, 1])",torch.bfloat16,12864
slice_3,"torch.Size([1, 4, 7, 1])",torch.bfloat16,56
fill,"torch.Size([1, 4, 7, 1])",torch.bfloat16,56
slice_4,"torch.Size([1, 4, 1608, 1])",torch.bfloat16,12864
slice_5,"torch.Size([1, 4, 1608, 1])",torch.bfloat16,12864
slice_scatter,"torch.Size([1, 4, 1608, 1])",torch.bfloat16,12864
slice_scatter_1,"torch.Size([1, 4, 1608, 1])",torch.bfloat16,12864
slice_scatter_2,"torch.Size([1, 4, 1608, 1])",torch.bfloat16,12864
rsub_1,"torch.Size([1, 4, 1608, 1])",torch.bfloat16,12864
view_11,"torch.Size([1, 6432, 1])",torch.bfloat16,12864
transpose_1,"torch.Size([1, 1, 6432])",torch.bfloat16,12864
expand_1,"torch.Size([1, 6432, 1])",torch.bfloat16,12864
view_12,"torch.Size([1, 6432, 1])",torch.bfloat16,12864
expand_2,"torch.Size([1, 1, 6432])",torch.bfloat16,12864
view_13,"torch.Size([1, 1, 6432])",torch.bfloat16,12864
bmm,"torch.Size([1, 6432, 6432])",torch.bfloat16,82741248
view_14,"torch.Size([1, 6432, 6432])",torch.bfloat16,82741248
mul_3,"torch.Size([1, 6432, 6432])",torch.bfloat16,82741248
unsqueeze,"torch.Size([1, 1, 6432, 6432])",torch.bfloat16,82741248
view_15,"torch.Size([1, 6432, 1280])",torch.bfloat16,16465920
getitem_3,"torch.Size([1, 6432, 1280])",torch.bfloat16,16465920
t,"torch.Size([1280, 1280])",torch.bfloat16,3276800
view_16,"torch.Size([6432, 1280])",torch.bfloat16,16465920
mm,"torch.Size([6432, 1280])",torch.bfloat16,16465920
view_17,"torch.Size([1, 6432, 1280])",torch.bfloat16,16465920
t_1,"torch.Size([1280, 1280])",torch.bfloat16,3276800
view_18,"torch.Size([6432, 1280])",torch.bfloat16,16465920
mm_1,"torch.Size([6432, 1280])",torch.bfloat16,16465920
view_19,"torch.Size([1, 6432, 1280])",torch.bfloat16,16465920
t_2,"torch.Size([1280, 1280])",torch.bfloat16,3276800
view_20,"torch.Size([6432, 1280])",torch.bfloat16,16465920
mm_2,"torch.Size([6432, 1280])",torch.bfloat16,16465920
view_21,"torch.Size([1, 6432, 1280])",torch.bfloat16,16465920
view_22,"torch.Size([1, 6432, 16, 80])",torch.bfloat16,16465920
view_23,"torch.Size([1, 6432, 16, 80])",torch.bfloat16,16465920
view_24,"torch.Size([1, 6432, 16, 80])",torch.bfloat16,16465920
transpose_2,"torch.Size([1, 16, 6432, 80])",torch.bfloat16,16465920
transpose_3,"torch.Size([1, 16, 6432, 80])",torch.bfloat16,16465920
transpose_4,"torch.Size([1, 16, 6432, 80])",torch.bfloat16,16465920
getitem_6,"torch.Size([1, 16, 6432, 80])",torch.bfloat16,16465920
transpose_5,"torch.Size([1, 6432, 16, 80])",torch.bfloat16,16465920
view_25,"torch.Size([1, 6432, 1280])",torch.bfloat16,16465920
t_3,"torch.Size([1280, 1280])",torch.bfloat16,3276800
view_26,"torch.Size([6432, 1280])",torch.bfloat16,16465920
mm_3,"torch.Size([6432, 1280])",torch.bfloat16,16465920
view_27,"torch.Size([1, 6432, 1280])",torch.bfloat16,16465920
add_3,"torch.Size([1, 6432, 1280])",torch.bfloat16,16465920
getitem_8,"torch.Size([1, 6432, 1280])",torch.bfloat16,16465920
view_28,"torch.Size([6432, 1280])",torch.bfloat16,16465920
t_4,"torch.Size([1280, 5120])",torch.bfloat16,13107200
addmm,"torch.Size([6432, 5120])",torch.bfloat16,65863680
view_29,"torch.Size([1, 6432, 5120])",torch.bfloat16,65863680
gelu,"torch.Size([1, 6432, 5120])",torch.bfloat16,65863680
view_30,"torch.Size([6432, 5120])",torch.bfloat16,65863680
t_5,"torch.Size([5120, 1280])",torch.bfloat16,13107200
addmm_1,"torch.Size([6432, 1280])",torch.bfloat16,16465920
view_31,"torch.Size([1, 6432, 1280])",torch.bfloat16,16465920
add_4,"torch.Size([1, 6432, 1280])",torch.bfloat16,16465920
getitem_11,"torch.Size([1, 6432, 1280])",torch.bfloat16,16465920
t_6,"torch.Size([1280, 1280])",torch.bfloat16,3276800
view_32,"torch.Size([6432, 1280])",torch.bfloat16,16465920
mm_4,"torch.Size([6432, 1280])",torch.bfloat16,16465920
view_33,"torch.Size([1, 6432, 1280])",torch.bfloat16,16465920
t_7,"torch.Size([1280, 1280])",torch.bfloat16,3276800
view_34,"torch.Size([6432, 1280])",torch.bfloat16,16465920
mm_5,"torch.Size([6432, 1280])",torch.bfloat16,16465920
view_35,"torch.Size([1, 6432, 1280])",torch.bfloat16,16465920
t_8,"torch.Size([1280, 1280])",torch.bfloat16,3276800
view_36,"torch.Size([6432, 1280])",torch.bfloat16,16465920
mm_6,"torch.Size([6432, 1280])",torch.bfloat16,16465920
view_37,"torch.Size([1, 6432, 1280])",torch.bfloat16,16465920
view_38,"torch.Size([1, 6432, 16, 80])",torch.bfloat16,16465920
view_39,"torch.Size([1, 6432, 16, 80])",torch.bfloat16,16465920
view_40,"torch.Size([1, 6432, 16, 80])",torch.bfloat16,16465920
transpose_6,"torch.Size([1, 16, 6432, 80])",torch.bfloat16,16465920
transpose_7,"torch.Size([1, 16, 6432, 80])",torch.bfloat16,16465920
transpose_8,"torch.Size([1, 16, 6432, 80])",torch.bfloat16,16465920
getitem_14,"torch.Size([1, 16, 6432, 80])",torch.bfloat16,16465920
transpose_9,"torch.Size([1, 6432, 16, 80])",torch.bfloat16,16465920
view_41,"torch.Size([1, 6432, 1280])",torch.bfloat16,16465920
t_9,"torch.Size([1280, 1280])",torch.bfloat16,3276800
view_42,"torch.Size([6432, 1280])",torch.bfloat16,16465920
mm_7,"torch.Size([6432, 1280])",torch.bfloat16,16465920
view_43,"torch.Size([1, 6432, 1280])",torch.bfloat16,16465920
add_5,"torch.Size([1, 6432, 1280])",torch.bfloat16,16465920
getitem_16,"torch.Size([1, 6432, 1280])",torch.bfloat16,16465920
view_44,"torch.Size([6432, 1280])",torch.bfloat16,16465920
t_10,"torch.Size([1280, 5120])",torch.bfloat16,13107200
addmm_2,"torch.Size([6432, 5120])",torch.bfloat16,65863680
view_45,"torch.Size([1, 6432, 5120])",torch.bfloat16,65863680
gelu_1,"torch.Size([1, 6432, 5120])",torch.bfloat16,65863680
view_46,"torch.Size([6432, 5120])",torch.bfloat16,65863680
t_11,"torch.Size([5120, 1280])",torch.bfloat16,13107200
addmm_3,"torch.Size([6432, 1280])",torch.bfloat16,16465920
view_47,"torch.Size([1, 6432, 1280])",torch.bfloat16,16465920
add_6,"torch.Size([1, 6432, 1280])",torch.bfloat16,16465920
getitem_19,"torch.Size([1, 6432, 1280])",torch.bfloat16,16465920
t_12,"torch.Size([1280, 1280])",torch.bfloat16,3276800
view_48,"torch.Size([6432, 1280])",torch.bfloat16,16465920
mm_8,"torch.Size([6432, 1280])",torch.bfloat16,16465920
view_49,"torch.Size([1, 6432, 1280])",torch.bfloat16,16465920
t_13,"torch.Size([1280, 1280])",torch.bfloat16,3276800
view_50,"torch.Size([6432, 1280])",torch.bfloat16,16465920
mm_9,"torch.Size([6432, 1280])",torch.bfloat16,16465920
view_51,"torch.Size([1, 6432, 1280])",torch.bfloat16,16465920
t_14,"torch.Size([1280, 1280])",torch.bfloat16,3276800
view_52,"torch.Size([6432, 1280])",torch.bfloat16,16465920
mm_10,"torch.Size([6432, 1280])",torch.bfloat16,16465920
view_53,"torch.Size([1, 6432, 1280])",torch.bfloat16,16465920
view_54,"torch.Size([1, 6432, 16, 80])",torch.bfloat16,16465920
view_55,"torch.Size([1, 6432, 16, 80])",torch.bfloat16,16465920
view_56,"torch.Size([1, 6432, 16, 80])",torch.bfloat16,16465920
transpose_10,"torch.Size([1, 16, 6432, 80])",torch.bfloat16,16465920
transpose_11,"torch.Size([1, 16, 6432, 80])",torch.bfloat16,16465920
transpose_12,"torch.Size([1, 16, 6432, 80])",torch.bfloat16,16465920
getitem_22,"torch.Size([1, 16, 6432, 80])",torch.bfloat16,16465920
transpose_13,"torch.Size([1, 6432, 16, 80])",torch.bfloat16,16465920
view_57,"torch.Size([1, 6432, 1280])",torch.bfloat16,16465920
t_15,"torch.Size([1280, 1280])",torch.bfloat16,3276800
view_58,"torch.Size([6432, 1280])",torch.bfloat16,16465920
mm_11,"torch.Size([6432, 1280])",torch.bfloat16,16465920
view_59,"torch.Size([1, 6432, 1280])",torch.bfloat16,16465920
add_7,"torch.Size([1, 6432, 1280])",torch.bfloat16,16465920
getitem_24,"torch.Size([1, 6432, 1280])",torch.bfloat16,16465920
view_60,"torch.Size([6432, 1280])",torch.bfloat16,16465920
t_16,"torch.Size([1280, 5120])",torch.bfloat16,13107200
addmm_4,"torch.Size([6432, 5120])",torch.bfloat16,65863680
view_61,"torch.Size([1, 6432, 5120])",torch.bfloat16,65863680
gelu_2,"torch.Size([1, 6432, 5120])",torch.bfloat16,65863680
view_62,"torch.Size([6432, 5120])",torch.bfloat16,65863680
t_17,"torch.Size([5120, 1280])",torch.bfloat16,13107200
addmm_5,"torch.Size([6432, 1280])",torch.bfloat16,16465920
view_63,"torch.Size([1, 6432, 1280])",torch.bfloat16,16465920
add_8,"torch.Size([1, 6432, 1280])",torch.bfloat16,16465920
getitem_27,"torch.Size([1, 6432, 1280])",torch.bfloat16,16465920
t_18,"torch.Size([1280, 1280])",torch.bfloat16,3276800
view_64,"torch.Size([6432, 1280])",torch.bfloat16,16465920
mm_12,"torch.Size([6432, 1280])",torch.bfloat16,16465920
view_65,"torch.Size([1, 6432, 1280])",torch.bfloat16,16465920
t_19,"torch.Size([1280, 1280])",torch.bfloat16,3276800
view_66,"torch.Size([6432, 1280])",torch.bfloat16,16465920
mm_13,"torch.Size([6432, 1280])",torch.bfloat16,16465920
view_67,"torch.Size([1, 6432, 1280])",torch.bfloat16,16465920
t_20,"torch.Size([1280, 1280])",torch.bfloat16,3276800
view_68,"torch.Size([6432, 1280])",torch.bfloat16,16465920
mm_14,"torch.Size([6432, 1280])",torch.bfloat16,16465920
view_69,"torch.Size([1, 6432, 1280])",torch.bfloat16,16465920
view_70,"torch.Size([1, 6432, 16, 80])",torch.bfloat16,16465920
view_71,"torch.Size([1, 6432, 16, 80])",torch.bfloat16,16465920
view_72,"torch.Size([1, 6432, 16, 80])",torch.bfloat16,16465920
transpose_14,"torch.Size([1, 16, 6432, 80])",torch.bfloat16,16465920
transpose_15,"torch.Size([1, 16, 6432, 80])",torch.bfloat16,16465920
transpose_16,"torch.Size([1, 16, 6432, 80])",torch.bfloat16,16465920
getitem_30,"torch.Size([1, 16, 6432, 80])",torch.bfloat16,16465920
transpose_17,"torch.Size([1, 6432, 16, 80])",torch.bfloat16,16465920
view_73,"torch.Size([1, 6432, 1280])",torch.bfloat16,16465920
t_21,"torch.Size([1280, 1280])",torch.bfloat16,3276800
view_74,"torch.Size([6432, 1280])",torch.bfloat16,16465920
mm_15,"torch.Size([6432, 1280])",torch.bfloat16,16465920
view_75,"torch.Size([1, 6432, 1280])",torch.bfloat16,16465920
add_9,"torch.Size([1, 6432, 1280])",torch.bfloat16,16465920
getitem_32,"torch.Size([1, 6432, 1280])",torch.bfloat16,16465920
view_76,"torch.Size([6432, 1280])",torch.bfloat16,16465920
t_22,"torch.Size([1280, 5120])",torch.bfloat16,13107200
addmm_6,"torch.Size([6432, 5120])",torch.bfloat16,65863680
view_77,"torch.Size([1, 6432, 5120])",torch.bfloat16,65863680
gelu_3,"torch.Size([1, 6432, 5120])",torch.bfloat16,65863680
view_78,"torch.Size([6432, 5120])",torch.bfloat16,65863680
t_23,"torch.Size([5120, 1280])",torch.bfloat16,13107200
addmm_7,"torch.Size([6432, 1280])",torch.bfloat16,16465920
view_79,"torch.Size([1, 6432, 1280])",torch.bfloat16,16465920
add_10,"torch.Size([1, 6432, 1280])",torch.bfloat16,16465920
getitem_35,"torch.Size([1, 6432, 1280])",torch.bfloat16,16465920
t_24,"torch.Size([1280, 1280])",torch.bfloat16,3276800
view_80,"torch.Size([6432, 1280])",torch.bfloat16,16465920
mm_16,"torch.Size([6432, 1280])",torch.bfloat16,16465920
view_81,"torch.Size([1, 6432, 1280])",torch.bfloat16,16465920
t_25,"torch.Size([1280, 1280])",torch.bfloat16,3276800
view_82,"torch.Size([6432, 1280])",torch.bfloat16,16465920
mm_17,"torch.Size([6432, 1280])",torch.bfloat16,16465920
view_83,"torch.Size([1, 6432, 1280])",torch.bfloat16,16465920
t_26,"torch.Size([1280, 1280])",torch.bfloat16,3276800
view_84,"torch.Size([6432, 1280])",torch.bfloat16,16465920
mm_18,"torch.Size([6432, 1280])",torch.bfloat16,16465920
view_85,"torch.Size([1, 6432, 1280])",torch.bfloat16,16465920
view_86,"torch.Size([1, 6432, 16, 80])",torch.bfloat16,16465920
view_87,"torch.Size([1, 6432, 16, 80])",torch.bfloat16,16465920
view_88,"torch.Size([1, 6432, 16, 80])",torch.bfloat16,16465920
transpose_18,"torch.Size([1, 16, 6432, 80])",torch.bfloat16,16465920
transpose_19,"torch.Size([1, 16, 6432, 80])",torch.bfloat16,16465920
transpose_20,"torch.Size([1, 16, 6432, 80])",torch.bfloat16,16465920
getitem_38,"torch.Size([1, 16, 6432, 80])",torch.bfloat16,16465920
transpose_21,"torch.Size([1, 6432, 16, 80])",torch.bfloat16,16465920
view_89,"torch.Size([1, 6432, 1280])",torch.bfloat16,16465920
t_27,"torch.Size([1280, 1280])",torch.bfloat16,3276800
view_90,"torch.Size([6432, 1280])",torch.bfloat16,16465920
mm_19,"torch.Size([6432, 1280])",torch.bfloat16,16465920
view_91,"torch.Size([1, 6432, 1280])",torch.bfloat16,16465920
add_11,"torch.Size([1, 6432, 1280])",torch.bfloat16,16465920
getitem_40,"torch.Size([1, 6432, 1280])",torch.bfloat16,16465920
view_92,"torch.Size([6432, 1280])",torch.bfloat16,16465920
t_28,"torch.Size([1280, 5120])",torch.bfloat16,13107200
addmm_8,"torch.Size([6432, 5120])",torch.bfloat16,65863680
view_93,"torch.Size([1, 6432, 5120])",torch.bfloat16,65863680
gelu_4,"torch.Size([1, 6432, 5120])",torch.bfloat16,65863680
view_94,"torch.Size([6432, 5120])",torch.bfloat16,65863680
t_29,"torch.Size([5120, 1280])",torch.bfloat16,13107200
addmm_9,"torch.Size([6432, 1280])",torch.bfloat16,16465920
view_95,"torch.Size([1, 6432, 1280])",torch.bfloat16,16465920
add_12,"torch.Size([1, 6432, 1280])",torch.bfloat16,16465920
getitem_43,"torch.Size([1, 6432, 1280])",torch.bfloat16,16465920
t_30,"torch.Size([1280, 1280])",torch.bfloat16,3276800
view_96,"torch.Size([6432, 1280])",torch.bfloat16,16465920
mm_20,"torch.Size([6432, 1280])",torch.bfloat16,16465920
view_97,"torch.Size([1, 6432, 1280])",torch.bfloat16,16465920
t_31,"torch.Size([1280, 1280])",torch.bfloat16,3276800
view_98,"torch.Size([6432, 1280])",torch.bfloat16,16465920
mm_21,"torch.Size([6432, 1280])",torch.bfloat16,16465920
view_99,"torch.Size([1, 6432, 1280])",torch.bfloat16,16465920
t_32,"torch.Size([1280, 1280])",torch.bfloat16,3276800
view_100,"torch.Size([6432, 1280])",torch.bfloat16,16465920
mm_22,"torch.Size([6432, 1280])",torch.bfloat16,16465920
view_101,"torch.Size([1, 6432, 1280])",torch.bfloat16,16465920
view_102,"torch.Size([1, 6432, 16, 80])",torch.bfloat16,16465920
view_103,"torch.Size([1, 6432, 16, 80])",torch.bfloat16,16465920
view_104,"torch.Size([1, 6432, 16, 80])",torch.bfloat16,16465920
transpose_22,"torch.Size([1, 16, 6432, 80])",torch.bfloat16,16465920
transpose_23,"torch.Size([1, 16, 6432, 80])",torch.bfloat16,16465920
transpose_24,"torch.Size([1, 16, 6432, 80])",torch.bfloat16,16465920
getitem_46,"torch.Size([1, 16, 6432, 80])",torch.bfloat16,16465920
transpose_25,"torch.Size([1, 6432, 16, 80])",torch.bfloat16,16465920
view_105,"torch.Size([1, 6432, 1280])",torch.bfloat16,16465920
t_33,"torch.Size([1280, 1280])",torch.bfloat16,3276800
view_106,"torch.Size([6432, 1280])",torch.bfloat16,16465920
mm_23,"torch.Size([6432, 1280])",torch.bfloat16,16465920
view_107,"torch.Size([1, 6432, 1280])",torch.bfloat16,16465920
add_13,"torch.Size([1, 6432, 1280])",torch.bfloat16,16465920
getitem_48,"torch.Size([1, 6432, 1280])",torch.bfloat16,16465920
view_108,"torch.Size([6432, 1280])",torch.bfloat16,16465920
t_34,"torch.Size([1280, 5120])",torch.bfloat16,13107200
addmm_10,"torch.Size([6432, 5120])",torch.bfloat16,65863680
view_109,"torch.Size([1, 6432, 5120])",torch.bfloat16,65863680
gelu_5,"torch.Size([1, 6432, 5120])",torch.bfloat16,65863680
view_110,"torch.Size([6432, 5120])",torch.bfloat16,65863680
t_35,"torch.Size([5120, 1280])",torch.bfloat16,13107200
addmm_11,"torch.Size([6432, 1280])",torch.bfloat16,16465920
view_111,"torch.Size([1, 6432, 1280])",torch.bfloat16,16465920
add_14,"torch.Size([1, 6432, 1280])",torch.bfloat16,16465920
getitem_51,"torch.Size([1, 6432, 1280])",torch.bfloat16,16465920
t_36,"torch.Size([1280, 1280])",torch.bfloat16,3276800
view_112,"torch.Size([6432, 1280])",torch.bfloat16,16465920
mm_24,"torch.Size([6432, 1280])",torch.bfloat16,16465920
view_113,"torch.Size([1, 6432, 1280])",torch.bfloat16,16465920
t_37,"torch.Size([1280, 1280])",torch.bfloat16,3276800
view_114,"torch.Size([6432, 1280])",torch.bfloat16,16465920
mm_25,"torch.Size([6432, 1280])",torch.bfloat16,16465920
view_115,"torch.Size([1, 6432, 1280])",torch.bfloat16,16465920
t_38,"torch.Size([1280, 1280])",torch.bfloat16,3276800
view_116,"torch.Size([6432, 1280])",torch.bfloat16,16465920
mm_26,"torch.Size([6432, 1280])",torch.bfloat16,16465920
view_117,"torch.Size([1, 6432, 1280])",torch.bfloat16,16465920
view_118,"torch.Size([1, 6432, 16, 80])",torch.bfloat16,16465920
view_119,"torch.Size([1, 6432, 16, 80])",torch.bfloat16,16465920
view_120,"torch.Size([1, 6432, 16, 80])",torch.bfloat16,16465920
transpose_26,"torch.Size([1, 16, 6432, 80])",torch.bfloat16,16465920
transpose_27,"torch.Size([1, 16, 6432, 80])",torch.bfloat16,16465920
transpose_28,"torch.Size([1, 16, 6432, 80])",torch.bfloat16,16465920
getitem_54,"torch.Size([1, 16, 6432, 80])",torch.bfloat16,16465920
transpose_29,"torch.Size([1, 6432, 16, 80])",torch.bfloat16,16465920
view_121,"torch.Size([1, 6432, 1280])",torch.bfloat16,16465920
t_39,"torch.Size([1280, 1280])",torch.bfloat16,3276800
view_122,"torch.Size([6432, 1280])",torch.bfloat16,16465920
mm_27,"torch.Size([6432, 1280])",torch.bfloat16,16465920
view_123,"torch.Size([1, 6432, 1280])",torch.bfloat16,16465920
add_15,"torch.Size([1, 6432, 1280])",torch.bfloat16,16465920
getitem_56,"torch.Size([1, 6432, 1280])",torch.bfloat16,16465920
view_124,"torch.Size([6432, 1280])",torch.bfloat16,16465920
t_40,"torch.Size([1280, 5120])",torch.bfloat16,13107200
addmm_12,"torch.Size([6432, 5120])",torch.bfloat16,65863680
view_125,"torch.Size([1, 6432, 5120])",torch.bfloat16,65863680
gelu_6,"torch.Size([1, 6432, 5120])",torch.bfloat16,65863680
view_126,"torch.Size([6432, 5120])",torch.bfloat16,65863680
t_41,"torch.Size([5120, 1280])",torch.bfloat16,13107200
addmm_13,"torch.Size([6432, 1280])",torch.bfloat16,16465920
view_127,"torch.Size([1, 6432, 1280])",torch.bfloat16,16465920
add_16,"torch.Size([1, 6432, 1280])",torch.bfloat16,16465920
getitem_59,"torch.Size([1, 6432, 1280])",torch.bfloat16,16465920
t_42,"torch.Size([1280, 1280])",torch.bfloat16,3276800
view_128,"torch.Size([6432, 1280])",torch.bfloat16,16465920
mm_28,"torch.Size([6432, 1280])",torch.bfloat16,16465920
view_129,"torch.Size([1, 6432, 1280])",torch.bfloat16,16465920
t_43,"torch.Size([1280, 1280])",torch.bfloat16,3276800
view_130,"torch.Size([6432, 1280])",torch.bfloat16,16465920
mm_29,"torch.Size([6432, 1280])",torch.bfloat16,16465920
view_131,"torch.Size([1, 6432, 1280])",torch.bfloat16,16465920
t_44,"torch.Size([1280, 1280])",torch.bfloat16,3276800
view_132,"torch.Size([6432, 1280])",torch.bfloat16,16465920
mm_30,"torch.Size([6432, 1280])",torch.bfloat16,16465920
view_133,"torch.Size([1, 6432, 1280])",torch.bfloat16,16465920
view_134,"torch.Size([1, 6432, 16, 80])",torch.bfloat16,16465920
view_135,"torch.Size([1, 6432, 16, 80])",torch.bfloat16,16465920
view_136,"torch.Size([1, 6432, 16, 80])",torch.bfloat16,16465920
transpose_30,"torch.Size([1, 16, 6432, 80])",torch.bfloat16,16465920
transpose_31,"torch.Size([1, 16, 6432, 80])",torch.bfloat16,16465920
transpose_32,"torch.Size([1, 16, 6432, 80])",torch.bfloat16,16465920
getitem_62,"torch.Size([1, 16, 6432, 80])",torch.bfloat16,16465920
transpose_33,"torch.Size([1, 6432, 16, 80])",torch.bfloat16,16465920
view_137,"torch.Size([1, 6432, 1280])",torch.bfloat16,16465920
t_45,"torch.Size([1280, 1280])",torch.bfloat16,3276800
view_138,"torch.Size([6432, 1280])",torch.bfloat16,16465920
mm_31,"torch.Size([6432, 1280])",torch.bfloat16,16465920
view_139,"torch.Size([1, 6432, 1280])",torch.bfloat16,16465920
add_17,"torch.Size([1, 6432, 1280])",torch.bfloat16,16465920
getitem_64,"torch.Size([1, 6432, 1280])",torch.bfloat16,16465920
view_140,"torch.Size([6432, 1280])",torch.bfloat16,16465920
t_46,"torch.Size([1280, 5120])",torch.bfloat16,13107200
addmm_14,"torch.Size([6432, 5120])",torch.bfloat16,65863680
view_141,"torch.Size([1, 6432, 5120])",torch.bfloat16,65863680
gelu_7,"torch.Size([1, 6432, 5120])",torch.bfloat16,65863680
view_142,"torch.Size([6432, 5120])",torch.bfloat16,65863680
t_47,"torch.Size([5120, 1280])",torch.bfloat16,13107200
addmm_15,"torch.Size([6432, 1280])",torch.bfloat16,16465920
view_143,"torch.Size([1, 6432, 1280])",torch.bfloat16,16465920
add_18,"torch.Size([1, 6432, 1280])",torch.bfloat16,16465920
getitem_67,"torch.Size([1, 6432, 1280])",torch.bfloat16,16465920
t_48,"torch.Size([1280, 1280])",torch.bfloat16,3276800
view_144,"torch.Size([6432, 1280])",torch.bfloat16,16465920
mm_32,"torch.Size([6432, 1280])",torch.bfloat16,16465920
view_145,"torch.Size([1, 6432, 1280])",torch.bfloat16,16465920
t_49,"torch.Size([1280, 1280])",torch.bfloat16,3276800
view_146,"torch.Size([6432, 1280])",torch.bfloat16,16465920
mm_33,"torch.Size([6432, 1280])",torch.bfloat16,16465920
view_147,"torch.Size([1, 6432, 1280])",torch.bfloat16,16465920
t_50,"torch.Size([1280, 1280])",torch.bfloat16,3276800
view_148,"torch.Size([6432, 1280])",torch.bfloat16,16465920
mm_34,"torch.Size([6432, 1280])",torch.bfloat16,16465920
view_149,"torch.Size([1, 6432, 1280])",torch.bfloat16,16465920
view_150,"torch.Size([1, 6432, 16, 80])",torch.bfloat16,16465920
view_151,"torch.Size([1, 6432, 16, 80])",torch.bfloat16,16465920
view_152,"torch.Size([1, 6432, 16, 80])",torch.bfloat16,16465920
transpose_34,"torch.Size([1, 16, 6432, 80])",torch.bfloat16,16465920
transpose_35,"torch.Size([1, 16, 6432, 80])",torch.bfloat16,16465920
transpose_36,"torch.Size([1, 16, 6432, 80])",torch.bfloat16,16465920
getitem_70,"torch.Size([1, 16, 6432, 80])",torch.bfloat16,16465920
transpose_37,"torch.Size([1, 6432, 16, 80])",torch.bfloat16,16465920
view_153,"torch.Size([1, 6432, 1280])",torch.bfloat16,16465920
t_51,"torch.Size([1280, 1280])",torch.bfloat16,3276800
view_154,"torch.Size([6432, 1280])",torch.bfloat16,16465920
mm_35,"torch.Size([6432, 1280])",torch.bfloat16,16465920
view_155,"torch.Size([1, 6432, 1280])",torch.bfloat16,16465920
add_19,"torch.Size([1, 6432, 1280])",torch.bfloat16,16465920
getitem_72,"torch.Size([1, 6432, 1280])",torch.bfloat16,16465920
view_156,"torch.Size([6432, 1280])",torch.bfloat16,16465920
t_52,"torch.Size([1280, 5120])",torch.bfloat16,13107200
addmm_16,"torch.Size([6432, 5120])",torch.bfloat16,65863680
view_157,"torch.Size([1, 6432, 5120])",torch.bfloat16,65863680
gelu_8,"torch.Size([1, 6432, 5120])",torch.bfloat16,65863680
view_158,"torch.Size([6432, 5120])",torch.bfloat16,65863680
t_53,"torch.Size([5120, 1280])",torch.bfloat16,13107200
addmm_17,"torch.Size([6432, 1280])",torch.bfloat16,16465920
view_159,"torch.Size([1, 6432, 1280])",torch.bfloat16,16465920
add_20,"torch.Size([1, 6432, 1280])",torch.bfloat16,16465920
getitem_75,"torch.Size([1, 6432, 1280])",torch.bfloat16,16465920
t_54,"torch.Size([1280, 1280])",torch.bfloat16,3276800
view_160,"torch.Size([6432, 1280])",torch.bfloat16,16465920
mm_36,"torch.Size([6432, 1280])",torch.bfloat16,16465920
view_161,"torch.Size([1, 6432, 1280])",torch.bfloat16,16465920
t_55,"torch.Size([1280, 1280])",torch.bfloat16,3276800
view_162,"torch.Size([6432, 1280])",torch.bfloat16,16465920
mm_37,"torch.Size([6432, 1280])",torch.bfloat16,16465920
view_163,"torch.Size([1, 6432, 1280])",torch.bfloat16,16465920
t_56,"torch.Size([1280, 1280])",torch.bfloat16,3276800
view_164,"torch.Size([6432, 1280])",torch.bfloat16,16465920
mm_38,"torch.Size([6432, 1280])",torch.bfloat16,16465920
view_165,"torch.Size([1, 6432, 1280])",torch.bfloat16,16465920
view_166,"torch.Size([1, 6432, 16, 80])",torch.bfloat16,16465920
view_167,"torch.Size([1, 6432, 16, 80])",torch.bfloat16,16465920
view_168,"torch.Size([1, 6432, 16, 80])",torch.bfloat16,16465920
transpose_38,"torch.Size([1, 16, 6432, 80])",torch.bfloat16,16465920
transpose_39,"torch.Size([1, 16, 6432, 80])",torch.bfloat16,16465920
transpose_40,"torch.Size([1, 16, 6432, 80])",torch.bfloat16,16465920
getitem_78,"torch.Size([1, 16, 6432, 80])",torch.bfloat16,16465920
transpose_41,"torch.Size([1, 6432, 16, 80])",torch.bfloat16,16465920
view_169,"torch.Size([1, 6432, 1280])",torch.bfloat16,16465920
t_57,"torch.Size([1280, 1280])",torch.bfloat16,3276800
view_170,"torch.Size([6432, 1280])",torch.bfloat16,16465920
mm_39,"torch.Size([6432, 1280])",torch.bfloat16,16465920
view_171,"torch.Size([1, 6432, 1280])",torch.bfloat16,16465920
add_21,"torch.Size([1, 6432, 1280])",torch.bfloat16,16465920
getitem_80,"torch.Size([1, 6432, 1280])",torch.bfloat16,16465920
view_172,"torch.Size([6432, 1280])",torch.bfloat16,16465920
t_58,"torch.Size([1280, 5120])",torch.bfloat16,13107200
addmm_18,"torch.Size([6432, 5120])",torch.bfloat16,65863680
view_173,"torch.Size([1, 6432, 5120])",torch.bfloat16,65863680
gelu_9,"torch.Size([1, 6432, 5120])",torch.bfloat16,65863680
view_174,"torch.Size([6432, 5120])",torch.bfloat16,65863680
t_59,"torch.Size([5120, 1280])",torch.bfloat16,13107200
addmm_19,"torch.Size([6432, 1280])",torch.bfloat16,16465920
view_175,"torch.Size([1, 6432, 1280])",torch.bfloat16,16465920
add_22,"torch.Size([1, 6432, 1280])",torch.bfloat16,16465920
getitem_83,"torch.Size([1, 6432, 1280])",torch.bfloat16,16465920
t_60,"torch.Size([1280, 1280])",torch.bfloat16,3276800
view_176,"torch.Size([6432, 1280])",torch.bfloat16,16465920
mm_40,"torch.Size([6432, 1280])",torch.bfloat16,16465920
view_177,"torch.Size([1, 6432, 1280])",torch.bfloat16,16465920
t_61,"torch.Size([1280, 1280])",torch.bfloat16,3276800
view_178,"torch.Size([6432, 1280])",torch.bfloat16,16465920
mm_41,"torch.Size([6432, 1280])",torch.bfloat16,16465920
view_179,"torch.Size([1, 6432, 1280])",torch.bfloat16,16465920
t_62,"torch.Size([1280, 1280])",torch.bfloat16,3276800
view_180,"torch.Size([6432, 1280])",torch.bfloat16,16465920
mm_42,"torch.Size([6432, 1280])",torch.bfloat16,16465920
view_181,"torch.Size([1, 6432, 1280])",torch.bfloat16,16465920
view_182,"torch.Size([1, 6432, 16, 80])",torch.bfloat16,16465920
view_183,"torch.Size([1, 6432, 16, 80])",torch.bfloat16,16465920
view_184,"torch.Size([1, 6432, 16, 80])",torch.bfloat16,16465920
transpose_42,"torch.Size([1, 16, 6432, 80])",torch.bfloat16,16465920
transpose_43,"torch.Size([1, 16, 6432, 80])",torch.bfloat16,16465920
transpose_44,"torch.Size([1, 16, 6432, 80])",torch.bfloat16,16465920
getitem_86,"torch.Size([1, 16, 6432, 80])",torch.bfloat16,16465920
transpose_45,"torch.Size([1, 6432, 16, 80])",torch.bfloat16,16465920
view_185,"torch.Size([1, 6432, 1280])",torch.bfloat16,16465920
t_63,"torch.Size([1280, 1280])",torch.bfloat16,3276800
view_186,"torch.Size([6432, 1280])",torch.bfloat16,16465920
mm_43,"torch.Size([6432, 1280])",torch.bfloat16,16465920
view_187,"torch.Size([1, 6432, 1280])",torch.bfloat16,16465920
add_23,"torch.Size([1, 6432, 1280])",torch.bfloat16,16465920
getitem_88,"torch.Size([1, 6432, 1280])",torch.bfloat16,16465920
view_188,"torch.Size([6432, 1280])",torch.bfloat16,16465920
t_64,"torch.Size([1280, 5120])",torch.bfloat16,13107200
addmm_20,"torch.Size([6432, 5120])",torch.bfloat16,65863680
view_189,"torch.Size([1, 6432, 5120])",torch.bfloat16,65863680
gelu_10,"torch.Size([1, 6432, 5120])",torch.bfloat16,65863680
view_190,"torch.Size([6432, 5120])",torch.bfloat16,65863680
t_65,"torch.Size([5120, 1280])",torch.bfloat16,13107200
addmm_21,"torch.Size([6432, 1280])",torch.bfloat16,16465920
view_191,"torch.Size([1, 6432, 1280])",torch.bfloat16,16465920
add_24,"torch.Size([1, 6432, 1280])",torch.bfloat16,16465920
getitem_91,"torch.Size([1, 6432, 1280])",torch.bfloat16,16465920
t_66,"torch.Size([1280, 1280])",torch.bfloat16,3276800
view_192,"torch.Size([6432, 1280])",torch.bfloat16,16465920
mm_44,"torch.Size([6432, 1280])",torch.bfloat16,16465920
view_193,"torch.Size([1, 6432, 1280])",torch.bfloat16,16465920
t_67,"torch.Size([1280, 1280])",torch.bfloat16,3276800
view_194,"torch.Size([6432, 1280])",torch.bfloat16,16465920
mm_45,"torch.Size([6432, 1280])",torch.bfloat16,16465920
view_195,"torch.Size([1, 6432, 1280])",torch.bfloat16,16465920
t_68,"torch.Size([1280, 1280])",torch.bfloat16,3276800
view_196,"torch.Size([6432, 1280])",torch.bfloat16,16465920
mm_46,"torch.Size([6432, 1280])",torch.bfloat16,16465920
view_197,"torch.Size([1, 6432, 1280])",torch.bfloat16,16465920
view_198,"torch.Size([1, 6432, 16, 80])",torch.bfloat16,16465920
view_199,"torch.Size([1, 6432, 16, 80])",torch.bfloat16,16465920
view_200,"torch.Size([1, 6432, 16, 80])",torch.bfloat16,16465920
transpose_46,"torch.Size([1, 16, 6432, 80])",torch.bfloat16,16465920
transpose_47,"torch.Size([1, 16, 6432, 80])",torch.bfloat16,16465920
transpose_48,"torch.Size([1, 16, 6432, 80])",torch.bfloat16,16465920
getitem_94,"torch.Size([1, 16, 6432, 80])",torch.bfloat16,16465920
transpose_49,"torch.Size([1, 6432, 16, 80])",torch.bfloat16,16465920
view_201,"torch.Size([1, 6432, 1280])",torch.bfloat16,16465920
t_69,"torch.Size([1280, 1280])",torch.bfloat16,3276800
view_202,"torch.Size([6432, 1280])",torch.bfloat16,16465920
mm_47,"torch.Size([6432, 1280])",torch.bfloat16,16465920
view_203,"torch.Size([1, 6432, 1280])",torch.bfloat16,16465920
add_25,"torch.Size([1, 6432, 1280])",torch.bfloat16,16465920
getitem_96,"torch.Size([1, 6432, 1280])",torch.bfloat16,16465920
view_204,"torch.Size([6432, 1280])",torch.bfloat16,16465920
t_70,"torch.Size([1280, 5120])",torch.bfloat16,13107200
addmm_22,"torch.Size([6432, 5120])",torch.bfloat16,65863680
view_205,"torch.Size([1, 6432, 5120])",torch.bfloat16,65863680
gelu_11,"torch.Size([1, 6432, 5120])",torch.bfloat16,65863680
view_206,"torch.Size([6432, 5120])",torch.bfloat16,65863680
t_71,"torch.Size([5120, 1280])",torch.bfloat16,13107200
addmm_23,"torch.Size([6432, 1280])",torch.bfloat16,16465920
view_207,"torch.Size([1, 6432, 1280])",torch.bfloat16,16465920
add_26,"torch.Size([1, 6432, 1280])",torch.bfloat16,16465920
getitem_99,"torch.Size([1, 6432, 1280])",torch.bfloat16,16465920
t_72,"torch.Size([1280, 1280])",torch.bfloat16,3276800
view_208,"torch.Size([6432, 1280])",torch.bfloat16,16465920
mm_48,"torch.Size([6432, 1280])",torch.bfloat16,16465920
view_209,"torch.Size([1, 6432, 1280])",torch.bfloat16,16465920
t_73,"torch.Size([1280, 1280])",torch.bfloat16,3276800
view_210,"torch.Size([6432, 1280])",torch.bfloat16,16465920
mm_49,"torch.Size([6432, 1280])",torch.bfloat16,16465920
view_211,"torch.Size([1, 6432, 1280])",torch.bfloat16,16465920
t_74,"torch.Size([1280, 1280])",torch.bfloat16,3276800
view_212,"torch.Size([6432, 1280])",torch.bfloat16,16465920
mm_50,"torch.Size([6432, 1280])",torch.bfloat16,16465920
view_213,"torch.Size([1, 6432, 1280])",torch.bfloat16,16465920
view_214,"torch.Size([1, 6432, 16, 80])",torch.bfloat16,16465920
view_215,"torch.Size([1, 6432, 16, 80])",torch.bfloat16,16465920
view_216,"torch.Size([1, 6432, 16, 80])",torch.bfloat16,16465920
transpose_50,"torch.Size([1, 16, 6432, 80])",torch.bfloat16,16465920
transpose_51,"torch.Size([1, 16, 6432, 80])",torch.bfloat16,16465920
transpose_52,"torch.Size([1, 16, 6432, 80])",torch.bfloat16,16465920
getitem_102,"torch.Size([1, 16, 6432, 80])",torch.bfloat16,16465920
transpose_53,"torch.Size([1, 6432, 16, 80])",torch.bfloat16,16465920
view_217,"torch.Size([1, 6432, 1280])",torch.bfloat16,16465920
t_75,"torch.Size([1280, 1280])",torch.bfloat16,3276800
view_218,"torch.Size([6432, 1280])",torch.bfloat16,16465920
mm_51,"torch.Size([6432, 1280])",torch.bfloat16,16465920
view_219,"torch.Size([1, 6432, 1280])",torch.bfloat16,16465920
add_27,"torch.Size([1, 6432, 1280])",torch.bfloat16,16465920
getitem_104,"torch.Size([1, 6432, 1280])",torch.bfloat16,16465920
view_220,"torch.Size([6432, 1280])",torch.bfloat16,16465920
t_76,"torch.Size([1280, 5120])",torch.bfloat16,13107200
addmm_24,"torch.Size([6432, 5120])",torch.bfloat16,65863680
view_221,"torch.Size([1, 6432, 5120])",torch.bfloat16,65863680
gelu_12,"torch.Size([1, 6432, 5120])",torch.bfloat16,65863680
view_222,"torch.Size([6432, 5120])",torch.bfloat16,65863680
t_77,"torch.Size([5120, 1280])",torch.bfloat16,13107200
addmm_25,"torch.Size([6432, 1280])",torch.bfloat16,16465920
view_223,"torch.Size([1, 6432, 1280])",torch.bfloat16,16465920
add_28,"torch.Size([1, 6432, 1280])",torch.bfloat16,16465920
getitem_107,"torch.Size([1, 6432, 1280])",torch.bfloat16,16465920
t_78,"torch.Size([1280, 1280])",torch.bfloat16,3276800
view_224,"torch.Size([6432, 1280])",torch.bfloat16,16465920
mm_52,"torch.Size([6432, 1280])",torch.bfloat16,16465920
view_225,"torch.Size([1, 6432, 1280])",torch.bfloat16,16465920
t_79,"torch.Size([1280, 1280])",torch.bfloat16,3276800
view_226,"torch.Size([6432, 1280])",torch.bfloat16,16465920
mm_53,"torch.Size([6432, 1280])",torch.bfloat16,16465920
view_227,"torch.Size([1, 6432, 1280])",torch.bfloat16,16465920
t_80,"torch.Size([1280, 1280])",torch.bfloat16,3276800
view_228,"torch.Size([6432, 1280])",torch.bfloat16,16465920
mm_54,"torch.Size([6432, 1280])",torch.bfloat16,16465920
view_229,"torch.Size([1, 6432, 1280])",torch.bfloat16,16465920
view_230,"torch.Size([1, 6432, 16, 80])",torch.bfloat16,16465920
view_231,"torch.Size([1, 6432, 16, 80])",torch.bfloat16,16465920
view_232,"torch.Size([1, 6432, 16, 80])",torch.bfloat16,16465920
transpose_54,"torch.Size([1, 16, 6432, 80])",torch.bfloat16,16465920
transpose_55,"torch.Size([1, 16, 6432, 80])",torch.bfloat16,16465920
transpose_56,"torch.Size([1, 16, 6432, 80])",torch.bfloat16,16465920
getitem_110,"torch.Size([1, 16, 6432, 80])",torch.bfloat16,16465920
transpose_57,"torch.Size([1, 6432, 16, 80])",torch.bfloat16,16465920
view_233,"torch.Size([1, 6432, 1280])",torch.bfloat16,16465920
t_81,"torch.Size([1280, 1280])",torch.bfloat16,3276800
view_234,"torch.Size([6432, 1280])",torch.bfloat16,16465920
mm_55,"torch.Size([6432, 1280])",torch.bfloat16,16465920
view_235,"torch.Size([1, 6432, 1280])",torch.bfloat16,16465920
add_29,"torch.Size([1, 6432, 1280])",torch.bfloat16,16465920
getitem_112,"torch.Size([1, 6432, 1280])",torch.bfloat16,16465920
view_236,"torch.Size([6432, 1280])",torch.bfloat16,16465920
t_82,"torch.Size([1280, 5120])",torch.bfloat16,13107200
addmm_26,"torch.Size([6432, 5120])",torch.bfloat16,65863680
view_237,"torch.Size([1, 6432, 5120])",torch.bfloat16,65863680
gelu_13,"torch.Size([1, 6432, 5120])",torch.bfloat16,65863680
view_238,"torch.Size([6432, 5120])",torch.bfloat16,65863680
t_83,"torch.Size([5120, 1280])",torch.bfloat16,13107200
addmm_27,"torch.Size([6432, 1280])",torch.bfloat16,16465920
view_239,"torch.Size([1, 6432, 1280])",torch.bfloat16,16465920
add_30,"torch.Size([1, 6432, 1280])",torch.bfloat16,16465920
getitem_115,"torch.Size([1, 6432, 1280])",torch.bfloat16,16465920
t_84,"torch.Size([1280, 1280])",torch.bfloat16,3276800
view_240,"torch.Size([6432, 1280])",torch.bfloat16,16465920
mm_56,"torch.Size([6432, 1280])",torch.bfloat16,16465920
view_241,"torch.Size([1, 6432, 1280])",torch.bfloat16,16465920
t_85,"torch.Size([1280, 1280])",torch.bfloat16,3276800
view_242,"torch.Size([6432, 1280])",torch.bfloat16,16465920
mm_57,"torch.Size([6432, 1280])",torch.bfloat16,16465920
view_243,"torch.Size([1, 6432, 1280])",torch.bfloat16,16465920
t_86,"torch.Size([1280, 1280])",torch.bfloat16,3276800
view_244,"torch.Size([6432, 1280])",torch.bfloat16,16465920
mm_58,"torch.Size([6432, 1280])",torch.bfloat16,16465920
view_245,"torch.Size([1, 6432, 1280])",torch.bfloat16,16465920
view_246,"torch.Size([1, 6432, 16, 80])",torch.bfloat16,16465920
view_247,"torch.Size([1, 6432, 16, 80])",torch.bfloat16,16465920
view_248,"torch.Size([1, 6432, 16, 80])",torch.bfloat16,16465920
transpose_58,"torch.Size([1, 16, 6432, 80])",torch.bfloat16,16465920
transpose_59,"torch.Size([1, 16, 6432, 80])",torch.bfloat16,16465920
transpose_60,"torch.Size([1, 16, 6432, 80])",torch.bfloat16,16465920
getitem_118,"torch.Size([1, 16, 6432, 80])",torch.bfloat16,16465920
transpose_61,"torch.Size([1, 6432, 16, 80])",torch.bfloat16,16465920
view_249,"torch.Size([1, 6432, 1280])",torch.bfloat16,16465920
t_87,"torch.Size([1280, 1280])",torch.bfloat16,3276800
view_250,"torch.Size([6432, 1280])",torch.bfloat16,16465920
mm_59,"torch.Size([6432, 1280])",torch.bfloat16,16465920
view_251,"torch.Size([1, 6432, 1280])",torch.bfloat16,16465920
add_31,"torch.Size([1, 6432, 1280])",torch.bfloat16,16465920
getitem_120,"torch.Size([1, 6432, 1280])",torch.bfloat16,16465920
view_252,"torch.Size([6432, 1280])",torch.bfloat16,16465920
t_88,"torch.Size([1280, 5120])",torch.bfloat16,13107200
addmm_28,"torch.Size([6432, 5120])",torch.bfloat16,65863680
view_253,"torch.Size([1, 6432, 5120])",torch.bfloat16,65863680
gelu_14,"torch.Size([1, 6432, 5120])",torch.bfloat16,65863680
view_254,"torch.Size([6432, 5120])",torch.bfloat16,65863680
t_89,"torch.Size([5120, 1280])",torch.bfloat16,13107200
addmm_29,"torch.Size([6432, 1280])",torch.bfloat16,16465920
view_255,"torch.Size([1, 6432, 1280])",torch.bfloat16,16465920
add_32,"torch.Size([1, 6432, 1280])",torch.bfloat16,16465920
getitem_123,"torch.Size([1, 6432, 1280])",torch.bfloat16,16465920
t_90,"torch.Size([1280, 1280])",torch.bfloat16,3276800
view_256,"torch.Size([6432, 1280])",torch.bfloat16,16465920
mm_60,"torch.Size([6432, 1280])",torch.bfloat16,16465920
view_257,"torch.Size([1, 6432, 1280])",torch.bfloat16,16465920
t_91,"torch.Size([1280, 1280])",torch.bfloat16,3276800
view_258,"torch.Size([6432, 1280])",torch.bfloat16,16465920
mm_61,"torch.Size([6432, 1280])",torch.bfloat16,16465920
view_259,"torch.Size([1, 6432, 1280])",torch.bfloat16,16465920
t_92,"torch.Size([1280, 1280])",torch.bfloat16,3276800
view_260,"torch.Size([6432, 1280])",torch.bfloat16,16465920
mm_62,"torch.Size([6432, 1280])",torch.bfloat16,16465920
view_261,"torch.Size([1, 6432, 1280])",torch.bfloat16,16465920
view_262,"torch.Size([1, 6432, 16, 80])",torch.bfloat16,16465920
view_263,"torch.Size([1, 6432, 16, 80])",torch.bfloat16,16465920
view_264,"torch.Size([1, 6432, 16, 80])",torch.bfloat16,16465920
transpose_62,"torch.Size([1, 16, 6432, 80])",torch.bfloat16,16465920
transpose_63,"torch.Size([1, 16, 6432, 80])",torch.bfloat16,16465920
transpose_64,"torch.Size([1, 16, 6432, 80])",torch.bfloat16,16465920
getitem_126,"torch.Size([1, 16, 6432, 80])",torch.bfloat16,16465920
transpose_65,"torch.Size([1, 6432, 16, 80])",torch.bfloat16,16465920
view_265,"torch.Size([1, 6432, 1280])",torch.bfloat16,16465920
t_93,"torch.Size([1280, 1280])",torch.bfloat16,3276800
view_266,"torch.Size([6432, 1280])",torch.bfloat16,16465920
mm_63,"torch.Size([6432, 1280])",torch.bfloat16,16465920
view_267,"torch.Size([1, 6432, 1280])",torch.bfloat16,16465920
add_33,"torch.Size([1, 6432, 1280])",torch.bfloat16,16465920
getitem_128,"torch.Size([1, 6432, 1280])",torch.bfloat16,16465920
view_268,"torch.Size([6432, 1280])",torch.bfloat16,16465920
t_94,"torch.Size([1280, 5120])",torch.bfloat16,13107200
addmm_30,"torch.Size([6432, 5120])",torch.bfloat16,65863680
view_269,"torch.Size([1, 6432, 5120])",torch.bfloat16,65863680
gelu_15,"torch.Size([1, 6432, 5120])",torch.bfloat16,65863680
view_270,"torch.Size([6432, 5120])",torch.bfloat16,65863680
t_95,"torch.Size([5120, 1280])",torch.bfloat16,13107200
addmm_31,"torch.Size([6432, 1280])",torch.bfloat16,16465920
view_271,"torch.Size([1, 6432, 1280])",torch.bfloat16,16465920
add_34,"torch.Size([1, 6432, 1280])",torch.bfloat16,16465920
getitem_131,"torch.Size([1, 6432, 1280])",torch.bfloat16,16465920
t_96,"torch.Size([1280, 1280])",torch.bfloat16,3276800
view_272,"torch.Size([6432, 1280])",torch.bfloat16,16465920
mm_64,"torch.Size([6432, 1280])",torch.bfloat16,16465920
view_273,"torch.Size([1, 6432, 1280])",torch.bfloat16,16465920
t_97,"torch.Size([1280, 1280])",torch.bfloat16,3276800
view_274,"torch.Size([6432, 1280])",torch.bfloat16,16465920
mm_65,"torch.Size([6432, 1280])",torch.bfloat16,16465920
view_275,"torch.Size([1, 6432, 1280])",torch.bfloat16,16465920
t_98,"torch.Size([1280, 1280])",torch.bfloat16,3276800
view_276,"torch.Size([6432, 1280])",torch.bfloat16,16465920
mm_66,"torch.Size([6432, 1280])",torch.bfloat16,16465920
view_277,"torch.Size([1, 6432, 1280])",torch.bfloat16,16465920
view_278,"torch.Size([1, 6432, 16, 80])",torch.bfloat16,16465920
view_279,"torch.Size([1, 6432, 16, 80])",torch.bfloat16,16465920
view_280,"torch.Size([1, 6432, 16, 80])",torch.bfloat16,16465920
transpose_66,"torch.Size([1, 16, 6432, 80])",torch.bfloat16,16465920
transpose_67,"torch.Size([1, 16, 6432, 80])",torch.bfloat16,16465920
transpose_68,"torch.Size([1, 16, 6432, 80])",torch.bfloat16,16465920
getitem_134,"torch.Size([1, 16, 6432, 80])",torch.bfloat16,16465920
transpose_69,"torch.Size([1, 6432, 16, 80])",torch.bfloat16,16465920
view_281,"torch.Size([1, 6432, 1280])",torch.bfloat16,16465920
t_99,"torch.Size([1280, 1280])",torch.bfloat16,3276800
view_282,"torch.Size([6432, 1280])",torch.bfloat16,16465920
mm_67,"torch.Size([6432, 1280])",torch.bfloat16,16465920
view_283,"torch.Size([1, 6432, 1280])",torch.bfloat16,16465920
add_35,"torch.Size([1, 6432, 1280])",torch.bfloat16,16465920
getitem_136,"torch.Size([1, 6432, 1280])",torch.bfloat16,16465920
view_284,"torch.Size([6432, 1280])",torch.bfloat16,16465920
t_100,"torch.Size([1280, 5120])",torch.bfloat16,13107200
addmm_32,"torch.Size([6432, 5120])",torch.bfloat16,65863680
view_285,"torch.Size([1, 6432, 5120])",torch.bfloat16,65863680
gelu_16,"torch.Size([1, 6432, 5120])",torch.bfloat16,65863680
view_286,"torch.Size([6432, 5120])",torch.bfloat16,65863680
t_101,"torch.Size([5120, 1280])",torch.bfloat16,13107200
addmm_33,"torch.Size([6432, 1280])",torch.bfloat16,16465920
view_287,"torch.Size([1, 6432, 1280])",torch.bfloat16,16465920
add_36,"torch.Size([1, 6432, 1280])",torch.bfloat16,16465920
getitem_139,"torch.Size([1, 6432, 1280])",torch.bfloat16,16465920
t_102,"torch.Size([1280, 1280])",torch.bfloat16,3276800
view_288,"torch.Size([6432, 1280])",torch.bfloat16,16465920
mm_68,"torch.Size([6432, 1280])",torch.bfloat16,16465920
view_289,"torch.Size([1, 6432, 1280])",torch.bfloat16,16465920
t_103,"torch.Size([1280, 1280])",torch.bfloat16,3276800
view_290,"torch.Size([6432, 1280])",torch.bfloat16,16465920
mm_69,"torch.Size([6432, 1280])",torch.bfloat16,16465920
view_291,"torch.Size([1, 6432, 1280])",torch.bfloat16,16465920
t_104,"torch.Size([1280, 1280])",torch.bfloat16,3276800
view_292,"torch.Size([6432, 1280])",torch.bfloat16,16465920
mm_70,"torch.Size([6432, 1280])",torch.bfloat16,16465920
view_293,"torch.Size([1, 6432, 1280])",torch.bfloat16,16465920
view_294,"torch.Size([1, 6432, 16, 80])",torch.bfloat16,16465920
view_295,"torch.Size([1, 6432, 16, 80])",torch.bfloat16,16465920
view_296,"torch.Size([1, 6432, 16, 80])",torch.bfloat16,16465920
transpose_70,"torch.Size([1, 16, 6432, 80])",torch.bfloat16,16465920
transpose_71,"torch.Size([1, 16, 6432, 80])",torch.bfloat16,16465920
transpose_72,"torch.Size([1, 16, 6432, 80])",torch.bfloat16,16465920
getitem_142,"torch.Size([1, 16, 6432, 80])",torch.bfloat16,16465920
transpose_73,"torch.Size([1, 6432, 16, 80])",torch.bfloat16,16465920
view_297,"torch.Size([1, 6432, 1280])",torch.bfloat16,16465920
t_105,"torch.Size([1280, 1280])",torch.bfloat16,3276800
view_298,"torch.Size([6432, 1280])",torch.bfloat16,16465920
mm_71,"torch.Size([6432, 1280])",torch.bfloat16,16465920
view_299,"torch.Size([1, 6432, 1280])",torch.bfloat16,16465920
add_37,"torch.Size([1, 6432, 1280])",torch.bfloat16,16465920
getitem_144,"torch.Size([1, 6432, 1280])",torch.bfloat16,16465920
view_300,"torch.Size([6432, 1280])",torch.bfloat16,16465920
t_106,"torch.Size([1280, 5120])",torch.bfloat16,13107200
addmm_34,"torch.Size([6432, 5120])",torch.bfloat16,65863680
view_301,"torch.Size([1, 6432, 5120])",torch.bfloat16,65863680
gelu_17,"torch.Size([1, 6432, 5120])",torch.bfloat16,65863680
view_302,"torch.Size([6432, 5120])",torch.bfloat16,65863680
t_107,"torch.Size([5120, 1280])",torch.bfloat16,13107200
addmm_35,"torch.Size([6432, 1280])",torch.bfloat16,16465920
view_303,"torch.Size([1, 6432, 1280])",torch.bfloat16,16465920
add_38,"torch.Size([1, 6432, 1280])",torch.bfloat16,16465920
getitem_147,"torch.Size([1, 6432, 1280])",torch.bfloat16,16465920
t_108,"torch.Size([1280, 1280])",torch.bfloat16,3276800
view_304,"torch.Size([6432, 1280])",torch.bfloat16,16465920
mm_72,"torch.Size([6432, 1280])",torch.bfloat16,16465920
view_305,"torch.Size([1, 6432, 1280])",torch.bfloat16,16465920
t_109,"torch.Size([1280, 1280])",torch.bfloat16,3276800
view_306,"torch.Size([6432, 1280])",torch.bfloat16,16465920
mm_73,"torch.Size([6432, 1280])",torch.bfloat16,16465920
view_307,"torch.Size([1, 6432, 1280])",torch.bfloat16,16465920
t_110,"torch.Size([1280, 1280])",torch.bfloat16,3276800
view_308,"torch.Size([6432, 1280])",torch.bfloat16,16465920
mm_74,"torch.Size([6432, 1280])",torch.bfloat16,16465920
view_309,"torch.Size([1, 6432, 1280])",torch.bfloat16,16465920
view_310,"torch.Size([1, 6432, 16, 80])",torch.bfloat16,16465920
view_311,"torch.Size([1, 6432, 16, 80])",torch.bfloat16,16465920
view_312,"torch.Size([1, 6432, 16, 80])",torch.bfloat16,16465920
transpose_74,"torch.Size([1, 16, 6432, 80])",torch.bfloat16,16465920
transpose_75,"torch.Size([1, 16, 6432, 80])",torch.bfloat16,16465920
transpose_76,"torch.Size([1, 16, 6432, 80])",torch.bfloat16,16465920
getitem_150,"torch.Size([1, 16, 6432, 80])",torch.bfloat16,16465920
transpose_77,"torch.Size([1, 6432, 16, 80])",torch.bfloat16,16465920
view_313,"torch.Size([1, 6432, 1280])",torch.bfloat16,16465920
t_111,"torch.Size([1280, 1280])",torch.bfloat16,3276800
view_314,"torch.Size([6432, 1280])",torch.bfloat16,16465920
mm_75,"torch.Size([6432, 1280])",torch.bfloat16,16465920
view_315,"torch.Size([1, 6432, 1280])",torch.bfloat16,16465920
add_39,"torch.Size([1, 6432, 1280])",torch.bfloat16,16465920
getitem_152,"torch.Size([1, 6432, 1280])",torch.bfloat16,16465920
view_316,"torch.Size([6432, 1280])",torch.bfloat16,16465920
t_112,"torch.Size([1280, 5120])",torch.bfloat16,13107200
addmm_36,"torch.Size([6432, 5120])",torch.bfloat16,65863680
view_317,"torch.Size([1, 6432, 5120])",torch.bfloat16,65863680
gelu_18,"torch.Size([1, 6432, 5120])",torch.bfloat16,65863680
view_318,"torch.Size([6432, 5120])",torch.bfloat16,65863680
t_113,"torch.Size([5120, 1280])",torch.bfloat16,13107200
addmm_37,"torch.Size([6432, 1280])",torch.bfloat16,16465920
view_319,"torch.Size([1, 6432, 1280])",torch.bfloat16,16465920
add_40,"torch.Size([1, 6432, 1280])",torch.bfloat16,16465920
getitem_155,"torch.Size([1, 6432, 1280])",torch.bfloat16,16465920
t_114,"torch.Size([1280, 1280])",torch.bfloat16,3276800
view_320,"torch.Size([6432, 1280])",torch.bfloat16,16465920
mm_76,"torch.Size([6432, 1280])",torch.bfloat16,16465920
view_321,"torch.Size([1, 6432, 1280])",torch.bfloat16,16465920
t_115,"torch.Size([1280, 1280])",torch.bfloat16,3276800
view_322,"torch.Size([6432, 1280])",torch.bfloat16,16465920
mm_77,"torch.Size([6432, 1280])",torch.bfloat16,16465920
view_323,"torch.Size([1, 6432, 1280])",torch.bfloat16,16465920
t_116,"torch.Size([1280, 1280])",torch.bfloat16,3276800
view_324,"torch.Size([6432, 1280])",torch.bfloat16,16465920
mm_78,"torch.Size([6432, 1280])",torch.bfloat16,16465920
view_325,"torch.Size([1, 6432, 1280])",torch.bfloat16,16465920
view_326,"torch.Size([1, 6432, 16, 80])",torch.bfloat16,16465920
view_327,"torch.Size([1, 6432, 16, 80])",torch.bfloat16,16465920
view_328,"torch.Size([1, 6432, 16, 80])",torch.bfloat16,16465920
transpose_78,"torch.Size([1, 16, 6432, 80])",torch.bfloat16,16465920
transpose_79,"torch.Size([1, 16, 6432, 80])",torch.bfloat16,16465920
transpose_80,"torch.Size([1, 16, 6432, 80])",torch.bfloat16,16465920
getitem_158,"torch.Size([1, 16, 6432, 80])",torch.bfloat16,16465920
transpose_81,"torch.Size([1, 6432, 16, 80])",torch.bfloat16,16465920
view_329,"torch.Size([1, 6432, 1280])",torch.bfloat16,16465920
t_117,"torch.Size([1280, 1280])",torch.bfloat16,3276800
view_330,"torch.Size([6432, 1280])",torch.bfloat16,16465920
mm_79,"torch.Size([6432, 1280])",torch.bfloat16,16465920
view_331,"torch.Size([1, 6432, 1280])",torch.bfloat16,16465920
add_41,"torch.Size([1, 6432, 1280])",torch.bfloat16,16465920
getitem_160,"torch.Size([1, 6432, 1280])",torch.bfloat16,16465920
view_332,"torch.Size([6432, 1280])",torch.bfloat16,16465920
t_118,"torch.Size([1280, 5120])",torch.bfloat16,13107200
addmm_38,"torch.Size([6432, 5120])",torch.bfloat16,65863680
view_333,"torch.Size([1, 6432, 5120])",torch.bfloat16,65863680
gelu_19,"torch.Size([1, 6432, 5120])",torch.bfloat16,65863680
view_334,"torch.Size([6432, 5120])",torch.bfloat16,65863680
t_119,"torch.Size([5120, 1280])",torch.bfloat16,13107200
addmm_39,"torch.Size([6432, 1280])",torch.bfloat16,16465920
view_335,"torch.Size([1, 6432, 1280])",torch.bfloat16,16465920
add_42,"torch.Size([1, 6432, 1280])",torch.bfloat16,16465920
getitem_163,"torch.Size([1, 6432, 1280])",torch.bfloat16,16465920
t_120,"torch.Size([1280, 1280])",torch.bfloat16,3276800
view_336,"torch.Size([6432, 1280])",torch.bfloat16,16465920
mm_80,"torch.Size([6432, 1280])",torch.bfloat16,16465920
view_337,"torch.Size([1, 6432, 1280])",torch.bfloat16,16465920
t_121,"torch.Size([1280, 1280])",torch.bfloat16,3276800
view_338,"torch.Size([6432, 1280])",torch.bfloat16,16465920
mm_81,"torch.Size([6432, 1280])",torch.bfloat16,16465920
view_339,"torch.Size([1, 6432, 1280])",torch.bfloat16,16465920
t_122,"torch.Size([1280, 1280])",torch.bfloat16,3276800
view_340,"torch.Size([6432, 1280])",torch.bfloat16,16465920
mm_82,"torch.Size([6432, 1280])",torch.bfloat16,16465920
view_341,"torch.Size([1, 6432, 1280])",torch.bfloat16,16465920
view_342,"torch.Size([1, 6432, 16, 80])",torch.bfloat16,16465920
view_343,"torch.Size([1, 6432, 16, 80])",torch.bfloat16,16465920
view_344,"torch.Size([1, 6432, 16, 80])",torch.bfloat16,16465920
transpose_82,"torch.Size([1, 16, 6432, 80])",torch.bfloat16,16465920
transpose_83,"torch.Size([1, 16, 6432, 80])",torch.bfloat16,16465920
transpose_84,"torch.Size([1, 16, 6432, 80])",torch.bfloat16,16465920
getitem_166,"torch.Size([1, 16, 6432, 80])",torch.bfloat16,16465920
transpose_85,"torch.Size([1, 6432, 16, 80])",torch.bfloat16,16465920
view_345,"torch.Size([1, 6432, 1280])",torch.bfloat16,16465920
t_123,"torch.Size([1280, 1280])",torch.bfloat16,3276800
view_346,"torch.Size([6432, 1280])",torch.bfloat16,16465920
mm_83,"torch.Size([6432, 1280])",torch.bfloat16,16465920
view_347,"torch.Size([1, 6432, 1280])",torch.bfloat16,16465920
add_43,"torch.Size([1, 6432, 1280])",torch.bfloat16,16465920
getitem_168,"torch.Size([1, 6432, 1280])",torch.bfloat16,16465920
view_348,"torch.Size([6432, 1280])",torch.bfloat16,16465920
t_124,"torch.Size([1280, 5120])",torch.bfloat16,13107200
addmm_40,"torch.Size([6432, 5120])",torch.bfloat16,65863680
view_349,"torch.Size([1, 6432, 5120])",torch.bfloat16,65863680
gelu_20,"torch.Size([1, 6432, 5120])",torch.bfloat16,65863680
view_350,"torch.Size([6432, 5120])",torch.bfloat16,65863680
t_125,"torch.Size([5120, 1280])",torch.bfloat16,13107200
addmm_41,"torch.Size([6432, 1280])",torch.bfloat16,16465920
view_351,"torch.Size([1, 6432, 1280])",torch.bfloat16,16465920
add_44,"torch.Size([1, 6432, 1280])",torch.bfloat16,16465920
getitem_171,"torch.Size([1, 6432, 1280])",torch.bfloat16,16465920
t_126,"torch.Size([1280, 1280])",torch.bfloat16,3276800
view_352,"torch.Size([6432, 1280])",torch.bfloat16,16465920
mm_84,"torch.Size([6432, 1280])",torch.bfloat16,16465920
view_353,"torch.Size([1, 6432, 1280])",torch.bfloat16,16465920
t_127,"torch.Size([1280, 1280])",torch.bfloat16,3276800
view_354,"torch.Size([6432, 1280])",torch.bfloat16,16465920
mm_85,"torch.Size([6432, 1280])",torch.bfloat16,16465920
view_355,"torch.Size([1, 6432, 1280])",torch.bfloat16,16465920
t_128,"torch.Size([1280, 1280])",torch.bfloat16,3276800
view_356,"torch.Size([6432, 1280])",torch.bfloat16,16465920
mm_86,"torch.Size([6432, 1280])",torch.bfloat16,16465920
view_357,"torch.Size([1, 6432, 1280])",torch.bfloat16,16465920
view_358,"torch.Size([1, 6432, 16, 80])",torch.bfloat16,16465920
view_359,"torch.Size([1, 6432, 16, 80])",torch.bfloat16,16465920
view_360,"torch.Size([1, 6432, 16, 80])",torch.bfloat16,16465920
transpose_86,"torch.Size([1, 16, 6432, 80])",torch.bfloat16,16465920
transpose_87,"torch.Size([1, 16, 6432, 80])",torch.bfloat16,16465920
transpose_88,"torch.Size([1, 16, 6432, 80])",torch.bfloat16,16465920
getitem_174,"torch.Size([1, 16, 6432, 80])",torch.bfloat16,16465920
transpose_89,"torch.Size([1, 6432, 16, 80])",torch.bfloat16,16465920
view_361,"torch.Size([1, 6432, 1280])",torch.bfloat16,16465920
t_129,"torch.Size([1280, 1280])",torch.bfloat16,3276800
view_362,"torch.Size([6432, 1280])",torch.bfloat16,16465920
mm_87,"torch.Size([6432, 1280])",torch.bfloat16,16465920
view_363,"torch.Size([1, 6432, 1280])",torch.bfloat16,16465920
add_45,"torch.Size([1, 6432, 1280])",torch.bfloat16,16465920
getitem_176,"torch.Size([1, 6432, 1280])",torch.bfloat16,16465920
view_364,"torch.Size([6432, 1280])",torch.bfloat16,16465920
t_130,"torch.Size([1280, 5120])",torch.bfloat16,13107200
addmm_42,"torch.Size([6432, 5120])",torch.bfloat16,65863680
view_365,"torch.Size([1, 6432, 5120])",torch.bfloat16,65863680
gelu_21,"torch.Size([1, 6432, 5120])",torch.bfloat16,65863680
view_366,"torch.Size([6432, 5120])",torch.bfloat16,65863680
t_131,"torch.Size([5120, 1280])",torch.bfloat16,13107200
addmm_43,"torch.Size([6432, 1280])",torch.bfloat16,16465920
view_367,"torch.Size([1, 6432, 1280])",torch.bfloat16,16465920
add_46,"torch.Size([1, 6432, 1280])",torch.bfloat16,16465920
getitem_179,"torch.Size([1, 6432, 1280])",torch.bfloat16,16465920
t_132,"torch.Size([1280, 1280])",torch.bfloat16,3276800
view_368,"torch.Size([6432, 1280])",torch.bfloat16,16465920
mm_88,"torch.Size([6432, 1280])",torch.bfloat16,16465920
view_369,"torch.Size([1, 6432, 1280])",torch.bfloat16,16465920
t_133,"torch.Size([1280, 1280])",torch.bfloat16,3276800
view_370,"torch.Size([6432, 1280])",torch.bfloat16,16465920
mm_89,"torch.Size([6432, 1280])",torch.bfloat16,16465920
view_371,"torch.Size([1, 6432, 1280])",torch.bfloat16,16465920
t_134,"torch.Size([1280, 1280])",torch.bfloat16,3276800
view_372,"torch.Size([6432, 1280])",torch.bfloat16,16465920
mm_90,"torch.Size([6432, 1280])",torch.bfloat16,16465920
view_373,"torch.Size([1, 6432, 1280])",torch.bfloat16,16465920
view_374,"torch.Size([1, 6432, 16, 80])",torch.bfloat16,16465920
view_375,"torch.Size([1, 6432, 16, 80])",torch.bfloat16,16465920
view_376,"torch.Size([1, 6432, 16, 80])",torch.bfloat16,16465920
transpose_90,"torch.Size([1, 16, 6432, 80])",torch.bfloat16,16465920
transpose_91,"torch.Size([1, 16, 6432, 80])",torch.bfloat16,16465920
transpose_92,"torch.Size([1, 16, 6432, 80])",torch.bfloat16,16465920
getitem_182,"torch.Size([1, 16, 6432, 80])",torch.bfloat16,16465920
transpose_93,"torch.Size([1, 6432, 16, 80])",torch.bfloat16,16465920
view_377,"torch.Size([1, 6432, 1280])",torch.bfloat16,16465920
t_135,"torch.Size([1280, 1280])",torch.bfloat16,3276800
view_378,"torch.Size([6432, 1280])",torch.bfloat16,16465920
mm_91,"torch.Size([6432, 1280])",torch.bfloat16,16465920
view_379,"torch.Size([1, 6432, 1280])",torch.bfloat16,16465920
add_47,"torch.Size([1, 6432, 1280])",torch.bfloat16,16465920
getitem_184,"torch.Size([1, 6432, 1280])",torch.bfloat16,16465920
view_380,"torch.Size([6432, 1280])",torch.bfloat16,16465920
t_136,"torch.Size([1280, 5120])",torch.bfloat16,13107200
addmm_44,"torch.Size([6432, 5120])",torch.bfloat16,65863680
view_381,"torch.Size([1, 6432, 5120])",torch.bfloat16,65863680
gelu_22,"torch.Size([1, 6432, 5120])",torch.bfloat16,65863680
view_382,"torch.Size([6432, 5120])",torch.bfloat16,65863680
t_137,"torch.Size([5120, 1280])",torch.bfloat16,13107200
addmm_45,"torch.Size([6432, 1280])",torch.bfloat16,16465920
view_383,"torch.Size([1, 6432, 1280])",torch.bfloat16,16465920
add_48,"torch.Size([1, 6432, 1280])",torch.bfloat16,16465920
getitem_187,"torch.Size([1, 6432, 1280])",torch.bfloat16,16465920
t_138,"torch.Size([1280, 1280])",torch.bfloat16,3276800
view_384,"torch.Size([6432, 1280])",torch.bfloat16,16465920
mm_92,"torch.Size([6432, 1280])",torch.bfloat16,16465920
view_385,"torch.Size([1, 6432, 1280])",torch.bfloat16,16465920
t_139,"torch.Size([1280, 1280])",torch.bfloat16,3276800
view_386,"torch.Size([6432, 1280])",torch.bfloat16,16465920
mm_93,"torch.Size([6432, 1280])",torch.bfloat16,16465920
view_387,"torch.Size([1, 6432, 1280])",torch.bfloat16,16465920
t_140,"torch.Size([1280, 1280])",torch.bfloat16,3276800
view_388,"torch.Size([6432, 1280])",torch.bfloat16,16465920
mm_94,"torch.Size([6432, 1280])",torch.bfloat16,16465920
view_389,"torch.Size([1, 6432, 1280])",torch.bfloat16,16465920
view_390,"torch.Size([1, 6432, 16, 80])",torch.bfloat16,16465920
view_391,"torch.Size([1, 6432, 16, 80])",torch.bfloat16,16465920
view_392,"torch.Size([1, 6432, 16, 80])",torch.bfloat16,16465920
transpose_94,"torch.Size([1, 16, 6432, 80])",torch.bfloat16,16465920
transpose_95,"torch.Size([1, 16, 6432, 80])",torch.bfloat16,16465920
transpose_96,"torch.Size([1, 16, 6432, 80])",torch.bfloat16,16465920
getitem_190,"torch.Size([1, 16, 6432, 80])",torch.bfloat16,16465920
transpose_97,"torch.Size([1, 6432, 16, 80])",torch.bfloat16,16465920
view_393,"torch.Size([1, 6432, 1280])",torch.bfloat16,16465920
t_141,"torch.Size([1280, 1280])",torch.bfloat16,3276800
view_394,"torch.Size([6432, 1280])",torch.bfloat16,16465920
mm_95,"torch.Size([6432, 1280])",torch.bfloat16,16465920
view_395,"torch.Size([1, 6432, 1280])",torch.bfloat16,16465920
add_49,"torch.Size([1, 6432, 1280])",torch.bfloat16,16465920
getitem_192,"torch.Size([1, 6432, 1280])",torch.bfloat16,16465920
view_396,"torch.Size([6432, 1280])",torch.bfloat16,16465920
t_142,"torch.Size([1280, 5120])",torch.bfloat16,13107200
addmm_46,"torch.Size([6432, 5120])",torch.bfloat16,65863680
view_397,"torch.Size([1, 6432, 5120])",torch.bfloat16,65863680
gelu_23,"torch.Size([1, 6432, 5120])",torch.bfloat16,65863680
view_398,"torch.Size([6432, 5120])",torch.bfloat16,65863680
t_143,"torch.Size([5120, 1280])",torch.bfloat16,13107200
addmm_47,"torch.Size([6432, 1280])",torch.bfloat16,16465920
view_399,"torch.Size([1, 6432, 1280])",torch.bfloat16,16465920
add_50,"torch.Size([1, 6432, 1280])",torch.bfloat16,16465920
getitem_195,"torch.Size([1, 6432, 1280])",torch.bfloat16,16465920
t_144,"torch.Size([1280, 1280])",torch.bfloat16,3276800
view_400,"torch.Size([6432, 1280])",torch.bfloat16,16465920
mm_96,"torch.Size([6432, 1280])",torch.bfloat16,16465920
view_401,"torch.Size([1, 6432, 1280])",torch.bfloat16,16465920
t_145,"torch.Size([1280, 1280])",torch.bfloat16,3276800
view_402,"torch.Size([6432, 1280])",torch.bfloat16,16465920
mm_97,"torch.Size([6432, 1280])",torch.bfloat16,16465920
view_403,"torch.Size([1, 6432, 1280])",torch.bfloat16,16465920
t_146,"torch.Size([1280, 1280])",torch.bfloat16,3276800
view_404,"torch.Size([6432, 1280])",torch.bfloat16,16465920
mm_98,"torch.Size([6432, 1280])",torch.bfloat16,16465920
view_405,"torch.Size([1, 6432, 1280])",torch.bfloat16,16465920
view_406,"torch.Size([1, 6432, 16, 80])",torch.bfloat16,16465920
view_407,"torch.Size([1, 6432, 16, 80])",torch.bfloat16,16465920
view_408,"torch.Size([1, 6432, 16, 80])",torch.bfloat16,16465920
transpose_98,"torch.Size([1, 16, 6432, 80])",torch.bfloat16,16465920
transpose_99,"torch.Size([1, 16, 6432, 80])",torch.bfloat16,16465920
transpose_100,"torch.Size([1, 16, 6432, 80])",torch.bfloat16,16465920
getitem_198,"torch.Size([1, 16, 6432, 80])",torch.bfloat16,16465920
transpose_101,"torch.Size([1, 6432, 16, 80])",torch.bfloat16,16465920
view_409,"torch.Size([1, 6432, 1280])",torch.bfloat16,16465920
t_147,"torch.Size([1280, 1280])",torch.bfloat16,3276800
view_410,"torch.Size([6432, 1280])",torch.bfloat16,16465920
mm_99,"torch.Size([6432, 1280])",torch.bfloat16,16465920
view_411,"torch.Size([1, 6432, 1280])",torch.bfloat16,16465920
add_51,"torch.Size([1, 6432, 1280])",torch.bfloat16,16465920
getitem_200,"torch.Size([1, 6432, 1280])",torch.bfloat16,16465920
view_412,"torch.Size([6432, 1280])",torch.bfloat16,16465920
t_148,"torch.Size([1280, 5120])",torch.bfloat16,13107200
addmm_48,"torch.Size([6432, 5120])",torch.bfloat16,65863680
view_413,"torch.Size([1, 6432, 5120])",torch.bfloat16,65863680
gelu_24,"torch.Size([1, 6432, 5120])",torch.bfloat16,65863680
view_414,"torch.Size([6432, 5120])",torch.bfloat16,65863680
t_149,"torch.Size([5120, 1280])",torch.bfloat16,13107200
addmm_49,"torch.Size([6432, 1280])",torch.bfloat16,16465920
view_415,"torch.Size([1, 6432, 1280])",torch.bfloat16,16465920
add_52,"torch.Size([1, 6432, 1280])",torch.bfloat16,16465920
getitem_203,"torch.Size([1, 6432, 1280])",torch.bfloat16,16465920
t_150,"torch.Size([1280, 1280])",torch.bfloat16,3276800
view_416,"torch.Size([6432, 1280])",torch.bfloat16,16465920
mm_100,"torch.Size([6432, 1280])",torch.bfloat16,16465920
view_417,"torch.Size([1, 6432, 1280])",torch.bfloat16,16465920
t_151,"torch.Size([1280, 1280])",torch.bfloat16,3276800
view_418,"torch.Size([6432, 1280])",torch.bfloat16,16465920
mm_101,"torch.Size([6432, 1280])",torch.bfloat16,16465920
view_419,"torch.Size([1, 6432, 1280])",torch.bfloat16,16465920
t_152,"torch.Size([1280, 1280])",torch.bfloat16,3276800
view_420,"torch.Size([6432, 1280])",torch.bfloat16,16465920
mm_102,"torch.Size([6432, 1280])",torch.bfloat16,16465920
view_421,"torch.Size([1, 6432, 1280])",torch.bfloat16,16465920
view_422,"torch.Size([1, 6432, 16, 80])",torch.bfloat16,16465920
view_423,"torch.Size([1, 6432, 16, 80])",torch.bfloat16,16465920
view_424,"torch.Size([1, 6432, 16, 80])",torch.bfloat16,16465920
transpose_102,"torch.Size([1, 16, 6432, 80])",torch.bfloat16,16465920
transpose_103,"torch.Size([1, 16, 6432, 80])",torch.bfloat16,16465920
transpose_104,"torch.Size([1, 16, 6432, 80])",torch.bfloat16,16465920
getitem_206,"torch.Size([1, 16, 6432, 80])",torch.bfloat16,16465920
transpose_105,"torch.Size([1, 6432, 16, 80])",torch.bfloat16,16465920
view_425,"torch.Size([1, 6432, 1280])",torch.bfloat16,16465920
t_153,"torch.Size([1280, 1280])",torch.bfloat16,3276800
view_426,"torch.Size([6432, 1280])",torch.bfloat16,16465920
mm_103,"torch.Size([6432, 1280])",torch.bfloat16,16465920
view_427,"torch.Size([1, 6432, 1280])",torch.bfloat16,16465920
add_53,"torch.Size([1, 6432, 1280])",torch.bfloat16,16465920
getitem_208,"torch.Size([1, 6432, 1280])",torch.bfloat16,16465920
view_428,"torch.Size([6432, 1280])",torch.bfloat16,16465920
t_154,"torch.Size([1280, 5120])",torch.bfloat16,13107200
addmm_50,"torch.Size([6432, 5120])",torch.bfloat16,65863680
view_429,"torch.Size([1, 6432, 5120])",torch.bfloat16,65863680
gelu_25,"torch.Size([1, 6432, 5120])",torch.bfloat16,65863680
view_430,"torch.Size([6432, 5120])",torch.bfloat16,65863680
t_155,"torch.Size([5120, 1280])",torch.bfloat16,13107200
addmm_51,"torch.Size([6432, 1280])",torch.bfloat16,16465920
view_431,"torch.Size([1, 6432, 1280])",torch.bfloat16,16465920
add_54,"torch.Size([1, 6432, 1280])",torch.bfloat16,16465920
getitem_211,"torch.Size([1, 6432, 1280])",torch.bfloat16,16465920
t_156,"torch.Size([1280, 1280])",torch.bfloat16,3276800
view_432,"torch.Size([6432, 1280])",torch.bfloat16,16465920
mm_104,"torch.Size([6432, 1280])",torch.bfloat16,16465920
view_433,"torch.Size([1, 6432, 1280])",torch.bfloat16,16465920
t_157,"torch.Size([1280, 1280])",torch.bfloat16,3276800
view_434,"torch.Size([6432, 1280])",torch.bfloat16,16465920
mm_105,"torch.Size([6432, 1280])",torch.bfloat16,16465920
view_435,"torch.Size([1, 6432, 1280])",torch.bfloat16,16465920
t_158,"torch.Size([1280, 1280])",torch.bfloat16,3276800
view_436,"torch.Size([6432, 1280])",torch.bfloat16,16465920
mm_106,"torch.Size([6432, 1280])",torch.bfloat16,16465920
view_437,"torch.Size([1, 6432, 1280])",torch.bfloat16,16465920
view_438,"torch.Size([1, 6432, 16, 80])",torch.bfloat16,16465920
view_439,"torch.Size([1, 6432, 16, 80])",torch.bfloat16,16465920
view_440,"torch.Size([1, 6432, 16, 80])",torch.bfloat16,16465920
transpose_106,"torch.Size([1, 16, 6432, 80])",torch.bfloat16,16465920
transpose_107,"torch.Size([1, 16, 6432, 80])",torch.bfloat16,16465920
transpose_108,"torch.Size([1, 16, 6432, 80])",torch.bfloat16,16465920
getitem_214,"torch.Size([1, 16, 6432, 80])",torch.bfloat16,16465920
transpose_109,"torch.Size([1, 6432, 16, 80])",torch.bfloat16,16465920
view_441,"torch.Size([1, 6432, 1280])",torch.bfloat16,16465920
t_159,"torch.Size([1280, 1280])",torch.bfloat16,3276800
view_442,"torch.Size([6432, 1280])",torch.bfloat16,16465920
mm_107,"torch.Size([6432, 1280])",torch.bfloat16,16465920
view_443,"torch.Size([1, 6432, 1280])",torch.bfloat16,16465920
add_55,"torch.Size([1, 6432, 1280])",torch.bfloat16,16465920
getitem_216,"torch.Size([1, 6432, 1280])",torch.bfloat16,16465920
view_444,"torch.Size([6432, 1280])",torch.bfloat16,16465920
t_160,"torch.Size([1280, 5120])",torch.bfloat16,13107200
addmm_52,"torch.Size([6432, 5120])",torch.bfloat16,65863680
view_445,"torch.Size([1, 6432, 5120])",torch.bfloat16,65863680
gelu_26,"torch.Size([1, 6432, 5120])",torch.bfloat16,65863680
view_446,"torch.Size([6432, 5120])",torch.bfloat16,65863680
t_161,"torch.Size([5120, 1280])",torch.bfloat16,13107200
addmm_53,"torch.Size([6432, 1280])",torch.bfloat16,16465920
view_447,"torch.Size([1, 6432, 1280])",torch.bfloat16,16465920
add_56,"torch.Size([1, 6432, 1280])",torch.bfloat16,16465920
getitem_219,"torch.Size([1, 6432, 1280])",torch.bfloat16,16465920
t_162,"torch.Size([1280, 1280])",torch.bfloat16,3276800
view_448,"torch.Size([6432, 1280])",torch.bfloat16,16465920
mm_108,"torch.Size([6432, 1280])",torch.bfloat16,16465920
view_449,"torch.Size([1, 6432, 1280])",torch.bfloat16,16465920
t_163,"torch.Size([1280, 1280])",torch.bfloat16,3276800
view_450,"torch.Size([6432, 1280])",torch.bfloat16,16465920
mm_109,"torch.Size([6432, 1280])",torch.bfloat16,16465920
view_451,"torch.Size([1, 6432, 1280])",torch.bfloat16,16465920
t_164,"torch.Size([1280, 1280])",torch.bfloat16,3276800
view_452,"torch.Size([6432, 1280])",torch.bfloat16,16465920
mm_110,"torch.Size([6432, 1280])",torch.bfloat16,16465920
view_453,"torch.Size([1, 6432, 1280])",torch.bfloat16,16465920
view_454,"torch.Size([1, 6432, 16, 80])",torch.bfloat16,16465920
view_455,"torch.Size([1, 6432, 16, 80])",torch.bfloat16,16465920
view_456,"torch.Size([1, 6432, 16, 80])",torch.bfloat16,16465920
transpose_110,"torch.Size([1, 16, 6432, 80])",torch.bfloat16,16465920
transpose_111,"torch.Size([1, 16, 6432, 80])",torch.bfloat16,16465920
transpose_112,"torch.Size([1, 16, 6432, 80])",torch.bfloat16,16465920
getitem_222,"torch.Size([1, 16, 6432, 80])",torch.bfloat16,16465920
transpose_113,"torch.Size([1, 6432, 16, 80])",torch.bfloat16,16465920
view_457,"torch.Size([1, 6432, 1280])",torch.bfloat16,16465920
t_165,"torch.Size([1280, 1280])",torch.bfloat16,3276800
view_458,"torch.Size([6432, 1280])",torch.bfloat16,16465920
mm_111,"torch.Size([6432, 1280])",torch.bfloat16,16465920
view_459,"torch.Size([1, 6432, 1280])",torch.bfloat16,16465920
add_57,"torch.Size([1, 6432, 1280])",torch.bfloat16,16465920
getitem_224,"torch.Size([1, 6432, 1280])",torch.bfloat16,16465920
view_460,"torch.Size([6432, 1280])",torch.bfloat16,16465920
t_166,"torch.Size([1280, 5120])",torch.bfloat16,13107200
addmm_54,"torch.Size([6432, 5120])",torch.bfloat16,65863680
view_461,"torch.Size([1, 6432, 5120])",torch.bfloat16,65863680
gelu_27,"torch.Size([1, 6432, 5120])",torch.bfloat16,65863680
view_462,"torch.Size([6432, 5120])",torch.bfloat16,65863680
t_167,"torch.Size([5120, 1280])",torch.bfloat16,13107200
addmm_55,"torch.Size([6432, 1280])",torch.bfloat16,16465920
view_463,"torch.Size([1, 6432, 1280])",torch.bfloat16,16465920
add_58,"torch.Size([1, 6432, 1280])",torch.bfloat16,16465920
getitem_227,"torch.Size([1, 6432, 1280])",torch.bfloat16,16465920
t_168,"torch.Size([1280, 1280])",torch.bfloat16,3276800
view_464,"torch.Size([6432, 1280])",torch.bfloat16,16465920
mm_112,"torch.Size([6432, 1280])",torch.bfloat16,16465920
view_465,"torch.Size([1, 6432, 1280])",torch.bfloat16,16465920
t_169,"torch.Size([1280, 1280])",torch.bfloat16,3276800
view_466,"torch.Size([6432, 1280])",torch.bfloat16,16465920
mm_113,"torch.Size([6432, 1280])",torch.bfloat16,16465920
view_467,"torch.Size([1, 6432, 1280])",torch.bfloat16,16465920
t_170,"torch.Size([1280, 1280])",torch.bfloat16,3276800
view_468,"torch.Size([6432, 1280])",torch.bfloat16,16465920
mm_114,"torch.Size([6432, 1280])",torch.bfloat16,16465920
view_469,"torch.Size([1, 6432, 1280])",torch.bfloat16,16465920
view_470,"torch.Size([1, 6432, 16, 80])",torch.bfloat16,16465920
view_471,"torch.Size([1, 6432, 16, 80])",torch.bfloat16,16465920
view_472,"torch.Size([1, 6432, 16, 80])",torch.bfloat16,16465920
transpose_114,"torch.Size([1, 16, 6432, 80])",torch.bfloat16,16465920
transpose_115,"torch.Size([1, 16, 6432, 80])",torch.bfloat16,16465920
transpose_116,"torch.Size([1, 16, 6432, 80])",torch.bfloat16,16465920
getitem_230,"torch.Size([1, 16, 6432, 80])",torch.bfloat16,16465920
transpose_117,"torch.Size([1, 6432, 16, 80])",torch.bfloat16,16465920
view_473,"torch.Size([1, 6432, 1280])",torch.bfloat16,16465920
t_171,"torch.Size([1280, 1280])",torch.bfloat16,3276800
view_474,"torch.Size([6432, 1280])",torch.bfloat16,16465920
mm_115,"torch.Size([6432, 1280])",torch.bfloat16,16465920
view_475,"torch.Size([1, 6432, 1280])",torch.bfloat16,16465920
add_59,"torch.Size([1, 6432, 1280])",torch.bfloat16,16465920
getitem_232,"torch.Size([1, 6432, 1280])",torch.bfloat16,16465920
view_476,"torch.Size([6432, 1280])",torch.bfloat16,16465920
t_172,"torch.Size([1280, 5120])",torch.bfloat16,13107200
addmm_56,"torch.Size([6432, 5120])",torch.bfloat16,65863680
view_477,"torch.Size([1, 6432, 5120])",torch.bfloat16,65863680
gelu_28,"torch.Size([1, 6432, 5120])",torch.bfloat16,65863680
view_478,"torch.Size([6432, 5120])",torch.bfloat16,65863680
t_173,"torch.Size([5120, 1280])",torch.bfloat16,13107200
addmm_57,"torch.Size([6432, 1280])",torch.bfloat16,16465920
view_479,"torch.Size([1, 6432, 1280])",torch.bfloat16,16465920
add_60,"torch.Size([1, 6432, 1280])",torch.bfloat16,16465920
getitem_235,"torch.Size([1, 6432, 1280])",torch.bfloat16,16465920
t_174,"torch.Size([1280, 1280])",torch.bfloat16,3276800
view_480,"torch.Size([6432, 1280])",torch.bfloat16,16465920
mm_116,"torch.Size([6432, 1280])",torch.bfloat16,16465920
view_481,"torch.Size([1, 6432, 1280])",torch.bfloat16,16465920
t_175,"torch.Size([1280, 1280])",torch.bfloat16,3276800
view_482,"torch.Size([6432, 1280])",torch.bfloat16,16465920
mm_117,"torch.Size([6432, 1280])",torch.bfloat16,16465920
view_483,"torch.Size([1, 6432, 1280])",torch.bfloat16,16465920
t_176,"torch.Size([1280, 1280])",torch.bfloat16,3276800
view_484,"torch.Size([6432, 1280])",torch.bfloat16,16465920
mm_118,"torch.Size([6432, 1280])",torch.bfloat16,16465920
view_485,"torch.Size([1, 6432, 1280])",torch.bfloat16,16465920
view_486,"torch.Size([1, 6432, 16, 80])",torch.bfloat16,16465920
view_487,"torch.Size([1, 6432, 16, 80])",torch.bfloat16,16465920
view_488,"torch.Size([1, 6432, 16, 80])",torch.bfloat16,16465920
transpose_118,"torch.Size([1, 16, 6432, 80])",torch.bfloat16,16465920
transpose_119,"torch.Size([1, 16, 6432, 80])",torch.bfloat16,16465920
transpose_120,"torch.Size([1, 16, 6432, 80])",torch.bfloat16,16465920
getitem_238,"torch.Size([1, 16, 6432, 80])",torch.bfloat16,16465920
transpose_121,"torch.Size([1, 6432, 16, 80])",torch.bfloat16,16465920
view_489,"torch.Size([1, 6432, 1280])",torch.bfloat16,16465920
t_177,"torch.Size([1280, 1280])",torch.bfloat16,3276800
view_490,"torch.Size([6432, 1280])",torch.bfloat16,16465920
mm_119,"torch.Size([6432, 1280])",torch.bfloat16,16465920
view_491,"torch.Size([1, 6432, 1280])",torch.bfloat16,16465920
add_61,"torch.Size([1, 6432, 1280])",torch.bfloat16,16465920
getitem_240,"torch.Size([1, 6432, 1280])",torch.bfloat16,16465920
view_492,"torch.Size([6432, 1280])",torch.bfloat16,16465920
t_178,"torch.Size([1280, 5120])",torch.bfloat16,13107200
addmm_58,"torch.Size([6432, 5120])",torch.bfloat16,65863680
view_493,"torch.Size([1, 6432, 5120])",torch.bfloat16,65863680
gelu_29,"torch.Size([1, 6432, 5120])",torch.bfloat16,65863680
view_494,"torch.Size([6432, 5120])",torch.bfloat16,65863680
t_179,"torch.Size([5120, 1280])",torch.bfloat16,13107200
addmm_59,"torch.Size([6432, 1280])",torch.bfloat16,16465920
view_495,"torch.Size([1, 6432, 1280])",torch.bfloat16,16465920
add_62,"torch.Size([1, 6432, 1280])",torch.bfloat16,16465920
getitem_243,"torch.Size([1, 6432, 1280])",torch.bfloat16,16465920
t_180,"torch.Size([1280, 1280])",torch.bfloat16,3276800
view_496,"torch.Size([6432, 1280])",torch.bfloat16,16465920
mm_120,"torch.Size([6432, 1280])",torch.bfloat16,16465920
view_497,"torch.Size([1, 6432, 1280])",torch.bfloat16,16465920
t_181,"torch.Size([1280, 1280])",torch.bfloat16,3276800
view_498,"torch.Size([6432, 1280])",torch.bfloat16,16465920
mm_121,"torch.Size([6432, 1280])",torch.bfloat16,16465920
view_499,"torch.Size([1, 6432, 1280])",torch.bfloat16,16465920
t_182,"torch.Size([1280, 1280])",torch.bfloat16,3276800
view_500,"torch.Size([6432, 1280])",torch.bfloat16,16465920
mm_122,"torch.Size([6432, 1280])",torch.bfloat16,16465920
view_501,"torch.Size([1, 6432, 1280])",torch.bfloat16,16465920
view_502,"torch.Size([1, 6432, 16, 80])",torch.bfloat16,16465920
view_503,"torch.Size([1, 6432, 16, 80])",torch.bfloat16,16465920
view_504,"torch.Size([1, 6432, 16, 80])",torch.bfloat16,16465920
transpose_122,"torch.Size([1, 16, 6432, 80])",torch.bfloat16,16465920
transpose_123,"torch.Size([1, 16, 6432, 80])",torch.bfloat16,16465920
transpose_124,"torch.Size([1, 16, 6432, 80])",torch.bfloat16,16465920
getitem_246,"torch.Size([1, 16, 6432, 80])",torch.bfloat16,16465920
transpose_125,"torch.Size([1, 6432, 16, 80])",torch.bfloat16,16465920
view_505,"torch.Size([1, 6432, 1280])",torch.bfloat16,16465920
t_183,"torch.Size([1280, 1280])",torch.bfloat16,3276800
view_506,"torch.Size([6432, 1280])",torch.bfloat16,16465920
mm_123,"torch.Size([6432, 1280])",torch.bfloat16,16465920
view_507,"torch.Size([1, 6432, 1280])",torch.bfloat16,16465920
add_63,"torch.Size([1, 6432, 1280])",torch.bfloat16,16465920
getitem_248,"torch.Size([1, 6432, 1280])",torch.bfloat16,16465920
view_508,"torch.Size([6432, 1280])",torch.bfloat16,16465920
t_184,"torch.Size([1280, 5120])",torch.bfloat16,13107200
addmm_60,"torch.Size([6432, 5120])",torch.bfloat16,65863680
view_509,"torch.Size([1, 6432, 5120])",torch.bfloat16,65863680
gelu_30,"torch.Size([1, 6432, 5120])",torch.bfloat16,65863680
view_510,"torch.Size([6432, 5120])",torch.bfloat16,65863680
t_185,"torch.Size([5120, 1280])",torch.bfloat16,13107200
addmm_61,"torch.Size([6432, 1280])",torch.bfloat16,16465920
view_511,"torch.Size([1, 6432, 1280])",torch.bfloat16,16465920
add_64,"torch.Size([1, 6432, 1280])",torch.bfloat16,16465920
getitem_251,"torch.Size([1, 6432, 1280])",torch.bfloat16,16465920
t_186,"torch.Size([1280, 1280])",torch.bfloat16,3276800
view_512,"torch.Size([6432, 1280])",torch.bfloat16,16465920
mm_124,"torch.Size([6432, 1280])",torch.bfloat16,16465920
view_513,"torch.Size([1, 6432, 1280])",torch.bfloat16,16465920
t_187,"torch.Size([1280, 1280])",torch.bfloat16,3276800
view_514,"torch.Size([6432, 1280])",torch.bfloat16,16465920
mm_125,"torch.Size([6432, 1280])",torch.bfloat16,16465920
view_515,"torch.Size([1, 6432, 1280])",torch.bfloat16,16465920
t_188,"torch.Size([1280, 1280])",torch.bfloat16,3276800
view_516,"torch.Size([6432, 1280])",torch.bfloat16,16465920
mm_126,"torch.Size([6432, 1280])",torch.bfloat16,16465920
view_517,"torch.Size([1, 6432, 1280])",torch.bfloat16,16465920
view_518,"torch.Size([1, 6432, 16, 80])",torch.bfloat16,16465920
view_519,"torch.Size([1, 6432, 16, 80])",torch.bfloat16,16465920
view_520,"torch.Size([1, 6432, 16, 80])",torch.bfloat16,16465920
transpose_126,"torch.Size([1, 16, 6432, 80])",torch.bfloat16,16465920
transpose_127,"torch.Size([1, 16, 6432, 80])",torch.bfloat16,16465920
transpose_128,"torch.Size([1, 16, 6432, 80])",torch.bfloat16,16465920
getitem_254,"torch.Size([1, 16, 6432, 80])",torch.bfloat16,16465920
transpose_129,"torch.Size([1, 6432, 16, 80])",torch.bfloat16,16465920
view_521,"torch.Size([1, 6432, 1280])",torch.bfloat16,16465920
t_189,"torch.Size([1280, 1280])",torch.bfloat16,3276800
view_522,"torch.Size([6432, 1280])",torch.bfloat16,16465920
mm_127,"torch.Size([6432, 1280])",torch.bfloat16,16465920
view_523,"torch.Size([1, 6432, 1280])",torch.bfloat16,16465920
add_65,"torch.Size([1, 6432, 1280])",torch.bfloat16,16465920
getitem_256,"torch.Size([1, 6432, 1280])",torch.bfloat16,16465920
view_524,"torch.Size([6432, 1280])",torch.bfloat16,16465920
t_190,"torch.Size([1280, 5120])",torch.bfloat16,13107200
addmm_62,"torch.Size([6432, 5120])",torch.bfloat16,65863680
view_525,"torch.Size([1, 6432, 5120])",torch.bfloat16,65863680
gelu_31,"torch.Size([1, 6432, 5120])",torch.bfloat16,65863680
view_526,"torch.Size([6432, 5120])",torch.bfloat16,65863680
t_191,"torch.Size([5120, 1280])",torch.bfloat16,13107200
addmm_63,"torch.Size([6432, 1280])",torch.bfloat16,16465920
view_527,"torch.Size([1, 6432, 1280])",torch.bfloat16,16465920
add_66,"torch.Size([1, 6432, 1280])",torch.bfloat16,16465920
getitem_259,"torch.Size([1, 6432, 1280])",torch.bfloat16,16465920
view_528,"torch.Size([1, 4, 1608, 1280])",torch.bfloat16,16465920
embedding_2,"torch.Size([1, 1, 5120])",torch.bfloat16,10240
view_529,"torch.Size([1, 4, 1, 1280])",torch.bfloat16,10240
tanh_3,torch.Size([1]),torch.bfloat16,2
mul_4,"torch.Size([1, 4, 1, 1280])",torch.bfloat16,10240
add_67,"torch.Size([1, 4, 1608, 1280])",torch.bfloat16,16465920
view_530,"torch.Size([1, 6432, 1280])",torch.bfloat16,16465920
getitem_262,"torch.Size([1, 6432, 1280])",torch.bfloat16,16465920
t_192,"torch.Size([1280, 1280])",torch.bfloat16,3276800
view_531,"torch.Size([6432, 1280])",torch.bfloat16,16465920
mm_128,"torch.Size([6432, 1280])",torch.bfloat16,16465920
view_532,"torch.Size([1, 6432, 1280])",torch.bfloat16,16465920
t_193,"torch.Size([1280, 1280])",torch.bfloat16,3276800
view_533,"torch.Size([6432, 1280])",torch.bfloat16,16465920
mm_129,"torch.Size([6432, 1280])",torch.bfloat16,16465920
view_534,"torch.Size([1, 6432, 1280])",torch.bfloat16,16465920
t_194,"torch.Size([1280, 1280])",torch.bfloat16,3276800
view_535,"torch.Size([6432, 1280])",torch.bfloat16,16465920
mm_130,"torch.Size([6432, 1280])",torch.bfloat16,16465920
view_536,"torch.Size([1, 6432, 1280])",torch.bfloat16,16465920
view_537,"torch.Size([1, 6432, 16, 80])",torch.bfloat16,16465920
view_538,"torch.Size([1, 6432, 16, 80])",torch.bfloat16,16465920
view_539,"torch.Size([1, 6432, 16, 80])",torch.bfloat16,16465920
transpose_130,"torch.Size([1, 16, 6432, 80])",torch.bfloat16,16465920
transpose_131,"torch.Size([1, 16, 6432, 80])",torch.bfloat16,16465920
transpose_132,"torch.Size([1, 16, 6432, 80])",torch.bfloat16,16465920
getitem_265,"torch.Size([1, 16, 6432, 80])",torch.bfloat16,16465920
transpose_133,"torch.Size([1, 6432, 16, 80])",torch.bfloat16,16465920
view_540,"torch.Size([1, 6432, 1280])",torch.bfloat16,16465920
t_195,"torch.Size([1280, 1280])",torch.bfloat16,3276800
view_541,"torch.Size([6432, 1280])",torch.bfloat16,16465920
mm_131,"torch.Size([6432, 1280])",torch.bfloat16,16465920
view_542,"torch.Size([1, 6432, 1280])",torch.bfloat16,16465920
tanh_4,torch.Size([1]),torch.bfloat16,2
mul_5,"torch.Size([1, 6432, 1280])",torch.bfloat16,16465920
add_68,"torch.Size([1, 6432, 1280])",torch.bfloat16,16465920
getitem_267,"torch.Size([1, 6432, 1280])",torch.bfloat16,16465920
view_543,"torch.Size([6432, 1280])",torch.bfloat16,16465920
t_196,"torch.Size([1280, 5120])",torch.bfloat16,13107200
addmm_64,"torch.Size([6432, 5120])",torch.bfloat16,65863680
view_544,"torch.Size([1, 6432, 5120])",torch.bfloat16,65863680
gelu_32,"torch.Size([1, 6432, 5120])",torch.bfloat16,65863680
view_545,"torch.Size([6432, 5120])",torch.bfloat16,65863680
t_197,"torch.Size([5120, 1280])",torch.bfloat16,13107200
addmm_65,"torch.Size([6432, 1280])",torch.bfloat16,16465920
view_546,"torch.Size([1, 6432, 1280])",torch.bfloat16,16465920
tanh_5,torch.Size([1]),torch.bfloat16,2
mul_6,"torch.Size([1, 6432, 1280])",torch.bfloat16,16465920
add_69,"torch.Size([1, 6432, 1280])",torch.bfloat16,16465920
getitem_270,"torch.Size([1, 6432, 1280])",torch.bfloat16,16465920
t_198,"torch.Size([1280, 1280])",torch.bfloat16,3276800
view_547,"torch.Size([6432, 1280])",torch.bfloat16,16465920
mm_132,"torch.Size([6432, 1280])",torch.bfloat16,16465920
view_548,"torch.Size([1, 6432, 1280])",torch.bfloat16,16465920
t_199,"torch.Size([1280, 1280])",torch.bfloat16,3276800
view_549,"torch.Size([6432, 1280])",torch.bfloat16,16465920
mm_133,"torch.Size([6432, 1280])",torch.bfloat16,16465920
view_550,"torch.Size([1, 6432, 1280])",torch.bfloat16,16465920
t_200,"torch.Size([1280, 1280])",torch.bfloat16,3276800
view_551,"torch.Size([6432, 1280])",torch.bfloat16,16465920
mm_134,"torch.Size([6432, 1280])",torch.bfloat16,16465920
view_552,"torch.Size([1, 6432, 1280])",torch.bfloat16,16465920
view_553,"torch.Size([1, 6432, 16, 80])",torch.bfloat16,16465920
view_554,"torch.Size([1, 6432, 16, 80])",torch.bfloat16,16465920
view_555,"torch.Size([1, 6432, 16, 80])",torch.bfloat16,16465920
transpose_134,"torch.Size([1, 16, 6432, 80])",torch.bfloat16,16465920
transpose_135,"torch.Size([1, 16, 6432, 80])",torch.bfloat16,16465920
transpose_136,"torch.Size([1, 16, 6432, 80])",torch.bfloat16,16465920
getitem_273,"torch.Size([1, 16, 6432, 80])",torch.bfloat16,16465920
transpose_137,"torch.Size([1, 6432, 16, 80])",torch.bfloat16,16465920
view_556,"torch.Size([1, 6432, 1280])",torch.bfloat16,16465920
t_201,"torch.Size([1280, 1280])",torch.bfloat16,3276800
view_557,"torch.Size([6432, 1280])",torch.bfloat16,16465920
mm_135,"torch.Size([6432, 1280])",torch.bfloat16,16465920
view_558,"torch.Size([1, 6432, 1280])",torch.bfloat16,16465920
tanh_6,torch.Size([1]),torch.bfloat16,2
mul_7,"torch.Size([1, 6432, 1280])",torch.bfloat16,16465920
add_70,"torch.Size([1, 6432, 1280])",torch.bfloat16,16465920
getitem_275,"torch.Size([1, 6432, 1280])",torch.bfloat16,16465920
view_559,"torch.Size([6432, 1280])",torch.bfloat16,16465920
t_202,"torch.Size([1280, 5120])",torch.bfloat16,13107200
addmm_66,"torch.Size([6432, 5120])",torch.bfloat16,65863680
view_560,"torch.Size([1, 6432, 5120])",torch.bfloat16,65863680
gelu_33,"torch.Size([1, 6432, 5120])",torch.bfloat16,65863680
view_561,"torch.Size([6432, 5120])",torch.bfloat16,65863680
t_203,"torch.Size([5120, 1280])",torch.bfloat16,13107200
addmm_67,"torch.Size([6432, 1280])",torch.bfloat16,16465920
view_562,"torch.Size([1, 6432, 1280])",torch.bfloat16,16465920
tanh_7,torch.Size([1]),torch.bfloat16,2
mul_8,"torch.Size([1, 6432, 1280])",torch.bfloat16,16465920
add_71,"torch.Size([1, 6432, 1280])",torch.bfloat16,16465920
getitem_278,"torch.Size([1, 6432, 1280])",torch.bfloat16,16465920
t_204,"torch.Size([1280, 1280])",torch.bfloat16,3276800
view_563,"torch.Size([6432, 1280])",torch.bfloat16,16465920
mm_136,"torch.Size([6432, 1280])",torch.bfloat16,16465920
view_564,"torch.Size([1, 6432, 1280])",torch.bfloat16,16465920
t_205,"torch.Size([1280, 1280])",torch.bfloat16,3276800
view_565,"torch.Size([6432, 1280])",torch.bfloat16,16465920
mm_137,"torch.Size([6432, 1280])",torch.bfloat16,16465920
view_566,"torch.Size([1, 6432, 1280])",torch.bfloat16,16465920
t_206,"torch.Size([1280, 1280])",torch.bfloat16,3276800
view_567,"torch.Size([6432, 1280])",torch.bfloat16,16465920
mm_138,"torch.Size([6432, 1280])",torch.bfloat16,16465920
view_568,"torch.Size([1, 6432, 1280])",torch.bfloat16,16465920
view_569,"torch.Size([1, 6432, 16, 80])",torch.bfloat16,16465920
view_570,"torch.Size([1, 6432, 16, 80])",torch.bfloat16,16465920
view_571,"torch.Size([1, 6432, 16, 80])",torch.bfloat16,16465920
transpose_138,"torch.Size([1, 16, 6432, 80])",torch.bfloat16,16465920
transpose_139,"torch.Size([1, 16, 6432, 80])",torch.bfloat16,16465920
transpose_140,"torch.Size([1, 16, 6432, 80])",torch.bfloat16,16465920
getitem_281,"torch.Size([1, 16, 6432, 80])",torch.bfloat16,16465920
transpose_141,"torch.Size([1, 6432, 16, 80])",torch.bfloat16,16465920
view_572,"torch.Size([1, 6432, 1280])",torch.bfloat16,16465920
t_207,"torch.Size([1280, 1280])",torch.bfloat16,3276800
view_573,"torch.Size([6432, 1280])",torch.bfloat16,16465920
mm_139,"torch.Size([6432, 1280])",torch.bfloat16,16465920
view_574,"torch.Size([1, 6432, 1280])",torch.bfloat16,16465920
tanh_8,torch.Size([1]),torch.bfloat16,2
mul_9,"torch.Size([1, 6432, 1280])",torch.bfloat16,16465920
add_72,"torch.Size([1, 6432, 1280])",torch.bfloat16,16465920
getitem_283,"torch.Size([1, 6432, 1280])",torch.bfloat16,16465920
view_575,"torch.Size([6432, 1280])",torch.bfloat16,16465920
t_208,"torch.Size([1280, 5120])",torch.bfloat16,13107200
addmm_68,"torch.Size([6432, 5120])",torch.bfloat16,65863680
view_576,"torch.Size([1, 6432, 5120])",torch.bfloat16,65863680
gelu_34,"torch.Size([1, 6432, 5120])",torch.bfloat16,65863680
view_577,"torch.Size([6432, 5120])",torch.bfloat16,65863680
t_209,"torch.Size([5120, 1280])",torch.bfloat16,13107200
addmm_69,"torch.Size([6432, 1280])",torch.bfloat16,16465920
view_578,"torch.Size([1, 6432, 1280])",torch.bfloat16,16465920
tanh_9,torch.Size([1]),torch.bfloat16,2
mul_10,"torch.Size([1, 6432, 1280])",torch.bfloat16,16465920
add_73,"torch.Size([1, 6432, 1280])",torch.bfloat16,16465920
getitem_286,"torch.Size([1, 6432, 1280])",torch.bfloat16,16465920
t_210,"torch.Size([1280, 1280])",torch.bfloat16,3276800
view_579,"torch.Size([6432, 1280])",torch.bfloat16,16465920
mm_140,"torch.Size([6432, 1280])",torch.bfloat16,16465920
view_580,"torch.Size([1, 6432, 1280])",torch.bfloat16,16465920
t_211,"torch.Size([1280, 1280])",torch.bfloat16,3276800
view_581,"torch.Size([6432, 1280])",torch.bfloat16,16465920
mm_141,"torch.Size([6432, 1280])",torch.bfloat16,16465920
view_582,"torch.Size([1, 6432, 1280])",torch.bfloat16,16465920
t_212,"torch.Size([1280, 1280])",torch.bfloat16,3276800
view_583,"torch.Size([6432, 1280])",torch.bfloat16,16465920
mm_142,"torch.Size([6432, 1280])",torch.bfloat16,16465920
view_584,"torch.Size([1, 6432, 1280])",torch.bfloat16,16465920
view_585,"torch.Size([1, 6432, 16, 80])",torch.bfloat16,16465920
view_586,"torch.Size([1, 6432, 16, 80])",torch.bfloat16,16465920
view_587,"torch.Size([1, 6432, 16, 80])",torch.bfloat16,16465920
transpose_142,"torch.Size([1, 16, 6432, 80])",torch.bfloat16,16465920
transpose_143,"torch.Size([1, 16, 6432, 80])",torch.bfloat16,16465920
transpose_144,"torch.Size([1, 16, 6432, 80])",torch.bfloat16,16465920
getitem_289,"torch.Size([1, 16, 6432, 80])",torch.bfloat16,16465920
transpose_145,"torch.Size([1, 6432, 16, 80])",torch.bfloat16,16465920
view_588,"torch.Size([1, 6432, 1280])",torch.bfloat16,16465920
t_213,"torch.Size([1280, 1280])",torch.bfloat16,3276800
view_589,"torch.Size([6432, 1280])",torch.bfloat16,16465920
mm_143,"torch.Size([6432, 1280])",torch.bfloat16,16465920
view_590,"torch.Size([1, 6432, 1280])",torch.bfloat16,16465920
tanh_10,torch.Size([1]),torch.bfloat16,2
mul_11,"torch.Size([1, 6432, 1280])",torch.bfloat16,16465920
add_74,"torch.Size([1, 6432, 1280])",torch.bfloat16,16465920
getitem_291,"torch.Size([1, 6432, 1280])",torch.bfloat16,16465920
view_591,"torch.Size([6432, 1280])",torch.bfloat16,16465920
t_214,"torch.Size([1280, 5120])",torch.bfloat16,13107200
addmm_70,"torch.Size([6432, 5120])",torch.bfloat16,65863680
view_592,"torch.Size([1, 6432, 5120])",torch.bfloat16,65863680
gelu_35,"torch.Size([1, 6432, 5120])",torch.bfloat16,65863680
view_593,"torch.Size([6432, 5120])",torch.bfloat16,65863680
t_215,"torch.Size([5120, 1280])",torch.bfloat16,13107200
addmm_71,"torch.Size([6432, 1280])",torch.bfloat16,16465920
view_594,"torch.Size([1, 6432, 1280])",torch.bfloat16,16465920
tanh_11,torch.Size([1]),torch.bfloat16,2
mul_12,"torch.Size([1, 6432, 1280])",torch.bfloat16,16465920
add_75,"torch.Size([1, 6432, 1280])",torch.bfloat16,16465920
getitem_294,"torch.Size([1, 6432, 1280])",torch.bfloat16,16465920
t_216,"torch.Size([1280, 1280])",torch.bfloat16,3276800
view_595,"torch.Size([6432, 1280])",torch.bfloat16,16465920
mm_144,"torch.Size([6432, 1280])",torch.bfloat16,16465920
view_596,"torch.Size([1, 6432, 1280])",torch.bfloat16,16465920
t_217,"torch.Size([1280, 1280])",torch.bfloat16,3276800
view_597,"torch.Size([6432, 1280])",torch.bfloat16,16465920
mm_145,"torch.Size([6432, 1280])",torch.bfloat16,16465920
view_598,"torch.Size([1, 6432, 1280])",torch.bfloat16,16465920
t_218,"torch.Size([1280, 1280])",torch.bfloat16,3276800
view_599,"torch.Size([6432, 1280])",torch.bfloat16,16465920
mm_146,"torch.Size([6432, 1280])",torch.bfloat16,16465920
view_600,"torch.Size([1, 6432, 1280])",torch.bfloat16,16465920
view_601,"torch.Size([1, 6432, 16, 80])",torch.bfloat16,16465920
view_602,"torch.Size([1, 6432, 16, 80])",torch.bfloat16,16465920
view_603,"torch.Size([1, 6432, 16, 80])",torch.bfloat16,16465920
transpose_146,"torch.Size([1, 16, 6432, 80])",torch.bfloat16,16465920
transpose_147,"torch.Size([1, 16, 6432, 80])",torch.bfloat16,16465920
transpose_148,"torch.Size([1, 16, 6432, 80])",torch.bfloat16,16465920
getitem_297,"torch.Size([1, 16, 6432, 80])",torch.bfloat16,16465920
transpose_149,"torch.Size([1, 6432, 16, 80])",torch.bfloat16,16465920
view_604,"torch.Size([1, 6432, 1280])",torch.bfloat16,16465920
t_219,"torch.Size([1280, 1280])",torch.bfloat16,3276800
view_605,"torch.Size([6432, 1280])",torch.bfloat16,16465920
mm_147,"torch.Size([6432, 1280])",torch.bfloat16,16465920
view_606,"torch.Size([1, 6432, 1280])",torch.bfloat16,16465920
tanh_12,torch.Size([1]),torch.bfloat16,2
mul_13,"torch.Size([1, 6432, 1280])",torch.bfloat16,16465920
add_76,"torch.Size([1, 6432, 1280])",torch.bfloat16,16465920
getitem_299,"torch.Size([1, 6432, 1280])",torch.bfloat16,16465920
view_607,"torch.Size([6432, 1280])",torch.bfloat16,16465920
t_220,"torch.Size([1280, 5120])",torch.bfloat16,13107200
addmm_72,"torch.Size([6432, 5120])",torch.bfloat16,65863680
view_608,"torch.Size([1, 6432, 5120])",torch.bfloat16,65863680
gelu_36,"torch.Size([1, 6432, 5120])",torch.bfloat16,65863680
view_609,"torch.Size([6432, 5120])",torch.bfloat16,65863680
t_221,"torch.Size([5120, 1280])",torch.bfloat16,13107200
addmm_73,"torch.Size([6432, 1280])",torch.bfloat16,16465920
view_610,"torch.Size([1, 6432, 1280])",torch.bfloat16,16465920
tanh_13,torch.Size([1]),torch.bfloat16,2
mul_14,"torch.Size([1, 6432, 1280])",torch.bfloat16,16465920
add_77,"torch.Size([1, 6432, 1280])",torch.bfloat16,16465920
getitem_302,"torch.Size([1, 6432, 1280])",torch.bfloat16,16465920
t_222,"torch.Size([1280, 1280])",torch.bfloat16,3276800
view_611,"torch.Size([6432, 1280])",torch.bfloat16,16465920
mm_148,"torch.Size([6432, 1280])",torch.bfloat16,16465920
view_612,"torch.Size([1, 6432, 1280])",torch.bfloat16,16465920
t_223,"torch.Size([1280, 1280])",torch.bfloat16,3276800
view_613,"torch.Size([6432, 1280])",torch.bfloat16,16465920
mm_149,"torch.Size([6432, 1280])",torch.bfloat16,16465920
view_614,"torch.Size([1, 6432, 1280])",torch.bfloat16,16465920
t_224,"torch.Size([1280, 1280])",torch.bfloat16,3276800
view_615,"torch.Size([6432, 1280])",torch.bfloat16,16465920
mm_150,"torch.Size([6432, 1280])",torch.bfloat16,16465920
view_616,"torch.Size([1, 6432, 1280])",torch.bfloat16,16465920
view_617,"torch.Size([1, 6432, 16, 80])",torch.bfloat16,16465920
view_618,"torch.Size([1, 6432, 16, 80])",torch.bfloat16,16465920
view_619,"torch.Size([1, 6432, 16, 80])",torch.bfloat16,16465920
transpose_150,"torch.Size([1, 16, 6432, 80])",torch.bfloat16,16465920
transpose_151,"torch.Size([1, 16, 6432, 80])",torch.bfloat16,16465920
transpose_152,"torch.Size([1, 16, 6432, 80])",torch.bfloat16,16465920
getitem_305,"torch.Size([1, 16, 6432, 80])",torch.bfloat16,16465920
transpose_153,"torch.Size([1, 6432, 16, 80])",torch.bfloat16,16465920
view_620,"torch.Size([1, 6432, 1280])",torch.bfloat16,16465920
t_225,"torch.Size([1280, 1280])",torch.bfloat16,3276800
view_621,"torch.Size([6432, 1280])",torch.bfloat16,16465920
mm_151,"torch.Size([6432, 1280])",torch.bfloat16,16465920
view_622,"torch.Size([1, 6432, 1280])",torch.bfloat16,16465920
tanh_14,torch.Size([1]),torch.bfloat16,2
mul_15,"torch.Size([1, 6432, 1280])",torch.bfloat16,16465920
add_78,"torch.Size([1, 6432, 1280])",torch.bfloat16,16465920
getitem_307,"torch.Size([1, 6432, 1280])",torch.bfloat16,16465920
view_623,"torch.Size([6432, 1280])",torch.bfloat16,16465920
t_226,"torch.Size([1280, 5120])",torch.bfloat16,13107200
addmm_74,"torch.Size([6432, 5120])",torch.bfloat16,65863680
view_624,"torch.Size([1, 6432, 5120])",torch.bfloat16,65863680
gelu_37,"torch.Size([1, 6432, 5120])",torch.bfloat16,65863680
view_625,"torch.Size([6432, 5120])",torch.bfloat16,65863680
t_227,"torch.Size([5120, 1280])",torch.bfloat16,13107200
addmm_75,"torch.Size([6432, 1280])",torch.bfloat16,16465920
view_626,"torch.Size([1, 6432, 1280])",torch.bfloat16,16465920
tanh_15,torch.Size([1]),torch.bfloat16,2
mul_16,"torch.Size([1, 6432, 1280])",torch.bfloat16,16465920
add_79,"torch.Size([1, 6432, 1280])",torch.bfloat16,16465920
getitem_310,"torch.Size([1, 6432, 1280])",torch.bfloat16,16465920
t_228,"torch.Size([1280, 1280])",torch.bfloat16,3276800
view_627,"torch.Size([6432, 1280])",torch.bfloat16,16465920
mm_152,"torch.Size([6432, 1280])",torch.bfloat16,16465920
view_628,"torch.Size([1, 6432, 1280])",torch.bfloat16,16465920
t_229,"torch.Size([1280, 1280])",torch.bfloat16,3276800
view_629,"torch.Size([6432, 1280])",torch.bfloat16,16465920
mm_153,"torch.Size([6432, 1280])",torch.bfloat16,16465920
view_630,"torch.Size([1, 6432, 1280])",torch.bfloat16,16465920
t_230,"torch.Size([1280, 1280])",torch.bfloat16,3276800
view_631,"torch.Size([6432, 1280])",torch.bfloat16,16465920
mm_154,"torch.Size([6432, 1280])",torch.bfloat16,16465920
view_632,"torch.Size([1, 6432, 1280])",torch.bfloat16,16465920
view_633,"torch.Size([1, 6432, 16, 80])",torch.bfloat16,16465920
view_634,"torch.Size([1, 6432, 16, 80])",torch.bfloat16,16465920
view_635,"torch.Size([1, 6432, 16, 80])",torch.bfloat16,16465920
transpose_154,"torch.Size([1, 16, 6432, 80])",torch.bfloat16,16465920
transpose_155,"torch.Size([1, 16, 6432, 80])",torch.bfloat16,16465920
transpose_156,"torch.Size([1, 16, 6432, 80])",torch.bfloat16,16465920
getitem_313,"torch.Size([1, 16, 6432, 80])",torch.bfloat16,16465920
transpose_157,"torch.Size([1, 6432, 16, 80])",torch.bfloat16,16465920
view_636,"torch.Size([1, 6432, 1280])",torch.bfloat16,16465920
t_231,"torch.Size([1280, 1280])",torch.bfloat16,3276800
view_637,"torch.Size([6432, 1280])",torch.bfloat16,16465920
mm_155,"torch.Size([6432, 1280])",torch.bfloat16,16465920
view_638,"torch.Size([1, 6432, 1280])",torch.bfloat16,16465920
tanh_16,torch.Size([1]),torch.bfloat16,2
mul_17,"torch.Size([1, 6432, 1280])",torch.bfloat16,16465920
add_80,"torch.Size([1, 6432, 1280])",torch.bfloat16,16465920
getitem_315,"torch.Size([1, 6432, 1280])",torch.bfloat16,16465920
view_639,"torch.Size([6432, 1280])",torch.bfloat16,16465920
t_232,"torch.Size([1280, 5120])",torch.bfloat16,13107200
addmm_76,"torch.Size([6432, 5120])",torch.bfloat16,65863680
view_640,"torch.Size([1, 6432, 5120])",torch.bfloat16,65863680
gelu_38,"torch.Size([1, 6432, 5120])",torch.bfloat16,65863680
view_641,"torch.Size([6432, 5120])",torch.bfloat16,65863680
t_233,"torch.Size([5120, 1280])",torch.bfloat16,13107200
addmm_77,"torch.Size([6432, 1280])",torch.bfloat16,16465920
view_642,"torch.Size([1, 6432, 1280])",torch.bfloat16,16465920
tanh_17,torch.Size([1]),torch.bfloat16,2
mul_18,"torch.Size([1, 6432, 1280])",torch.bfloat16,16465920
add_81,"torch.Size([1, 6432, 1280])",torch.bfloat16,16465920
getitem_318,"torch.Size([1, 6432, 1280])",torch.bfloat16,16465920
t_234,"torch.Size([1280, 1280])",torch.bfloat16,3276800
view_643,"torch.Size([6432, 1280])",torch.bfloat16,16465920
mm_156,"torch.Size([6432, 1280])",torch.bfloat16,16465920
view_644,"torch.Size([1, 6432, 1280])",torch.bfloat16,16465920
t_235,"torch.Size([1280, 1280])",torch.bfloat16,3276800
view_645,"torch.Size([6432, 1280])",torch.bfloat16,16465920
mm_157,"torch.Size([6432, 1280])",torch.bfloat16,16465920
view_646,"torch.Size([1, 6432, 1280])",torch.bfloat16,16465920
t_236,"torch.Size([1280, 1280])",torch.bfloat16,3276800
view_647,"torch.Size([6432, 1280])",torch.bfloat16,16465920
mm_158,"torch.Size([6432, 1280])",torch.bfloat16,16465920
view_648,"torch.Size([1, 6432, 1280])",torch.bfloat16,16465920
view_649,"torch.Size([1, 6432, 16, 80])",torch.bfloat16,16465920
view_650,"torch.Size([1, 6432, 16, 80])",torch.bfloat16,16465920
view_651,"torch.Size([1, 6432, 16, 80])",torch.bfloat16,16465920
transpose_158,"torch.Size([1, 16, 6432, 80])",torch.bfloat16,16465920
transpose_159,"torch.Size([1, 16, 6432, 80])",torch.bfloat16,16465920
transpose_160,"torch.Size([1, 16, 6432, 80])",torch.bfloat16,16465920
getitem_321,"torch.Size([1, 16, 6432, 80])",torch.bfloat16,16465920
transpose_161,"torch.Size([1, 6432, 16, 80])",torch.bfloat16,16465920
view_652,"torch.Size([1, 6432, 1280])",torch.bfloat16,16465920
t_237,"torch.Size([1280, 1280])",torch.bfloat16,3276800
view_653,"torch.Size([6432, 1280])",torch.bfloat16,16465920
mm_159,"torch.Size([6432, 1280])",torch.bfloat16,16465920
view_654,"torch.Size([1, 6432, 1280])",torch.bfloat16,16465920
tanh_18,torch.Size([1]),torch.bfloat16,2
mul_19,"torch.Size([1, 6432, 1280])",torch.bfloat16,16465920
add_82,"torch.Size([1, 6432, 1280])",torch.bfloat16,16465920
getitem_323,"torch.Size([1, 6432, 1280])",torch.bfloat16,16465920
view_655,"torch.Size([6432, 1280])",torch.bfloat16,16465920
t_238,"torch.Size([1280, 5120])",torch.bfloat16,13107200
addmm_78,"torch.Size([6432, 5120])",torch.bfloat16,65863680
view_656,"torch.Size([1, 6432, 5120])",torch.bfloat16,65863680
gelu_39,"torch.Size([1, 6432, 5120])",torch.bfloat16,65863680
view_657,"torch.Size([6432, 5120])",torch.bfloat16,65863680
t_239,"torch.Size([5120, 1280])",torch.bfloat16,13107200
addmm_79,"torch.Size([6432, 1280])",torch.bfloat16,16465920
view_658,"torch.Size([1, 6432, 1280])",torch.bfloat16,16465920
tanh_19,torch.Size([1]),torch.bfloat16,2
mul_20,"torch.Size([1, 6432, 1280])",torch.bfloat16,16465920
add_83,"torch.Size([1, 6432, 1280])",torch.bfloat16,16465920
view_659,"torch.Size([1, 4, 1608, 1280])",torch.bfloat16,16465920
slice_9,"torch.Size([1, 4, 1608, 1280])",torch.bfloat16,16465920
slice_10,"torch.Size([1, 4, 1608, 1280])",torch.bfloat16,16465920
slice_11,"torch.Size([1, 4, 1601, 1280])",torch.bfloat16,16394240
view_660,"torch.Size([1, 1, 4, 1601, 1280])",torch.bfloat16,16394240
stack,"torch.Size([1, 6432, 1280, 5])",torch.bfloat16,82329600
view_661,"torch.Size([1, 4, 1608, 6400])",torch.bfloat16,82329600
slice_12,"torch.Size([1, 4, 1608, 6400])",torch.bfloat16,82329600
slice_13,"torch.Size([1, 4, 1608, 6400])",torch.bfloat16,82329600
slice_14,"torch.Size([1, 4, 1601, 6400])",torch.bfloat16,81971200
view_662,"torch.Size([1, 1, 4, 1601, 6400])",torch.bfloat16,81971200
cat_1,"torch.Size([1, 1, 4, 1601, 7680])",torch.bfloat16,98365440
view_663,"torch.Size([6404, 7680])",torch.bfloat16,98365440
t_240,"torch.Size([7680, 8192])",torch.bfloat16,125829120
addmm_80,"torch.Size([6404, 8192])",torch.bfloat16,104923136
view_664,"torch.Size([1, 1, 4, 1601, 8192])",torch.bfloat16,104923136
view_665,"torch.Size([4, 1601, 8192])",torch.bfloat16,104923136
unsqueeze_1,"torch.Size([1, 35, 1, 4, 1])",torch.int64,1120
expand_3,"torch.Size([1, 35, 1, 4, 1601])",torch.int64,1793120
clone,"torch.Size([1, 35, 1, 4, 1601])",torch.int64,1793120
view_666,"torch.Size([1, 35, 1, 6404])",torch.int64,1793120
view_667,"torch.Size([1, 35, 6404])",torch.int64,1793120
unsqueeze_2,"torch.Size([1, 1, 35, 6404])",torch.int64,1793120
rsub_2,"torch.Size([1, 1, 35, 6404])",torch.float32,896560
_to_copy_2,"torch.Size([1, 1, 35, 6404])",torch.bfloat16,448280
_to_copy_3,"torch.Size([1, 1, 35, 6404])",torch.bool,224140
masked_fill,"torch.Size([1, 1, 35, 6404])",torch.bfloat16,448280
ne,"torch.Size([1, 1, 35, 6404])",torch.bool,224140
any_1,"torch.Size([1, 1, 35])",torch.bool,35
_to_copy_4,"torch.Size([1, 1, 35])",torch.bfloat16,70
unsqueeze_3,"torch.Size([1, 1, 35, 1])",torch.bfloat16,70
mul_21,"torch.Size([1, 1, 35, 6404])",torch.bfloat16,448280
slice_17,"torch.Size([1, 1, 35, 6404])",torch.bfloat16,448280
slice_18,"torch.Size([1, 1, 35, 6404])",torch.bfloat16,448280
index,"torch.Size([1, 1, 35, 6404])",torch.bfloat16,448280
slice_19,"torch.Size([1, 1, 35, 1])",torch.bfloat16,70
slice_20,"torch.Size([1, 1, 35, 1])",torch.bfloat16,70
index_1,"torch.Size([1, 1, 35, 1])",torch.bfloat16,70
embedding_3,"torch.Size([1, 35, 8192])",torch.bfloat16,573440
full,"torch.Size([35, 35])",torch.bfloat16,2450
triu,"torch.Size([35, 35])",torch.bfloat16,2450
arange,torch.Size([35]),torch.int64,280
view_668,"torch.Size([35, 1])",torch.int64,280
gt,"torch.Size([35, 35])",torch.bool,1225
mul_22,"torch.Size([35, 35])",torch.bfloat16,2450
unsqueeze_6,"torch.Size([1, 35, 35])",torch.bfloat16,2450
unsqueeze_7,"torch.Size([1, 1, 35, 35])",torch.bfloat16,2450
slice_23,"torch.Size([1, 1, 35, 35])",torch.bfloat16,2450
slice_24,"torch.Size([1, 1, 35, 35])",torch.bfloat16,2450
expand_5,"torch.Size([1, 1, 35, 35])",torch.bfloat16,2450
clone_1,"torch.Size([1, 1, 35, 35])",torch.bfloat16,2450
slice_25,"torch.Size([1, 1, 35, 35])",torch.bfloat16,2450
slice_26,"torch.Size([1, 1, 35, 35])",torch.bfloat16,2450
slice_27,"torch.Size([1, 1, 35, 35])",torch.bfloat16,2450
slice_28,"torch.Size([1, 35])",torch.int64,280
unsqueeze_8,"torch.Size([1, 1, 35])",torch.int64,280
unsqueeze_9,"torch.Size([1, 1, 1, 35])",torch.int64,280
slice_29,"torch.Size([1, 1, 1, 35])",torch.int64,280
add_84,"torch.Size([1, 1, 35, 35])",torch.bfloat16,2450
eq,"torch.Size([1, 1, 35, 35])",torch.bool,1225
slice_30,"torch.Size([1, 1, 35, 35])",torch.bfloat16,2450
slice_31,"torch.Size([1, 1, 35, 35])",torch.bfloat16,2450
slice_32,"torch.Size([1, 1, 35, 35])",torch.bfloat16,2450
masked_fill_1,"torch.Size([1, 1, 35, 35])",torch.bfloat16,2450
slice_33,"torch.Size([1, 1, 35, 35])",torch.bfloat16,2450
slice_34,"torch.Size([1, 1, 35, 35])",torch.bfloat16,2450
slice_35,"torch.Size([1, 1, 35, 35])",torch.bfloat16,2450
copy,"torch.Size([1, 1, 35, 35])",torch.bfloat16,2450
slice_36,"torch.Size([1, 1, 35, 35])",torch.bfloat16,2450
slice_37,"torch.Size([1, 1, 35, 35])",torch.bfloat16,2450
slice_scatter_3,"torch.Size([1, 1, 35, 35])",torch.bfloat16,2450
slice_scatter_4,"torch.Size([1, 1, 35, 35])",torch.bfloat16,2450
slice_scatter_5,"torch.Size([1, 1, 35, 35])",torch.bfloat16,2450
unsqueeze_10,"torch.Size([1, 64])",torch.float32,256
slice_41,"torch.Size([1, 64])",torch.float32,256
unsqueeze_11,"torch.Size([1, 64, 1])",torch.float32,256
expand_6,"torch.Size([1, 64, 1])",torch.float32,256
slice_42,"torch.Size([1, 35])",torch.int64,280
unsqueeze_12,"torch.Size([1, 1, 35])",torch.int64,280
slice_43,"torch.Size([1, 1, 35])",torch.int64,280
_to_copy_5,"torch.Size([1, 1, 35])",torch.float32,140
expand_7,"torch.Size([1, 64, 1])",torch.float32,256
view_669,"torch.Size([1, 64, 1])",torch.float32,256
expand_8,"torch.Size([1, 1, 35])",torch.float32,140
view_670,"torch.Size([1, 1, 35])",torch.float32,140
bmm_1,"torch.Size([1, 64, 35])",torch.float32,8960
view_671,"torch.Size([1, 64, 35])",torch.float32,8960
transpose_162,"torch.Size([1, 35, 64])",torch.float32,8960
cat_2,"torch.Size([1, 35, 128])",torch.float32,17920
cos,"torch.Size([1, 35, 128])",torch.float32,17920
sin,"torch.Size([1, 35, 128])",torch.float32,17920
mul_23,"torch.Size([1, 35, 128])",torch.float32,17920
mul_24,"torch.Size([1, 35, 128])",torch.float32,17920
_to_copy_6,"torch.Size([1, 35, 128])",torch.bfloat16,8960
_to_copy_7,"torch.Size([1, 35, 128])",torch.bfloat16,8960
_to_copy_8,"torch.Size([1, 35, 8192])",torch.float32,1146880
pow_1,"torch.Size([1, 35, 8192])",torch.float32,1146880
mean,"torch.Size([1, 35, 1])",torch.float32,140
add_85,"torch.Size([1, 35, 1])",torch.float32,140
rsqrt,"torch.Size([1, 35, 1])",torch.float32,140
mul_25,"torch.Size([1, 35, 8192])",torch.float32,1146880
_to_copy_9,"torch.Size([1, 35, 8192])",torch.bfloat16,573440
mul_26,"torch.Size([1, 35, 8192])",torch.bfloat16,573440
t_241,"torch.Size([8192, 8192])",torch.bfloat16,134217728
view_672,"torch.Size([35, 8192])",torch.bfloat16,573440
mm_160,"torch.Size([35, 8192])",torch.bfloat16,573440
view_673,"torch.Size([1, 35, 8192])",torch.bfloat16,573440
t_242,"torch.Size([8192, 1024])",torch.bfloat16,16777216
view_674,"torch.Size([35, 8192])",torch.bfloat16,573440
mm_161,"torch.Size([35, 1024])",torch.bfloat16,71680
view_675,"torch.Size([1, 35, 1024])",torch.bfloat16,71680
t_243,"torch.Size([8192, 1024])",torch.bfloat16,16777216
view_676,"torch.Size([35, 8192])",torch.bfloat16,573440
mm_162,"torch.Size([35, 1024])",torch.bfloat16,71680
view_677,"torch.Size([1, 35, 1024])",torch.bfloat16,71680
view_678,"torch.Size([1, 35, 64, 128])",torch.bfloat16,573440
transpose_163,"torch.Size([1, 64, 35, 128])",torch.bfloat16,573440
view_679,"torch.Size([1, 35, 8, 128])",torch.bfloat16,71680
transpose_164,"torch.Size([1, 8, 35, 128])",torch.bfloat16,71680
view_680,"torch.Size([1, 35, 8, 128])",torch.bfloat16,71680
transpose_165,"torch.Size([1, 8, 35, 128])",torch.bfloat16,71680
unsqueeze_13,"torch.Size([1, 1, 35, 128])",torch.bfloat16,8960
unsqueeze_14,"torch.Size([1, 1, 35, 128])",torch.bfloat16,8960
mul_27,"torch.Size([1, 64, 35, 128])",torch.bfloat16,573440
slice_44,"torch.Size([1, 64, 35, 64])",torch.bfloat16,286720
slice_45,"torch.Size([1, 64, 35, 64])",torch.bfloat16,286720
neg,"torch.Size([1, 64, 35, 64])",torch.bfloat16,286720
cat_3,"torch.Size([1, 64, 35, 128])",torch.bfloat16,573440
mul_28,"torch.Size([1, 64, 35, 128])",torch.bfloat16,573440
add_86,"torch.Size([1, 64, 35, 128])",torch.bfloat16,573440
mul_29,"torch.Size([1, 8, 35, 128])",torch.bfloat16,71680
slice_46,"torch.Size([1, 8, 35, 64])",torch.bfloat16,35840
slice_47,"torch.Size([1, 8, 35, 64])",torch.bfloat16,35840
neg_1,"torch.Size([1, 8, 35, 64])",torch.bfloat16,35840
cat_4,"torch.Size([1, 8, 35, 128])",torch.bfloat16,71680
mul_30,"torch.Size([1, 8, 35, 128])",torch.bfloat16,71680
add_87,"torch.Size([1, 8, 35, 128])",torch.bfloat16,71680
slice_48,"torch.Size([1, 8, 35, 128])",torch.bfloat16,71680
slice_49,"torch.Size([1, 8, 35, 128])",torch.bfloat16,71680
unsqueeze_15,"torch.Size([1, 8, 1, 35, 128])",torch.bfloat16,71680
slice_50,"torch.Size([1, 8, 1, 35, 128])",torch.bfloat16,71680
slice_51,"torch.Size([1, 8, 1, 35, 128])",torch.bfloat16,71680
expand_9,"torch.Size([1, 8, 8, 35, 128])",torch.bfloat16,573440
clone_2,"torch.Size([1, 8, 8, 35, 128])",torch.bfloat16,573440
_unsafe_view,"torch.Size([1, 64, 35, 128])",torch.bfloat16,573440
slice_52,"torch.Size([1, 8, 35, 128])",torch.bfloat16,71680
slice_53,"torch.Size([1, 8, 35, 128])",torch.bfloat16,71680
unsqueeze_16,"torch.Size([1, 8, 1, 35, 128])",torch.bfloat16,71680
slice_54,"torch.Size([1, 8, 1, 35, 128])",torch.bfloat16,71680
slice_55,"torch.Size([1, 8, 1, 35, 128])",torch.bfloat16,71680
expand_10,"torch.Size([1, 8, 8, 35, 128])",torch.bfloat16,573440
clone_3,"torch.Size([1, 8, 8, 35, 128])",torch.bfloat16,573440
_unsafe_view_1,"torch.Size([1, 64, 35, 128])",torch.bfloat16,573440
slice_59,"torch.Size([1, 1, 35, 35])",torch.bfloat16,2450
slice_60,"torch.Size([1, 1, 35, 35])",torch.bfloat16,2450
slice_61,"torch.Size([1, 1, 35, 35])",torch.bfloat16,2450
getitem_326,"torch.Size([1, 64, 35, 128])",torch.bfloat16,573440
transpose_166,"torch.Size([1, 35, 64, 128])",torch.bfloat16,573440
view_681,"torch.Size([1, 35, 8192])",torch.bfloat16,573440
t_244,"torch.Size([8192, 8192])",torch.bfloat16,134217728
view_682,"torch.Size([35, 8192])",torch.bfloat16,573440
mm_163,"torch.Size([35, 8192])",torch.bfloat16,573440
view_683,"torch.Size([1, 35, 8192])",torch.bfloat16,573440
add_88,"torch.Size([1, 35, 8192])",torch.bfloat16,573440
_to_copy_10,"torch.Size([1, 35, 8192])",torch.float32,1146880
pow_2,"torch.Size([1, 35, 8192])",torch.float32,1146880
mean_1,"torch.Size([1, 35, 1])",torch.float32,140
add_89,"torch.Size([1, 35, 1])",torch.float32,140
rsqrt_1,"torch.Size([1, 35, 1])",torch.float32,140
mul_31,"torch.Size([1, 35, 8192])",torch.float32,1146880
_to_copy_11,"torch.Size([1, 35, 8192])",torch.bfloat16,573440
mul_32,"torch.Size([1, 35, 8192])",torch.bfloat16,573440
t_245,"torch.Size([8192, 28672])",torch.bfloat16,469762048
view_684,"torch.Size([35, 8192])",torch.bfloat16,573440
mm_164,"torch.Size([35, 28672])",torch.bfloat16,2007040
view_685,"torch.Size([1, 35, 28672])",torch.bfloat16,2007040
silu,"torch.Size([1, 35, 28672])",torch.bfloat16,2007040
t_246,"torch.Size([8192, 28672])",torch.bfloat16,469762048
view_686,"torch.Size([35, 8192])",torch.bfloat16,573440
mm_165,"torch.Size([35, 28672])",torch.bfloat16,2007040
view_687,"torch.Size([1, 35, 28672])",torch.bfloat16,2007040
mul_33,"torch.Size([1, 35, 28672])",torch.bfloat16,2007040
t_247,"torch.Size([28672, 8192])",torch.bfloat16,469762048
view_688,"torch.Size([35, 28672])",torch.bfloat16,2007040
mm_166,"torch.Size([35, 8192])",torch.bfloat16,573440
view_689,"torch.Size([1, 35, 8192])",torch.bfloat16,573440
add_90,"torch.Size([1, 35, 8192])",torch.bfloat16,573440
_to_copy_12,"torch.Size([1, 35, 8192])",torch.float32,1146880
pow_3,"torch.Size([1, 35, 8192])",torch.float32,1146880
mean_2,"torch.Size([1, 35, 1])",torch.float32,140
add_91,"torch.Size([1, 35, 1])",torch.float32,140
rsqrt_2,"torch.Size([1, 35, 1])",torch.float32,140
mul_34,"torch.Size([1, 35, 8192])",torch.float32,1146880
_to_copy_13,"torch.Size([1, 35, 8192])",torch.bfloat16,573440
mul_35,"torch.Size([1, 35, 8192])",torch.bfloat16,573440
t_248,"torch.Size([8192, 8192])",torch.bfloat16,134217728
view_690,"torch.Size([35, 8192])",torch.bfloat16,573440
mm_167,"torch.Size([35, 8192])",torch.bfloat16,573440
view_691,"torch.Size([1, 35, 8192])",torch.bfloat16,573440
t_249,"torch.Size([8192, 1024])",torch.bfloat16,16777216
view_692,"torch.Size([35, 8192])",torch.bfloat16,573440
mm_168,"torch.Size([35, 1024])",torch.bfloat16,71680
view_693,"torch.Size([1, 35, 1024])",torch.bfloat16,71680
t_250,"torch.Size([8192, 1024])",torch.bfloat16,16777216
view_694,"torch.Size([35, 8192])",torch.bfloat16,573440
mm_169,"torch.Size([35, 1024])",torch.bfloat16,71680
view_695,"torch.Size([1, 35, 1024])",torch.bfloat16,71680
view_696,"torch.Size([1, 35, 64, 128])",torch.bfloat16,573440
transpose_167,"torch.Size([1, 64, 35, 128])",torch.bfloat16,573440
view_697,"torch.Size([1, 35, 8, 128])",torch.bfloat16,71680
transpose_168,"torch.Size([1, 8, 35, 128])",torch.bfloat16,71680
view_698,"torch.Size([1, 35, 8, 128])",torch.bfloat16,71680
transpose_169,"torch.Size([1, 8, 35, 128])",torch.bfloat16,71680
unsqueeze_17,"torch.Size([1, 1, 35, 128])",torch.bfloat16,8960
unsqueeze_18,"torch.Size([1, 1, 35, 128])",torch.bfloat16,8960
mul_36,"torch.Size([1, 64, 35, 128])",torch.bfloat16,573440
slice_62,"torch.Size([1, 64, 35, 64])",torch.bfloat16,286720
slice_63,"torch.Size([1, 64, 35, 64])",torch.bfloat16,286720
neg_2,"torch.Size([1, 64, 35, 64])",torch.bfloat16,286720
cat_5,"torch.Size([1, 64, 35, 128])",torch.bfloat16,573440
mul_37,"torch.Size([1, 64, 35, 128])",torch.bfloat16,573440
add_92,"torch.Size([1, 64, 35, 128])",torch.bfloat16,573440
mul_38,"torch.Size([1, 8, 35, 128])",torch.bfloat16,71680
slice_64,"torch.Size([1, 8, 35, 64])",torch.bfloat16,35840
slice_65,"torch.Size([1, 8, 35, 64])",torch.bfloat16,35840
neg_3,"torch.Size([1, 8, 35, 64])",torch.bfloat16,35840
cat_6,"torch.Size([1, 8, 35, 128])",torch.bfloat16,71680
mul_39,"torch.Size([1, 8, 35, 128])",torch.bfloat16,71680
add_93,"torch.Size([1, 8, 35, 128])",torch.bfloat16,71680
slice_66,"torch.Size([1, 8, 35, 128])",torch.bfloat16,71680
slice_67,"torch.Size([1, 8, 35, 128])",torch.bfloat16,71680
unsqueeze_19,"torch.Size([1, 8, 1, 35, 128])",torch.bfloat16,71680
slice_68,"torch.Size([1, 8, 1, 35, 128])",torch.bfloat16,71680
slice_69,"torch.Size([1, 8, 1, 35, 128])",torch.bfloat16,71680
expand_11,"torch.Size([1, 8, 8, 35, 128])",torch.bfloat16,573440
clone_4,"torch.Size([1, 8, 8, 35, 128])",torch.bfloat16,573440
_unsafe_view_2,"torch.Size([1, 64, 35, 128])",torch.bfloat16,573440
slice_70,"torch.Size([1, 8, 35, 128])",torch.bfloat16,71680
slice_71,"torch.Size([1, 8, 35, 128])",torch.bfloat16,71680
unsqueeze_20,"torch.Size([1, 8, 1, 35, 128])",torch.bfloat16,71680
slice_72,"torch.Size([1, 8, 1, 35, 128])",torch.bfloat16,71680
slice_73,"torch.Size([1, 8, 1, 35, 128])",torch.bfloat16,71680
expand_12,"torch.Size([1, 8, 8, 35, 128])",torch.bfloat16,573440
clone_5,"torch.Size([1, 8, 8, 35, 128])",torch.bfloat16,573440
_unsafe_view_3,"torch.Size([1, 64, 35, 128])",torch.bfloat16,573440
slice_77,"torch.Size([1, 1, 35, 35])",torch.bfloat16,2450
slice_78,"torch.Size([1, 1, 35, 35])",torch.bfloat16,2450
slice_79,"torch.Size([1, 1, 35, 35])",torch.bfloat16,2450
getitem_328,"torch.Size([1, 64, 35, 128])",torch.bfloat16,573440
transpose_170,"torch.Size([1, 35, 64, 128])",torch.bfloat16,573440
view_699,"torch.Size([1, 35, 8192])",torch.bfloat16,573440
t_251,"torch.Size([8192, 8192])",torch.bfloat16,134217728
view_700,"torch.Size([35, 8192])",torch.bfloat16,573440
mm_170,"torch.Size([35, 8192])",torch.bfloat16,573440
view_701,"torch.Size([1, 35, 8192])",torch.bfloat16,573440
add_94,"torch.Size([1, 35, 8192])",torch.bfloat16,573440
_to_copy_14,"torch.Size([1, 35, 8192])",torch.float32,1146880
pow_4,"torch.Size([1, 35, 8192])",torch.float32,1146880
mean_3,"torch.Size([1, 35, 1])",torch.float32,140
add_95,"torch.Size([1, 35, 1])",torch.float32,140
rsqrt_3,"torch.Size([1, 35, 1])",torch.float32,140
mul_40,"torch.Size([1, 35, 8192])",torch.float32,1146880
_to_copy_15,"torch.Size([1, 35, 8192])",torch.bfloat16,573440
mul_41,"torch.Size([1, 35, 8192])",torch.bfloat16,573440
t_252,"torch.Size([8192, 28672])",torch.bfloat16,469762048
view_702,"torch.Size([35, 8192])",torch.bfloat16,573440
mm_171,"torch.Size([35, 28672])",torch.bfloat16,2007040
view_703,"torch.Size([1, 35, 28672])",torch.bfloat16,2007040
silu_1,"torch.Size([1, 35, 28672])",torch.bfloat16,2007040
t_253,"torch.Size([8192, 28672])",torch.bfloat16,469762048
view_704,"torch.Size([35, 8192])",torch.bfloat16,573440
mm_172,"torch.Size([35, 28672])",torch.bfloat16,2007040
view_705,"torch.Size([1, 35, 28672])",torch.bfloat16,2007040
mul_42,"torch.Size([1, 35, 28672])",torch.bfloat16,2007040
t_254,"torch.Size([28672, 8192])",torch.bfloat16,469762048
view_706,"torch.Size([35, 28672])",torch.bfloat16,2007040
mm_173,"torch.Size([35, 8192])",torch.bfloat16,573440
view_707,"torch.Size([1, 35, 8192])",torch.bfloat16,573440
add_96,"torch.Size([1, 35, 8192])",torch.bfloat16,573440
_to_copy_16,"torch.Size([1, 35, 8192])",torch.float32,1146880
pow_5,"torch.Size([1, 35, 8192])",torch.float32,1146880
mean_4,"torch.Size([1, 35, 1])",torch.float32,140
add_97,"torch.Size([1, 35, 1])",torch.float32,140
rsqrt_4,"torch.Size([1, 35, 1])",torch.float32,140
mul_43,"torch.Size([1, 35, 8192])",torch.float32,1146880
_to_copy_17,"torch.Size([1, 35, 8192])",torch.bfloat16,573440
mul_44,"torch.Size([1, 35, 8192])",torch.bfloat16,573440
t_255,"torch.Size([8192, 8192])",torch.bfloat16,134217728
view_708,"torch.Size([35, 8192])",torch.bfloat16,573440
mm_174,"torch.Size([35, 8192])",torch.bfloat16,573440
view_709,"torch.Size([1, 35, 8192])",torch.bfloat16,573440
t_256,"torch.Size([8192, 1024])",torch.bfloat16,16777216
view_710,"torch.Size([35, 8192])",torch.bfloat16,573440
mm_175,"torch.Size([35, 1024])",torch.bfloat16,71680
view_711,"torch.Size([1, 35, 1024])",torch.bfloat16,71680
t_257,"torch.Size([8192, 1024])",torch.bfloat16,16777216
view_712,"torch.Size([35, 8192])",torch.bfloat16,573440
mm_176,"torch.Size([35, 1024])",torch.bfloat16,71680
view_713,"torch.Size([1, 35, 1024])",torch.bfloat16,71680
view_714,"torch.Size([1, 35, 64, 128])",torch.bfloat16,573440
transpose_171,"torch.Size([1, 64, 35, 128])",torch.bfloat16,573440
view_715,"torch.Size([1, 35, 8, 128])",torch.bfloat16,71680
transpose_172,"torch.Size([1, 8, 35, 128])",torch.bfloat16,71680
view_716,"torch.Size([1, 35, 8, 128])",torch.bfloat16,71680
transpose_173,"torch.Size([1, 8, 35, 128])",torch.bfloat16,71680
unsqueeze_21,"torch.Size([1, 1, 35, 128])",torch.bfloat16,8960
unsqueeze_22,"torch.Size([1, 1, 35, 128])",torch.bfloat16,8960
mul_45,"torch.Size([1, 64, 35, 128])",torch.bfloat16,573440
slice_80,"torch.Size([1, 64, 35, 64])",torch.bfloat16,286720
slice_81,"torch.Size([1, 64, 35, 64])",torch.bfloat16,286720
neg_4,"torch.Size([1, 64, 35, 64])",torch.bfloat16,286720
cat_7,"torch.Size([1, 64, 35, 128])",torch.bfloat16,573440
mul_46,"torch.Size([1, 64, 35, 128])",torch.bfloat16,573440
add_98,"torch.Size([1, 64, 35, 128])",torch.bfloat16,573440
mul_47,"torch.Size([1, 8, 35, 128])",torch.bfloat16,71680
slice_82,"torch.Size([1, 8, 35, 64])",torch.bfloat16,35840
slice_83,"torch.Size([1, 8, 35, 64])",torch.bfloat16,35840
neg_5,"torch.Size([1, 8, 35, 64])",torch.bfloat16,35840
cat_8,"torch.Size([1, 8, 35, 128])",torch.bfloat16,71680
mul_48,"torch.Size([1, 8, 35, 128])",torch.bfloat16,71680
add_99,"torch.Size([1, 8, 35, 128])",torch.bfloat16,71680
slice_84,"torch.Size([1, 8, 35, 128])",torch.bfloat16,71680
slice_85,"torch.Size([1, 8, 35, 128])",torch.bfloat16,71680
unsqueeze_23,"torch.Size([1, 8, 1, 35, 128])",torch.bfloat16,71680
slice_86,"torch.Size([1, 8, 1, 35, 128])",torch.bfloat16,71680
slice_87,"torch.Size([1, 8, 1, 35, 128])",torch.bfloat16,71680
expand_13,"torch.Size([1, 8, 8, 35, 128])",torch.bfloat16,573440
clone_6,"torch.Size([1, 8, 8, 35, 128])",torch.bfloat16,573440
_unsafe_view_4,"torch.Size([1, 64, 35, 128])",torch.bfloat16,573440
slice_88,"torch.Size([1, 8, 35, 128])",torch.bfloat16,71680
slice_89,"torch.Size([1, 8, 35, 128])",torch.bfloat16,71680
unsqueeze_24,"torch.Size([1, 8, 1, 35, 128])",torch.bfloat16,71680
slice_90,"torch.Size([1, 8, 1, 35, 128])",torch.bfloat16,71680
slice_91,"torch.Size([1, 8, 1, 35, 128])",torch.bfloat16,71680
expand_14,"torch.Size([1, 8, 8, 35, 128])",torch.bfloat16,573440
clone_7,"torch.Size([1, 8, 8, 35, 128])",torch.bfloat16,573440
_unsafe_view_5,"torch.Size([1, 64, 35, 128])",torch.bfloat16,573440
slice_95,"torch.Size([1, 1, 35, 35])",torch.bfloat16,2450
slice_96,"torch.Size([1, 1, 35, 35])",torch.bfloat16,2450
slice_97,"torch.Size([1, 1, 35, 35])",torch.bfloat16,2450
getitem_330,"torch.Size([1, 64, 35, 128])",torch.bfloat16,573440
transpose_174,"torch.Size([1, 35, 64, 128])",torch.bfloat16,573440
view_717,"torch.Size([1, 35, 8192])",torch.bfloat16,573440
t_258,"torch.Size([8192, 8192])",torch.bfloat16,134217728
view_718,"torch.Size([35, 8192])",torch.bfloat16,573440
mm_177,"torch.Size([35, 8192])",torch.bfloat16,573440
view_719,"torch.Size([1, 35, 8192])",torch.bfloat16,573440
add_100,"torch.Size([1, 35, 8192])",torch.bfloat16,573440
_to_copy_18,"torch.Size([1, 35, 8192])",torch.float32,1146880
pow_6,"torch.Size([1, 35, 8192])",torch.float32,1146880
mean_5,"torch.Size([1, 35, 1])",torch.float32,140
add_101,"torch.Size([1, 35, 1])",torch.float32,140
rsqrt_5,"torch.Size([1, 35, 1])",torch.float32,140
mul_49,"torch.Size([1, 35, 8192])",torch.float32,1146880
_to_copy_19,"torch.Size([1, 35, 8192])",torch.bfloat16,573440
mul_50,"torch.Size([1, 35, 8192])",torch.bfloat16,573440
t_259,"torch.Size([8192, 28672])",torch.bfloat16,469762048
view_720,"torch.Size([35, 8192])",torch.bfloat16,573440
mm_178,"torch.Size([35, 28672])",torch.bfloat16,2007040
view_721,"torch.Size([1, 35, 28672])",torch.bfloat16,2007040
silu_2,"torch.Size([1, 35, 28672])",torch.bfloat16,2007040
t_260,"torch.Size([8192, 28672])",torch.bfloat16,469762048
view_722,"torch.Size([35, 8192])",torch.bfloat16,573440
mm_179,"torch.Size([35, 28672])",torch.bfloat16,2007040
view_723,"torch.Size([1, 35, 28672])",torch.bfloat16,2007040
mul_51,"torch.Size([1, 35, 28672])",torch.bfloat16,2007040
t_261,"torch.Size([28672, 8192])",torch.bfloat16,469762048
view_724,"torch.Size([35, 28672])",torch.bfloat16,2007040
mm_180,"torch.Size([35, 8192])",torch.bfloat16,573440
view_725,"torch.Size([1, 35, 8192])",torch.bfloat16,573440
add_102,"torch.Size([1, 35, 8192])",torch.bfloat16,573440
_to_copy_20,"torch.Size([1, 35, 8192])",torch.float32,1146880
pow_7,"torch.Size([1, 35, 8192])",torch.float32,1146880
mean_6,"torch.Size([1, 35, 1])",torch.float32,140
add_103,"torch.Size([1, 35, 1])",torch.float32,140
rsqrt_6,"torch.Size([1, 35, 1])",torch.float32,140
mul_52,"torch.Size([1, 35, 8192])",torch.float32,1146880
_to_copy_21,"torch.Size([1, 35, 8192])",torch.bfloat16,573440
mul_53,"torch.Size([1, 35, 8192])",torch.bfloat16,573440
t_262,"torch.Size([8192, 8192])",torch.bfloat16,134217728
view_726,"torch.Size([35, 8192])",torch.bfloat16,573440
mm_181,"torch.Size([35, 8192])",torch.bfloat16,573440
view_727,"torch.Size([1, 35, 8192])",torch.bfloat16,573440
view_728,"torch.Size([1, 35, 64, 128])",torch.bfloat16,573440
transpose_175,"torch.Size([1, 64, 35, 128])",torch.bfloat16,573440
_to_copy_22,"torch.Size([1, 64, 35, 128])",torch.float32,1146880
pow_8,"torch.Size([1, 64, 35, 128])",torch.float32,1146880
mean_7,"torch.Size([1, 64, 35, 1])",torch.float32,8960
add_104,"torch.Size([1, 64, 35, 1])",torch.float32,8960
rsqrt_7,"torch.Size([1, 64, 35, 1])",torch.float32,8960
mul_54,"torch.Size([1, 64, 35, 128])",torch.float32,1146880
_to_copy_23,"torch.Size([1, 64, 35, 128])",torch.bfloat16,573440
mul_55,"torch.Size([1, 64, 35, 128])",torch.bfloat16,573440
t_263,"torch.Size([8192, 1024])",torch.bfloat16,16777216
view_729,"torch.Size([6404, 8192])",torch.bfloat16,104923136
mm_182,"torch.Size([6404, 1024])",torch.bfloat16,13115392
view_730,"torch.Size([4, 1601, 1024])",torch.bfloat16,13115392
t_264,"torch.Size([8192, 1024])",torch.bfloat16,16777216
view_731,"torch.Size([6404, 8192])",torch.bfloat16,104923136
mm_183,"torch.Size([6404, 1024])",torch.bfloat16,13115392
view_732,"torch.Size([4, 1601, 1024])",torch.bfloat16,13115392
view_733,"torch.Size([1, 6404, 8, 128])",torch.bfloat16,13115392
transpose_176,"torch.Size([1, 8, 6404, 128])",torch.bfloat16,13115392
view_734,"torch.Size([1, 6404, 8, 128])",torch.bfloat16,13115392
transpose_177,"torch.Size([1, 8, 6404, 128])",torch.bfloat16,13115392
slice_98,"torch.Size([1, 8, 6404, 128])",torch.bfloat16,13115392
slice_99,"torch.Size([1, 8, 6404, 128])",torch.bfloat16,13115392
unsqueeze_25,"torch.Size([1, 8, 1, 6404, 128])",torch.bfloat16,13115392
slice_100,"torch.Size([1, 8, 1, 6404, 128])",torch.bfloat16,13115392
slice_101,"torch.Size([1, 8, 1, 6404, 128])",torch.bfloat16,13115392
expand_15,"torch.Size([1, 8, 8, 6404, 128])",torch.bfloat16,104923136
clone_8,"torch.Size([1, 8, 8, 6404, 128])",torch.bfloat16,104923136
_unsafe_view_6,"torch.Size([1, 64, 6404, 128])",torch.bfloat16,104923136
slice_102,"torch.Size([1, 8, 6404, 128])",torch.bfloat16,13115392
slice_103,"torch.Size([1, 8, 6404, 128])",torch.bfloat16,13115392
unsqueeze_26,"torch.Size([1, 8, 1, 6404, 128])",torch.bfloat16,13115392
slice_104,"torch.Size([1, 8, 1, 6404, 128])",torch.bfloat16,13115392
slice_105,"torch.Size([1, 8, 1, 6404, 128])",torch.bfloat16,13115392
expand_16,"torch.Size([1, 8, 8, 6404, 128])",torch.bfloat16,104923136
clone_9,"torch.Size([1, 8, 8, 6404, 128])",torch.bfloat16,104923136
_unsafe_view_7,"torch.Size([1, 64, 6404, 128])",torch.bfloat16,104923136
_to_copy_24,"torch.Size([1, 64, 6404, 128])",torch.float32,209846272
pow_9,"torch.Size([1, 64, 6404, 128])",torch.float32,209846272
mean_8,"torch.Size([1, 64, 6404, 1])",torch.float32,1639424
add_105,"torch.Size([1, 64, 6404, 1])",torch.float32,1639424
rsqrt_8,"torch.Size([1, 64, 6404, 1])",torch.float32,1639424
mul_56,"torch.Size([1, 64, 6404, 128])",torch.float32,209846272
_to_copy_25,"torch.Size([1, 64, 6404, 128])",torch.bfloat16,104923136
mul_57,"torch.Size([1, 64, 6404, 128])",torch.bfloat16,104923136
getitem_332,"torch.Size([1, 64, 35, 128])",torch.bfloat16,573440
transpose_178,"torch.Size([1, 35, 64, 128])",torch.bfloat16,573440
view_735,"torch.Size([1, 35, 8192])",torch.bfloat16,573440
t_265,"torch.Size([8192, 8192])",torch.bfloat16,134217728
view_736,"torch.Size([35, 8192])",torch.bfloat16,573440
mm_184,"torch.Size([35, 8192])",torch.bfloat16,573440
view_737,"torch.Size([1, 35, 8192])",torch.bfloat16,573440
tanh_20,torch.Size([1]),torch.bfloat16,2
mul_58,"torch.Size([1, 35, 8192])",torch.bfloat16,573440
add_106,"torch.Size([1, 35, 8192])",torch.bfloat16,573440
_to_copy_26,"torch.Size([1, 35, 8192])",torch.float32,1146880
pow_10,"torch.Size([1, 35, 8192])",torch.float32,1146880
mean_9,"torch.Size([1, 35, 1])",torch.float32,140
add_107,"torch.Size([1, 35, 1])",torch.float32,140
rsqrt_9,"torch.Size([1, 35, 1])",torch.float32,140
mul_59,"torch.Size([1, 35, 8192])",torch.float32,1146880
_to_copy_27,"torch.Size([1, 35, 8192])",torch.bfloat16,573440
mul_60,"torch.Size([1, 35, 8192])",torch.bfloat16,573440
t_266,"torch.Size([8192, 28672])",torch.bfloat16,469762048
view_738,"torch.Size([35, 8192])",torch.bfloat16,573440
mm_185,"torch.Size([35, 28672])",torch.bfloat16,2007040
view_739,"torch.Size([1, 35, 28672])",torch.bfloat16,2007040
silu_3,"torch.Size([1, 35, 28672])",torch.bfloat16,2007040
t_267,"torch.Size([8192, 28672])",torch.bfloat16,469762048
view_740,"torch.Size([35, 8192])",torch.bfloat16,573440
mm_186,"torch.Size([35, 28672])",torch.bfloat16,2007040
view_741,"torch.Size([1, 35, 28672])",torch.bfloat16,2007040
mul_61,"torch.Size([1, 35, 28672])",torch.bfloat16,2007040
t_268,"torch.Size([28672, 8192])",torch.bfloat16,469762048
view_742,"torch.Size([35, 28672])",torch.bfloat16,2007040
mm_187,"torch.Size([35, 8192])",torch.bfloat16,573440
view_743,"torch.Size([1, 35, 8192])",torch.bfloat16,573440
slice_106,"torch.Size([1, 1, 35, 1])",torch.bfloat16,70
select,"torch.Size([1, 35, 1])",torch.bfloat16,70
mul_62,"torch.Size([1, 35, 8192])",torch.bfloat16,573440
tanh_21,torch.Size([1]),torch.bfloat16,2
mul_63,"torch.Size([1, 35, 8192])",torch.bfloat16,573440
add_108,"torch.Size([1, 35, 8192])",torch.bfloat16,573440
_to_copy_28,"torch.Size([1, 35, 8192])",torch.float32,1146880
pow_11,"torch.Size([1, 35, 8192])",torch.float32,1146880
mean_10,"torch.Size([1, 35, 1])",torch.float32,140
add_109,"torch.Size([1, 35, 1])",torch.float32,140
rsqrt_10,"torch.Size([1, 35, 1])",torch.float32,140
mul_64,"torch.Size([1, 35, 8192])",torch.float32,1146880
_to_copy_29,"torch.Size([1, 35, 8192])",torch.bfloat16,573440
mul_65,"torch.Size([1, 35, 8192])",torch.bfloat16,573440
t_269,"torch.Size([8192, 8192])",torch.bfloat16,134217728
view_744,"torch.Size([35, 8192])",torch.bfloat16,573440
mm_188,"torch.Size([35, 8192])",torch.bfloat16,573440
view_745,"torch.Size([1, 35, 8192])",torch.bfloat16,573440
t_270,"torch.Size([8192, 1024])",torch.bfloat16,16777216
view_746,"torch.Size([35, 8192])",torch.bfloat16,573440
mm_189,"torch.Size([35, 1024])",torch.bfloat16,71680
view_747,"torch.Size([1, 35, 1024])",torch.bfloat16,71680
t_271,"torch.Size([8192, 1024])",torch.bfloat16,16777216
view_748,"torch.Size([35, 8192])",torch.bfloat16,573440
mm_190,"torch.Size([35, 1024])",torch.bfloat16,71680
view_749,"torch.Size([1, 35, 1024])",torch.bfloat16,71680
view_750,"torch.Size([1, 35, 64, 128])",torch.bfloat16,573440
transpose_179,"torch.Size([1, 64, 35, 128])",torch.bfloat16,573440
view_751,"torch.Size([1, 35, 8, 128])",torch.bfloat16,71680
transpose_180,"torch.Size([1, 8, 35, 128])",torch.bfloat16,71680
view_752,"torch.Size([1, 35, 8, 128])",torch.bfloat16,71680
transpose_181,"torch.Size([1, 8, 35, 128])",torch.bfloat16,71680
unsqueeze_27,"torch.Size([1, 1, 35, 128])",torch.bfloat16,8960
unsqueeze_28,"torch.Size([1, 1, 35, 128])",torch.bfloat16,8960
mul_66,"torch.Size([1, 64, 35, 128])",torch.bfloat16,573440
slice_107,"torch.Size([1, 64, 35, 64])",torch.bfloat16,286720
slice_108,"torch.Size([1, 64, 35, 64])",torch.bfloat16,286720
neg_6,"torch.Size([1, 64, 35, 64])",torch.bfloat16,286720
cat_9,"torch.Size([1, 64, 35, 128])",torch.bfloat16,573440
mul_67,"torch.Size([1, 64, 35, 128])",torch.bfloat16,573440
add_110,"torch.Size([1, 64, 35, 128])",torch.bfloat16,573440
mul_68,"torch.Size([1, 8, 35, 128])",torch.bfloat16,71680
slice_109,"torch.Size([1, 8, 35, 64])",torch.bfloat16,35840
slice_110,"torch.Size([1, 8, 35, 64])",torch.bfloat16,35840
neg_7,"torch.Size([1, 8, 35, 64])",torch.bfloat16,35840
cat_10,"torch.Size([1, 8, 35, 128])",torch.bfloat16,71680
mul_69,"torch.Size([1, 8, 35, 128])",torch.bfloat16,71680
add_111,"torch.Size([1, 8, 35, 128])",torch.bfloat16,71680
slice_111,"torch.Size([1, 8, 35, 128])",torch.bfloat16,71680
slice_112,"torch.Size([1, 8, 35, 128])",torch.bfloat16,71680
unsqueeze_29,"torch.Size([1, 8, 1, 35, 128])",torch.bfloat16,71680
slice_113,"torch.Size([1, 8, 1, 35, 128])",torch.bfloat16,71680
slice_114,"torch.Size([1, 8, 1, 35, 128])",torch.bfloat16,71680
expand_17,"torch.Size([1, 8, 8, 35, 128])",torch.bfloat16,573440
clone_10,"torch.Size([1, 8, 8, 35, 128])",torch.bfloat16,573440
_unsafe_view_8,"torch.Size([1, 64, 35, 128])",torch.bfloat16,573440
slice_115,"torch.Size([1, 8, 35, 128])",torch.bfloat16,71680
slice_116,"torch.Size([1, 8, 35, 128])",torch.bfloat16,71680
unsqueeze_30,"torch.Size([1, 8, 1, 35, 128])",torch.bfloat16,71680
slice_117,"torch.Size([1, 8, 1, 35, 128])",torch.bfloat16,71680
slice_118,"torch.Size([1, 8, 1, 35, 128])",torch.bfloat16,71680
expand_18,"torch.Size([1, 8, 8, 35, 128])",torch.bfloat16,573440
clone_11,"torch.Size([1, 8, 8, 35, 128])",torch.bfloat16,573440
_unsafe_view_9,"torch.Size([1, 64, 35, 128])",torch.bfloat16,573440
slice_122,"torch.Size([1, 1, 35, 35])",torch.bfloat16,2450
slice_123,"torch.Size([1, 1, 35, 35])",torch.bfloat16,2450
slice_124,"torch.Size([1, 1, 35, 35])",torch.bfloat16,2450
getitem_334,"torch.Size([1, 64, 35, 128])",torch.bfloat16,573440
transpose_182,"torch.Size([1, 35, 64, 128])",torch.bfloat16,573440
view_753,"torch.Size([1, 35, 8192])",torch.bfloat16,573440
t_272,"torch.Size([8192, 8192])",torch.bfloat16,134217728
view_754,"torch.Size([35, 8192])",torch.bfloat16,573440
mm_191,"torch.Size([35, 8192])",torch.bfloat16,573440
view_755,"torch.Size([1, 35, 8192])",torch.bfloat16,573440
add_112,"torch.Size([1, 35, 8192])",torch.bfloat16,573440
_to_copy_30,"torch.Size([1, 35, 8192])",torch.float32,1146880
pow_12,"torch.Size([1, 35, 8192])",torch.float32,1146880
mean_11,"torch.Size([1, 35, 1])",torch.float32,140
add_113,"torch.Size([1, 35, 1])",torch.float32,140
rsqrt_11,"torch.Size([1, 35, 1])",torch.float32,140
mul_70,"torch.Size([1, 35, 8192])",torch.float32,1146880
_to_copy_31,"torch.Size([1, 35, 8192])",torch.bfloat16,573440
mul_71,"torch.Size([1, 35, 8192])",torch.bfloat16,573440
t_273,"torch.Size([8192, 28672])",torch.bfloat16,469762048
view_756,"torch.Size([35, 8192])",torch.bfloat16,573440
mm_192,"torch.Size([35, 28672])",torch.bfloat16,2007040
view_757,"torch.Size([1, 35, 28672])",torch.bfloat16,2007040
silu_4,"torch.Size([1, 35, 28672])",torch.bfloat16,2007040
t_274,"torch.Size([8192, 28672])",torch.bfloat16,469762048
view_758,"torch.Size([35, 8192])",torch.bfloat16,573440
mm_193,"torch.Size([35, 28672])",torch.bfloat16,2007040
view_759,"torch.Size([1, 35, 28672])",torch.bfloat16,2007040
mul_72,"torch.Size([1, 35, 28672])",torch.bfloat16,2007040
t_275,"torch.Size([28672, 8192])",torch.bfloat16,469762048
view_760,"torch.Size([35, 28672])",torch.bfloat16,2007040
mm_194,"torch.Size([35, 8192])",torch.bfloat16,573440
view_761,"torch.Size([1, 35, 8192])",torch.bfloat16,573440
add_114,"torch.Size([1, 35, 8192])",torch.bfloat16,573440
_to_copy_32,"torch.Size([1, 35, 8192])",torch.float32,1146880
pow_13,"torch.Size([1, 35, 8192])",torch.float32,1146880
mean_12,"torch.Size([1, 35, 1])",torch.float32,140
add_115,"torch.Size([1, 35, 1])",torch.float32,140
rsqrt_12,"torch.Size([1, 35, 1])",torch.float32,140
mul_73,"torch.Size([1, 35, 8192])",torch.float32,1146880
_to_copy_33,"torch.Size([1, 35, 8192])",torch.bfloat16,573440
mul_74,"torch.Size([1, 35, 8192])",torch.bfloat16,573440
t_276,"torch.Size([8192, 8192])",torch.bfloat16,134217728
view_762,"torch.Size([35, 8192])",torch.bfloat16,573440
mm_195,"torch.Size([35, 8192])",torch.bfloat16,573440
view_763,"torch.Size([1, 35, 8192])",torch.bfloat16,573440
t_277,"torch.Size([8192, 1024])",torch.bfloat16,16777216
view_764,"torch.Size([35, 8192])",torch.bfloat16,573440
mm_196,"torch.Size([35, 1024])",torch.bfloat16,71680
view_765,"torch.Size([1, 35, 1024])",torch.bfloat16,71680
t_278,"torch.Size([8192, 1024])",torch.bfloat16,16777216
view_766,"torch.Size([35, 8192])",torch.bfloat16,573440
mm_197,"torch.Size([35, 1024])",torch.bfloat16,71680
view_767,"torch.Size([1, 35, 1024])",torch.bfloat16,71680
view_768,"torch.Size([1, 35, 64, 128])",torch.bfloat16,573440
transpose_183,"torch.Size([1, 64, 35, 128])",torch.bfloat16,573440
view_769,"torch.Size([1, 35, 8, 128])",torch.bfloat16,71680
transpose_184,"torch.Size([1, 8, 35, 128])",torch.bfloat16,71680
view_770,"torch.Size([1, 35, 8, 128])",torch.bfloat16,71680
transpose_185,"torch.Size([1, 8, 35, 128])",torch.bfloat16,71680
unsqueeze_31,"torch.Size([1, 1, 35, 128])",torch.bfloat16,8960
unsqueeze_32,"torch.Size([1, 1, 35, 128])",torch.bfloat16,8960
mul_75,"torch.Size([1, 64, 35, 128])",torch.bfloat16,573440
slice_125,"torch.Size([1, 64, 35, 64])",torch.bfloat16,286720
slice_126,"torch.Size([1, 64, 35, 64])",torch.bfloat16,286720
neg_8,"torch.Size([1, 64, 35, 64])",torch.bfloat16,286720
cat_11,"torch.Size([1, 64, 35, 128])",torch.bfloat16,573440
mul_76,"torch.Size([1, 64, 35, 128])",torch.bfloat16,573440
add_116,"torch.Size([1, 64, 35, 128])",torch.bfloat16,573440
mul_77,"torch.Size([1, 8, 35, 128])",torch.bfloat16,71680
slice_127,"torch.Size([1, 8, 35, 64])",torch.bfloat16,35840
slice_128,"torch.Size([1, 8, 35, 64])",torch.bfloat16,35840
neg_9,"torch.Size([1, 8, 35, 64])",torch.bfloat16,35840
cat_12,"torch.Size([1, 8, 35, 128])",torch.bfloat16,71680
mul_78,"torch.Size([1, 8, 35, 128])",torch.bfloat16,71680
add_117,"torch.Size([1, 8, 35, 128])",torch.bfloat16,71680
slice_129,"torch.Size([1, 8, 35, 128])",torch.bfloat16,71680
slice_130,"torch.Size([1, 8, 35, 128])",torch.bfloat16,71680
unsqueeze_33,"torch.Size([1, 8, 1, 35, 128])",torch.bfloat16,71680
slice_131,"torch.Size([1, 8, 1, 35, 128])",torch.bfloat16,71680
slice_132,"torch.Size([1, 8, 1, 35, 128])",torch.bfloat16,71680
expand_19,"torch.Size([1, 8, 8, 35, 128])",torch.bfloat16,573440
clone_12,"torch.Size([1, 8, 8, 35, 128])",torch.bfloat16,573440
_unsafe_view_10,"torch.Size([1, 64, 35, 128])",torch.bfloat16,573440
slice_133,"torch.Size([1, 8, 35, 128])",torch.bfloat16,71680
slice_134,"torch.Size([1, 8, 35, 128])",torch.bfloat16,71680
unsqueeze_34,"torch.Size([1, 8, 1, 35, 128])",torch.bfloat16,71680
slice_135,"torch.Size([1, 8, 1, 35, 128])",torch.bfloat16,71680
slice_136,"torch.Size([1, 8, 1, 35, 128])",torch.bfloat16,71680
expand_20,"torch.Size([1, 8, 8, 35, 128])",torch.bfloat16,573440
clone_13,"torch.Size([1, 8, 8, 35, 128])",torch.bfloat16,573440
_unsafe_view_11,"torch.Size([1, 64, 35, 128])",torch.bfloat16,573440
slice_140,"torch.Size([1, 1, 35, 35])",torch.bfloat16,2450
slice_141,"torch.Size([1, 1, 35, 35])",torch.bfloat16,2450
slice_142,"torch.Size([1, 1, 35, 35])",torch.bfloat16,2450
getitem_336,"torch.Size([1, 64, 35, 128])",torch.bfloat16,573440
transpose_186,"torch.Size([1, 35, 64, 128])",torch.bfloat16,573440
view_771,"torch.Size([1, 35, 8192])",torch.bfloat16,573440
t_279,"torch.Size([8192, 8192])",torch.bfloat16,134217728
view_772,"torch.Size([35, 8192])",torch.bfloat16,573440
mm_198,"torch.Size([35, 8192])",torch.bfloat16,573440
view_773,"torch.Size([1, 35, 8192])",torch.bfloat16,573440
add_118,"torch.Size([1, 35, 8192])",torch.bfloat16,573440
_to_copy_34,"torch.Size([1, 35, 8192])",torch.float32,1146880
pow_14,"torch.Size([1, 35, 8192])",torch.float32,1146880
mean_13,"torch.Size([1, 35, 1])",torch.float32,140
add_119,"torch.Size([1, 35, 1])",torch.float32,140
rsqrt_13,"torch.Size([1, 35, 1])",torch.float32,140
mul_79,"torch.Size([1, 35, 8192])",torch.float32,1146880
_to_copy_35,"torch.Size([1, 35, 8192])",torch.bfloat16,573440
mul_80,"torch.Size([1, 35, 8192])",torch.bfloat16,573440
t_280,"torch.Size([8192, 28672])",torch.bfloat16,469762048
view_774,"torch.Size([35, 8192])",torch.bfloat16,573440
mm_199,"torch.Size([35, 28672])",torch.bfloat16,2007040
view_775,"torch.Size([1, 35, 28672])",torch.bfloat16,2007040
silu_5,"torch.Size([1, 35, 28672])",torch.bfloat16,2007040
t_281,"torch.Size([8192, 28672])",torch.bfloat16,469762048
view_776,"torch.Size([35, 8192])",torch.bfloat16,573440
mm_200,"torch.Size([35, 28672])",torch.bfloat16,2007040
view_777,"torch.Size([1, 35, 28672])",torch.bfloat16,2007040
mul_81,"torch.Size([1, 35, 28672])",torch.bfloat16,2007040
t_282,"torch.Size([28672, 8192])",torch.bfloat16,469762048
view_778,"torch.Size([35, 28672])",torch.bfloat16,2007040
mm_201,"torch.Size([35, 8192])",torch.bfloat16,573440
view_779,"torch.Size([1, 35, 8192])",torch.bfloat16,573440
add_120,"torch.Size([1, 35, 8192])",torch.bfloat16,573440
_to_copy_36,"torch.Size([1, 35, 8192])",torch.float32,1146880
pow_15,"torch.Size([1, 35, 8192])",torch.float32,1146880
mean_14,"torch.Size([1, 35, 1])",torch.float32,140
add_121,"torch.Size([1, 35, 1])",torch.float32,140
rsqrt_14,"torch.Size([1, 35, 1])",torch.float32,140
mul_82,"torch.Size([1, 35, 8192])",torch.float32,1146880
_to_copy_37,"torch.Size([1, 35, 8192])",torch.bfloat16,573440
mul_83,"torch.Size([1, 35, 8192])",torch.bfloat16,573440
t_283,"torch.Size([8192, 8192])",torch.bfloat16,134217728
view_780,"torch.Size([35, 8192])",torch.bfloat16,573440
mm_202,"torch.Size([35, 8192])",torch.bfloat16,573440
view_781,"torch.Size([1, 35, 8192])",torch.bfloat16,573440
t_284,"torch.Size([8192, 1024])",torch.bfloat16,16777216
view_782,"torch.Size([35, 8192])",torch.bfloat16,573440
mm_203,"torch.Size([35, 1024])",torch.bfloat16,71680
view_783,"torch.Size([1, 35, 1024])",torch.bfloat16,71680
t_285,"torch.Size([8192, 1024])",torch.bfloat16,16777216
view_784,"torch.Size([35, 8192])",torch.bfloat16,573440
mm_204,"torch.Size([35, 1024])",torch.bfloat16,71680
view_785,"torch.Size([1, 35, 1024])",torch.bfloat16,71680
view_786,"torch.Size([1, 35, 64, 128])",torch.bfloat16,573440
transpose_187,"torch.Size([1, 64, 35, 128])",torch.bfloat16,573440
view_787,"torch.Size([1, 35, 8, 128])",torch.bfloat16,71680
transpose_188,"torch.Size([1, 8, 35, 128])",torch.bfloat16,71680
view_788,"torch.Size([1, 35, 8, 128])",torch.bfloat16,71680
transpose_189,"torch.Size([1, 8, 35, 128])",torch.bfloat16,71680
unsqueeze_35,"torch.Size([1, 1, 35, 128])",torch.bfloat16,8960
unsqueeze_36,"torch.Size([1, 1, 35, 128])",torch.bfloat16,8960
mul_84,"torch.Size([1, 64, 35, 128])",torch.bfloat16,573440
slice_143,"torch.Size([1, 64, 35, 64])",torch.bfloat16,286720
slice_144,"torch.Size([1, 64, 35, 64])",torch.bfloat16,286720
neg_10,"torch.Size([1, 64, 35, 64])",torch.bfloat16,286720
cat_13,"torch.Size([1, 64, 35, 128])",torch.bfloat16,573440
mul_85,"torch.Size([1, 64, 35, 128])",torch.bfloat16,573440
add_122,"torch.Size([1, 64, 35, 128])",torch.bfloat16,573440
mul_86,"torch.Size([1, 8, 35, 128])",torch.bfloat16,71680
slice_145,"torch.Size([1, 8, 35, 64])",torch.bfloat16,35840
slice_146,"torch.Size([1, 8, 35, 64])",torch.bfloat16,35840
neg_11,"torch.Size([1, 8, 35, 64])",torch.bfloat16,35840
cat_14,"torch.Size([1, 8, 35, 128])",torch.bfloat16,71680
mul_87,"torch.Size([1, 8, 35, 128])",torch.bfloat16,71680
add_123,"torch.Size([1, 8, 35, 128])",torch.bfloat16,71680
slice_147,"torch.Size([1, 8, 35, 128])",torch.bfloat16,71680
slice_148,"torch.Size([1, 8, 35, 128])",torch.bfloat16,71680
unsqueeze_37,"torch.Size([1, 8, 1, 35, 128])",torch.bfloat16,71680
slice_149,"torch.Size([1, 8, 1, 35, 128])",torch.bfloat16,71680
slice_150,"torch.Size([1, 8, 1, 35, 128])",torch.bfloat16,71680
expand_21,"torch.Size([1, 8, 8, 35, 128])",torch.bfloat16,573440
clone_14,"torch.Size([1, 8, 8, 35, 128])",torch.bfloat16,573440
_unsafe_view_12,"torch.Size([1, 64, 35, 128])",torch.bfloat16,573440
slice_151,"torch.Size([1, 8, 35, 128])",torch.bfloat16,71680
slice_152,"torch.Size([1, 8, 35, 128])",torch.bfloat16,71680
unsqueeze_38,"torch.Size([1, 8, 1, 35, 128])",torch.bfloat16,71680
slice_153,"torch.Size([1, 8, 1, 35, 128])",torch.bfloat16,71680
slice_154,"torch.Size([1, 8, 1, 35, 128])",torch.bfloat16,71680
expand_22,"torch.Size([1, 8, 8, 35, 128])",torch.bfloat16,573440
clone_15,"torch.Size([1, 8, 8, 35, 128])",torch.bfloat16,573440
_unsafe_view_13,"torch.Size([1, 64, 35, 128])",torch.bfloat16,573440
slice_158,"torch.Size([1, 1, 35, 35])",torch.bfloat16,2450
slice_159,"torch.Size([1, 1, 35, 35])",torch.bfloat16,2450
slice_160,"torch.Size([1, 1, 35, 35])",torch.bfloat16,2450
getitem_338,"torch.Size([1, 64, 35, 128])",torch.bfloat16,573440
transpose_190,"torch.Size([1, 35, 64, 128])",torch.bfloat16,573440
view_789,"torch.Size([1, 35, 8192])",torch.bfloat16,573440
t_286,"torch.Size([8192, 8192])",torch.bfloat16,134217728
view_790,"torch.Size([35, 8192])",torch.bfloat16,573440
mm_205,"torch.Size([35, 8192])",torch.bfloat16,573440
view_791,"torch.Size([1, 35, 8192])",torch.bfloat16,573440
add_124,"torch.Size([1, 35, 8192])",torch.bfloat16,573440
_to_copy_38,"torch.Size([1, 35, 8192])",torch.float32,1146880
pow_16,"torch.Size([1, 35, 8192])",torch.float32,1146880
mean_15,"torch.Size([1, 35, 1])",torch.float32,140
add_125,"torch.Size([1, 35, 1])",torch.float32,140
rsqrt_15,"torch.Size([1, 35, 1])",torch.float32,140
mul_88,"torch.Size([1, 35, 8192])",torch.float32,1146880
_to_copy_39,"torch.Size([1, 35, 8192])",torch.bfloat16,573440
mul_89,"torch.Size([1, 35, 8192])",torch.bfloat16,573440
t_287,"torch.Size([8192, 28672])",torch.bfloat16,469762048
view_792,"torch.Size([35, 8192])",torch.bfloat16,573440
mm_206,"torch.Size([35, 28672])",torch.bfloat16,2007040
view_793,"torch.Size([1, 35, 28672])",torch.bfloat16,2007040
silu_6,"torch.Size([1, 35, 28672])",torch.bfloat16,2007040
t_288,"torch.Size([8192, 28672])",torch.bfloat16,469762048
view_794,"torch.Size([35, 8192])",torch.bfloat16,573440
mm_207,"torch.Size([35, 28672])",torch.bfloat16,2007040
view_795,"torch.Size([1, 35, 28672])",torch.bfloat16,2007040
mul_90,"torch.Size([1, 35, 28672])",torch.bfloat16,2007040
t_289,"torch.Size([28672, 8192])",torch.bfloat16,469762048
view_796,"torch.Size([35, 28672])",torch.bfloat16,2007040
mm_208,"torch.Size([35, 8192])",torch.bfloat16,573440
view_797,"torch.Size([1, 35, 8192])",torch.bfloat16,573440
add_126,"torch.Size([1, 35, 8192])",torch.bfloat16,573440
_to_copy_40,"torch.Size([1, 35, 8192])",torch.float32,1146880
pow_17,"torch.Size([1, 35, 8192])",torch.float32,1146880
mean_16,"torch.Size([1, 35, 1])",torch.float32,140
add_127,"torch.Size([1, 35, 1])",torch.float32,140
rsqrt_16,"torch.Size([1, 35, 1])",torch.float32,140
mul_91,"torch.Size([1, 35, 8192])",torch.float32,1146880
_to_copy_41,"torch.Size([1, 35, 8192])",torch.bfloat16,573440
mul_92,"torch.Size([1, 35, 8192])",torch.bfloat16,573440
t_290,"torch.Size([8192, 8192])",torch.bfloat16,134217728
view_798,"torch.Size([35, 8192])",torch.bfloat16,573440
mm_209,"torch.Size([35, 8192])",torch.bfloat16,573440
view_799,"torch.Size([1, 35, 8192])",torch.bfloat16,573440
t_291,"torch.Size([8192, 1024])",torch.bfloat16,16777216
view_800,"torch.Size([35, 8192])",torch.bfloat16,573440
mm_210,"torch.Size([35, 1024])",torch.bfloat16,71680
view_801,"torch.Size([1, 35, 1024])",torch.bfloat16,71680
t_292,"torch.Size([8192, 1024])",torch.bfloat16,16777216
view_802,"torch.Size([35, 8192])",torch.bfloat16,573440
mm_211,"torch.Size([35, 1024])",torch.bfloat16,71680
view_803,"torch.Size([1, 35, 1024])",torch.bfloat16,71680
view_804,"torch.Size([1, 35, 64, 128])",torch.bfloat16,573440
transpose_191,"torch.Size([1, 64, 35, 128])",torch.bfloat16,573440
view_805,"torch.Size([1, 35, 8, 128])",torch.bfloat16,71680
transpose_192,"torch.Size([1, 8, 35, 128])",torch.bfloat16,71680
view_806,"torch.Size([1, 35, 8, 128])",torch.bfloat16,71680
transpose_193,"torch.Size([1, 8, 35, 128])",torch.bfloat16,71680
unsqueeze_39,"torch.Size([1, 1, 35, 128])",torch.bfloat16,8960
unsqueeze_40,"torch.Size([1, 1, 35, 128])",torch.bfloat16,8960
mul_93,"torch.Size([1, 64, 35, 128])",torch.bfloat16,573440
slice_161,"torch.Size([1, 64, 35, 64])",torch.bfloat16,286720
slice_162,"torch.Size([1, 64, 35, 64])",torch.bfloat16,286720
neg_12,"torch.Size([1, 64, 35, 64])",torch.bfloat16,286720
cat_15,"torch.Size([1, 64, 35, 128])",torch.bfloat16,573440
mul_94,"torch.Size([1, 64, 35, 128])",torch.bfloat16,573440
add_128,"torch.Size([1, 64, 35, 128])",torch.bfloat16,573440
mul_95,"torch.Size([1, 8, 35, 128])",torch.bfloat16,71680
slice_163,"torch.Size([1, 8, 35, 64])",torch.bfloat16,35840
slice_164,"torch.Size([1, 8, 35, 64])",torch.bfloat16,35840
neg_13,"torch.Size([1, 8, 35, 64])",torch.bfloat16,35840
cat_16,"torch.Size([1, 8, 35, 128])",torch.bfloat16,71680
mul_96,"torch.Size([1, 8, 35, 128])",torch.bfloat16,71680
add_129,"torch.Size([1, 8, 35, 128])",torch.bfloat16,71680
slice_165,"torch.Size([1, 8, 35, 128])",torch.bfloat16,71680
slice_166,"torch.Size([1, 8, 35, 128])",torch.bfloat16,71680
unsqueeze_41,"torch.Size([1, 8, 1, 35, 128])",torch.bfloat16,71680
slice_167,"torch.Size([1, 8, 1, 35, 128])",torch.bfloat16,71680
slice_168,"torch.Size([1, 8, 1, 35, 128])",torch.bfloat16,71680
expand_23,"torch.Size([1, 8, 8, 35, 128])",torch.bfloat16,573440
clone_16,"torch.Size([1, 8, 8, 35, 128])",torch.bfloat16,573440
_unsafe_view_14,"torch.Size([1, 64, 35, 128])",torch.bfloat16,573440
slice_169,"torch.Size([1, 8, 35, 128])",torch.bfloat16,71680
slice_170,"torch.Size([1, 8, 35, 128])",torch.bfloat16,71680
unsqueeze_42,"torch.Size([1, 8, 1, 35, 128])",torch.bfloat16,71680
slice_171,"torch.Size([1, 8, 1, 35, 128])",torch.bfloat16,71680
slice_172,"torch.Size([1, 8, 1, 35, 128])",torch.bfloat16,71680
expand_24,"torch.Size([1, 8, 8, 35, 128])",torch.bfloat16,573440
clone_17,"torch.Size([1, 8, 8, 35, 128])",torch.bfloat16,573440
_unsafe_view_15,"torch.Size([1, 64, 35, 128])",torch.bfloat16,573440
slice_176,"torch.Size([1, 1, 35, 35])",torch.bfloat16,2450
slice_177,"torch.Size([1, 1, 35, 35])",torch.bfloat16,2450
slice_178,"torch.Size([1, 1, 35, 35])",torch.bfloat16,2450
getitem_340,"torch.Size([1, 64, 35, 128])",torch.bfloat16,573440
transpose_194,"torch.Size([1, 35, 64, 128])",torch.bfloat16,573440
view_807,"torch.Size([1, 35, 8192])",torch.bfloat16,573440
t_293,"torch.Size([8192, 8192])",torch.bfloat16,134217728
view_808,"torch.Size([35, 8192])",torch.bfloat16,573440
mm_212,"torch.Size([35, 8192])",torch.bfloat16,573440
view_809,"torch.Size([1, 35, 8192])",torch.bfloat16,573440
add_130,"torch.Size([1, 35, 8192])",torch.bfloat16,573440
_to_copy_42,"torch.Size([1, 35, 8192])",torch.float32,1146880
pow_18,"torch.Size([1, 35, 8192])",torch.float32,1146880
mean_17,"torch.Size([1, 35, 1])",torch.float32,140
add_131,"torch.Size([1, 35, 1])",torch.float32,140
rsqrt_17,"torch.Size([1, 35, 1])",torch.float32,140
mul_97,"torch.Size([1, 35, 8192])",torch.float32,1146880
_to_copy_43,"torch.Size([1, 35, 8192])",torch.bfloat16,573440
mul_98,"torch.Size([1, 35, 8192])",torch.bfloat16,573440
t_294,"torch.Size([8192, 28672])",torch.bfloat16,469762048
view_810,"torch.Size([35, 8192])",torch.bfloat16,573440
mm_213,"torch.Size([35, 28672])",torch.bfloat16,2007040
view_811,"torch.Size([1, 35, 28672])",torch.bfloat16,2007040
silu_7,"torch.Size([1, 35, 28672])",torch.bfloat16,2007040
t_295,"torch.Size([8192, 28672])",torch.bfloat16,469762048
view_812,"torch.Size([35, 8192])",torch.bfloat16,573440
mm_214,"torch.Size([35, 28672])",torch.bfloat16,2007040
view_813,"torch.Size([1, 35, 28672])",torch.bfloat16,2007040
mul_99,"torch.Size([1, 35, 28672])",torch.bfloat16,2007040
t_296,"torch.Size([28672, 8192])",torch.bfloat16,469762048
view_814,"torch.Size([35, 28672])",torch.bfloat16,2007040
mm_215,"torch.Size([35, 8192])",torch.bfloat16,573440
view_815,"torch.Size([1, 35, 8192])",torch.bfloat16,573440
add_132,"torch.Size([1, 35, 8192])",torch.bfloat16,573440
_to_copy_44,"torch.Size([1, 35, 8192])",torch.float32,1146880
pow_19,"torch.Size([1, 35, 8192])",torch.float32,1146880
mean_18,"torch.Size([1, 35, 1])",torch.float32,140
add_133,"torch.Size([1, 35, 1])",torch.float32,140
rsqrt_18,"torch.Size([1, 35, 1])",torch.float32,140
mul_100,"torch.Size([1, 35, 8192])",torch.float32,1146880
_to_copy_45,"torch.Size([1, 35, 8192])",torch.bfloat16,573440
mul_101,"torch.Size([1, 35, 8192])",torch.bfloat16,573440
t_297,"torch.Size([8192, 8192])",torch.bfloat16,134217728
view_816,"torch.Size([35, 8192])",torch.bfloat16,573440
mm_216,"torch.Size([35, 8192])",torch.bfloat16,573440
view_817,"torch.Size([1, 35, 8192])",torch.bfloat16,573440
view_818,"torch.Size([1, 35, 64, 128])",torch.bfloat16,573440
transpose_195,"torch.Size([1, 64, 35, 128])",torch.bfloat16,573440
_to_copy_46,"torch.Size([1, 64, 35, 128])",torch.float32,1146880
pow_20,"torch.Size([1, 64, 35, 128])",torch.float32,1146880
mean_19,"torch.Size([1, 64, 35, 1])",torch.float32,8960
add_134,"torch.Size([1, 64, 35, 1])",torch.float32,8960
rsqrt_19,"torch.Size([1, 64, 35, 1])",torch.float32,8960
mul_102,"torch.Size([1, 64, 35, 128])",torch.float32,1146880
_to_copy_47,"torch.Size([1, 64, 35, 128])",torch.bfloat16,573440
mul_103,"torch.Size([1, 64, 35, 128])",torch.bfloat16,573440
t_298,"torch.Size([8192, 1024])",torch.bfloat16,16777216
view_819,"torch.Size([6404, 8192])",torch.bfloat16,104923136
mm_217,"torch.Size([6404, 1024])",torch.bfloat16,13115392
view_820,"torch.Size([4, 1601, 1024])",torch.bfloat16,13115392
t_299,"torch.Size([8192, 1024])",torch.bfloat16,16777216
view_821,"torch.Size([6404, 8192])",torch.bfloat16,104923136
mm_218,"torch.Size([6404, 1024])",torch.bfloat16,13115392
view_822,"torch.Size([4, 1601, 1024])",torch.bfloat16,13115392
view_823,"torch.Size([1, 6404, 8, 128])",torch.bfloat16,13115392
transpose_196,"torch.Size([1, 8, 6404, 128])",torch.bfloat16,13115392
view_824,"torch.Size([1, 6404, 8, 128])",torch.bfloat16,13115392
transpose_197,"torch.Size([1, 8, 6404, 128])",torch.bfloat16,13115392
slice_179,"torch.Size([1, 8, 6404, 128])",torch.bfloat16,13115392
slice_180,"torch.Size([1, 8, 6404, 128])",torch.bfloat16,13115392
unsqueeze_43,"torch.Size([1, 8, 1, 6404, 128])",torch.bfloat16,13115392
slice_181,"torch.Size([1, 8, 1, 6404, 128])",torch.bfloat16,13115392
slice_182,"torch.Size([1, 8, 1, 6404, 128])",torch.bfloat16,13115392
expand_25,"torch.Size([1, 8, 8, 6404, 128])",torch.bfloat16,104923136
clone_18,"torch.Size([1, 8, 8, 6404, 128])",torch.bfloat16,104923136
_unsafe_view_16,"torch.Size([1, 64, 6404, 128])",torch.bfloat16,104923136
slice_183,"torch.Size([1, 8, 6404, 128])",torch.bfloat16,13115392
slice_184,"torch.Size([1, 8, 6404, 128])",torch.bfloat16,13115392
unsqueeze_44,"torch.Size([1, 8, 1, 6404, 128])",torch.bfloat16,13115392
slice_185,"torch.Size([1, 8, 1, 6404, 128])",torch.bfloat16,13115392
slice_186,"torch.Size([1, 8, 1, 6404, 128])",torch.bfloat16,13115392
expand_26,"torch.Size([1, 8, 8, 6404, 128])",torch.bfloat16,104923136
clone_19,"torch.Size([1, 8, 8, 6404, 128])",torch.bfloat16,104923136
_unsafe_view_17,"torch.Size([1, 64, 6404, 128])",torch.bfloat16,104923136
_to_copy_48,"torch.Size([1, 64, 6404, 128])",torch.float32,209846272
pow_21,"torch.Size([1, 64, 6404, 128])",torch.float32,209846272
mean_20,"torch.Size([1, 64, 6404, 1])",torch.float32,1639424
add_135,"torch.Size([1, 64, 6404, 1])",torch.float32,1639424
rsqrt_20,"torch.Size([1, 64, 6404, 1])",torch.float32,1639424
mul_104,"torch.Size([1, 64, 6404, 128])",torch.float32,209846272
_to_copy_49,"torch.Size([1, 64, 6404, 128])",torch.bfloat16,104923136
mul_105,"torch.Size([1, 64, 6404, 128])",torch.bfloat16,104923136
getitem_342,"torch.Size([1, 64, 35, 128])",torch.bfloat16,573440
transpose_198,"torch.Size([1, 35, 64, 128])",torch.bfloat16,573440
view_825,"torch.Size([1, 35, 8192])",torch.bfloat16,573440
t_300,"torch.Size([8192, 8192])",torch.bfloat16,134217728
view_826,"torch.Size([35, 8192])",torch.bfloat16,573440
mm_219,"torch.Size([35, 8192])",torch.bfloat16,573440
view_827,"torch.Size([1, 35, 8192])",torch.bfloat16,573440
tanh_22,torch.Size([1]),torch.bfloat16,2
mul_106,"torch.Size([1, 35, 8192])",torch.bfloat16,573440
add_136,"torch.Size([1, 35, 8192])",torch.bfloat16,573440
_to_copy_50,"torch.Size([1, 35, 8192])",torch.float32,1146880
pow_22,"torch.Size([1, 35, 8192])",torch.float32,1146880
mean_21,"torch.Size([1, 35, 1])",torch.float32,140
add_137,"torch.Size([1, 35, 1])",torch.float32,140
rsqrt_21,"torch.Size([1, 35, 1])",torch.float32,140
mul_107,"torch.Size([1, 35, 8192])",torch.float32,1146880
_to_copy_51,"torch.Size([1, 35, 8192])",torch.bfloat16,573440
mul_108,"torch.Size([1, 35, 8192])",torch.bfloat16,573440
t_301,"torch.Size([8192, 28672])",torch.bfloat16,469762048
view_828,"torch.Size([35, 8192])",torch.bfloat16,573440
mm_220,"torch.Size([35, 28672])",torch.bfloat16,2007040
view_829,"torch.Size([1, 35, 28672])",torch.bfloat16,2007040
silu_8,"torch.Size([1, 35, 28672])",torch.bfloat16,2007040
t_302,"torch.Size([8192, 28672])",torch.bfloat16,469762048
view_830,"torch.Size([35, 8192])",torch.bfloat16,573440
mm_221,"torch.Size([35, 28672])",torch.bfloat16,2007040
view_831,"torch.Size([1, 35, 28672])",torch.bfloat16,2007040
mul_109,"torch.Size([1, 35, 28672])",torch.bfloat16,2007040
t_303,"torch.Size([28672, 8192])",torch.bfloat16,469762048
view_832,"torch.Size([35, 28672])",torch.bfloat16,2007040
mm_222,"torch.Size([35, 8192])",torch.bfloat16,573440
view_833,"torch.Size([1, 35, 8192])",torch.bfloat16,573440
slice_187,"torch.Size([1, 1, 35, 1])",torch.bfloat16,70
select_1,"torch.Size([1, 35, 1])",torch.bfloat16,70
mul_110,"torch.Size([1, 35, 8192])",torch.bfloat16,573440
tanh_23,torch.Size([1]),torch.bfloat16,2
mul_111,"torch.Size([1, 35, 8192])",torch.bfloat16,573440
add_138,"torch.Size([1, 35, 8192])",torch.bfloat16,573440
_to_copy_52,"torch.Size([1, 35, 8192])",torch.float32,1146880
pow_23,"torch.Size([1, 35, 8192])",torch.float32,1146880
mean_22,"torch.Size([1, 35, 1])",torch.float32,140
add_139,"torch.Size([1, 35, 1])",torch.float32,140
rsqrt_22,"torch.Size([1, 35, 1])",torch.float32,140
mul_112,"torch.Size([1, 35, 8192])",torch.float32,1146880
_to_copy_53,"torch.Size([1, 35, 8192])",torch.bfloat16,573440
mul_113,"torch.Size([1, 35, 8192])",torch.bfloat16,573440
t_304,"torch.Size([8192, 8192])",torch.bfloat16,134217728
view_834,"torch.Size([35, 8192])",torch.bfloat16,573440
mm_223,"torch.Size([35, 8192])",torch.bfloat16,573440
view_835,"torch.Size([1, 35, 8192])",torch.bfloat16,573440
t_305,"torch.Size([8192, 1024])",torch.bfloat16,16777216
view_836,"torch.Size([35, 8192])",torch.bfloat16,573440
mm_224,"torch.Size([35, 1024])",torch.bfloat16,71680
view_837,"torch.Size([1, 35, 1024])",torch.bfloat16,71680
t_306,"torch.Size([8192, 1024])",torch.bfloat16,16777216
view_838,"torch.Size([35, 8192])",torch.bfloat16,573440
mm_225,"torch.Size([35, 1024])",torch.bfloat16,71680
view_839,"torch.Size([1, 35, 1024])",torch.bfloat16,71680
view_840,"torch.Size([1, 35, 64, 128])",torch.bfloat16,573440
transpose_199,"torch.Size([1, 64, 35, 128])",torch.bfloat16,573440
view_841,"torch.Size([1, 35, 8, 128])",torch.bfloat16,71680
transpose_200,"torch.Size([1, 8, 35, 128])",torch.bfloat16,71680
view_842,"torch.Size([1, 35, 8, 128])",torch.bfloat16,71680
transpose_201,"torch.Size([1, 8, 35, 128])",torch.bfloat16,71680
unsqueeze_45,"torch.Size([1, 1, 35, 128])",torch.bfloat16,8960
unsqueeze_46,"torch.Size([1, 1, 35, 128])",torch.bfloat16,8960
mul_114,"torch.Size([1, 64, 35, 128])",torch.bfloat16,573440
slice_188,"torch.Size([1, 64, 35, 64])",torch.bfloat16,286720
slice_189,"torch.Size([1, 64, 35, 64])",torch.bfloat16,286720
neg_14,"torch.Size([1, 64, 35, 64])",torch.bfloat16,286720
cat_17,"torch.Size([1, 64, 35, 128])",torch.bfloat16,573440
mul_115,"torch.Size([1, 64, 35, 128])",torch.bfloat16,573440
add_140,"torch.Size([1, 64, 35, 128])",torch.bfloat16,573440
mul_116,"torch.Size([1, 8, 35, 128])",torch.bfloat16,71680
slice_190,"torch.Size([1, 8, 35, 64])",torch.bfloat16,35840
slice_191,"torch.Size([1, 8, 35, 64])",torch.bfloat16,35840
neg_15,"torch.Size([1, 8, 35, 64])",torch.bfloat16,35840
cat_18,"torch.Size([1, 8, 35, 128])",torch.bfloat16,71680
mul_117,"torch.Size([1, 8, 35, 128])",torch.bfloat16,71680
add_141,"torch.Size([1, 8, 35, 128])",torch.bfloat16,71680
slice_192,"torch.Size([1, 8, 35, 128])",torch.bfloat16,71680
slice_193,"torch.Size([1, 8, 35, 128])",torch.bfloat16,71680
unsqueeze_47,"torch.Size([1, 8, 1, 35, 128])",torch.bfloat16,71680
slice_194,"torch.Size([1, 8, 1, 35, 128])",torch.bfloat16,71680
slice_195,"torch.Size([1, 8, 1, 35, 128])",torch.bfloat16,71680
expand_27,"torch.Size([1, 8, 8, 35, 128])",torch.bfloat16,573440
clone_20,"torch.Size([1, 8, 8, 35, 128])",torch.bfloat16,573440
_unsafe_view_18,"torch.Size([1, 64, 35, 128])",torch.bfloat16,573440
slice_196,"torch.Size([1, 8, 35, 128])",torch.bfloat16,71680
slice_197,"torch.Size([1, 8, 35, 128])",torch.bfloat16,71680
unsqueeze_48,"torch.Size([1, 8, 1, 35, 128])",torch.bfloat16,71680
slice_198,"torch.Size([1, 8, 1, 35, 128])",torch.bfloat16,71680
slice_199,"torch.Size([1, 8, 1, 35, 128])",torch.bfloat16,71680
expand_28,"torch.Size([1, 8, 8, 35, 128])",torch.bfloat16,573440
clone_21,"torch.Size([1, 8, 8, 35, 128])",torch.bfloat16,573440
_unsafe_view_19,"torch.Size([1, 64, 35, 128])",torch.bfloat16,573440
slice_203,"torch.Size([1, 1, 35, 35])",torch.bfloat16,2450
slice_204,"torch.Size([1, 1, 35, 35])",torch.bfloat16,2450
slice_205,"torch.Size([1, 1, 35, 35])",torch.bfloat16,2450
getitem_344,"torch.Size([1, 64, 35, 128])",torch.bfloat16,573440
transpose_202,"torch.Size([1, 35, 64, 128])",torch.bfloat16,573440
view_843,"torch.Size([1, 35, 8192])",torch.bfloat16,573440
t_307,"torch.Size([8192, 8192])",torch.bfloat16,134217728
view_844,"torch.Size([35, 8192])",torch.bfloat16,573440
mm_226,"torch.Size([35, 8192])",torch.bfloat16,573440
view_845,"torch.Size([1, 35, 8192])",torch.bfloat16,573440
add_142,"torch.Size([1, 35, 8192])",torch.bfloat16,573440
_to_copy_54,"torch.Size([1, 35, 8192])",torch.float32,1146880
pow_24,"torch.Size([1, 35, 8192])",torch.float32,1146880
mean_23,"torch.Size([1, 35, 1])",torch.float32,140
add_143,"torch.Size([1, 35, 1])",torch.float32,140
rsqrt_23,"torch.Size([1, 35, 1])",torch.float32,140
mul_118,"torch.Size([1, 35, 8192])",torch.float32,1146880
_to_copy_55,"torch.Size([1, 35, 8192])",torch.bfloat16,573440
mul_119,"torch.Size([1, 35, 8192])",torch.bfloat16,573440
t_308,"torch.Size([8192, 28672])",torch.bfloat16,469762048
view_846,"torch.Size([35, 8192])",torch.bfloat16,573440
mm_227,"torch.Size([35, 28672])",torch.bfloat16,2007040
view_847,"torch.Size([1, 35, 28672])",torch.bfloat16,2007040
silu_9,"torch.Size([1, 35, 28672])",torch.bfloat16,2007040
t_309,"torch.Size([8192, 28672])",torch.bfloat16,469762048
view_848,"torch.Size([35, 8192])",torch.bfloat16,573440
mm_228,"torch.Size([35, 28672])",torch.bfloat16,2007040
view_849,"torch.Size([1, 35, 28672])",torch.bfloat16,2007040
mul_120,"torch.Size([1, 35, 28672])",torch.bfloat16,2007040
t_310,"torch.Size([28672, 8192])",torch.bfloat16,469762048
view_850,"torch.Size([35, 28672])",torch.bfloat16,2007040
mm_229,"torch.Size([35, 8192])",torch.bfloat16,573440
view_851,"torch.Size([1, 35, 8192])",torch.bfloat16,573440
add_144,"torch.Size([1, 35, 8192])",torch.bfloat16,573440
_to_copy_56,"torch.Size([1, 35, 8192])",torch.float32,1146880
pow_25,"torch.Size([1, 35, 8192])",torch.float32,1146880
mean_24,"torch.Size([1, 35, 1])",torch.float32,140
add_145,"torch.Size([1, 35, 1])",torch.float32,140
rsqrt_24,"torch.Size([1, 35, 1])",torch.float32,140
mul_121,"torch.Size([1, 35, 8192])",torch.float32,1146880
_to_copy_57,"torch.Size([1, 35, 8192])",torch.bfloat16,573440
mul_122,"torch.Size([1, 35, 8192])",torch.bfloat16,573440
t_311,"torch.Size([8192, 8192])",torch.bfloat16,134217728
view_852,"torch.Size([35, 8192])",torch.bfloat16,573440
mm_230,"torch.Size([35, 8192])",torch.bfloat16,573440
view_853,"torch.Size([1, 35, 8192])",torch.bfloat16,573440
t_312,"torch.Size([8192, 1024])",torch.bfloat16,16777216
view_854,"torch.Size([35, 8192])",torch.bfloat16,573440
mm_231,"torch.Size([35, 1024])",torch.bfloat16,71680
view_855,"torch.Size([1, 35, 1024])",torch.bfloat16,71680
t_313,"torch.Size([8192, 1024])",torch.bfloat16,16777216
view_856,"torch.Size([35, 8192])",torch.bfloat16,573440
mm_232,"torch.Size([35, 1024])",torch.bfloat16,71680
view_857,"torch.Size([1, 35, 1024])",torch.bfloat16,71680
view_858,"torch.Size([1, 35, 64, 128])",torch.bfloat16,573440
transpose_203,"torch.Size([1, 64, 35, 128])",torch.bfloat16,573440
view_859,"torch.Size([1, 35, 8, 128])",torch.bfloat16,71680
transpose_204,"torch.Size([1, 8, 35, 128])",torch.bfloat16,71680
view_860,"torch.Size([1, 35, 8, 128])",torch.bfloat16,71680
transpose_205,"torch.Size([1, 8, 35, 128])",torch.bfloat16,71680
unsqueeze_49,"torch.Size([1, 1, 35, 128])",torch.bfloat16,8960
unsqueeze_50,"torch.Size([1, 1, 35, 128])",torch.bfloat16,8960
mul_123,"torch.Size([1, 64, 35, 128])",torch.bfloat16,573440
slice_206,"torch.Size([1, 64, 35, 64])",torch.bfloat16,286720
slice_207,"torch.Size([1, 64, 35, 64])",torch.bfloat16,286720
neg_16,"torch.Size([1, 64, 35, 64])",torch.bfloat16,286720
cat_19,"torch.Size([1, 64, 35, 128])",torch.bfloat16,573440
mul_124,"torch.Size([1, 64, 35, 128])",torch.bfloat16,573440
add_146,"torch.Size([1, 64, 35, 128])",torch.bfloat16,573440
mul_125,"torch.Size([1, 8, 35, 128])",torch.bfloat16,71680
slice_208,"torch.Size([1, 8, 35, 64])",torch.bfloat16,35840
slice_209,"torch.Size([1, 8, 35, 64])",torch.bfloat16,35840
neg_17,"torch.Size([1, 8, 35, 64])",torch.bfloat16,35840
cat_20,"torch.Size([1, 8, 35, 128])",torch.bfloat16,71680
mul_126,"torch.Size([1, 8, 35, 128])",torch.bfloat16,71680
add_147,"torch.Size([1, 8, 35, 128])",torch.bfloat16,71680
slice_210,"torch.Size([1, 8, 35, 128])",torch.bfloat16,71680
slice_211,"torch.Size([1, 8, 35, 128])",torch.bfloat16,71680
unsqueeze_51,"torch.Size([1, 8, 1, 35, 128])",torch.bfloat16,71680
slice_212,"torch.Size([1, 8, 1, 35, 128])",torch.bfloat16,71680
slice_213,"torch.Size([1, 8, 1, 35, 128])",torch.bfloat16,71680
expand_29,"torch.Size([1, 8, 8, 35, 128])",torch.bfloat16,573440
clone_22,"torch.Size([1, 8, 8, 35, 128])",torch.bfloat16,573440
_unsafe_view_20,"torch.Size([1, 64, 35, 128])",torch.bfloat16,573440
slice_214,"torch.Size([1, 8, 35, 128])",torch.bfloat16,71680
slice_215,"torch.Size([1, 8, 35, 128])",torch.bfloat16,71680
unsqueeze_52,"torch.Size([1, 8, 1, 35, 128])",torch.bfloat16,71680
slice_216,"torch.Size([1, 8, 1, 35, 128])",torch.bfloat16,71680
slice_217,"torch.Size([1, 8, 1, 35, 128])",torch.bfloat16,71680
expand_30,"torch.Size([1, 8, 8, 35, 128])",torch.bfloat16,573440
clone_23,"torch.Size([1, 8, 8, 35, 128])",torch.bfloat16,573440
_unsafe_view_21,"torch.Size([1, 64, 35, 128])",torch.bfloat16,573440
slice_221,"torch.Size([1, 1, 35, 35])",torch.bfloat16,2450
slice_222,"torch.Size([1, 1, 35, 35])",torch.bfloat16,2450
slice_223,"torch.Size([1, 1, 35, 35])",torch.bfloat16,2450
getitem_346,"torch.Size([1, 64, 35, 128])",torch.bfloat16,573440
transpose_206,"torch.Size([1, 35, 64, 128])",torch.bfloat16,573440
view_861,"torch.Size([1, 35, 8192])",torch.bfloat16,573440
t_314,"torch.Size([8192, 8192])",torch.bfloat16,134217728
view_862,"torch.Size([35, 8192])",torch.bfloat16,573440
mm_233,"torch.Size([35, 8192])",torch.bfloat16,573440
view_863,"torch.Size([1, 35, 8192])",torch.bfloat16,573440
add_148,"torch.Size([1, 35, 8192])",torch.bfloat16,573440
_to_copy_58,"torch.Size([1, 35, 8192])",torch.float32,1146880
pow_26,"torch.Size([1, 35, 8192])",torch.float32,1146880
mean_25,"torch.Size([1, 35, 1])",torch.float32,140
add_149,"torch.Size([1, 35, 1])",torch.float32,140
rsqrt_25,"torch.Size([1, 35, 1])",torch.float32,140
mul_127,"torch.Size([1, 35, 8192])",torch.float32,1146880
_to_copy_59,"torch.Size([1, 35, 8192])",torch.bfloat16,573440
mul_128,"torch.Size([1, 35, 8192])",torch.bfloat16,573440
t_315,"torch.Size([8192, 28672])",torch.bfloat16,469762048
view_864,"torch.Size([35, 8192])",torch.bfloat16,573440
mm_234,"torch.Size([35, 28672])",torch.bfloat16,2007040
view_865,"torch.Size([1, 35, 28672])",torch.bfloat16,2007040
silu_10,"torch.Size([1, 35, 28672])",torch.bfloat16,2007040
t_316,"torch.Size([8192, 28672])",torch.bfloat16,469762048
view_866,"torch.Size([35, 8192])",torch.bfloat16,573440
mm_235,"torch.Size([35, 28672])",torch.bfloat16,2007040
view_867,"torch.Size([1, 35, 28672])",torch.bfloat16,2007040
mul_129,"torch.Size([1, 35, 28672])",torch.bfloat16,2007040
t_317,"torch.Size([28672, 8192])",torch.bfloat16,469762048
view_868,"torch.Size([35, 28672])",torch.bfloat16,2007040
mm_236,"torch.Size([35, 8192])",torch.bfloat16,573440
view_869,"torch.Size([1, 35, 8192])",torch.bfloat16,573440
add_150,"torch.Size([1, 35, 8192])",torch.bfloat16,573440
_to_copy_60,"torch.Size([1, 35, 8192])",torch.float32,1146880
pow_27,"torch.Size([1, 35, 8192])",torch.float32,1146880
mean_26,"torch.Size([1, 35, 1])",torch.float32,140
add_151,"torch.Size([1, 35, 1])",torch.float32,140
rsqrt_26,"torch.Size([1, 35, 1])",torch.float32,140
mul_130,"torch.Size([1, 35, 8192])",torch.float32,1146880
_to_copy_61,"torch.Size([1, 35, 8192])",torch.bfloat16,573440
mul_131,"torch.Size([1, 35, 8192])",torch.bfloat16,573440
t_318,"torch.Size([8192, 8192])",torch.bfloat16,134217728
view_870,"torch.Size([35, 8192])",torch.bfloat16,573440
mm_237,"torch.Size([35, 8192])",torch.bfloat16,573440
view_871,"torch.Size([1, 35, 8192])",torch.bfloat16,573440
t_319,"torch.Size([8192, 1024])",torch.bfloat16,16777216
view_872,"torch.Size([35, 8192])",torch.bfloat16,573440
mm_238,"torch.Size([35, 1024])",torch.bfloat16,71680
view_873,"torch.Size([1, 35, 1024])",torch.bfloat16,71680
t_320,"torch.Size([8192, 1024])",torch.bfloat16,16777216
view_874,"torch.Size([35, 8192])",torch.bfloat16,573440
mm_239,"torch.Size([35, 1024])",torch.bfloat16,71680
view_875,"torch.Size([1, 35, 1024])",torch.bfloat16,71680
view_876,"torch.Size([1, 35, 64, 128])",torch.bfloat16,573440
transpose_207,"torch.Size([1, 64, 35, 128])",torch.bfloat16,573440
view_877,"torch.Size([1, 35, 8, 128])",torch.bfloat16,71680
transpose_208,"torch.Size([1, 8, 35, 128])",torch.bfloat16,71680
view_878,"torch.Size([1, 35, 8, 128])",torch.bfloat16,71680
transpose_209,"torch.Size([1, 8, 35, 128])",torch.bfloat16,71680
unsqueeze_53,"torch.Size([1, 1, 35, 128])",torch.bfloat16,8960
unsqueeze_54,"torch.Size([1, 1, 35, 128])",torch.bfloat16,8960
mul_132,"torch.Size([1, 64, 35, 128])",torch.bfloat16,573440
slice_224,"torch.Size([1, 64, 35, 64])",torch.bfloat16,286720
slice_225,"torch.Size([1, 64, 35, 64])",torch.bfloat16,286720
neg_18,"torch.Size([1, 64, 35, 64])",torch.bfloat16,286720
cat_21,"torch.Size([1, 64, 35, 128])",torch.bfloat16,573440
mul_133,"torch.Size([1, 64, 35, 128])",torch.bfloat16,573440
add_152,"torch.Size([1, 64, 35, 128])",torch.bfloat16,573440
mul_134,"torch.Size([1, 8, 35, 128])",torch.bfloat16,71680
slice_226,"torch.Size([1, 8, 35, 64])",torch.bfloat16,35840
slice_227,"torch.Size([1, 8, 35, 64])",torch.bfloat16,35840
neg_19,"torch.Size([1, 8, 35, 64])",torch.bfloat16,35840
cat_22,"torch.Size([1, 8, 35, 128])",torch.bfloat16,71680
mul_135,"torch.Size([1, 8, 35, 128])",torch.bfloat16,71680
add_153,"torch.Size([1, 8, 35, 128])",torch.bfloat16,71680
slice_228,"torch.Size([1, 8, 35, 128])",torch.bfloat16,71680
slice_229,"torch.Size([1, 8, 35, 128])",torch.bfloat16,71680
unsqueeze_55,"torch.Size([1, 8, 1, 35, 128])",torch.bfloat16,71680
slice_230,"torch.Size([1, 8, 1, 35, 128])",torch.bfloat16,71680
slice_231,"torch.Size([1, 8, 1, 35, 128])",torch.bfloat16,71680
expand_31,"torch.Size([1, 8, 8, 35, 128])",torch.bfloat16,573440
clone_24,"torch.Size([1, 8, 8, 35, 128])",torch.bfloat16,573440
_unsafe_view_22,"torch.Size([1, 64, 35, 128])",torch.bfloat16,573440
slice_232,"torch.Size([1, 8, 35, 128])",torch.bfloat16,71680
slice_233,"torch.Size([1, 8, 35, 128])",torch.bfloat16,71680
unsqueeze_56,"torch.Size([1, 8, 1, 35, 128])",torch.bfloat16,71680
slice_234,"torch.Size([1, 8, 1, 35, 128])",torch.bfloat16,71680
slice_235,"torch.Size([1, 8, 1, 35, 128])",torch.bfloat16,71680
expand_32,"torch.Size([1, 8, 8, 35, 128])",torch.bfloat16,573440
clone_25,"torch.Size([1, 8, 8, 35, 128])",torch.bfloat16,573440
_unsafe_view_23,"torch.Size([1, 64, 35, 128])",torch.bfloat16,573440
slice_239,"torch.Size([1, 1, 35, 35])",torch.bfloat16,2450
slice_240,"torch.Size([1, 1, 35, 35])",torch.bfloat16,2450
slice_241,"torch.Size([1, 1, 35, 35])",torch.bfloat16,2450
getitem_348,"torch.Size([1, 64, 35, 128])",torch.bfloat16,573440
transpose_210,"torch.Size([1, 35, 64, 128])",torch.bfloat16,573440
view_879,"torch.Size([1, 35, 8192])",torch.bfloat16,573440
t_321,"torch.Size([8192, 8192])",torch.bfloat16,134217728
view_880,"torch.Size([35, 8192])",torch.bfloat16,573440
mm_240,"torch.Size([35, 8192])",torch.bfloat16,573440
view_881,"torch.Size([1, 35, 8192])",torch.bfloat16,573440
add_154,"torch.Size([1, 35, 8192])",torch.bfloat16,573440
_to_copy_62,"torch.Size([1, 35, 8192])",torch.float32,1146880
pow_28,"torch.Size([1, 35, 8192])",torch.float32,1146880
mean_27,"torch.Size([1, 35, 1])",torch.float32,140
add_155,"torch.Size([1, 35, 1])",torch.float32,140
rsqrt_27,"torch.Size([1, 35, 1])",torch.float32,140
mul_136,"torch.Size([1, 35, 8192])",torch.float32,1146880
_to_copy_63,"torch.Size([1, 35, 8192])",torch.bfloat16,573440
mul_137,"torch.Size([1, 35, 8192])",torch.bfloat16,573440
t_322,"torch.Size([8192, 28672])",torch.bfloat16,469762048
view_882,"torch.Size([35, 8192])",torch.bfloat16,573440
mm_241,"torch.Size([35, 28672])",torch.bfloat16,2007040
view_883,"torch.Size([1, 35, 28672])",torch.bfloat16,2007040
silu_11,"torch.Size([1, 35, 28672])",torch.bfloat16,2007040
t_323,"torch.Size([8192, 28672])",torch.bfloat16,469762048
view_884,"torch.Size([35, 8192])",torch.bfloat16,573440
mm_242,"torch.Size([35, 28672])",torch.bfloat16,2007040
view_885,"torch.Size([1, 35, 28672])",torch.bfloat16,2007040
mul_138,"torch.Size([1, 35, 28672])",torch.bfloat16,2007040
t_324,"torch.Size([28672, 8192])",torch.bfloat16,469762048
view_886,"torch.Size([35, 28672])",torch.bfloat16,2007040
mm_243,"torch.Size([35, 8192])",torch.bfloat16,573440
view_887,"torch.Size([1, 35, 8192])",torch.bfloat16,573440
add_156,"torch.Size([1, 35, 8192])",torch.bfloat16,573440
_to_copy_64,"torch.Size([1, 35, 8192])",torch.float32,1146880
pow_29,"torch.Size([1, 35, 8192])",torch.float32,1146880
mean_28,"torch.Size([1, 35, 1])",torch.float32,140
add_157,"torch.Size([1, 35, 1])",torch.float32,140
rsqrt_28,"torch.Size([1, 35, 1])",torch.float32,140
mul_139,"torch.Size([1, 35, 8192])",torch.float32,1146880
_to_copy_65,"torch.Size([1, 35, 8192])",torch.bfloat16,573440
mul_140,"torch.Size([1, 35, 8192])",torch.bfloat16,573440
t_325,"torch.Size([8192, 8192])",torch.bfloat16,134217728
view_888,"torch.Size([35, 8192])",torch.bfloat16,573440
mm_244,"torch.Size([35, 8192])",torch.bfloat16,573440
view_889,"torch.Size([1, 35, 8192])",torch.bfloat16,573440
t_326,"torch.Size([8192, 1024])",torch.bfloat16,16777216
view_890,"torch.Size([35, 8192])",torch.bfloat16,573440
mm_245,"torch.Size([35, 1024])",torch.bfloat16,71680
view_891,"torch.Size([1, 35, 1024])",torch.bfloat16,71680
t_327,"torch.Size([8192, 1024])",torch.bfloat16,16777216
view_892,"torch.Size([35, 8192])",torch.bfloat16,573440
mm_246,"torch.Size([35, 1024])",torch.bfloat16,71680
view_893,"torch.Size([1, 35, 1024])",torch.bfloat16,71680
view_894,"torch.Size([1, 35, 64, 128])",torch.bfloat16,573440
transpose_211,"torch.Size([1, 64, 35, 128])",torch.bfloat16,573440
view_895,"torch.Size([1, 35, 8, 128])",torch.bfloat16,71680
transpose_212,"torch.Size([1, 8, 35, 128])",torch.bfloat16,71680
view_896,"torch.Size([1, 35, 8, 128])",torch.bfloat16,71680
transpose_213,"torch.Size([1, 8, 35, 128])",torch.bfloat16,71680
unsqueeze_57,"torch.Size([1, 1, 35, 128])",torch.bfloat16,8960
unsqueeze_58,"torch.Size([1, 1, 35, 128])",torch.bfloat16,8960
mul_141,"torch.Size([1, 64, 35, 128])",torch.bfloat16,573440
slice_242,"torch.Size([1, 64, 35, 64])",torch.bfloat16,286720
slice_243,"torch.Size([1, 64, 35, 64])",torch.bfloat16,286720
neg_20,"torch.Size([1, 64, 35, 64])",torch.bfloat16,286720
cat_23,"torch.Size([1, 64, 35, 128])",torch.bfloat16,573440
mul_142,"torch.Size([1, 64, 35, 128])",torch.bfloat16,573440
add_158,"torch.Size([1, 64, 35, 128])",torch.bfloat16,573440
mul_143,"torch.Size([1, 8, 35, 128])",torch.bfloat16,71680
slice_244,"torch.Size([1, 8, 35, 64])",torch.bfloat16,35840
slice_245,"torch.Size([1, 8, 35, 64])",torch.bfloat16,35840
neg_21,"torch.Size([1, 8, 35, 64])",torch.bfloat16,35840
cat_24,"torch.Size([1, 8, 35, 128])",torch.bfloat16,71680
mul_144,"torch.Size([1, 8, 35, 128])",torch.bfloat16,71680
add_159,"torch.Size([1, 8, 35, 128])",torch.bfloat16,71680
slice_246,"torch.Size([1, 8, 35, 128])",torch.bfloat16,71680
slice_247,"torch.Size([1, 8, 35, 128])",torch.bfloat16,71680
unsqueeze_59,"torch.Size([1, 8, 1, 35, 128])",torch.bfloat16,71680
slice_248,"torch.Size([1, 8, 1, 35, 128])",torch.bfloat16,71680
slice_249,"torch.Size([1, 8, 1, 35, 128])",torch.bfloat16,71680
expand_33,"torch.Size([1, 8, 8, 35, 128])",torch.bfloat16,573440
clone_26,"torch.Size([1, 8, 8, 35, 128])",torch.bfloat16,573440
_unsafe_view_24,"torch.Size([1, 64, 35, 128])",torch.bfloat16,573440
slice_250,"torch.Size([1, 8, 35, 128])",torch.bfloat16,71680
slice_251,"torch.Size([1, 8, 35, 128])",torch.bfloat16,71680
unsqueeze_60,"torch.Size([1, 8, 1, 35, 128])",torch.bfloat16,71680
slice_252,"torch.Size([1, 8, 1, 35, 128])",torch.bfloat16,71680
slice_253,"torch.Size([1, 8, 1, 35, 128])",torch.bfloat16,71680
expand_34,"torch.Size([1, 8, 8, 35, 128])",torch.bfloat16,573440
clone_27,"torch.Size([1, 8, 8, 35, 128])",torch.bfloat16,573440
_unsafe_view_25,"torch.Size([1, 64, 35, 128])",torch.bfloat16,573440
slice_257,"torch.Size([1, 1, 35, 35])",torch.bfloat16,2450
slice_258,"torch.Size([1, 1, 35, 35])",torch.bfloat16,2450
slice_259,"torch.Size([1, 1, 35, 35])",torch.bfloat16,2450
getitem_350,"torch.Size([1, 64, 35, 128])",torch.bfloat16,573440
transpose_214,"torch.Size([1, 35, 64, 128])",torch.bfloat16,573440
view_897,"torch.Size([1, 35, 8192])",torch.bfloat16,573440
t_328,"torch.Size([8192, 8192])",torch.bfloat16,134217728
view_898,"torch.Size([35, 8192])",torch.bfloat16,573440
mm_247,"torch.Size([35, 8192])",torch.bfloat16,573440
view_899,"torch.Size([1, 35, 8192])",torch.bfloat16,573440
add_160,"torch.Size([1, 35, 8192])",torch.bfloat16,573440
_to_copy_66,"torch.Size([1, 35, 8192])",torch.float32,1146880
pow_30,"torch.Size([1, 35, 8192])",torch.float32,1146880
mean_29,"torch.Size([1, 35, 1])",torch.float32,140
add_161,"torch.Size([1, 35, 1])",torch.float32,140
rsqrt_29,"torch.Size([1, 35, 1])",torch.float32,140
mul_145,"torch.Size([1, 35, 8192])",torch.float32,1146880
_to_copy_67,"torch.Size([1, 35, 8192])",torch.bfloat16,573440
mul_146,"torch.Size([1, 35, 8192])",torch.bfloat16,573440
t_329,"torch.Size([8192, 28672])",torch.bfloat16,469762048
view_900,"torch.Size([35, 8192])",torch.bfloat16,573440
mm_248,"torch.Size([35, 28672])",torch.bfloat16,2007040
view_901,"torch.Size([1, 35, 28672])",torch.bfloat16,2007040
silu_12,"torch.Size([1, 35, 28672])",torch.bfloat16,2007040
t_330,"torch.Size([8192, 28672])",torch.bfloat16,469762048
view_902,"torch.Size([35, 8192])",torch.bfloat16,573440
mm_249,"torch.Size([35, 28672])",torch.bfloat16,2007040
view_903,"torch.Size([1, 35, 28672])",torch.bfloat16,2007040
mul_147,"torch.Size([1, 35, 28672])",torch.bfloat16,2007040
t_331,"torch.Size([28672, 8192])",torch.bfloat16,469762048
view_904,"torch.Size([35, 28672])",torch.bfloat16,2007040
mm_250,"torch.Size([35, 8192])",torch.bfloat16,573440
view_905,"torch.Size([1, 35, 8192])",torch.bfloat16,573440
add_162,"torch.Size([1, 35, 8192])",torch.bfloat16,573440
_to_copy_68,"torch.Size([1, 35, 8192])",torch.float32,1146880
pow_31,"torch.Size([1, 35, 8192])",torch.float32,1146880
mean_30,"torch.Size([1, 35, 1])",torch.float32,140
add_163,"torch.Size([1, 35, 1])",torch.float32,140
rsqrt_30,"torch.Size([1, 35, 1])",torch.float32,140
mul_148,"torch.Size([1, 35, 8192])",torch.float32,1146880
_to_copy_69,"torch.Size([1, 35, 8192])",torch.bfloat16,573440
mul_149,"torch.Size([1, 35, 8192])",torch.bfloat16,573440
t_332,"torch.Size([8192, 8192])",torch.bfloat16,134217728
view_906,"torch.Size([35, 8192])",torch.bfloat16,573440
mm_251,"torch.Size([35, 8192])",torch.bfloat16,573440
view_907,"torch.Size([1, 35, 8192])",torch.bfloat16,573440
view_908,"torch.Size([1, 35, 64, 128])",torch.bfloat16,573440
transpose_215,"torch.Size([1, 64, 35, 128])",torch.bfloat16,573440
_to_copy_70,"torch.Size([1, 64, 35, 128])",torch.float32,1146880
pow_32,"torch.Size([1, 64, 35, 128])",torch.float32,1146880
mean_31,"torch.Size([1, 64, 35, 1])",torch.float32,8960
add_164,"torch.Size([1, 64, 35, 1])",torch.float32,8960
rsqrt_31,"torch.Size([1, 64, 35, 1])",torch.float32,8960
mul_150,"torch.Size([1, 64, 35, 128])",torch.float32,1146880
_to_copy_71,"torch.Size([1, 64, 35, 128])",torch.bfloat16,573440
mul_151,"torch.Size([1, 64, 35, 128])",torch.bfloat16,573440
t_333,"torch.Size([8192, 1024])",torch.bfloat16,16777216
view_909,"torch.Size([6404, 8192])",torch.bfloat16,104923136
mm_252,"torch.Size([6404, 1024])",torch.bfloat16,13115392
view_910,"torch.Size([4, 1601, 1024])",torch.bfloat16,13115392
t_334,"torch.Size([8192, 1024])",torch.bfloat16,16777216
view_911,"torch.Size([6404, 8192])",torch.bfloat16,104923136
mm_253,"torch.Size([6404, 1024])",torch.bfloat16,13115392
view_912,"torch.Size([4, 1601, 1024])",torch.bfloat16,13115392
view_913,"torch.Size([1, 6404, 8, 128])",torch.bfloat16,13115392
transpose_216,"torch.Size([1, 8, 6404, 128])",torch.bfloat16,13115392
view_914,"torch.Size([1, 6404, 8, 128])",torch.bfloat16,13115392
transpose_217,"torch.Size([1, 8, 6404, 128])",torch.bfloat16,13115392
slice_260,"torch.Size([1, 8, 6404, 128])",torch.bfloat16,13115392
slice_261,"torch.Size([1, 8, 6404, 128])",torch.bfloat16,13115392
unsqueeze_61,"torch.Size([1, 8, 1, 6404, 128])",torch.bfloat16,13115392
slice_262,"torch.Size([1, 8, 1, 6404, 128])",torch.bfloat16,13115392
slice_263,"torch.Size([1, 8, 1, 6404, 128])",torch.bfloat16,13115392
expand_35,"torch.Size([1, 8, 8, 6404, 128])",torch.bfloat16,104923136
clone_28,"torch.Size([1, 8, 8, 6404, 128])",torch.bfloat16,104923136
_unsafe_view_26,"torch.Size([1, 64, 6404, 128])",torch.bfloat16,104923136
slice_264,"torch.Size([1, 8, 6404, 128])",torch.bfloat16,13115392
slice_265,"torch.Size([1, 8, 6404, 128])",torch.bfloat16,13115392
unsqueeze_62,"torch.Size([1, 8, 1, 6404, 128])",torch.bfloat16,13115392
slice_266,"torch.Size([1, 8, 1, 6404, 128])",torch.bfloat16,13115392
slice_267,"torch.Size([1, 8, 1, 6404, 128])",torch.bfloat16,13115392
expand_36,"torch.Size([1, 8, 8, 6404, 128])",torch.bfloat16,104923136
clone_29,"torch.Size([1, 8, 8, 6404, 128])",torch.bfloat16,104923136
_unsafe_view_27,"torch.Size([1, 64, 6404, 128])",torch.bfloat16,104923136
_to_copy_72,"torch.Size([1, 64, 6404, 128])",torch.float32,209846272
pow_33,"torch.Size([1, 64, 6404, 128])",torch.float32,209846272
mean_32,"torch.Size([1, 64, 6404, 1])",torch.float32,1639424
add_165,"torch.Size([1, 64, 6404, 1])",torch.float32,1639424
rsqrt_32,"torch.Size([1, 64, 6404, 1])",torch.float32,1639424
mul_152,"torch.Size([1, 64, 6404, 128])",torch.float32,209846272
_to_copy_73,"torch.Size([1, 64, 6404, 128])",torch.bfloat16,104923136
mul_153,"torch.Size([1, 64, 6404, 128])",torch.bfloat16,104923136
getitem_352,"torch.Size([1, 64, 35, 128])",torch.bfloat16,573440
transpose_218,"torch.Size([1, 35, 64, 128])",torch.bfloat16,573440
view_915,"torch.Size([1, 35, 8192])",torch.bfloat16,573440
t_335,"torch.Size([8192, 8192])",torch.bfloat16,134217728
view_916,"torch.Size([35, 8192])",torch.bfloat16,573440
mm_254,"torch.Size([35, 8192])",torch.bfloat16,573440
view_917,"torch.Size([1, 35, 8192])",torch.bfloat16,573440
tanh_24,torch.Size([1]),torch.bfloat16,2
mul_154,"torch.Size([1, 35, 8192])",torch.bfloat16,573440
add_166,"torch.Size([1, 35, 8192])",torch.bfloat16,573440
_to_copy_74,"torch.Size([1, 35, 8192])",torch.float32,1146880
pow_34,"torch.Size([1, 35, 8192])",torch.float32,1146880
mean_33,"torch.Size([1, 35, 1])",torch.float32,140
add_167,"torch.Size([1, 35, 1])",torch.float32,140
rsqrt_33,"torch.Size([1, 35, 1])",torch.float32,140
mul_155,"torch.Size([1, 35, 8192])",torch.float32,1146880
_to_copy_75,"torch.Size([1, 35, 8192])",torch.bfloat16,573440
mul_156,"torch.Size([1, 35, 8192])",torch.bfloat16,573440
t_336,"torch.Size([8192, 28672])",torch.bfloat16,469762048
view_918,"torch.Size([35, 8192])",torch.bfloat16,573440
mm_255,"torch.Size([35, 28672])",torch.bfloat16,2007040
view_919,"torch.Size([1, 35, 28672])",torch.bfloat16,2007040
silu_13,"torch.Size([1, 35, 28672])",torch.bfloat16,2007040
t_337,"torch.Size([8192, 28672])",torch.bfloat16,469762048
view_920,"torch.Size([35, 8192])",torch.bfloat16,573440
mm_256,"torch.Size([35, 28672])",torch.bfloat16,2007040
view_921,"torch.Size([1, 35, 28672])",torch.bfloat16,2007040
mul_157,"torch.Size([1, 35, 28672])",torch.bfloat16,2007040
t_338,"torch.Size([28672, 8192])",torch.bfloat16,469762048
view_922,"torch.Size([35, 28672])",torch.bfloat16,2007040
mm_257,"torch.Size([35, 8192])",torch.bfloat16,573440
view_923,"torch.Size([1, 35, 8192])",torch.bfloat16,573440
slice_268,"torch.Size([1, 1, 35, 1])",torch.bfloat16,70
select_2,"torch.Size([1, 35, 1])",torch.bfloat16,70
mul_158,"torch.Size([1, 35, 8192])",torch.bfloat16,573440
tanh_25,torch.Size([1]),torch.bfloat16,2
mul_159,"torch.Size([1, 35, 8192])",torch.bfloat16,573440
add_168,"torch.Size([1, 35, 8192])",torch.bfloat16,573440
_to_copy_76,"torch.Size([1, 35, 8192])",torch.float32,1146880
pow_35,"torch.Size([1, 35, 8192])",torch.float32,1146880
mean_34,"torch.Size([1, 35, 1])",torch.float32,140
add_169,"torch.Size([1, 35, 1])",torch.float32,140
rsqrt_34,"torch.Size([1, 35, 1])",torch.float32,140
mul_160,"torch.Size([1, 35, 8192])",torch.float32,1146880
_to_copy_77,"torch.Size([1, 35, 8192])",torch.bfloat16,573440
mul_161,"torch.Size([1, 35, 8192])",torch.bfloat16,573440
t_339,"torch.Size([8192, 8192])",torch.bfloat16,134217728
view_924,"torch.Size([35, 8192])",torch.bfloat16,573440
mm_258,"torch.Size([35, 8192])",torch.bfloat16,573440
view_925,"torch.Size([1, 35, 8192])",torch.bfloat16,573440
t_340,"torch.Size([8192, 1024])",torch.bfloat16,16777216
view_926,"torch.Size([35, 8192])",torch.bfloat16,573440
mm_259,"torch.Size([35, 1024])",torch.bfloat16,71680
view_927,"torch.Size([1, 35, 1024])",torch.bfloat16,71680
t_341,"torch.Size([8192, 1024])",torch.bfloat16,16777216
view_928,"torch.Size([35, 8192])",torch.bfloat16,573440
mm_260,"torch.Size([35, 1024])",torch.bfloat16,71680
view_929,"torch.Size([1, 35, 1024])",torch.bfloat16,71680
view_930,"torch.Size([1, 35, 64, 128])",torch.bfloat16,573440
transpose_219,"torch.Size([1, 64, 35, 128])",torch.bfloat16,573440
view_931,"torch.Size([1, 35, 8, 128])",torch.bfloat16,71680
transpose_220,"torch.Size([1, 8, 35, 128])",torch.bfloat16,71680
view_932,"torch.Size([1, 35, 8, 128])",torch.bfloat16,71680
transpose_221,"torch.Size([1, 8, 35, 128])",torch.bfloat16,71680
unsqueeze_63,"torch.Size([1, 1, 35, 128])",torch.bfloat16,8960
unsqueeze_64,"torch.Size([1, 1, 35, 128])",torch.bfloat16,8960
mul_162,"torch.Size([1, 64, 35, 128])",torch.bfloat16,573440
slice_269,"torch.Size([1, 64, 35, 64])",torch.bfloat16,286720
slice_270,"torch.Size([1, 64, 35, 64])",torch.bfloat16,286720
neg_22,"torch.Size([1, 64, 35, 64])",torch.bfloat16,286720
cat_25,"torch.Size([1, 64, 35, 128])",torch.bfloat16,573440
mul_163,"torch.Size([1, 64, 35, 128])",torch.bfloat16,573440
add_170,"torch.Size([1, 64, 35, 128])",torch.bfloat16,573440
mul_164,"torch.Size([1, 8, 35, 128])",torch.bfloat16,71680
slice_271,"torch.Size([1, 8, 35, 64])",torch.bfloat16,35840
slice_272,"torch.Size([1, 8, 35, 64])",torch.bfloat16,35840
neg_23,"torch.Size([1, 8, 35, 64])",torch.bfloat16,35840
cat_26,"torch.Size([1, 8, 35, 128])",torch.bfloat16,71680
mul_165,"torch.Size([1, 8, 35, 128])",torch.bfloat16,71680
add_171,"torch.Size([1, 8, 35, 128])",torch.bfloat16,71680
slice_273,"torch.Size([1, 8, 35, 128])",torch.bfloat16,71680
slice_274,"torch.Size([1, 8, 35, 128])",torch.bfloat16,71680
unsqueeze_65,"torch.Size([1, 8, 1, 35, 128])",torch.bfloat16,71680
slice_275,"torch.Size([1, 8, 1, 35, 128])",torch.bfloat16,71680
slice_276,"torch.Size([1, 8, 1, 35, 128])",torch.bfloat16,71680
expand_37,"torch.Size([1, 8, 8, 35, 128])",torch.bfloat16,573440
clone_30,"torch.Size([1, 8, 8, 35, 128])",torch.bfloat16,573440
_unsafe_view_28,"torch.Size([1, 64, 35, 128])",torch.bfloat16,573440
slice_277,"torch.Size([1, 8, 35, 128])",torch.bfloat16,71680
slice_278,"torch.Size([1, 8, 35, 128])",torch.bfloat16,71680
unsqueeze_66,"torch.Size([1, 8, 1, 35, 128])",torch.bfloat16,71680
slice_279,"torch.Size([1, 8, 1, 35, 128])",torch.bfloat16,71680
slice_280,"torch.Size([1, 8, 1, 35, 128])",torch.bfloat16,71680
expand_38,"torch.Size([1, 8, 8, 35, 128])",torch.bfloat16,573440
clone_31,"torch.Size([1, 8, 8, 35, 128])",torch.bfloat16,573440
_unsafe_view_29,"torch.Size([1, 64, 35, 128])",torch.bfloat16,573440
slice_284,"torch.Size([1, 1, 35, 35])",torch.bfloat16,2450
slice_285,"torch.Size([1, 1, 35, 35])",torch.bfloat16,2450
slice_286,"torch.Size([1, 1, 35, 35])",torch.bfloat16,2450
getitem_354,"torch.Size([1, 64, 35, 128])",torch.bfloat16,573440
transpose_222,"torch.Size([1, 35, 64, 128])",torch.bfloat16,573440
view_933,"torch.Size([1, 35, 8192])",torch.bfloat16,573440
t_342,"torch.Size([8192, 8192])",torch.bfloat16,134217728
view_934,"torch.Size([35, 8192])",torch.bfloat16,573440
mm_261,"torch.Size([35, 8192])",torch.bfloat16,573440
view_935,"torch.Size([1, 35, 8192])",torch.bfloat16,573440
add_172,"torch.Size([1, 35, 8192])",torch.bfloat16,573440
_to_copy_78,"torch.Size([1, 35, 8192])",torch.float32,1146880
pow_36,"torch.Size([1, 35, 8192])",torch.float32,1146880
mean_35,"torch.Size([1, 35, 1])",torch.float32,140
add_173,"torch.Size([1, 35, 1])",torch.float32,140
rsqrt_35,"torch.Size([1, 35, 1])",torch.float32,140
mul_166,"torch.Size([1, 35, 8192])",torch.float32,1146880
_to_copy_79,"torch.Size([1, 35, 8192])",torch.bfloat16,573440
mul_167,"torch.Size([1, 35, 8192])",torch.bfloat16,573440
t_343,"torch.Size([8192, 28672])",torch.bfloat16,469762048
view_936,"torch.Size([35, 8192])",torch.bfloat16,573440
mm_262,"torch.Size([35, 28672])",torch.bfloat16,2007040
view_937,"torch.Size([1, 35, 28672])",torch.bfloat16,2007040
silu_14,"torch.Size([1, 35, 28672])",torch.bfloat16,2007040
t_344,"torch.Size([8192, 28672])",torch.bfloat16,469762048
view_938,"torch.Size([35, 8192])",torch.bfloat16,573440
mm_263,"torch.Size([35, 28672])",torch.bfloat16,2007040
view_939,"torch.Size([1, 35, 28672])",torch.bfloat16,2007040
mul_168,"torch.Size([1, 35, 28672])",torch.bfloat16,2007040
t_345,"torch.Size([28672, 8192])",torch.bfloat16,469762048
view_940,"torch.Size([35, 28672])",torch.bfloat16,2007040
mm_264,"torch.Size([35, 8192])",torch.bfloat16,573440
view_941,"torch.Size([1, 35, 8192])",torch.bfloat16,573440
add_174,"torch.Size([1, 35, 8192])",torch.bfloat16,573440
_to_copy_80,"torch.Size([1, 35, 8192])",torch.float32,1146880
pow_37,"torch.Size([1, 35, 8192])",torch.float32,1146880
mean_36,"torch.Size([1, 35, 1])",torch.float32,140
add_175,"torch.Size([1, 35, 1])",torch.float32,140
rsqrt_36,"torch.Size([1, 35, 1])",torch.float32,140
mul_169,"torch.Size([1, 35, 8192])",torch.float32,1146880
_to_copy_81,"torch.Size([1, 35, 8192])",torch.bfloat16,573440
mul_170,"torch.Size([1, 35, 8192])",torch.bfloat16,573440
t_346,"torch.Size([8192, 8192])",torch.bfloat16,134217728
view_942,"torch.Size([35, 8192])",torch.bfloat16,573440
mm_265,"torch.Size([35, 8192])",torch.bfloat16,573440
view_943,"torch.Size([1, 35, 8192])",torch.bfloat16,573440
t_347,"torch.Size([8192, 1024])",torch.bfloat16,16777216
view_944,"torch.Size([35, 8192])",torch.bfloat16,573440
mm_266,"torch.Size([35, 1024])",torch.bfloat16,71680
view_945,"torch.Size([1, 35, 1024])",torch.bfloat16,71680
t_348,"torch.Size([8192, 1024])",torch.bfloat16,16777216
view_946,"torch.Size([35, 8192])",torch.bfloat16,573440
mm_267,"torch.Size([35, 1024])",torch.bfloat16,71680
view_947,"torch.Size([1, 35, 1024])",torch.bfloat16,71680
view_948,"torch.Size([1, 35, 64, 128])",torch.bfloat16,573440
transpose_223,"torch.Size([1, 64, 35, 128])",torch.bfloat16,573440
view_949,"torch.Size([1, 35, 8, 128])",torch.bfloat16,71680
transpose_224,"torch.Size([1, 8, 35, 128])",torch.bfloat16,71680
view_950,"torch.Size([1, 35, 8, 128])",torch.bfloat16,71680
transpose_225,"torch.Size([1, 8, 35, 128])",torch.bfloat16,71680
unsqueeze_67,"torch.Size([1, 1, 35, 128])",torch.bfloat16,8960
unsqueeze_68,"torch.Size([1, 1, 35, 128])",torch.bfloat16,8960
mul_171,"torch.Size([1, 64, 35, 128])",torch.bfloat16,573440
slice_287,"torch.Size([1, 64, 35, 64])",torch.bfloat16,286720
slice_288,"torch.Size([1, 64, 35, 64])",torch.bfloat16,286720
neg_24,"torch.Size([1, 64, 35, 64])",torch.bfloat16,286720
cat_27,"torch.Size([1, 64, 35, 128])",torch.bfloat16,573440
mul_172,"torch.Size([1, 64, 35, 128])",torch.bfloat16,573440
add_176,"torch.Size([1, 64, 35, 128])",torch.bfloat16,573440
mul_173,"torch.Size([1, 8, 35, 128])",torch.bfloat16,71680
slice_289,"torch.Size([1, 8, 35, 64])",torch.bfloat16,35840
slice_290,"torch.Size([1, 8, 35, 64])",torch.bfloat16,35840
neg_25,"torch.Size([1, 8, 35, 64])",torch.bfloat16,35840
cat_28,"torch.Size([1, 8, 35, 128])",torch.bfloat16,71680
mul_174,"torch.Size([1, 8, 35, 128])",torch.bfloat16,71680
add_177,"torch.Size([1, 8, 35, 128])",torch.bfloat16,71680
slice_291,"torch.Size([1, 8, 35, 128])",torch.bfloat16,71680
slice_292,"torch.Size([1, 8, 35, 128])",torch.bfloat16,71680
unsqueeze_69,"torch.Size([1, 8, 1, 35, 128])",torch.bfloat16,71680
slice_293,"torch.Size([1, 8, 1, 35, 128])",torch.bfloat16,71680
slice_294,"torch.Size([1, 8, 1, 35, 128])",torch.bfloat16,71680
expand_39,"torch.Size([1, 8, 8, 35, 128])",torch.bfloat16,573440
clone_32,"torch.Size([1, 8, 8, 35, 128])",torch.bfloat16,573440
_unsafe_view_30,"torch.Size([1, 64, 35, 128])",torch.bfloat16,573440
slice_295,"torch.Size([1, 8, 35, 128])",torch.bfloat16,71680
slice_296,"torch.Size([1, 8, 35, 128])",torch.bfloat16,71680
unsqueeze_70,"torch.Size([1, 8, 1, 35, 128])",torch.bfloat16,71680
slice_297,"torch.Size([1, 8, 1, 35, 128])",torch.bfloat16,71680
slice_298,"torch.Size([1, 8, 1, 35, 128])",torch.bfloat16,71680
expand_40,"torch.Size([1, 8, 8, 35, 128])",torch.bfloat16,573440
clone_33,"torch.Size([1, 8, 8, 35, 128])",torch.bfloat16,573440
_unsafe_view_31,"torch.Size([1, 64, 35, 128])",torch.bfloat16,573440
slice_302,"torch.Size([1, 1, 35, 35])",torch.bfloat16,2450
slice_303,"torch.Size([1, 1, 35, 35])",torch.bfloat16,2450
slice_304,"torch.Size([1, 1, 35, 35])",torch.bfloat16,2450
getitem_356,"torch.Size([1, 64, 35, 128])",torch.bfloat16,573440
transpose_226,"torch.Size([1, 35, 64, 128])",torch.bfloat16,573440
view_951,"torch.Size([1, 35, 8192])",torch.bfloat16,573440
t_349,"torch.Size([8192, 8192])",torch.bfloat16,134217728
view_952,"torch.Size([35, 8192])",torch.bfloat16,573440
mm_268,"torch.Size([35, 8192])",torch.bfloat16,573440
view_953,"torch.Size([1, 35, 8192])",torch.bfloat16,573440
add_178,"torch.Size([1, 35, 8192])",torch.bfloat16,573440
_to_copy_82,"torch.Size([1, 35, 8192])",torch.float32,1146880
pow_38,"torch.Size([1, 35, 8192])",torch.float32,1146880
mean_37,"torch.Size([1, 35, 1])",torch.float32,140
add_179,"torch.Size([1, 35, 1])",torch.float32,140
rsqrt_37,"torch.Size([1, 35, 1])",torch.float32,140
mul_175,"torch.Size([1, 35, 8192])",torch.float32,1146880
_to_copy_83,"torch.Size([1, 35, 8192])",torch.bfloat16,573440
mul_176,"torch.Size([1, 35, 8192])",torch.bfloat16,573440
t_350,"torch.Size([8192, 28672])",torch.bfloat16,469762048
view_954,"torch.Size([35, 8192])",torch.bfloat16,573440
mm_269,"torch.Size([35, 28672])",torch.bfloat16,2007040
view_955,"torch.Size([1, 35, 28672])",torch.bfloat16,2007040
silu_15,"torch.Size([1, 35, 28672])",torch.bfloat16,2007040
t_351,"torch.Size([8192, 28672])",torch.bfloat16,469762048
view_956,"torch.Size([35, 8192])",torch.bfloat16,573440
mm_270,"torch.Size([35, 28672])",torch.bfloat16,2007040
view_957,"torch.Size([1, 35, 28672])",torch.bfloat16,2007040
mul_177,"torch.Size([1, 35, 28672])",torch.bfloat16,2007040
t_352,"torch.Size([28672, 8192])",torch.bfloat16,469762048
view_958,"torch.Size([35, 28672])",torch.bfloat16,2007040
mm_271,"torch.Size([35, 8192])",torch.bfloat16,573440
view_959,"torch.Size([1, 35, 8192])",torch.bfloat16,573440
add_180,"torch.Size([1, 35, 8192])",torch.bfloat16,573440
_to_copy_84,"torch.Size([1, 35, 8192])",torch.float32,1146880
pow_39,"torch.Size([1, 35, 8192])",torch.float32,1146880
mean_38,"torch.Size([1, 35, 1])",torch.float32,140
add_181,"torch.Size([1, 35, 1])",torch.float32,140
rsqrt_38,"torch.Size([1, 35, 1])",torch.float32,140
mul_178,"torch.Size([1, 35, 8192])",torch.float32,1146880
_to_copy_85,"torch.Size([1, 35, 8192])",torch.bfloat16,573440
mul_179,"torch.Size([1, 35, 8192])",torch.bfloat16,573440
t_353,"torch.Size([8192, 8192])",torch.bfloat16,134217728
view_960,"torch.Size([35, 8192])",torch.bfloat16,573440
mm_272,"torch.Size([35, 8192])",torch.bfloat16,573440
view_961,"torch.Size([1, 35, 8192])",torch.bfloat16,573440
t_354,"torch.Size([8192, 1024])",torch.bfloat16,16777216
view_962,"torch.Size([35, 8192])",torch.bfloat16,573440
mm_273,"torch.Size([35, 1024])",torch.bfloat16,71680
view_963,"torch.Size([1, 35, 1024])",torch.bfloat16,71680
t_355,"torch.Size([8192, 1024])",torch.bfloat16,16777216
view_964,"torch.Size([35, 8192])",torch.bfloat16,573440
mm_274,"torch.Size([35, 1024])",torch.bfloat16,71680
view_965,"torch.Size([1, 35, 1024])",torch.bfloat16,71680
view_966,"torch.Size([1, 35, 64, 128])",torch.bfloat16,573440
transpose_227,"torch.Size([1, 64, 35, 128])",torch.bfloat16,573440
view_967,"torch.Size([1, 35, 8, 128])",torch.bfloat16,71680
transpose_228,"torch.Size([1, 8, 35, 128])",torch.bfloat16,71680
view_968,"torch.Size([1, 35, 8, 128])",torch.bfloat16,71680
transpose_229,"torch.Size([1, 8, 35, 128])",torch.bfloat16,71680
unsqueeze_71,"torch.Size([1, 1, 35, 128])",torch.bfloat16,8960
unsqueeze_72,"torch.Size([1, 1, 35, 128])",torch.bfloat16,8960
mul_180,"torch.Size([1, 64, 35, 128])",torch.bfloat16,573440
slice_305,"torch.Size([1, 64, 35, 64])",torch.bfloat16,286720
slice_306,"torch.Size([1, 64, 35, 64])",torch.bfloat16,286720
neg_26,"torch.Size([1, 64, 35, 64])",torch.bfloat16,286720
cat_29,"torch.Size([1, 64, 35, 128])",torch.bfloat16,573440
mul_181,"torch.Size([1, 64, 35, 128])",torch.bfloat16,573440
add_182,"torch.Size([1, 64, 35, 128])",torch.bfloat16,573440
mul_182,"torch.Size([1, 8, 35, 128])",torch.bfloat16,71680
slice_307,"torch.Size([1, 8, 35, 64])",torch.bfloat16,35840
slice_308,"torch.Size([1, 8, 35, 64])",torch.bfloat16,35840
neg_27,"torch.Size([1, 8, 35, 64])",torch.bfloat16,35840
cat_30,"torch.Size([1, 8, 35, 128])",torch.bfloat16,71680
mul_183,"torch.Size([1, 8, 35, 128])",torch.bfloat16,71680
add_183,"torch.Size([1, 8, 35, 128])",torch.bfloat16,71680
slice_309,"torch.Size([1, 8, 35, 128])",torch.bfloat16,71680
slice_310,"torch.Size([1, 8, 35, 128])",torch.bfloat16,71680
unsqueeze_73,"torch.Size([1, 8, 1, 35, 128])",torch.bfloat16,71680
slice_311,"torch.Size([1, 8, 1, 35, 128])",torch.bfloat16,71680
slice_312,"torch.Size([1, 8, 1, 35, 128])",torch.bfloat16,71680
expand_41,"torch.Size([1, 8, 8, 35, 128])",torch.bfloat16,573440
clone_34,"torch.Size([1, 8, 8, 35, 128])",torch.bfloat16,573440
_unsafe_view_32,"torch.Size([1, 64, 35, 128])",torch.bfloat16,573440
slice_313,"torch.Size([1, 8, 35, 128])",torch.bfloat16,71680
slice_314,"torch.Size([1, 8, 35, 128])",torch.bfloat16,71680
unsqueeze_74,"torch.Size([1, 8, 1, 35, 128])",torch.bfloat16,71680
slice_315,"torch.Size([1, 8, 1, 35, 128])",torch.bfloat16,71680
slice_316,"torch.Size([1, 8, 1, 35, 128])",torch.bfloat16,71680
expand_42,"torch.Size([1, 8, 8, 35, 128])",torch.bfloat16,573440
clone_35,"torch.Size([1, 8, 8, 35, 128])",torch.bfloat16,573440
_unsafe_view_33,"torch.Size([1, 64, 35, 128])",torch.bfloat16,573440
slice_320,"torch.Size([1, 1, 35, 35])",torch.bfloat16,2450
slice_321,"torch.Size([1, 1, 35, 35])",torch.bfloat16,2450
slice_322,"torch.Size([1, 1, 35, 35])",torch.bfloat16,2450
getitem_358,"torch.Size([1, 64, 35, 128])",torch.bfloat16,573440
transpose_230,"torch.Size([1, 35, 64, 128])",torch.bfloat16,573440
view_969,"torch.Size([1, 35, 8192])",torch.bfloat16,573440
t_356,"torch.Size([8192, 8192])",torch.bfloat16,134217728
view_970,"torch.Size([35, 8192])",torch.bfloat16,573440
mm_275,"torch.Size([35, 8192])",torch.bfloat16,573440
view_971,"torch.Size([1, 35, 8192])",torch.bfloat16,573440
add_184,"torch.Size([1, 35, 8192])",torch.bfloat16,573440
_to_copy_86,"torch.Size([1, 35, 8192])",torch.float32,1146880
pow_40,"torch.Size([1, 35, 8192])",torch.float32,1146880
mean_39,"torch.Size([1, 35, 1])",torch.float32,140
add_185,"torch.Size([1, 35, 1])",torch.float32,140
rsqrt_39,"torch.Size([1, 35, 1])",torch.float32,140
mul_184,"torch.Size([1, 35, 8192])",torch.float32,1146880
_to_copy_87,"torch.Size([1, 35, 8192])",torch.bfloat16,573440
mul_185,"torch.Size([1, 35, 8192])",torch.bfloat16,573440
t_357,"torch.Size([8192, 28672])",torch.bfloat16,469762048
view_972,"torch.Size([35, 8192])",torch.bfloat16,573440
mm_276,"torch.Size([35, 28672])",torch.bfloat16,2007040
view_973,"torch.Size([1, 35, 28672])",torch.bfloat16,2007040
silu_16,"torch.Size([1, 35, 28672])",torch.bfloat16,2007040
t_358,"torch.Size([8192, 28672])",torch.bfloat16,469762048
view_974,"torch.Size([35, 8192])",torch.bfloat16,573440
mm_277,"torch.Size([35, 28672])",torch.bfloat16,2007040
view_975,"torch.Size([1, 35, 28672])",torch.bfloat16,2007040
mul_186,"torch.Size([1, 35, 28672])",torch.bfloat16,2007040
t_359,"torch.Size([28672, 8192])",torch.bfloat16,469762048
view_976,"torch.Size([35, 28672])",torch.bfloat16,2007040
mm_278,"torch.Size([35, 8192])",torch.bfloat16,573440
view_977,"torch.Size([1, 35, 8192])",torch.bfloat16,573440
add_186,"torch.Size([1, 35, 8192])",torch.bfloat16,573440
_to_copy_88,"torch.Size([1, 35, 8192])",torch.float32,1146880
pow_41,"torch.Size([1, 35, 8192])",torch.float32,1146880
mean_40,"torch.Size([1, 35, 1])",torch.float32,140
add_187,"torch.Size([1, 35, 1])",torch.float32,140
rsqrt_40,"torch.Size([1, 35, 1])",torch.float32,140
mul_187,"torch.Size([1, 35, 8192])",torch.float32,1146880
_to_copy_89,"torch.Size([1, 35, 8192])",torch.bfloat16,573440
mul_188,"torch.Size([1, 35, 8192])",torch.bfloat16,573440
t_360,"torch.Size([8192, 8192])",torch.bfloat16,134217728
view_978,"torch.Size([35, 8192])",torch.bfloat16,573440
mm_279,"torch.Size([35, 8192])",torch.bfloat16,573440
view_979,"torch.Size([1, 35, 8192])",torch.bfloat16,573440
t_361,"torch.Size([8192, 1024])",torch.bfloat16,16777216
view_980,"torch.Size([35, 8192])",torch.bfloat16,573440
mm_280,"torch.Size([35, 1024])",torch.bfloat16,71680
view_981,"torch.Size([1, 35, 1024])",torch.bfloat16,71680
t_362,"torch.Size([8192, 1024])",torch.bfloat16,16777216
view_982,"torch.Size([35, 8192])",torch.bfloat16,573440
mm_281,"torch.Size([35, 1024])",torch.bfloat16,71680
view_983,"torch.Size([1, 35, 1024])",torch.bfloat16,71680
view_984,"torch.Size([1, 35, 64, 128])",torch.bfloat16,573440
transpose_231,"torch.Size([1, 64, 35, 128])",torch.bfloat16,573440
view_985,"torch.Size([1, 35, 8, 128])",torch.bfloat16,71680
transpose_232,"torch.Size([1, 8, 35, 128])",torch.bfloat16,71680
view_986,"torch.Size([1, 35, 8, 128])",torch.bfloat16,71680
transpose_233,"torch.Size([1, 8, 35, 128])",torch.bfloat16,71680
unsqueeze_75,"torch.Size([1, 1, 35, 128])",torch.bfloat16,8960
unsqueeze_76,"torch.Size([1, 1, 35, 128])",torch.bfloat16,8960
mul_189,"torch.Size([1, 64, 35, 128])",torch.bfloat16,573440
slice_323,"torch.Size([1, 64, 35, 64])",torch.bfloat16,286720
slice_324,"torch.Size([1, 64, 35, 64])",torch.bfloat16,286720
neg_28,"torch.Size([1, 64, 35, 64])",torch.bfloat16,286720
cat_31,"torch.Size([1, 64, 35, 128])",torch.bfloat16,573440
mul_190,"torch.Size([1, 64, 35, 128])",torch.bfloat16,573440
add_188,"torch.Size([1, 64, 35, 128])",torch.bfloat16,573440
mul_191,"torch.Size([1, 8, 35, 128])",torch.bfloat16,71680
slice_325,"torch.Size([1, 8, 35, 64])",torch.bfloat16,35840
slice_326,"torch.Size([1, 8, 35, 64])",torch.bfloat16,35840
neg_29,"torch.Size([1, 8, 35, 64])",torch.bfloat16,35840
cat_32,"torch.Size([1, 8, 35, 128])",torch.bfloat16,71680
mul_192,"torch.Size([1, 8, 35, 128])",torch.bfloat16,71680
add_189,"torch.Size([1, 8, 35, 128])",torch.bfloat16,71680
slice_327,"torch.Size([1, 8, 35, 128])",torch.bfloat16,71680
slice_328,"torch.Size([1, 8, 35, 128])",torch.bfloat16,71680
unsqueeze_77,"torch.Size([1, 8, 1, 35, 128])",torch.bfloat16,71680
slice_329,"torch.Size([1, 8, 1, 35, 128])",torch.bfloat16,71680
slice_330,"torch.Size([1, 8, 1, 35, 128])",torch.bfloat16,71680
expand_43,"torch.Size([1, 8, 8, 35, 128])",torch.bfloat16,573440
clone_36,"torch.Size([1, 8, 8, 35, 128])",torch.bfloat16,573440
_unsafe_view_34,"torch.Size([1, 64, 35, 128])",torch.bfloat16,573440
slice_331,"torch.Size([1, 8, 35, 128])",torch.bfloat16,71680
slice_332,"torch.Size([1, 8, 35, 128])",torch.bfloat16,71680
unsqueeze_78,"torch.Size([1, 8, 1, 35, 128])",torch.bfloat16,71680
slice_333,"torch.Size([1, 8, 1, 35, 128])",torch.bfloat16,71680
slice_334,"torch.Size([1, 8, 1, 35, 128])",torch.bfloat16,71680
expand_44,"torch.Size([1, 8, 8, 35, 128])",torch.bfloat16,573440
clone_37,"torch.Size([1, 8, 8, 35, 128])",torch.bfloat16,573440
_unsafe_view_35,"torch.Size([1, 64, 35, 128])",torch.bfloat16,573440
slice_338,"torch.Size([1, 1, 35, 35])",torch.bfloat16,2450
slice_339,"torch.Size([1, 1, 35, 35])",torch.bfloat16,2450
slice_340,"torch.Size([1, 1, 35, 35])",torch.bfloat16,2450
getitem_360,"torch.Size([1, 64, 35, 128])",torch.bfloat16,573440
transpose_234,"torch.Size([1, 35, 64, 128])",torch.bfloat16,573440
view_987,"torch.Size([1, 35, 8192])",torch.bfloat16,573440
t_363,"torch.Size([8192, 8192])",torch.bfloat16,134217728
view_988,"torch.Size([35, 8192])",torch.bfloat16,573440
mm_282,"torch.Size([35, 8192])",torch.bfloat16,573440
view_989,"torch.Size([1, 35, 8192])",torch.bfloat16,573440
add_190,"torch.Size([1, 35, 8192])",torch.bfloat16,573440
_to_copy_90,"torch.Size([1, 35, 8192])",torch.float32,1146880
pow_42,"torch.Size([1, 35, 8192])",torch.float32,1146880
mean_41,"torch.Size([1, 35, 1])",torch.float32,140
add_191,"torch.Size([1, 35, 1])",torch.float32,140
rsqrt_41,"torch.Size([1, 35, 1])",torch.float32,140
mul_193,"torch.Size([1, 35, 8192])",torch.float32,1146880
_to_copy_91,"torch.Size([1, 35, 8192])",torch.bfloat16,573440
mul_194,"torch.Size([1, 35, 8192])",torch.bfloat16,573440
t_364,"torch.Size([8192, 28672])",torch.bfloat16,469762048
view_990,"torch.Size([35, 8192])",torch.bfloat16,573440
mm_283,"torch.Size([35, 28672])",torch.bfloat16,2007040
view_991,"torch.Size([1, 35, 28672])",torch.bfloat16,2007040
silu_17,"torch.Size([1, 35, 28672])",torch.bfloat16,2007040
t_365,"torch.Size([8192, 28672])",torch.bfloat16,469762048
view_992,"torch.Size([35, 8192])",torch.bfloat16,573440
mm_284,"torch.Size([35, 28672])",torch.bfloat16,2007040
view_993,"torch.Size([1, 35, 28672])",torch.bfloat16,2007040
mul_195,"torch.Size([1, 35, 28672])",torch.bfloat16,2007040
t_366,"torch.Size([28672, 8192])",torch.bfloat16,469762048
view_994,"torch.Size([35, 28672])",torch.bfloat16,2007040
mm_285,"torch.Size([35, 8192])",torch.bfloat16,573440
view_995,"torch.Size([1, 35, 8192])",torch.bfloat16,573440
add_192,"torch.Size([1, 35, 8192])",torch.bfloat16,573440
_to_copy_92,"torch.Size([1, 35, 8192])",torch.float32,1146880
pow_43,"torch.Size([1, 35, 8192])",torch.float32,1146880
mean_42,"torch.Size([1, 35, 1])",torch.float32,140
add_193,"torch.Size([1, 35, 1])",torch.float32,140
rsqrt_42,"torch.Size([1, 35, 1])",torch.float32,140
mul_196,"torch.Size([1, 35, 8192])",torch.float32,1146880
_to_copy_93,"torch.Size([1, 35, 8192])",torch.bfloat16,573440
mul_197,"torch.Size([1, 35, 8192])",torch.bfloat16,573440
t_367,"torch.Size([8192, 8192])",torch.bfloat16,134217728
view_996,"torch.Size([35, 8192])",torch.bfloat16,573440
mm_286,"torch.Size([35, 8192])",torch.bfloat16,573440
view_997,"torch.Size([1, 35, 8192])",torch.bfloat16,573440
view_998,"torch.Size([1, 35, 64, 128])",torch.bfloat16,573440
transpose_235,"torch.Size([1, 64, 35, 128])",torch.bfloat16,573440
_to_copy_94,"torch.Size([1, 64, 35, 128])",torch.float32,1146880
pow_44,"torch.Size([1, 64, 35, 128])",torch.float32,1146880
mean_43,"torch.Size([1, 64, 35, 1])",torch.float32,8960
add_194,"torch.Size([1, 64, 35, 1])",torch.float32,8960
rsqrt_43,"torch.Size([1, 64, 35, 1])",torch.float32,8960
mul_198,"torch.Size([1, 64, 35, 128])",torch.float32,1146880
_to_copy_95,"torch.Size([1, 64, 35, 128])",torch.bfloat16,573440
mul_199,"torch.Size([1, 64, 35, 128])",torch.bfloat16,573440
t_368,"torch.Size([8192, 1024])",torch.bfloat16,16777216
view_999,"torch.Size([6404, 8192])",torch.bfloat16,104923136
mm_287,"torch.Size([6404, 1024])",torch.bfloat16,13115392
view_1000,"torch.Size([4, 1601, 1024])",torch.bfloat16,13115392
t_369,"torch.Size([8192, 1024])",torch.bfloat16,16777216
view_1001,"torch.Size([6404, 8192])",torch.bfloat16,104923136
mm_288,"torch.Size([6404, 1024])",torch.bfloat16,13115392
view_1002,"torch.Size([4, 1601, 1024])",torch.bfloat16,13115392
view_1003,"torch.Size([1, 6404, 8, 128])",torch.bfloat16,13115392
transpose_236,"torch.Size([1, 8, 6404, 128])",torch.bfloat16,13115392
view_1004,"torch.Size([1, 6404, 8, 128])",torch.bfloat16,13115392
transpose_237,"torch.Size([1, 8, 6404, 128])",torch.bfloat16,13115392
slice_341,"torch.Size([1, 8, 6404, 128])",torch.bfloat16,13115392
slice_342,"torch.Size([1, 8, 6404, 128])",torch.bfloat16,13115392
unsqueeze_79,"torch.Size([1, 8, 1, 6404, 128])",torch.bfloat16,13115392
slice_343,"torch.Size([1, 8, 1, 6404, 128])",torch.bfloat16,13115392
slice_344,"torch.Size([1, 8, 1, 6404, 128])",torch.bfloat16,13115392
expand_45,"torch.Size([1, 8, 8, 6404, 128])",torch.bfloat16,104923136
clone_38,"torch.Size([1, 8, 8, 6404, 128])",torch.bfloat16,104923136
_unsafe_view_36,"torch.Size([1, 64, 6404, 128])",torch.bfloat16,104923136
slice_345,"torch.Size([1, 8, 6404, 128])",torch.bfloat16,13115392
slice_346,"torch.Size([1, 8, 6404, 128])",torch.bfloat16,13115392
unsqueeze_80,"torch.Size([1, 8, 1, 6404, 128])",torch.bfloat16,13115392
slice_347,"torch.Size([1, 8, 1, 6404, 128])",torch.bfloat16,13115392
slice_348,"torch.Size([1, 8, 1, 6404, 128])",torch.bfloat16,13115392
expand_46,"torch.Size([1, 8, 8, 6404, 128])",torch.bfloat16,104923136
clone_39,"torch.Size([1, 8, 8, 6404, 128])",torch.bfloat16,104923136
_unsafe_view_37,"torch.Size([1, 64, 6404, 128])",torch.bfloat16,104923136
_to_copy_96,"torch.Size([1, 64, 6404, 128])",torch.float32,209846272
pow_45,"torch.Size([1, 64, 6404, 128])",torch.float32,209846272
mean_44,"torch.Size([1, 64, 6404, 1])",torch.float32,1639424
add_195,"torch.Size([1, 64, 6404, 1])",torch.float32,1639424
rsqrt_44,"torch.Size([1, 64, 6404, 1])",torch.float32,1639424
mul_200,"torch.Size([1, 64, 6404, 128])",torch.float32,209846272
_to_copy_97,"torch.Size([1, 64, 6404, 128])",torch.bfloat16,104923136
mul_201,"torch.Size([1, 64, 6404, 128])",torch.bfloat16,104923136
getitem_362,"torch.Size([1, 64, 35, 128])",torch.bfloat16,573440
transpose_238,"torch.Size([1, 35, 64, 128])",torch.bfloat16,573440
view_1005,"torch.Size([1, 35, 8192])",torch.bfloat16,573440
t_370,"torch.Size([8192, 8192])",torch.bfloat16,134217728
view_1006,"torch.Size([35, 8192])",torch.bfloat16,573440
mm_289,"torch.Size([35, 8192])",torch.bfloat16,573440
view_1007,"torch.Size([1, 35, 8192])",torch.bfloat16,573440
tanh_26,torch.Size([1]),torch.bfloat16,2
mul_202,"torch.Size([1, 35, 8192])",torch.bfloat16,573440
add_196,"torch.Size([1, 35, 8192])",torch.bfloat16,573440
_to_copy_98,"torch.Size([1, 35, 8192])",torch.float32,1146880
pow_46,"torch.Size([1, 35, 8192])",torch.float32,1146880
mean_45,"torch.Size([1, 35, 1])",torch.float32,140
add_197,"torch.Size([1, 35, 1])",torch.float32,140
rsqrt_45,"torch.Size([1, 35, 1])",torch.float32,140
mul_203,"torch.Size([1, 35, 8192])",torch.float32,1146880
_to_copy_99,"torch.Size([1, 35, 8192])",torch.bfloat16,573440
mul_204,"torch.Size([1, 35, 8192])",torch.bfloat16,573440
t_371,"torch.Size([8192, 28672])",torch.bfloat16,469762048
view_1008,"torch.Size([35, 8192])",torch.bfloat16,573440
mm_290,"torch.Size([35, 28672])",torch.bfloat16,2007040
view_1009,"torch.Size([1, 35, 28672])",torch.bfloat16,2007040
silu_18,"torch.Size([1, 35, 28672])",torch.bfloat16,2007040
t_372,"torch.Size([8192, 28672])",torch.bfloat16,469762048
view_1010,"torch.Size([35, 8192])",torch.bfloat16,573440
mm_291,"torch.Size([35, 28672])",torch.bfloat16,2007040
view_1011,"torch.Size([1, 35, 28672])",torch.bfloat16,2007040
mul_205,"torch.Size([1, 35, 28672])",torch.bfloat16,2007040
t_373,"torch.Size([28672, 8192])",torch.bfloat16,469762048
view_1012,"torch.Size([35, 28672])",torch.bfloat16,2007040
mm_292,"torch.Size([35, 8192])",torch.bfloat16,573440
view_1013,"torch.Size([1, 35, 8192])",torch.bfloat16,573440
slice_349,"torch.Size([1, 1, 35, 1])",torch.bfloat16,70
select_3,"torch.Size([1, 35, 1])",torch.bfloat16,70
mul_206,"torch.Size([1, 35, 8192])",torch.bfloat16,573440
tanh_27,torch.Size([1]),torch.bfloat16,2
mul_207,"torch.Size([1, 35, 8192])",torch.bfloat16,573440
add_198,"torch.Size([1, 35, 8192])",torch.bfloat16,573440
_to_copy_100,"torch.Size([1, 35, 8192])",torch.float32,1146880
pow_47,"torch.Size([1, 35, 8192])",torch.float32,1146880
mean_46,"torch.Size([1, 35, 1])",torch.float32,140
add_199,"torch.Size([1, 35, 1])",torch.float32,140
rsqrt_46,"torch.Size([1, 35, 1])",torch.float32,140
mul_208,"torch.Size([1, 35, 8192])",torch.float32,1146880
_to_copy_101,"torch.Size([1, 35, 8192])",torch.bfloat16,573440
mul_209,"torch.Size([1, 35, 8192])",torch.bfloat16,573440
t_374,"torch.Size([8192, 8192])",torch.bfloat16,134217728
view_1014,"torch.Size([35, 8192])",torch.bfloat16,573440
mm_293,"torch.Size([35, 8192])",torch.bfloat16,573440
view_1015,"torch.Size([1, 35, 8192])",torch.bfloat16,573440
t_375,"torch.Size([8192, 1024])",torch.bfloat16,16777216
view_1016,"torch.Size([35, 8192])",torch.bfloat16,573440
mm_294,"torch.Size([35, 1024])",torch.bfloat16,71680
view_1017,"torch.Size([1, 35, 1024])",torch.bfloat16,71680
t_376,"torch.Size([8192, 1024])",torch.bfloat16,16777216
view_1018,"torch.Size([35, 8192])",torch.bfloat16,573440
mm_295,"torch.Size([35, 1024])",torch.bfloat16,71680
view_1019,"torch.Size([1, 35, 1024])",torch.bfloat16,71680
view_1020,"torch.Size([1, 35, 64, 128])",torch.bfloat16,573440
transpose_239,"torch.Size([1, 64, 35, 128])",torch.bfloat16,573440
view_1021,"torch.Size([1, 35, 8, 128])",torch.bfloat16,71680
transpose_240,"torch.Size([1, 8, 35, 128])",torch.bfloat16,71680
view_1022,"torch.Size([1, 35, 8, 128])",torch.bfloat16,71680
transpose_241,"torch.Size([1, 8, 35, 128])",torch.bfloat16,71680
unsqueeze_81,"torch.Size([1, 1, 35, 128])",torch.bfloat16,8960
unsqueeze_82,"torch.Size([1, 1, 35, 128])",torch.bfloat16,8960
mul_210,"torch.Size([1, 64, 35, 128])",torch.bfloat16,573440
slice_350,"torch.Size([1, 64, 35, 64])",torch.bfloat16,286720
slice_351,"torch.Size([1, 64, 35, 64])",torch.bfloat16,286720
neg_30,"torch.Size([1, 64, 35, 64])",torch.bfloat16,286720
cat_33,"torch.Size([1, 64, 35, 128])",torch.bfloat16,573440
mul_211,"torch.Size([1, 64, 35, 128])",torch.bfloat16,573440
add_200,"torch.Size([1, 64, 35, 128])",torch.bfloat16,573440
mul_212,"torch.Size([1, 8, 35, 128])",torch.bfloat16,71680
slice_352,"torch.Size([1, 8, 35, 64])",torch.bfloat16,35840
slice_353,"torch.Size([1, 8, 35, 64])",torch.bfloat16,35840
neg_31,"torch.Size([1, 8, 35, 64])",torch.bfloat16,35840
cat_34,"torch.Size([1, 8, 35, 128])",torch.bfloat16,71680
mul_213,"torch.Size([1, 8, 35, 128])",torch.bfloat16,71680
add_201,"torch.Size([1, 8, 35, 128])",torch.bfloat16,71680
slice_354,"torch.Size([1, 8, 35, 128])",torch.bfloat16,71680
slice_355,"torch.Size([1, 8, 35, 128])",torch.bfloat16,71680
unsqueeze_83,"torch.Size([1, 8, 1, 35, 128])",torch.bfloat16,71680
slice_356,"torch.Size([1, 8, 1, 35, 128])",torch.bfloat16,71680
slice_357,"torch.Size([1, 8, 1, 35, 128])",torch.bfloat16,71680
expand_47,"torch.Size([1, 8, 8, 35, 128])",torch.bfloat16,573440
clone_40,"torch.Size([1, 8, 8, 35, 128])",torch.bfloat16,573440
_unsafe_view_38,"torch.Size([1, 64, 35, 128])",torch.bfloat16,573440
slice_358,"torch.Size([1, 8, 35, 128])",torch.bfloat16,71680
slice_359,"torch.Size([1, 8, 35, 128])",torch.bfloat16,71680
unsqueeze_84,"torch.Size([1, 8, 1, 35, 128])",torch.bfloat16,71680
slice_360,"torch.Size([1, 8, 1, 35, 128])",torch.bfloat16,71680
slice_361,"torch.Size([1, 8, 1, 35, 128])",torch.bfloat16,71680
expand_48,"torch.Size([1, 8, 8, 35, 128])",torch.bfloat16,573440
clone_41,"torch.Size([1, 8, 8, 35, 128])",torch.bfloat16,573440
_unsafe_view_39,"torch.Size([1, 64, 35, 128])",torch.bfloat16,573440
slice_365,"torch.Size([1, 1, 35, 35])",torch.bfloat16,2450
slice_366,"torch.Size([1, 1, 35, 35])",torch.bfloat16,2450
slice_367,"torch.Size([1, 1, 35, 35])",torch.bfloat16,2450
getitem_364,"torch.Size([1, 64, 35, 128])",torch.bfloat16,573440
transpose_242,"torch.Size([1, 35, 64, 128])",torch.bfloat16,573440
view_1023,"torch.Size([1, 35, 8192])",torch.bfloat16,573440
t_377,"torch.Size([8192, 8192])",torch.bfloat16,134217728
view_1024,"torch.Size([35, 8192])",torch.bfloat16,573440
mm_296,"torch.Size([35, 8192])",torch.bfloat16,573440
view_1025,"torch.Size([1, 35, 8192])",torch.bfloat16,573440
add_202,"torch.Size([1, 35, 8192])",torch.bfloat16,573440
_to_copy_102,"torch.Size([1, 35, 8192])",torch.float32,1146880
pow_48,"torch.Size([1, 35, 8192])",torch.float32,1146880
mean_47,"torch.Size([1, 35, 1])",torch.float32,140
add_203,"torch.Size([1, 35, 1])",torch.float32,140
rsqrt_47,"torch.Size([1, 35, 1])",torch.float32,140
mul_214,"torch.Size([1, 35, 8192])",torch.float32,1146880
_to_copy_103,"torch.Size([1, 35, 8192])",torch.bfloat16,573440
mul_215,"torch.Size([1, 35, 8192])",torch.bfloat16,573440
t_378,"torch.Size([8192, 28672])",torch.bfloat16,469762048
view_1026,"torch.Size([35, 8192])",torch.bfloat16,573440
mm_297,"torch.Size([35, 28672])",torch.bfloat16,2007040
view_1027,"torch.Size([1, 35, 28672])",torch.bfloat16,2007040
silu_19,"torch.Size([1, 35, 28672])",torch.bfloat16,2007040
t_379,"torch.Size([8192, 28672])",torch.bfloat16,469762048
view_1028,"torch.Size([35, 8192])",torch.bfloat16,573440
mm_298,"torch.Size([35, 28672])",torch.bfloat16,2007040
view_1029,"torch.Size([1, 35, 28672])",torch.bfloat16,2007040
mul_216,"torch.Size([1, 35, 28672])",torch.bfloat16,2007040
t_380,"torch.Size([28672, 8192])",torch.bfloat16,469762048
view_1030,"torch.Size([35, 28672])",torch.bfloat16,2007040
mm_299,"torch.Size([35, 8192])",torch.bfloat16,573440
view_1031,"torch.Size([1, 35, 8192])",torch.bfloat16,573440
add_204,"torch.Size([1, 35, 8192])",torch.bfloat16,573440
_to_copy_104,"torch.Size([1, 35, 8192])",torch.float32,1146880
pow_49,"torch.Size([1, 35, 8192])",torch.float32,1146880
mean_48,"torch.Size([1, 35, 1])",torch.float32,140
add_205,"torch.Size([1, 35, 1])",torch.float32,140
rsqrt_48,"torch.Size([1, 35, 1])",torch.float32,140
mul_217,"torch.Size([1, 35, 8192])",torch.float32,1146880
_to_copy_105,"torch.Size([1, 35, 8192])",torch.bfloat16,573440
mul_218,"torch.Size([1, 35, 8192])",torch.bfloat16,573440
t_381,"torch.Size([8192, 8192])",torch.bfloat16,134217728
view_1032,"torch.Size([35, 8192])",torch.bfloat16,573440
mm_300,"torch.Size([35, 8192])",torch.bfloat16,573440
view_1033,"torch.Size([1, 35, 8192])",torch.bfloat16,573440
t_382,"torch.Size([8192, 1024])",torch.bfloat16,16777216
view_1034,"torch.Size([35, 8192])",torch.bfloat16,573440
mm_301,"torch.Size([35, 1024])",torch.bfloat16,71680
view_1035,"torch.Size([1, 35, 1024])",torch.bfloat16,71680
t_383,"torch.Size([8192, 1024])",torch.bfloat16,16777216
view_1036,"torch.Size([35, 8192])",torch.bfloat16,573440
mm_302,"torch.Size([35, 1024])",torch.bfloat16,71680
view_1037,"torch.Size([1, 35, 1024])",torch.bfloat16,71680
view_1038,"torch.Size([1, 35, 64, 128])",torch.bfloat16,573440
transpose_243,"torch.Size([1, 64, 35, 128])",torch.bfloat16,573440
view_1039,"torch.Size([1, 35, 8, 128])",torch.bfloat16,71680
transpose_244,"torch.Size([1, 8, 35, 128])",torch.bfloat16,71680
view_1040,"torch.Size([1, 35, 8, 128])",torch.bfloat16,71680
transpose_245,"torch.Size([1, 8, 35, 128])",torch.bfloat16,71680
unsqueeze_85,"torch.Size([1, 1, 35, 128])",torch.bfloat16,8960
unsqueeze_86,"torch.Size([1, 1, 35, 128])",torch.bfloat16,8960
mul_219,"torch.Size([1, 64, 35, 128])",torch.bfloat16,573440
slice_368,"torch.Size([1, 64, 35, 64])",torch.bfloat16,286720
slice_369,"torch.Size([1, 64, 35, 64])",torch.bfloat16,286720
neg_32,"torch.Size([1, 64, 35, 64])",torch.bfloat16,286720
cat_35,"torch.Size([1, 64, 35, 128])",torch.bfloat16,573440
mul_220,"torch.Size([1, 64, 35, 128])",torch.bfloat16,573440
add_206,"torch.Size([1, 64, 35, 128])",torch.bfloat16,573440
mul_221,"torch.Size([1, 8, 35, 128])",torch.bfloat16,71680
slice_370,"torch.Size([1, 8, 35, 64])",torch.bfloat16,35840
slice_371,"torch.Size([1, 8, 35, 64])",torch.bfloat16,35840
neg_33,"torch.Size([1, 8, 35, 64])",torch.bfloat16,35840
cat_36,"torch.Size([1, 8, 35, 128])",torch.bfloat16,71680
mul_222,"torch.Size([1, 8, 35, 128])",torch.bfloat16,71680
add_207,"torch.Size([1, 8, 35, 128])",torch.bfloat16,71680
slice_372,"torch.Size([1, 8, 35, 128])",torch.bfloat16,71680
slice_373,"torch.Size([1, 8, 35, 128])",torch.bfloat16,71680
unsqueeze_87,"torch.Size([1, 8, 1, 35, 128])",torch.bfloat16,71680
slice_374,"torch.Size([1, 8, 1, 35, 128])",torch.bfloat16,71680
slice_375,"torch.Size([1, 8, 1, 35, 128])",torch.bfloat16,71680
expand_49,"torch.Size([1, 8, 8, 35, 128])",torch.bfloat16,573440
clone_42,"torch.Size([1, 8, 8, 35, 128])",torch.bfloat16,573440
_unsafe_view_40,"torch.Size([1, 64, 35, 128])",torch.bfloat16,573440
slice_376,"torch.Size([1, 8, 35, 128])",torch.bfloat16,71680
slice_377,"torch.Size([1, 8, 35, 128])",torch.bfloat16,71680
unsqueeze_88,"torch.Size([1, 8, 1, 35, 128])",torch.bfloat16,71680
slice_378,"torch.Size([1, 8, 1, 35, 128])",torch.bfloat16,71680
slice_379,"torch.Size([1, 8, 1, 35, 128])",torch.bfloat16,71680
expand_50,"torch.Size([1, 8, 8, 35, 128])",torch.bfloat16,573440
clone_43,"torch.Size([1, 8, 8, 35, 128])",torch.bfloat16,573440
_unsafe_view_41,"torch.Size([1, 64, 35, 128])",torch.bfloat16,573440
slice_383,"torch.Size([1, 1, 35, 35])",torch.bfloat16,2450
slice_384,"torch.Size([1, 1, 35, 35])",torch.bfloat16,2450
slice_385,"torch.Size([1, 1, 35, 35])",torch.bfloat16,2450
getitem_366,"torch.Size([1, 64, 35, 128])",torch.bfloat16,573440
transpose_246,"torch.Size([1, 35, 64, 128])",torch.bfloat16,573440
view_1041,"torch.Size([1, 35, 8192])",torch.bfloat16,573440
t_384,"torch.Size([8192, 8192])",torch.bfloat16,134217728
view_1042,"torch.Size([35, 8192])",torch.bfloat16,573440
mm_303,"torch.Size([35, 8192])",torch.bfloat16,573440
view_1043,"torch.Size([1, 35, 8192])",torch.bfloat16,573440
add_208,"torch.Size([1, 35, 8192])",torch.bfloat16,573440
_to_copy_106,"torch.Size([1, 35, 8192])",torch.float32,1146880
pow_50,"torch.Size([1, 35, 8192])",torch.float32,1146880
mean_49,"torch.Size([1, 35, 1])",torch.float32,140
add_209,"torch.Size([1, 35, 1])",torch.float32,140
rsqrt_49,"torch.Size([1, 35, 1])",torch.float32,140
mul_223,"torch.Size([1, 35, 8192])",torch.float32,1146880
_to_copy_107,"torch.Size([1, 35, 8192])",torch.bfloat16,573440
mul_224,"torch.Size([1, 35, 8192])",torch.bfloat16,573440
t_385,"torch.Size([8192, 28672])",torch.bfloat16,469762048
view_1044,"torch.Size([35, 8192])",torch.bfloat16,573440
mm_304,"torch.Size([35, 28672])",torch.bfloat16,2007040
view_1045,"torch.Size([1, 35, 28672])",torch.bfloat16,2007040
silu_20,"torch.Size([1, 35, 28672])",torch.bfloat16,2007040
t_386,"torch.Size([8192, 28672])",torch.bfloat16,469762048
view_1046,"torch.Size([35, 8192])",torch.bfloat16,573440
mm_305,"torch.Size([35, 28672])",torch.bfloat16,2007040
view_1047,"torch.Size([1, 35, 28672])",torch.bfloat16,2007040
mul_225,"torch.Size([1, 35, 28672])",torch.bfloat16,2007040
t_387,"torch.Size([28672, 8192])",torch.bfloat16,469762048
view_1048,"torch.Size([35, 28672])",torch.bfloat16,2007040
mm_306,"torch.Size([35, 8192])",torch.bfloat16,573440
view_1049,"torch.Size([1, 35, 8192])",torch.bfloat16,573440
add_210,"torch.Size([1, 35, 8192])",torch.bfloat16,573440
_to_copy_108,"torch.Size([1, 35, 8192])",torch.float32,1146880
pow_51,"torch.Size([1, 35, 8192])",torch.float32,1146880
mean_50,"torch.Size([1, 35, 1])",torch.float32,140
add_211,"torch.Size([1, 35, 1])",torch.float32,140
rsqrt_50,"torch.Size([1, 35, 1])",torch.float32,140
mul_226,"torch.Size([1, 35, 8192])",torch.float32,1146880
_to_copy_109,"torch.Size([1, 35, 8192])",torch.bfloat16,573440
mul_227,"torch.Size([1, 35, 8192])",torch.bfloat16,573440
t_388,"torch.Size([8192, 8192])",torch.bfloat16,134217728
view_1050,"torch.Size([35, 8192])",torch.bfloat16,573440
mm_307,"torch.Size([35, 8192])",torch.bfloat16,573440
view_1051,"torch.Size([1, 35, 8192])",torch.bfloat16,573440
t_389,"torch.Size([8192, 1024])",torch.bfloat16,16777216
view_1052,"torch.Size([35, 8192])",torch.bfloat16,573440
mm_308,"torch.Size([35, 1024])",torch.bfloat16,71680
view_1053,"torch.Size([1, 35, 1024])",torch.bfloat16,71680
t_390,"torch.Size([8192, 1024])",torch.bfloat16,16777216
view_1054,"torch.Size([35, 8192])",torch.bfloat16,573440
mm_309,"torch.Size([35, 1024])",torch.bfloat16,71680
view_1055,"torch.Size([1, 35, 1024])",torch.bfloat16,71680
view_1056,"torch.Size([1, 35, 64, 128])",torch.bfloat16,573440
transpose_247,"torch.Size([1, 64, 35, 128])",torch.bfloat16,573440
view_1057,"torch.Size([1, 35, 8, 128])",torch.bfloat16,71680
transpose_248,"torch.Size([1, 8, 35, 128])",torch.bfloat16,71680
view_1058,"torch.Size([1, 35, 8, 128])",torch.bfloat16,71680
transpose_249,"torch.Size([1, 8, 35, 128])",torch.bfloat16,71680
unsqueeze_89,"torch.Size([1, 1, 35, 128])",torch.bfloat16,8960
unsqueeze_90,"torch.Size([1, 1, 35, 128])",torch.bfloat16,8960
mul_228,"torch.Size([1, 64, 35, 128])",torch.bfloat16,573440
slice_386,"torch.Size([1, 64, 35, 64])",torch.bfloat16,286720
slice_387,"torch.Size([1, 64, 35, 64])",torch.bfloat16,286720
neg_34,"torch.Size([1, 64, 35, 64])",torch.bfloat16,286720
cat_37,"torch.Size([1, 64, 35, 128])",torch.bfloat16,573440
mul_229,"torch.Size([1, 64, 35, 128])",torch.bfloat16,573440
add_212,"torch.Size([1, 64, 35, 128])",torch.bfloat16,573440
mul_230,"torch.Size([1, 8, 35, 128])",torch.bfloat16,71680
slice_388,"torch.Size([1, 8, 35, 64])",torch.bfloat16,35840
slice_389,"torch.Size([1, 8, 35, 64])",torch.bfloat16,35840
neg_35,"torch.Size([1, 8, 35, 64])",torch.bfloat16,35840
cat_38,"torch.Size([1, 8, 35, 128])",torch.bfloat16,71680
mul_231,"torch.Size([1, 8, 35, 128])",torch.bfloat16,71680
add_213,"torch.Size([1, 8, 35, 128])",torch.bfloat16,71680
slice_390,"torch.Size([1, 8, 35, 128])",torch.bfloat16,71680
slice_391,"torch.Size([1, 8, 35, 128])",torch.bfloat16,71680
unsqueeze_91,"torch.Size([1, 8, 1, 35, 128])",torch.bfloat16,71680
slice_392,"torch.Size([1, 8, 1, 35, 128])",torch.bfloat16,71680
slice_393,"torch.Size([1, 8, 1, 35, 128])",torch.bfloat16,71680
expand_51,"torch.Size([1, 8, 8, 35, 128])",torch.bfloat16,573440
clone_44,"torch.Size([1, 8, 8, 35, 128])",torch.bfloat16,573440
_unsafe_view_42,"torch.Size([1, 64, 35, 128])",torch.bfloat16,573440
slice_394,"torch.Size([1, 8, 35, 128])",torch.bfloat16,71680
slice_395,"torch.Size([1, 8, 35, 128])",torch.bfloat16,71680
unsqueeze_92,"torch.Size([1, 8, 1, 35, 128])",torch.bfloat16,71680
slice_396,"torch.Size([1, 8, 1, 35, 128])",torch.bfloat16,71680
slice_397,"torch.Size([1, 8, 1, 35, 128])",torch.bfloat16,71680
expand_52,"torch.Size([1, 8, 8, 35, 128])",torch.bfloat16,573440
clone_45,"torch.Size([1, 8, 8, 35, 128])",torch.bfloat16,573440
_unsafe_view_43,"torch.Size([1, 64, 35, 128])",torch.bfloat16,573440
slice_401,"torch.Size([1, 1, 35, 35])",torch.bfloat16,2450
slice_402,"torch.Size([1, 1, 35, 35])",torch.bfloat16,2450
slice_403,"torch.Size([1, 1, 35, 35])",torch.bfloat16,2450
getitem_368,"torch.Size([1, 64, 35, 128])",torch.bfloat16,573440
transpose_250,"torch.Size([1, 35, 64, 128])",torch.bfloat16,573440
view_1059,"torch.Size([1, 35, 8192])",torch.bfloat16,573440
t_391,"torch.Size([8192, 8192])",torch.bfloat16,134217728
view_1060,"torch.Size([35, 8192])",torch.bfloat16,573440
mm_310,"torch.Size([35, 8192])",torch.bfloat16,573440
view_1061,"torch.Size([1, 35, 8192])",torch.bfloat16,573440
add_214,"torch.Size([1, 35, 8192])",torch.bfloat16,573440
_to_copy_110,"torch.Size([1, 35, 8192])",torch.float32,1146880
pow_52,"torch.Size([1, 35, 8192])",torch.float32,1146880
mean_51,"torch.Size([1, 35, 1])",torch.float32,140
add_215,"torch.Size([1, 35, 1])",torch.float32,140
rsqrt_51,"torch.Size([1, 35, 1])",torch.float32,140
mul_232,"torch.Size([1, 35, 8192])",torch.float32,1146880
_to_copy_111,"torch.Size([1, 35, 8192])",torch.bfloat16,573440
mul_233,"torch.Size([1, 35, 8192])",torch.bfloat16,573440
t_392,"torch.Size([8192, 28672])",torch.bfloat16,469762048
view_1062,"torch.Size([35, 8192])",torch.bfloat16,573440
mm_311,"torch.Size([35, 28672])",torch.bfloat16,2007040
view_1063,"torch.Size([1, 35, 28672])",torch.bfloat16,2007040
silu_21,"torch.Size([1, 35, 28672])",torch.bfloat16,2007040
t_393,"torch.Size([8192, 28672])",torch.bfloat16,469762048
view_1064,"torch.Size([35, 8192])",torch.bfloat16,573440
mm_312,"torch.Size([35, 28672])",torch.bfloat16,2007040
view_1065,"torch.Size([1, 35, 28672])",torch.bfloat16,2007040
mul_234,"torch.Size([1, 35, 28672])",torch.bfloat16,2007040
t_394,"torch.Size([28672, 8192])",torch.bfloat16,469762048
view_1066,"torch.Size([35, 28672])",torch.bfloat16,2007040
mm_313,"torch.Size([35, 8192])",torch.bfloat16,573440
view_1067,"torch.Size([1, 35, 8192])",torch.bfloat16,573440
add_216,"torch.Size([1, 35, 8192])",torch.bfloat16,573440
_to_copy_112,"torch.Size([1, 35, 8192])",torch.float32,1146880
pow_53,"torch.Size([1, 35, 8192])",torch.float32,1146880
mean_52,"torch.Size([1, 35, 1])",torch.float32,140
add_217,"torch.Size([1, 35, 1])",torch.float32,140
rsqrt_52,"torch.Size([1, 35, 1])",torch.float32,140
mul_235,"torch.Size([1, 35, 8192])",torch.float32,1146880
_to_copy_113,"torch.Size([1, 35, 8192])",torch.bfloat16,573440
mul_236,"torch.Size([1, 35, 8192])",torch.bfloat16,573440
t_395,"torch.Size([8192, 8192])",torch.bfloat16,134217728
view_1068,"torch.Size([35, 8192])",torch.bfloat16,573440
mm_314,"torch.Size([35, 8192])",torch.bfloat16,573440
view_1069,"torch.Size([1, 35, 8192])",torch.bfloat16,573440
t_396,"torch.Size([8192, 1024])",torch.bfloat16,16777216
view_1070,"torch.Size([35, 8192])",torch.bfloat16,573440
mm_315,"torch.Size([35, 1024])",torch.bfloat16,71680
view_1071,"torch.Size([1, 35, 1024])",torch.bfloat16,71680
t_397,"torch.Size([8192, 1024])",torch.bfloat16,16777216
view_1072,"torch.Size([35, 8192])",torch.bfloat16,573440
mm_316,"torch.Size([35, 1024])",torch.bfloat16,71680
view_1073,"torch.Size([1, 35, 1024])",torch.bfloat16,71680
view_1074,"torch.Size([1, 35, 64, 128])",torch.bfloat16,573440
transpose_251,"torch.Size([1, 64, 35, 128])",torch.bfloat16,573440
view_1075,"torch.Size([1, 35, 8, 128])",torch.bfloat16,71680
transpose_252,"torch.Size([1, 8, 35, 128])",torch.bfloat16,71680
view_1076,"torch.Size([1, 35, 8, 128])",torch.bfloat16,71680
transpose_253,"torch.Size([1, 8, 35, 128])",torch.bfloat16,71680
unsqueeze_93,"torch.Size([1, 1, 35, 128])",torch.bfloat16,8960
unsqueeze_94,"torch.Size([1, 1, 35, 128])",torch.bfloat16,8960
mul_237,"torch.Size([1, 64, 35, 128])",torch.bfloat16,573440
slice_404,"torch.Size([1, 64, 35, 64])",torch.bfloat16,286720
slice_405,"torch.Size([1, 64, 35, 64])",torch.bfloat16,286720
neg_36,"torch.Size([1, 64, 35, 64])",torch.bfloat16,286720
cat_39,"torch.Size([1, 64, 35, 128])",torch.bfloat16,573440
mul_238,"torch.Size([1, 64, 35, 128])",torch.bfloat16,573440
add_218,"torch.Size([1, 64, 35, 128])",torch.bfloat16,573440
mul_239,"torch.Size([1, 8, 35, 128])",torch.bfloat16,71680
slice_406,"torch.Size([1, 8, 35, 64])",torch.bfloat16,35840
slice_407,"torch.Size([1, 8, 35, 64])",torch.bfloat16,35840
neg_37,"torch.Size([1, 8, 35, 64])",torch.bfloat16,35840
cat_40,"torch.Size([1, 8, 35, 128])",torch.bfloat16,71680
mul_240,"torch.Size([1, 8, 35, 128])",torch.bfloat16,71680
add_219,"torch.Size([1, 8, 35, 128])",torch.bfloat16,71680
slice_408,"torch.Size([1, 8, 35, 128])",torch.bfloat16,71680
slice_409,"torch.Size([1, 8, 35, 128])",torch.bfloat16,71680
unsqueeze_95,"torch.Size([1, 8, 1, 35, 128])",torch.bfloat16,71680
slice_410,"torch.Size([1, 8, 1, 35, 128])",torch.bfloat16,71680
slice_411,"torch.Size([1, 8, 1, 35, 128])",torch.bfloat16,71680
expand_53,"torch.Size([1, 8, 8, 35, 128])",torch.bfloat16,573440
clone_46,"torch.Size([1, 8, 8, 35, 128])",torch.bfloat16,573440
_unsafe_view_44,"torch.Size([1, 64, 35, 128])",torch.bfloat16,573440
slice_412,"torch.Size([1, 8, 35, 128])",torch.bfloat16,71680
slice_413,"torch.Size([1, 8, 35, 128])",torch.bfloat16,71680
unsqueeze_96,"torch.Size([1, 8, 1, 35, 128])",torch.bfloat16,71680
slice_414,"torch.Size([1, 8, 1, 35, 128])",torch.bfloat16,71680
slice_415,"torch.Size([1, 8, 1, 35, 128])",torch.bfloat16,71680
expand_54,"torch.Size([1, 8, 8, 35, 128])",torch.bfloat16,573440
clone_47,"torch.Size([1, 8, 8, 35, 128])",torch.bfloat16,573440
_unsafe_view_45,"torch.Size([1, 64, 35, 128])",torch.bfloat16,573440
slice_419,"torch.Size([1, 1, 35, 35])",torch.bfloat16,2450
slice_420,"torch.Size([1, 1, 35, 35])",torch.bfloat16,2450
slice_421,"torch.Size([1, 1, 35, 35])",torch.bfloat16,2450
getitem_370,"torch.Size([1, 64, 35, 128])",torch.bfloat16,573440
transpose_254,"torch.Size([1, 35, 64, 128])",torch.bfloat16,573440
view_1077,"torch.Size([1, 35, 8192])",torch.bfloat16,573440
t_398,"torch.Size([8192, 8192])",torch.bfloat16,134217728
view_1078,"torch.Size([35, 8192])",torch.bfloat16,573440
mm_317,"torch.Size([35, 8192])",torch.bfloat16,573440
view_1079,"torch.Size([1, 35, 8192])",torch.bfloat16,573440
add_220,"torch.Size([1, 35, 8192])",torch.bfloat16,573440
_to_copy_114,"torch.Size([1, 35, 8192])",torch.float32,1146880
pow_54,"torch.Size([1, 35, 8192])",torch.float32,1146880
mean_53,"torch.Size([1, 35, 1])",torch.float32,140
add_221,"torch.Size([1, 35, 1])",torch.float32,140
rsqrt_53,"torch.Size([1, 35, 1])",torch.float32,140
mul_241,"torch.Size([1, 35, 8192])",torch.float32,1146880
_to_copy_115,"torch.Size([1, 35, 8192])",torch.bfloat16,573440
mul_242,"torch.Size([1, 35, 8192])",torch.bfloat16,573440
t_399,"torch.Size([8192, 28672])",torch.bfloat16,469762048
view_1080,"torch.Size([35, 8192])",torch.bfloat16,573440
mm_318,"torch.Size([35, 28672])",torch.bfloat16,2007040
view_1081,"torch.Size([1, 35, 28672])",torch.bfloat16,2007040
silu_22,"torch.Size([1, 35, 28672])",torch.bfloat16,2007040
t_400,"torch.Size([8192, 28672])",torch.bfloat16,469762048
view_1082,"torch.Size([35, 8192])",torch.bfloat16,573440
mm_319,"torch.Size([35, 28672])",torch.bfloat16,2007040
view_1083,"torch.Size([1, 35, 28672])",torch.bfloat16,2007040
mul_243,"torch.Size([1, 35, 28672])",torch.bfloat16,2007040
t_401,"torch.Size([28672, 8192])",torch.bfloat16,469762048
view_1084,"torch.Size([35, 28672])",torch.bfloat16,2007040
mm_320,"torch.Size([35, 8192])",torch.bfloat16,573440
view_1085,"torch.Size([1, 35, 8192])",torch.bfloat16,573440
add_222,"torch.Size([1, 35, 8192])",torch.bfloat16,573440
_to_copy_116,"torch.Size([1, 35, 8192])",torch.float32,1146880
pow_55,"torch.Size([1, 35, 8192])",torch.float32,1146880
mean_54,"torch.Size([1, 35, 1])",torch.float32,140
add_223,"torch.Size([1, 35, 1])",torch.float32,140
rsqrt_54,"torch.Size([1, 35, 1])",torch.float32,140
mul_244,"torch.Size([1, 35, 8192])",torch.float32,1146880
_to_copy_117,"torch.Size([1, 35, 8192])",torch.bfloat16,573440
mul_245,"torch.Size([1, 35, 8192])",torch.bfloat16,573440
t_402,"torch.Size([8192, 8192])",torch.bfloat16,134217728
view_1086,"torch.Size([35, 8192])",torch.bfloat16,573440
mm_321,"torch.Size([35, 8192])",torch.bfloat16,573440
view_1087,"torch.Size([1, 35, 8192])",torch.bfloat16,573440
view_1088,"torch.Size([1, 35, 64, 128])",torch.bfloat16,573440
transpose_255,"torch.Size([1, 64, 35, 128])",torch.bfloat16,573440
_to_copy_118,"torch.Size([1, 64, 35, 128])",torch.float32,1146880
pow_56,"torch.Size([1, 64, 35, 128])",torch.float32,1146880
mean_55,"torch.Size([1, 64, 35, 1])",torch.float32,8960
add_224,"torch.Size([1, 64, 35, 1])",torch.float32,8960
rsqrt_55,"torch.Size([1, 64, 35, 1])",torch.float32,8960
mul_246,"torch.Size([1, 64, 35, 128])",torch.float32,1146880
_to_copy_119,"torch.Size([1, 64, 35, 128])",torch.bfloat16,573440
mul_247,"torch.Size([1, 64, 35, 128])",torch.bfloat16,573440
t_403,"torch.Size([8192, 1024])",torch.bfloat16,16777216
view_1089,"torch.Size([6404, 8192])",torch.bfloat16,104923136
mm_322,"torch.Size([6404, 1024])",torch.bfloat16,13115392
view_1090,"torch.Size([4, 1601, 1024])",torch.bfloat16,13115392
t_404,"torch.Size([8192, 1024])",torch.bfloat16,16777216
view_1091,"torch.Size([6404, 8192])",torch.bfloat16,104923136
mm_323,"torch.Size([6404, 1024])",torch.bfloat16,13115392
view_1092,"torch.Size([4, 1601, 1024])",torch.bfloat16,13115392
view_1093,"torch.Size([1, 6404, 8, 128])",torch.bfloat16,13115392
transpose_256,"torch.Size([1, 8, 6404, 128])",torch.bfloat16,13115392
view_1094,"torch.Size([1, 6404, 8, 128])",torch.bfloat16,13115392
transpose_257,"torch.Size([1, 8, 6404, 128])",torch.bfloat16,13115392
slice_422,"torch.Size([1, 8, 6404, 128])",torch.bfloat16,13115392
slice_423,"torch.Size([1, 8, 6404, 128])",torch.bfloat16,13115392
unsqueeze_97,"torch.Size([1, 8, 1, 6404, 128])",torch.bfloat16,13115392
slice_424,"torch.Size([1, 8, 1, 6404, 128])",torch.bfloat16,13115392
slice_425,"torch.Size([1, 8, 1, 6404, 128])",torch.bfloat16,13115392
expand_55,"torch.Size([1, 8, 8, 6404, 128])",torch.bfloat16,104923136
clone_48,"torch.Size([1, 8, 8, 6404, 128])",torch.bfloat16,104923136
_unsafe_view_46,"torch.Size([1, 64, 6404, 128])",torch.bfloat16,104923136
slice_426,"torch.Size([1, 8, 6404, 128])",torch.bfloat16,13115392
slice_427,"torch.Size([1, 8, 6404, 128])",torch.bfloat16,13115392
unsqueeze_98,"torch.Size([1, 8, 1, 6404, 128])",torch.bfloat16,13115392
slice_428,"torch.Size([1, 8, 1, 6404, 128])",torch.bfloat16,13115392
slice_429,"torch.Size([1, 8, 1, 6404, 128])",torch.bfloat16,13115392
expand_56,"torch.Size([1, 8, 8, 6404, 128])",torch.bfloat16,104923136
clone_49,"torch.Size([1, 8, 8, 6404, 128])",torch.bfloat16,104923136
_unsafe_view_47,"torch.Size([1, 64, 6404, 128])",torch.bfloat16,104923136
_to_copy_120,"torch.Size([1, 64, 6404, 128])",torch.float32,209846272
pow_57,"torch.Size([1, 64, 6404, 128])",torch.float32,209846272
mean_56,"torch.Size([1, 64, 6404, 1])",torch.float32,1639424
add_225,"torch.Size([1, 64, 6404, 1])",torch.float32,1639424
rsqrt_56,"torch.Size([1, 64, 6404, 1])",torch.float32,1639424
mul_248,"torch.Size([1, 64, 6404, 128])",torch.float32,209846272
_to_copy_121,"torch.Size([1, 64, 6404, 128])",torch.bfloat16,104923136
mul_249,"torch.Size([1, 64, 6404, 128])",torch.bfloat16,104923136
getitem_372,"torch.Size([1, 64, 35, 128])",torch.bfloat16,573440
transpose_258,"torch.Size([1, 35, 64, 128])",torch.bfloat16,573440
view_1095,"torch.Size([1, 35, 8192])",torch.bfloat16,573440
t_405,"torch.Size([8192, 8192])",torch.bfloat16,134217728
view_1096,"torch.Size([35, 8192])",torch.bfloat16,573440
mm_324,"torch.Size([35, 8192])",torch.bfloat16,573440
view_1097,"torch.Size([1, 35, 8192])",torch.bfloat16,573440
tanh_28,torch.Size([1]),torch.bfloat16,2
mul_250,"torch.Size([1, 35, 8192])",torch.bfloat16,573440
add_226,"torch.Size([1, 35, 8192])",torch.bfloat16,573440
_to_copy_122,"torch.Size([1, 35, 8192])",torch.float32,1146880
pow_58,"torch.Size([1, 35, 8192])",torch.float32,1146880
mean_57,"torch.Size([1, 35, 1])",torch.float32,140
add_227,"torch.Size([1, 35, 1])",torch.float32,140
rsqrt_57,"torch.Size([1, 35, 1])",torch.float32,140
mul_251,"torch.Size([1, 35, 8192])",torch.float32,1146880
_to_copy_123,"torch.Size([1, 35, 8192])",torch.bfloat16,573440
mul_252,"torch.Size([1, 35, 8192])",torch.bfloat16,573440
t_406,"torch.Size([8192, 28672])",torch.bfloat16,469762048
view_1098,"torch.Size([35, 8192])",torch.bfloat16,573440
mm_325,"torch.Size([35, 28672])",torch.bfloat16,2007040
view_1099,"torch.Size([1, 35, 28672])",torch.bfloat16,2007040
silu_23,"torch.Size([1, 35, 28672])",torch.bfloat16,2007040
t_407,"torch.Size([8192, 28672])",torch.bfloat16,469762048
view_1100,"torch.Size([35, 8192])",torch.bfloat16,573440
mm_326,"torch.Size([35, 28672])",torch.bfloat16,2007040
view_1101,"torch.Size([1, 35, 28672])",torch.bfloat16,2007040
mul_253,"torch.Size([1, 35, 28672])",torch.bfloat16,2007040
t_408,"torch.Size([28672, 8192])",torch.bfloat16,469762048
view_1102,"torch.Size([35, 28672])",torch.bfloat16,2007040
mm_327,"torch.Size([35, 8192])",torch.bfloat16,573440
view_1103,"torch.Size([1, 35, 8192])",torch.bfloat16,573440
slice_430,"torch.Size([1, 1, 35, 1])",torch.bfloat16,70
select_4,"torch.Size([1, 35, 1])",torch.bfloat16,70
mul_254,"torch.Size([1, 35, 8192])",torch.bfloat16,573440
tanh_29,torch.Size([1]),torch.bfloat16,2
mul_255,"torch.Size([1, 35, 8192])",torch.bfloat16,573440
add_228,"torch.Size([1, 35, 8192])",torch.bfloat16,573440
_to_copy_124,"torch.Size([1, 35, 8192])",torch.float32,1146880
pow_59,"torch.Size([1, 35, 8192])",torch.float32,1146880
mean_58,"torch.Size([1, 35, 1])",torch.float32,140
add_229,"torch.Size([1, 35, 1])",torch.float32,140
rsqrt_58,"torch.Size([1, 35, 1])",torch.float32,140
mul_256,"torch.Size([1, 35, 8192])",torch.float32,1146880
_to_copy_125,"torch.Size([1, 35, 8192])",torch.bfloat16,573440
mul_257,"torch.Size([1, 35, 8192])",torch.bfloat16,573440
t_409,"torch.Size([8192, 8192])",torch.bfloat16,134217728
view_1104,"torch.Size([35, 8192])",torch.bfloat16,573440
mm_328,"torch.Size([35, 8192])",torch.bfloat16,573440
view_1105,"torch.Size([1, 35, 8192])",torch.bfloat16,573440
t_410,"torch.Size([8192, 1024])",torch.bfloat16,16777216
view_1106,"torch.Size([35, 8192])",torch.bfloat16,573440
mm_329,"torch.Size([35, 1024])",torch.bfloat16,71680
view_1107,"torch.Size([1, 35, 1024])",torch.bfloat16,71680
t_411,"torch.Size([8192, 1024])",torch.bfloat16,16777216
view_1108,"torch.Size([35, 8192])",torch.bfloat16,573440
mm_330,"torch.Size([35, 1024])",torch.bfloat16,71680
view_1109,"torch.Size([1, 35, 1024])",torch.bfloat16,71680
view_1110,"torch.Size([1, 35, 64, 128])",torch.bfloat16,573440
transpose_259,"torch.Size([1, 64, 35, 128])",torch.bfloat16,573440
view_1111,"torch.Size([1, 35, 8, 128])",torch.bfloat16,71680
transpose_260,"torch.Size([1, 8, 35, 128])",torch.bfloat16,71680
view_1112,"torch.Size([1, 35, 8, 128])",torch.bfloat16,71680
transpose_261,"torch.Size([1, 8, 35, 128])",torch.bfloat16,71680
unsqueeze_99,"torch.Size([1, 1, 35, 128])",torch.bfloat16,8960
unsqueeze_100,"torch.Size([1, 1, 35, 128])",torch.bfloat16,8960
mul_258,"torch.Size([1, 64, 35, 128])",torch.bfloat16,573440
slice_431,"torch.Size([1, 64, 35, 64])",torch.bfloat16,286720
slice_432,"torch.Size([1, 64, 35, 64])",torch.bfloat16,286720
neg_38,"torch.Size([1, 64, 35, 64])",torch.bfloat16,286720
cat_41,"torch.Size([1, 64, 35, 128])",torch.bfloat16,573440
mul_259,"torch.Size([1, 64, 35, 128])",torch.bfloat16,573440
add_230,"torch.Size([1, 64, 35, 128])",torch.bfloat16,573440
mul_260,"torch.Size([1, 8, 35, 128])",torch.bfloat16,71680
slice_433,"torch.Size([1, 8, 35, 64])",torch.bfloat16,35840
slice_434,"torch.Size([1, 8, 35, 64])",torch.bfloat16,35840
neg_39,"torch.Size([1, 8, 35, 64])",torch.bfloat16,35840
cat_42,"torch.Size([1, 8, 35, 128])",torch.bfloat16,71680
mul_261,"torch.Size([1, 8, 35, 128])",torch.bfloat16,71680
add_231,"torch.Size([1, 8, 35, 128])",torch.bfloat16,71680
slice_435,"torch.Size([1, 8, 35, 128])",torch.bfloat16,71680
slice_436,"torch.Size([1, 8, 35, 128])",torch.bfloat16,71680
unsqueeze_101,"torch.Size([1, 8, 1, 35, 128])",torch.bfloat16,71680
slice_437,"torch.Size([1, 8, 1, 35, 128])",torch.bfloat16,71680
slice_438,"torch.Size([1, 8, 1, 35, 128])",torch.bfloat16,71680
expand_57,"torch.Size([1, 8, 8, 35, 128])",torch.bfloat16,573440
clone_50,"torch.Size([1, 8, 8, 35, 128])",torch.bfloat16,573440
_unsafe_view_48,"torch.Size([1, 64, 35, 128])",torch.bfloat16,573440
slice_439,"torch.Size([1, 8, 35, 128])",torch.bfloat16,71680
slice_440,"torch.Size([1, 8, 35, 128])",torch.bfloat16,71680
unsqueeze_102,"torch.Size([1, 8, 1, 35, 128])",torch.bfloat16,71680
slice_441,"torch.Size([1, 8, 1, 35, 128])",torch.bfloat16,71680
slice_442,"torch.Size([1, 8, 1, 35, 128])",torch.bfloat16,71680
expand_58,"torch.Size([1, 8, 8, 35, 128])",torch.bfloat16,573440
clone_51,"torch.Size([1, 8, 8, 35, 128])",torch.bfloat16,573440
_unsafe_view_49,"torch.Size([1, 64, 35, 128])",torch.bfloat16,573440
slice_446,"torch.Size([1, 1, 35, 35])",torch.bfloat16,2450
slice_447,"torch.Size([1, 1, 35, 35])",torch.bfloat16,2450
slice_448,"torch.Size([1, 1, 35, 35])",torch.bfloat16,2450
getitem_374,"torch.Size([1, 64, 35, 128])",torch.bfloat16,573440
transpose_262,"torch.Size([1, 35, 64, 128])",torch.bfloat16,573440
view_1113,"torch.Size([1, 35, 8192])",torch.bfloat16,573440
t_412,"torch.Size([8192, 8192])",torch.bfloat16,134217728
view_1114,"torch.Size([35, 8192])",torch.bfloat16,573440
mm_331,"torch.Size([35, 8192])",torch.bfloat16,573440
view_1115,"torch.Size([1, 35, 8192])",torch.bfloat16,573440
add_232,"torch.Size([1, 35, 8192])",torch.bfloat16,573440
_to_copy_126,"torch.Size([1, 35, 8192])",torch.float32,1146880
pow_60,"torch.Size([1, 35, 8192])",torch.float32,1146880
mean_59,"torch.Size([1, 35, 1])",torch.float32,140
add_233,"torch.Size([1, 35, 1])",torch.float32,140
rsqrt_59,"torch.Size([1, 35, 1])",torch.float32,140
mul_262,"torch.Size([1, 35, 8192])",torch.float32,1146880
_to_copy_127,"torch.Size([1, 35, 8192])",torch.bfloat16,573440
mul_263,"torch.Size([1, 35, 8192])",torch.bfloat16,573440
t_413,"torch.Size([8192, 28672])",torch.bfloat16,469762048
view_1116,"torch.Size([35, 8192])",torch.bfloat16,573440
mm_332,"torch.Size([35, 28672])",torch.bfloat16,2007040
view_1117,"torch.Size([1, 35, 28672])",torch.bfloat16,2007040
silu_24,"torch.Size([1, 35, 28672])",torch.bfloat16,2007040
t_414,"torch.Size([8192, 28672])",torch.bfloat16,469762048
view_1118,"torch.Size([35, 8192])",torch.bfloat16,573440
mm_333,"torch.Size([35, 28672])",torch.bfloat16,2007040
view_1119,"torch.Size([1, 35, 28672])",torch.bfloat16,2007040
mul_264,"torch.Size([1, 35, 28672])",torch.bfloat16,2007040
t_415,"torch.Size([28672, 8192])",torch.bfloat16,469762048
view_1120,"torch.Size([35, 28672])",torch.bfloat16,2007040
mm_334,"torch.Size([35, 8192])",torch.bfloat16,573440
view_1121,"torch.Size([1, 35, 8192])",torch.bfloat16,573440
add_234,"torch.Size([1, 35, 8192])",torch.bfloat16,573440
_to_copy_128,"torch.Size([1, 35, 8192])",torch.float32,1146880
pow_61,"torch.Size([1, 35, 8192])",torch.float32,1146880
mean_60,"torch.Size([1, 35, 1])",torch.float32,140
add_235,"torch.Size([1, 35, 1])",torch.float32,140
rsqrt_60,"torch.Size([1, 35, 1])",torch.float32,140
mul_265,"torch.Size([1, 35, 8192])",torch.float32,1146880
_to_copy_129,"torch.Size([1, 35, 8192])",torch.bfloat16,573440
mul_266,"torch.Size([1, 35, 8192])",torch.bfloat16,573440
t_416,"torch.Size([8192, 8192])",torch.bfloat16,134217728
view_1122,"torch.Size([35, 8192])",torch.bfloat16,573440
mm_335,"torch.Size([35, 8192])",torch.bfloat16,573440
view_1123,"torch.Size([1, 35, 8192])",torch.bfloat16,573440
t_417,"torch.Size([8192, 1024])",torch.bfloat16,16777216
view_1124,"torch.Size([35, 8192])",torch.bfloat16,573440
mm_336,"torch.Size([35, 1024])",torch.bfloat16,71680
view_1125,"torch.Size([1, 35, 1024])",torch.bfloat16,71680
t_418,"torch.Size([8192, 1024])",torch.bfloat16,16777216
view_1126,"torch.Size([35, 8192])",torch.bfloat16,573440
mm_337,"torch.Size([35, 1024])",torch.bfloat16,71680
view_1127,"torch.Size([1, 35, 1024])",torch.bfloat16,71680
view_1128,"torch.Size([1, 35, 64, 128])",torch.bfloat16,573440
transpose_263,"torch.Size([1, 64, 35, 128])",torch.bfloat16,573440
view_1129,"torch.Size([1, 35, 8, 128])",torch.bfloat16,71680
transpose_264,"torch.Size([1, 8, 35, 128])",torch.bfloat16,71680
view_1130,"torch.Size([1, 35, 8, 128])",torch.bfloat16,71680
transpose_265,"torch.Size([1, 8, 35, 128])",torch.bfloat16,71680
unsqueeze_103,"torch.Size([1, 1, 35, 128])",torch.bfloat16,8960
unsqueeze_104,"torch.Size([1, 1, 35, 128])",torch.bfloat16,8960
mul_267,"torch.Size([1, 64, 35, 128])",torch.bfloat16,573440
slice_449,"torch.Size([1, 64, 35, 64])",torch.bfloat16,286720
slice_450,"torch.Size([1, 64, 35, 64])",torch.bfloat16,286720
neg_40,"torch.Size([1, 64, 35, 64])",torch.bfloat16,286720
cat_43,"torch.Size([1, 64, 35, 128])",torch.bfloat16,573440
mul_268,"torch.Size([1, 64, 35, 128])",torch.bfloat16,573440
add_236,"torch.Size([1, 64, 35, 128])",torch.bfloat16,573440
mul_269,"torch.Size([1, 8, 35, 128])",torch.bfloat16,71680
slice_451,"torch.Size([1, 8, 35, 64])",torch.bfloat16,35840
slice_452,"torch.Size([1, 8, 35, 64])",torch.bfloat16,35840
neg_41,"torch.Size([1, 8, 35, 64])",torch.bfloat16,35840
cat_44,"torch.Size([1, 8, 35, 128])",torch.bfloat16,71680
mul_270,"torch.Size([1, 8, 35, 128])",torch.bfloat16,71680
add_237,"torch.Size([1, 8, 35, 128])",torch.bfloat16,71680
slice_453,"torch.Size([1, 8, 35, 128])",torch.bfloat16,71680
slice_454,"torch.Size([1, 8, 35, 128])",torch.bfloat16,71680
unsqueeze_105,"torch.Size([1, 8, 1, 35, 128])",torch.bfloat16,71680
slice_455,"torch.Size([1, 8, 1, 35, 128])",torch.bfloat16,71680
slice_456,"torch.Size([1, 8, 1, 35, 128])",torch.bfloat16,71680
expand_59,"torch.Size([1, 8, 8, 35, 128])",torch.bfloat16,573440
clone_52,"torch.Size([1, 8, 8, 35, 128])",torch.bfloat16,573440
_unsafe_view_50,"torch.Size([1, 64, 35, 128])",torch.bfloat16,573440
slice_457,"torch.Size([1, 8, 35, 128])",torch.bfloat16,71680
slice_458,"torch.Size([1, 8, 35, 128])",torch.bfloat16,71680
unsqueeze_106,"torch.Size([1, 8, 1, 35, 128])",torch.bfloat16,71680
slice_459,"torch.Size([1, 8, 1, 35, 128])",torch.bfloat16,71680
slice_460,"torch.Size([1, 8, 1, 35, 128])",torch.bfloat16,71680
expand_60,"torch.Size([1, 8, 8, 35, 128])",torch.bfloat16,573440
clone_53,"torch.Size([1, 8, 8, 35, 128])",torch.bfloat16,573440
_unsafe_view_51,"torch.Size([1, 64, 35, 128])",torch.bfloat16,573440
slice_464,"torch.Size([1, 1, 35, 35])",torch.bfloat16,2450
slice_465,"torch.Size([1, 1, 35, 35])",torch.bfloat16,2450
slice_466,"torch.Size([1, 1, 35, 35])",torch.bfloat16,2450
getitem_376,"torch.Size([1, 64, 35, 128])",torch.bfloat16,573440
transpose_266,"torch.Size([1, 35, 64, 128])",torch.bfloat16,573440
view_1131,"torch.Size([1, 35, 8192])",torch.bfloat16,573440
t_419,"torch.Size([8192, 8192])",torch.bfloat16,134217728
view_1132,"torch.Size([35, 8192])",torch.bfloat16,573440
mm_338,"torch.Size([35, 8192])",torch.bfloat16,573440
view_1133,"torch.Size([1, 35, 8192])",torch.bfloat16,573440
add_238,"torch.Size([1, 35, 8192])",torch.bfloat16,573440
_to_copy_130,"torch.Size([1, 35, 8192])",torch.float32,1146880
pow_62,"torch.Size([1, 35, 8192])",torch.float32,1146880
mean_61,"torch.Size([1, 35, 1])",torch.float32,140
add_239,"torch.Size([1, 35, 1])",torch.float32,140
rsqrt_61,"torch.Size([1, 35, 1])",torch.float32,140
mul_271,"torch.Size([1, 35, 8192])",torch.float32,1146880
_to_copy_131,"torch.Size([1, 35, 8192])",torch.bfloat16,573440
mul_272,"torch.Size([1, 35, 8192])",torch.bfloat16,573440
t_420,"torch.Size([8192, 28672])",torch.bfloat16,469762048
view_1134,"torch.Size([35, 8192])",torch.bfloat16,573440
mm_339,"torch.Size([35, 28672])",torch.bfloat16,2007040
view_1135,"torch.Size([1, 35, 28672])",torch.bfloat16,2007040
silu_25,"torch.Size([1, 35, 28672])",torch.bfloat16,2007040
t_421,"torch.Size([8192, 28672])",torch.bfloat16,469762048
view_1136,"torch.Size([35, 8192])",torch.bfloat16,573440
mm_340,"torch.Size([35, 28672])",torch.bfloat16,2007040
view_1137,"torch.Size([1, 35, 28672])",torch.bfloat16,2007040
mul_273,"torch.Size([1, 35, 28672])",torch.bfloat16,2007040
t_422,"torch.Size([28672, 8192])",torch.bfloat16,469762048
view_1138,"torch.Size([35, 28672])",torch.bfloat16,2007040
mm_341,"torch.Size([35, 8192])",torch.bfloat16,573440
view_1139,"torch.Size([1, 35, 8192])",torch.bfloat16,573440
add_240,"torch.Size([1, 35, 8192])",torch.bfloat16,573440
_to_copy_132,"torch.Size([1, 35, 8192])",torch.float32,1146880
pow_63,"torch.Size([1, 35, 8192])",torch.float32,1146880
mean_62,"torch.Size([1, 35, 1])",torch.float32,140
add_241,"torch.Size([1, 35, 1])",torch.float32,140
rsqrt_62,"torch.Size([1, 35, 1])",torch.float32,140
mul_274,"torch.Size([1, 35, 8192])",torch.float32,1146880
_to_copy_133,"torch.Size([1, 35, 8192])",torch.bfloat16,573440
mul_275,"torch.Size([1, 35, 8192])",torch.bfloat16,573440
t_423,"torch.Size([8192, 8192])",torch.bfloat16,134217728
view_1140,"torch.Size([35, 8192])",torch.bfloat16,573440
mm_342,"torch.Size([35, 8192])",torch.bfloat16,573440
view_1141,"torch.Size([1, 35, 8192])",torch.bfloat16,573440
t_424,"torch.Size([8192, 1024])",torch.bfloat16,16777216
view_1142,"torch.Size([35, 8192])",torch.bfloat16,573440
mm_343,"torch.Size([35, 1024])",torch.bfloat16,71680
view_1143,"torch.Size([1, 35, 1024])",torch.bfloat16,71680
t_425,"torch.Size([8192, 1024])",torch.bfloat16,16777216
view_1144,"torch.Size([35, 8192])",torch.bfloat16,573440
mm_344,"torch.Size([35, 1024])",torch.bfloat16,71680
view_1145,"torch.Size([1, 35, 1024])",torch.bfloat16,71680
view_1146,"torch.Size([1, 35, 64, 128])",torch.bfloat16,573440
transpose_267,"torch.Size([1, 64, 35, 128])",torch.bfloat16,573440
view_1147,"torch.Size([1, 35, 8, 128])",torch.bfloat16,71680
transpose_268,"torch.Size([1, 8, 35, 128])",torch.bfloat16,71680
view_1148,"torch.Size([1, 35, 8, 128])",torch.bfloat16,71680
transpose_269,"torch.Size([1, 8, 35, 128])",torch.bfloat16,71680
unsqueeze_107,"torch.Size([1, 1, 35, 128])",torch.bfloat16,8960
unsqueeze_108,"torch.Size([1, 1, 35, 128])",torch.bfloat16,8960
mul_276,"torch.Size([1, 64, 35, 128])",torch.bfloat16,573440
slice_467,"torch.Size([1, 64, 35, 64])",torch.bfloat16,286720
slice_468,"torch.Size([1, 64, 35, 64])",torch.bfloat16,286720
neg_42,"torch.Size([1, 64, 35, 64])",torch.bfloat16,286720
cat_45,"torch.Size([1, 64, 35, 128])",torch.bfloat16,573440
mul_277,"torch.Size([1, 64, 35, 128])",torch.bfloat16,573440
add_242,"torch.Size([1, 64, 35, 128])",torch.bfloat16,573440
mul_278,"torch.Size([1, 8, 35, 128])",torch.bfloat16,71680
slice_469,"torch.Size([1, 8, 35, 64])",torch.bfloat16,35840
slice_470,"torch.Size([1, 8, 35, 64])",torch.bfloat16,35840
neg_43,"torch.Size([1, 8, 35, 64])",torch.bfloat16,35840
cat_46,"torch.Size([1, 8, 35, 128])",torch.bfloat16,71680
mul_279,"torch.Size([1, 8, 35, 128])",torch.bfloat16,71680
add_243,"torch.Size([1, 8, 35, 128])",torch.bfloat16,71680
slice_471,"torch.Size([1, 8, 35, 128])",torch.bfloat16,71680
slice_472,"torch.Size([1, 8, 35, 128])",torch.bfloat16,71680
unsqueeze_109,"torch.Size([1, 8, 1, 35, 128])",torch.bfloat16,71680
slice_473,"torch.Size([1, 8, 1, 35, 128])",torch.bfloat16,71680
slice_474,"torch.Size([1, 8, 1, 35, 128])",torch.bfloat16,71680
expand_61,"torch.Size([1, 8, 8, 35, 128])",torch.bfloat16,573440
clone_54,"torch.Size([1, 8, 8, 35, 128])",torch.bfloat16,573440
_unsafe_view_52,"torch.Size([1, 64, 35, 128])",torch.bfloat16,573440
slice_475,"torch.Size([1, 8, 35, 128])",torch.bfloat16,71680
slice_476,"torch.Size([1, 8, 35, 128])",torch.bfloat16,71680
unsqueeze_110,"torch.Size([1, 8, 1, 35, 128])",torch.bfloat16,71680
slice_477,"torch.Size([1, 8, 1, 35, 128])",torch.bfloat16,71680
slice_478,"torch.Size([1, 8, 1, 35, 128])",torch.bfloat16,71680
expand_62,"torch.Size([1, 8, 8, 35, 128])",torch.bfloat16,573440
clone_55,"torch.Size([1, 8, 8, 35, 128])",torch.bfloat16,573440
_unsafe_view_53,"torch.Size([1, 64, 35, 128])",torch.bfloat16,573440
slice_482,"torch.Size([1, 1, 35, 35])",torch.bfloat16,2450
slice_483,"torch.Size([1, 1, 35, 35])",torch.bfloat16,2450
slice_484,"torch.Size([1, 1, 35, 35])",torch.bfloat16,2450
getitem_378,"torch.Size([1, 64, 35, 128])",torch.bfloat16,573440
transpose_270,"torch.Size([1, 35, 64, 128])",torch.bfloat16,573440
view_1149,"torch.Size([1, 35, 8192])",torch.bfloat16,573440
t_426,"torch.Size([8192, 8192])",torch.bfloat16,134217728
view_1150,"torch.Size([35, 8192])",torch.bfloat16,573440
mm_345,"torch.Size([35, 8192])",torch.bfloat16,573440
view_1151,"torch.Size([1, 35, 8192])",torch.bfloat16,573440
add_244,"torch.Size([1, 35, 8192])",torch.bfloat16,573440
_to_copy_134,"torch.Size([1, 35, 8192])",torch.float32,1146880
pow_64,"torch.Size([1, 35, 8192])",torch.float32,1146880
mean_63,"torch.Size([1, 35, 1])",torch.float32,140
add_245,"torch.Size([1, 35, 1])",torch.float32,140
rsqrt_63,"torch.Size([1, 35, 1])",torch.float32,140
mul_280,"torch.Size([1, 35, 8192])",torch.float32,1146880
_to_copy_135,"torch.Size([1, 35, 8192])",torch.bfloat16,573440
mul_281,"torch.Size([1, 35, 8192])",torch.bfloat16,573440
t_427,"torch.Size([8192, 28672])",torch.bfloat16,469762048
view_1152,"torch.Size([35, 8192])",torch.bfloat16,573440
mm_346,"torch.Size([35, 28672])",torch.bfloat16,2007040
view_1153,"torch.Size([1, 35, 28672])",torch.bfloat16,2007040
silu_26,"torch.Size([1, 35, 28672])",torch.bfloat16,2007040
t_428,"torch.Size([8192, 28672])",torch.bfloat16,469762048
view_1154,"torch.Size([35, 8192])",torch.bfloat16,573440
mm_347,"torch.Size([35, 28672])",torch.bfloat16,2007040
view_1155,"torch.Size([1, 35, 28672])",torch.bfloat16,2007040
mul_282,"torch.Size([1, 35, 28672])",torch.bfloat16,2007040
t_429,"torch.Size([28672, 8192])",torch.bfloat16,469762048
view_1156,"torch.Size([35, 28672])",torch.bfloat16,2007040
mm_348,"torch.Size([35, 8192])",torch.bfloat16,573440
view_1157,"torch.Size([1, 35, 8192])",torch.bfloat16,573440
add_246,"torch.Size([1, 35, 8192])",torch.bfloat16,573440
_to_copy_136,"torch.Size([1, 35, 8192])",torch.float32,1146880
pow_65,"torch.Size([1, 35, 8192])",torch.float32,1146880
mean_64,"torch.Size([1, 35, 1])",torch.float32,140
add_247,"torch.Size([1, 35, 1])",torch.float32,140
rsqrt_64,"torch.Size([1, 35, 1])",torch.float32,140
mul_283,"torch.Size([1, 35, 8192])",torch.float32,1146880
_to_copy_137,"torch.Size([1, 35, 8192])",torch.bfloat16,573440
mul_284,"torch.Size([1, 35, 8192])",torch.bfloat16,573440
t_430,"torch.Size([8192, 8192])",torch.bfloat16,134217728
view_1158,"torch.Size([35, 8192])",torch.bfloat16,573440
mm_349,"torch.Size([35, 8192])",torch.bfloat16,573440
view_1159,"torch.Size([1, 35, 8192])",torch.bfloat16,573440
t_431,"torch.Size([8192, 1024])",torch.bfloat16,16777216
view_1160,"torch.Size([35, 8192])",torch.bfloat16,573440
mm_350,"torch.Size([35, 1024])",torch.bfloat16,71680
view_1161,"torch.Size([1, 35, 1024])",torch.bfloat16,71680
t_432,"torch.Size([8192, 1024])",torch.bfloat16,16777216
view_1162,"torch.Size([35, 8192])",torch.bfloat16,573440
mm_351,"torch.Size([35, 1024])",torch.bfloat16,71680
view_1163,"torch.Size([1, 35, 1024])",torch.bfloat16,71680
view_1164,"torch.Size([1, 35, 64, 128])",torch.bfloat16,573440
transpose_271,"torch.Size([1, 64, 35, 128])",torch.bfloat16,573440
view_1165,"torch.Size([1, 35, 8, 128])",torch.bfloat16,71680
transpose_272,"torch.Size([1, 8, 35, 128])",torch.bfloat16,71680
view_1166,"torch.Size([1, 35, 8, 128])",torch.bfloat16,71680
transpose_273,"torch.Size([1, 8, 35, 128])",torch.bfloat16,71680
unsqueeze_111,"torch.Size([1, 1, 35, 128])",torch.bfloat16,8960
unsqueeze_112,"torch.Size([1, 1, 35, 128])",torch.bfloat16,8960
mul_285,"torch.Size([1, 64, 35, 128])",torch.bfloat16,573440
slice_485,"torch.Size([1, 64, 35, 64])",torch.bfloat16,286720
slice_486,"torch.Size([1, 64, 35, 64])",torch.bfloat16,286720
neg_44,"torch.Size([1, 64, 35, 64])",torch.bfloat16,286720
cat_47,"torch.Size([1, 64, 35, 128])",torch.bfloat16,573440
mul_286,"torch.Size([1, 64, 35, 128])",torch.bfloat16,573440
add_248,"torch.Size([1, 64, 35, 128])",torch.bfloat16,573440
mul_287,"torch.Size([1, 8, 35, 128])",torch.bfloat16,71680
slice_487,"torch.Size([1, 8, 35, 64])",torch.bfloat16,35840
slice_488,"torch.Size([1, 8, 35, 64])",torch.bfloat16,35840
neg_45,"torch.Size([1, 8, 35, 64])",torch.bfloat16,35840
cat_48,"torch.Size([1, 8, 35, 128])",torch.bfloat16,71680
mul_288,"torch.Size([1, 8, 35, 128])",torch.bfloat16,71680
add_249,"torch.Size([1, 8, 35, 128])",torch.bfloat16,71680
slice_489,"torch.Size([1, 8, 35, 128])",torch.bfloat16,71680
slice_490,"torch.Size([1, 8, 35, 128])",torch.bfloat16,71680
unsqueeze_113,"torch.Size([1, 8, 1, 35, 128])",torch.bfloat16,71680
slice_491,"torch.Size([1, 8, 1, 35, 128])",torch.bfloat16,71680
slice_492,"torch.Size([1, 8, 1, 35, 128])",torch.bfloat16,71680
expand_63,"torch.Size([1, 8, 8, 35, 128])",torch.bfloat16,573440
clone_56,"torch.Size([1, 8, 8, 35, 128])",torch.bfloat16,573440
_unsafe_view_54,"torch.Size([1, 64, 35, 128])",torch.bfloat16,573440
slice_493,"torch.Size([1, 8, 35, 128])",torch.bfloat16,71680
slice_494,"torch.Size([1, 8, 35, 128])",torch.bfloat16,71680
unsqueeze_114,"torch.Size([1, 8, 1, 35, 128])",torch.bfloat16,71680
slice_495,"torch.Size([1, 8, 1, 35, 128])",torch.bfloat16,71680
slice_496,"torch.Size([1, 8, 1, 35, 128])",torch.bfloat16,71680
expand_64,"torch.Size([1, 8, 8, 35, 128])",torch.bfloat16,573440
clone_57,"torch.Size([1, 8, 8, 35, 128])",torch.bfloat16,573440
_unsafe_view_55,"torch.Size([1, 64, 35, 128])",torch.bfloat16,573440
slice_500,"torch.Size([1, 1, 35, 35])",torch.bfloat16,2450
slice_501,"torch.Size([1, 1, 35, 35])",torch.bfloat16,2450
slice_502,"torch.Size([1, 1, 35, 35])",torch.bfloat16,2450
getitem_380,"torch.Size([1, 64, 35, 128])",torch.bfloat16,573440
transpose_274,"torch.Size([1, 35, 64, 128])",torch.bfloat16,573440
view_1167,"torch.Size([1, 35, 8192])",torch.bfloat16,573440
t_433,"torch.Size([8192, 8192])",torch.bfloat16,134217728
view_1168,"torch.Size([35, 8192])",torch.bfloat16,573440
mm_352,"torch.Size([35, 8192])",torch.bfloat16,573440
view_1169,"torch.Size([1, 35, 8192])",torch.bfloat16,573440
add_250,"torch.Size([1, 35, 8192])",torch.bfloat16,573440
_to_copy_138,"torch.Size([1, 35, 8192])",torch.float32,1146880
pow_66,"torch.Size([1, 35, 8192])",torch.float32,1146880
mean_65,"torch.Size([1, 35, 1])",torch.float32,140
add_251,"torch.Size([1, 35, 1])",torch.float32,140
rsqrt_65,"torch.Size([1, 35, 1])",torch.float32,140
mul_289,"torch.Size([1, 35, 8192])",torch.float32,1146880
_to_copy_139,"torch.Size([1, 35, 8192])",torch.bfloat16,573440
mul_290,"torch.Size([1, 35, 8192])",torch.bfloat16,573440
t_434,"torch.Size([8192, 28672])",torch.bfloat16,469762048
view_1170,"torch.Size([35, 8192])",torch.bfloat16,573440
mm_353,"torch.Size([35, 28672])",torch.bfloat16,2007040
view_1171,"torch.Size([1, 35, 28672])",torch.bfloat16,2007040
silu_27,"torch.Size([1, 35, 28672])",torch.bfloat16,2007040
t_435,"torch.Size([8192, 28672])",torch.bfloat16,469762048
view_1172,"torch.Size([35, 8192])",torch.bfloat16,573440
mm_354,"torch.Size([35, 28672])",torch.bfloat16,2007040
view_1173,"torch.Size([1, 35, 28672])",torch.bfloat16,2007040
mul_291,"torch.Size([1, 35, 28672])",torch.bfloat16,2007040
t_436,"torch.Size([28672, 8192])",torch.bfloat16,469762048
view_1174,"torch.Size([35, 28672])",torch.bfloat16,2007040
mm_355,"torch.Size([35, 8192])",torch.bfloat16,573440
view_1175,"torch.Size([1, 35, 8192])",torch.bfloat16,573440
add_252,"torch.Size([1, 35, 8192])",torch.bfloat16,573440
_to_copy_140,"torch.Size([1, 35, 8192])",torch.float32,1146880
pow_67,"torch.Size([1, 35, 8192])",torch.float32,1146880
mean_66,"torch.Size([1, 35, 1])",torch.float32,140
add_253,"torch.Size([1, 35, 1])",torch.float32,140
rsqrt_66,"torch.Size([1, 35, 1])",torch.float32,140
mul_292,"torch.Size([1, 35, 8192])",torch.float32,1146880
_to_copy_141,"torch.Size([1, 35, 8192])",torch.bfloat16,573440
mul_293,"torch.Size([1, 35, 8192])",torch.bfloat16,573440
t_437,"torch.Size([8192, 8192])",torch.bfloat16,134217728
view_1176,"torch.Size([35, 8192])",torch.bfloat16,573440
mm_356,"torch.Size([35, 8192])",torch.bfloat16,573440
view_1177,"torch.Size([1, 35, 8192])",torch.bfloat16,573440
view_1178,"torch.Size([1, 35, 64, 128])",torch.bfloat16,573440
transpose_275,"torch.Size([1, 64, 35, 128])",torch.bfloat16,573440
_to_copy_142,"torch.Size([1, 64, 35, 128])",torch.float32,1146880
pow_68,"torch.Size([1, 64, 35, 128])",torch.float32,1146880
mean_67,"torch.Size([1, 64, 35, 1])",torch.float32,8960
add_254,"torch.Size([1, 64, 35, 1])",torch.float32,8960
rsqrt_67,"torch.Size([1, 64, 35, 1])",torch.float32,8960
mul_294,"torch.Size([1, 64, 35, 128])",torch.float32,1146880
_to_copy_143,"torch.Size([1, 64, 35, 128])",torch.bfloat16,573440
mul_295,"torch.Size([1, 64, 35, 128])",torch.bfloat16,573440
t_438,"torch.Size([8192, 1024])",torch.bfloat16,16777216
view_1179,"torch.Size([6404, 8192])",torch.bfloat16,104923136
mm_357,"torch.Size([6404, 1024])",torch.bfloat16,13115392
view_1180,"torch.Size([4, 1601, 1024])",torch.bfloat16,13115392
t_439,"torch.Size([8192, 1024])",torch.bfloat16,16777216
view_1181,"torch.Size([6404, 8192])",torch.bfloat16,104923136
mm_358,"torch.Size([6404, 1024])",torch.bfloat16,13115392
view_1182,"torch.Size([4, 1601, 1024])",torch.bfloat16,13115392
view_1183,"torch.Size([1, 6404, 8, 128])",torch.bfloat16,13115392
transpose_276,"torch.Size([1, 8, 6404, 128])",torch.bfloat16,13115392
view_1184,"torch.Size([1, 6404, 8, 128])",torch.bfloat16,13115392
transpose_277,"torch.Size([1, 8, 6404, 128])",torch.bfloat16,13115392
slice_503,"torch.Size([1, 8, 6404, 128])",torch.bfloat16,13115392
slice_504,"torch.Size([1, 8, 6404, 128])",torch.bfloat16,13115392
unsqueeze_115,"torch.Size([1, 8, 1, 6404, 128])",torch.bfloat16,13115392
slice_505,"torch.Size([1, 8, 1, 6404, 128])",torch.bfloat16,13115392
slice_506,"torch.Size([1, 8, 1, 6404, 128])",torch.bfloat16,13115392
expand_65,"torch.Size([1, 8, 8, 6404, 128])",torch.bfloat16,104923136
clone_58,"torch.Size([1, 8, 8, 6404, 128])",torch.bfloat16,104923136
_unsafe_view_56,"torch.Size([1, 64, 6404, 128])",torch.bfloat16,104923136
slice_507,"torch.Size([1, 8, 6404, 128])",torch.bfloat16,13115392
slice_508,"torch.Size([1, 8, 6404, 128])",torch.bfloat16,13115392
unsqueeze_116,"torch.Size([1, 8, 1, 6404, 128])",torch.bfloat16,13115392
slice_509,"torch.Size([1, 8, 1, 6404, 128])",torch.bfloat16,13115392
slice_510,"torch.Size([1, 8, 1, 6404, 128])",torch.bfloat16,13115392
expand_66,"torch.Size([1, 8, 8, 6404, 128])",torch.bfloat16,104923136
clone_59,"torch.Size([1, 8, 8, 6404, 128])",torch.bfloat16,104923136
_unsafe_view_57,"torch.Size([1, 64, 6404, 128])",torch.bfloat16,104923136
_to_copy_144,"torch.Size([1, 64, 6404, 128])",torch.float32,209846272
pow_69,"torch.Size([1, 64, 6404, 128])",torch.float32,209846272
mean_68,"torch.Size([1, 64, 6404, 1])",torch.float32,1639424
add_255,"torch.Size([1, 64, 6404, 1])",torch.float32,1639424
rsqrt_68,"torch.Size([1, 64, 6404, 1])",torch.float32,1639424
mul_296,"torch.Size([1, 64, 6404, 128])",torch.float32,209846272
_to_copy_145,"torch.Size([1, 64, 6404, 128])",torch.bfloat16,104923136
mul_297,"torch.Size([1, 64, 6404, 128])",torch.bfloat16,104923136
getitem_382,"torch.Size([1, 64, 35, 128])",torch.bfloat16,573440
transpose_278,"torch.Size([1, 35, 64, 128])",torch.bfloat16,573440
view_1185,"torch.Size([1, 35, 8192])",torch.bfloat16,573440
t_440,"torch.Size([8192, 8192])",torch.bfloat16,134217728
view_1186,"torch.Size([35, 8192])",torch.bfloat16,573440
mm_359,"torch.Size([35, 8192])",torch.bfloat16,573440
view_1187,"torch.Size([1, 35, 8192])",torch.bfloat16,573440
tanh_30,torch.Size([1]),torch.bfloat16,2
mul_298,"torch.Size([1, 35, 8192])",torch.bfloat16,573440
add_256,"torch.Size([1, 35, 8192])",torch.bfloat16,573440
_to_copy_146,"torch.Size([1, 35, 8192])",torch.float32,1146880
pow_70,"torch.Size([1, 35, 8192])",torch.float32,1146880
mean_69,"torch.Size([1, 35, 1])",torch.float32,140
add_257,"torch.Size([1, 35, 1])",torch.float32,140
rsqrt_69,"torch.Size([1, 35, 1])",torch.float32,140
mul_299,"torch.Size([1, 35, 8192])",torch.float32,1146880
_to_copy_147,"torch.Size([1, 35, 8192])",torch.bfloat16,573440
mul_300,"torch.Size([1, 35, 8192])",torch.bfloat16,573440
t_441,"torch.Size([8192, 28672])",torch.bfloat16,469762048
view_1188,"torch.Size([35, 8192])",torch.bfloat16,573440
mm_360,"torch.Size([35, 28672])",torch.bfloat16,2007040
view_1189,"torch.Size([1, 35, 28672])",torch.bfloat16,2007040
silu_28,"torch.Size([1, 35, 28672])",torch.bfloat16,2007040
t_442,"torch.Size([8192, 28672])",torch.bfloat16,469762048
view_1190,"torch.Size([35, 8192])",torch.bfloat16,573440
mm_361,"torch.Size([35, 28672])",torch.bfloat16,2007040
view_1191,"torch.Size([1, 35, 28672])",torch.bfloat16,2007040
mul_301,"torch.Size([1, 35, 28672])",torch.bfloat16,2007040
t_443,"torch.Size([28672, 8192])",torch.bfloat16,469762048
view_1192,"torch.Size([35, 28672])",torch.bfloat16,2007040
mm_362,"torch.Size([35, 8192])",torch.bfloat16,573440
view_1193,"torch.Size([1, 35, 8192])",torch.bfloat16,573440
slice_511,"torch.Size([1, 1, 35, 1])",torch.bfloat16,70
select_5,"torch.Size([1, 35, 1])",torch.bfloat16,70
mul_302,"torch.Size([1, 35, 8192])",torch.bfloat16,573440
tanh_31,torch.Size([1]),torch.bfloat16,2
mul_303,"torch.Size([1, 35, 8192])",torch.bfloat16,573440
add_258,"torch.Size([1, 35, 8192])",torch.bfloat16,573440
_to_copy_148,"torch.Size([1, 35, 8192])",torch.float32,1146880
pow_71,"torch.Size([1, 35, 8192])",torch.float32,1146880
mean_70,"torch.Size([1, 35, 1])",torch.float32,140
add_259,"torch.Size([1, 35, 1])",torch.float32,140
rsqrt_70,"torch.Size([1, 35, 1])",torch.float32,140
mul_304,"torch.Size([1, 35, 8192])",torch.float32,1146880
_to_copy_149,"torch.Size([1, 35, 8192])",torch.bfloat16,573440
mul_305,"torch.Size([1, 35, 8192])",torch.bfloat16,573440
t_444,"torch.Size([8192, 8192])",torch.bfloat16,134217728
view_1194,"torch.Size([35, 8192])",torch.bfloat16,573440
mm_363,"torch.Size([35, 8192])",torch.bfloat16,573440
view_1195,"torch.Size([1, 35, 8192])",torch.bfloat16,573440
t_445,"torch.Size([8192, 1024])",torch.bfloat16,16777216
view_1196,"torch.Size([35, 8192])",torch.bfloat16,573440
mm_364,"torch.Size([35, 1024])",torch.bfloat16,71680
view_1197,"torch.Size([1, 35, 1024])",torch.bfloat16,71680
t_446,"torch.Size([8192, 1024])",torch.bfloat16,16777216
view_1198,"torch.Size([35, 8192])",torch.bfloat16,573440
mm_365,"torch.Size([35, 1024])",torch.bfloat16,71680
view_1199,"torch.Size([1, 35, 1024])",torch.bfloat16,71680
view_1200,"torch.Size([1, 35, 64, 128])",torch.bfloat16,573440
transpose_279,"torch.Size([1, 64, 35, 128])",torch.bfloat16,573440
view_1201,"torch.Size([1, 35, 8, 128])",torch.bfloat16,71680
transpose_280,"torch.Size([1, 8, 35, 128])",torch.bfloat16,71680
view_1202,"torch.Size([1, 35, 8, 128])",torch.bfloat16,71680
transpose_281,"torch.Size([1, 8, 35, 128])",torch.bfloat16,71680
unsqueeze_117,"torch.Size([1, 1, 35, 128])",torch.bfloat16,8960
unsqueeze_118,"torch.Size([1, 1, 35, 128])",torch.bfloat16,8960
mul_306,"torch.Size([1, 64, 35, 128])",torch.bfloat16,573440
slice_512,"torch.Size([1, 64, 35, 64])",torch.bfloat16,286720
slice_513,"torch.Size([1, 64, 35, 64])",torch.bfloat16,286720
neg_46,"torch.Size([1, 64, 35, 64])",torch.bfloat16,286720
cat_49,"torch.Size([1, 64, 35, 128])",torch.bfloat16,573440
mul_307,"torch.Size([1, 64, 35, 128])",torch.bfloat16,573440
add_260,"torch.Size([1, 64, 35, 128])",torch.bfloat16,573440
mul_308,"torch.Size([1, 8, 35, 128])",torch.bfloat16,71680
slice_514,"torch.Size([1, 8, 35, 64])",torch.bfloat16,35840
slice_515,"torch.Size([1, 8, 35, 64])",torch.bfloat16,35840
neg_47,"torch.Size([1, 8, 35, 64])",torch.bfloat16,35840
cat_50,"torch.Size([1, 8, 35, 128])",torch.bfloat16,71680
mul_309,"torch.Size([1, 8, 35, 128])",torch.bfloat16,71680
add_261,"torch.Size([1, 8, 35, 128])",torch.bfloat16,71680
slice_516,"torch.Size([1, 8, 35, 128])",torch.bfloat16,71680
slice_517,"torch.Size([1, 8, 35, 128])",torch.bfloat16,71680
unsqueeze_119,"torch.Size([1, 8, 1, 35, 128])",torch.bfloat16,71680
slice_518,"torch.Size([1, 8, 1, 35, 128])",torch.bfloat16,71680
slice_519,"torch.Size([1, 8, 1, 35, 128])",torch.bfloat16,71680
expand_67,"torch.Size([1, 8, 8, 35, 128])",torch.bfloat16,573440
clone_60,"torch.Size([1, 8, 8, 35, 128])",torch.bfloat16,573440
_unsafe_view_58,"torch.Size([1, 64, 35, 128])",torch.bfloat16,573440
slice_520,"torch.Size([1, 8, 35, 128])",torch.bfloat16,71680
slice_521,"torch.Size([1, 8, 35, 128])",torch.bfloat16,71680
unsqueeze_120,"torch.Size([1, 8, 1, 35, 128])",torch.bfloat16,71680
slice_522,"torch.Size([1, 8, 1, 35, 128])",torch.bfloat16,71680
slice_523,"torch.Size([1, 8, 1, 35, 128])",torch.bfloat16,71680
expand_68,"torch.Size([1, 8, 8, 35, 128])",torch.bfloat16,573440
clone_61,"torch.Size([1, 8, 8, 35, 128])",torch.bfloat16,573440
_unsafe_view_59,"torch.Size([1, 64, 35, 128])",torch.bfloat16,573440
slice_527,"torch.Size([1, 1, 35, 35])",torch.bfloat16,2450
slice_528,"torch.Size([1, 1, 35, 35])",torch.bfloat16,2450
slice_529,"torch.Size([1, 1, 35, 35])",torch.bfloat16,2450
getitem_384,"torch.Size([1, 64, 35, 128])",torch.bfloat16,573440
transpose_282,"torch.Size([1, 35, 64, 128])",torch.bfloat16,573440
view_1203,"torch.Size([1, 35, 8192])",torch.bfloat16,573440
t_447,"torch.Size([8192, 8192])",torch.bfloat16,134217728
view_1204,"torch.Size([35, 8192])",torch.bfloat16,573440
mm_366,"torch.Size([35, 8192])",torch.bfloat16,573440
view_1205,"torch.Size([1, 35, 8192])",torch.bfloat16,573440
add_262,"torch.Size([1, 35, 8192])",torch.bfloat16,573440
_to_copy_150,"torch.Size([1, 35, 8192])",torch.float32,1146880
pow_72,"torch.Size([1, 35, 8192])",torch.float32,1146880
mean_71,"torch.Size([1, 35, 1])",torch.float32,140
add_263,"torch.Size([1, 35, 1])",torch.float32,140
rsqrt_71,"torch.Size([1, 35, 1])",torch.float32,140
mul_310,"torch.Size([1, 35, 8192])",torch.float32,1146880
_to_copy_151,"torch.Size([1, 35, 8192])",torch.bfloat16,573440
mul_311,"torch.Size([1, 35, 8192])",torch.bfloat16,573440
t_448,"torch.Size([8192, 28672])",torch.bfloat16,469762048
view_1206,"torch.Size([35, 8192])",torch.bfloat16,573440
mm_367,"torch.Size([35, 28672])",torch.bfloat16,2007040
view_1207,"torch.Size([1, 35, 28672])",torch.bfloat16,2007040
silu_29,"torch.Size([1, 35, 28672])",torch.bfloat16,2007040
t_449,"torch.Size([8192, 28672])",torch.bfloat16,469762048
view_1208,"torch.Size([35, 8192])",torch.bfloat16,573440
mm_368,"torch.Size([35, 28672])",torch.bfloat16,2007040
view_1209,"torch.Size([1, 35, 28672])",torch.bfloat16,2007040
mul_312,"torch.Size([1, 35, 28672])",torch.bfloat16,2007040
t_450,"torch.Size([28672, 8192])",torch.bfloat16,469762048
view_1210,"torch.Size([35, 28672])",torch.bfloat16,2007040
mm_369,"torch.Size([35, 8192])",torch.bfloat16,573440
view_1211,"torch.Size([1, 35, 8192])",torch.bfloat16,573440
add_264,"torch.Size([1, 35, 8192])",torch.bfloat16,573440
_to_copy_152,"torch.Size([1, 35, 8192])",torch.float32,1146880
pow_73,"torch.Size([1, 35, 8192])",torch.float32,1146880
mean_72,"torch.Size([1, 35, 1])",torch.float32,140
add_265,"torch.Size([1, 35, 1])",torch.float32,140
rsqrt_72,"torch.Size([1, 35, 1])",torch.float32,140
mul_313,"torch.Size([1, 35, 8192])",torch.float32,1146880
_to_copy_153,"torch.Size([1, 35, 8192])",torch.bfloat16,573440
mul_314,"torch.Size([1, 35, 8192])",torch.bfloat16,573440
t_451,"torch.Size([8192, 8192])",torch.bfloat16,134217728
view_1212,"torch.Size([35, 8192])",torch.bfloat16,573440
mm_370,"torch.Size([35, 8192])",torch.bfloat16,573440
view_1213,"torch.Size([1, 35, 8192])",torch.bfloat16,573440
t_452,"torch.Size([8192, 1024])",torch.bfloat16,16777216
view_1214,"torch.Size([35, 8192])",torch.bfloat16,573440
mm_371,"torch.Size([35, 1024])",torch.bfloat16,71680
view_1215,"torch.Size([1, 35, 1024])",torch.bfloat16,71680
t_453,"torch.Size([8192, 1024])",torch.bfloat16,16777216
view_1216,"torch.Size([35, 8192])",torch.bfloat16,573440
mm_372,"torch.Size([35, 1024])",torch.bfloat16,71680
view_1217,"torch.Size([1, 35, 1024])",torch.bfloat16,71680
view_1218,"torch.Size([1, 35, 64, 128])",torch.bfloat16,573440
transpose_283,"torch.Size([1, 64, 35, 128])",torch.bfloat16,573440
view_1219,"torch.Size([1, 35, 8, 128])",torch.bfloat16,71680
transpose_284,"torch.Size([1, 8, 35, 128])",torch.bfloat16,71680
view_1220,"torch.Size([1, 35, 8, 128])",torch.bfloat16,71680
transpose_285,"torch.Size([1, 8, 35, 128])",torch.bfloat16,71680
unsqueeze_121,"torch.Size([1, 1, 35, 128])",torch.bfloat16,8960
unsqueeze_122,"torch.Size([1, 1, 35, 128])",torch.bfloat16,8960
mul_315,"torch.Size([1, 64, 35, 128])",torch.bfloat16,573440
slice_530,"torch.Size([1, 64, 35, 64])",torch.bfloat16,286720
slice_531,"torch.Size([1, 64, 35, 64])",torch.bfloat16,286720
neg_48,"torch.Size([1, 64, 35, 64])",torch.bfloat16,286720
cat_51,"torch.Size([1, 64, 35, 128])",torch.bfloat16,573440
mul_316,"torch.Size([1, 64, 35, 128])",torch.bfloat16,573440
add_266,"torch.Size([1, 64, 35, 128])",torch.bfloat16,573440
mul_317,"torch.Size([1, 8, 35, 128])",torch.bfloat16,71680
slice_532,"torch.Size([1, 8, 35, 64])",torch.bfloat16,35840
slice_533,"torch.Size([1, 8, 35, 64])",torch.bfloat16,35840
neg_49,"torch.Size([1, 8, 35, 64])",torch.bfloat16,35840
cat_52,"torch.Size([1, 8, 35, 128])",torch.bfloat16,71680
mul_318,"torch.Size([1, 8, 35, 128])",torch.bfloat16,71680
add_267,"torch.Size([1, 8, 35, 128])",torch.bfloat16,71680
slice_534,"torch.Size([1, 8, 35, 128])",torch.bfloat16,71680
slice_535,"torch.Size([1, 8, 35, 128])",torch.bfloat16,71680
unsqueeze_123,"torch.Size([1, 8, 1, 35, 128])",torch.bfloat16,71680
slice_536,"torch.Size([1, 8, 1, 35, 128])",torch.bfloat16,71680
slice_537,"torch.Size([1, 8, 1, 35, 128])",torch.bfloat16,71680
expand_69,"torch.Size([1, 8, 8, 35, 128])",torch.bfloat16,573440
clone_62,"torch.Size([1, 8, 8, 35, 128])",torch.bfloat16,573440
_unsafe_view_60,"torch.Size([1, 64, 35, 128])",torch.bfloat16,573440
slice_538,"torch.Size([1, 8, 35, 128])",torch.bfloat16,71680
slice_539,"torch.Size([1, 8, 35, 128])",torch.bfloat16,71680
unsqueeze_124,"torch.Size([1, 8, 1, 35, 128])",torch.bfloat16,71680
slice_540,"torch.Size([1, 8, 1, 35, 128])",torch.bfloat16,71680
slice_541,"torch.Size([1, 8, 1, 35, 128])",torch.bfloat16,71680
expand_70,"torch.Size([1, 8, 8, 35, 128])",torch.bfloat16,573440
clone_63,"torch.Size([1, 8, 8, 35, 128])",torch.bfloat16,573440
_unsafe_view_61,"torch.Size([1, 64, 35, 128])",torch.bfloat16,573440
slice_545,"torch.Size([1, 1, 35, 35])",torch.bfloat16,2450
slice_546,"torch.Size([1, 1, 35, 35])",torch.bfloat16,2450
slice_547,"torch.Size([1, 1, 35, 35])",torch.bfloat16,2450
getitem_386,"torch.Size([1, 64, 35, 128])",torch.bfloat16,573440
transpose_286,"torch.Size([1, 35, 64, 128])",torch.bfloat16,573440
view_1221,"torch.Size([1, 35, 8192])",torch.bfloat16,573440
t_454,"torch.Size([8192, 8192])",torch.bfloat16,134217728
view_1222,"torch.Size([35, 8192])",torch.bfloat16,573440
mm_373,"torch.Size([35, 8192])",torch.bfloat16,573440
view_1223,"torch.Size([1, 35, 8192])",torch.bfloat16,573440
add_268,"torch.Size([1, 35, 8192])",torch.bfloat16,573440
_to_copy_154,"torch.Size([1, 35, 8192])",torch.float32,1146880
pow_74,"torch.Size([1, 35, 8192])",torch.float32,1146880
mean_73,"torch.Size([1, 35, 1])",torch.float32,140
add_269,"torch.Size([1, 35, 1])",torch.float32,140
rsqrt_73,"torch.Size([1, 35, 1])",torch.float32,140
mul_319,"torch.Size([1, 35, 8192])",torch.float32,1146880
_to_copy_155,"torch.Size([1, 35, 8192])",torch.bfloat16,573440
mul_320,"torch.Size([1, 35, 8192])",torch.bfloat16,573440
t_455,"torch.Size([8192, 28672])",torch.bfloat16,469762048
view_1224,"torch.Size([35, 8192])",torch.bfloat16,573440
mm_374,"torch.Size([35, 28672])",torch.bfloat16,2007040
view_1225,"torch.Size([1, 35, 28672])",torch.bfloat16,2007040
silu_30,"torch.Size([1, 35, 28672])",torch.bfloat16,2007040
t_456,"torch.Size([8192, 28672])",torch.bfloat16,469762048
view_1226,"torch.Size([35, 8192])",torch.bfloat16,573440
mm_375,"torch.Size([35, 28672])",torch.bfloat16,2007040
view_1227,"torch.Size([1, 35, 28672])",torch.bfloat16,2007040
mul_321,"torch.Size([1, 35, 28672])",torch.bfloat16,2007040
t_457,"torch.Size([28672, 8192])",torch.bfloat16,469762048
view_1228,"torch.Size([35, 28672])",torch.bfloat16,2007040
mm_376,"torch.Size([35, 8192])",torch.bfloat16,573440
view_1229,"torch.Size([1, 35, 8192])",torch.bfloat16,573440
add_270,"torch.Size([1, 35, 8192])",torch.bfloat16,573440
_to_copy_156,"torch.Size([1, 35, 8192])",torch.float32,1146880
pow_75,"torch.Size([1, 35, 8192])",torch.float32,1146880
mean_74,"torch.Size([1, 35, 1])",torch.float32,140
add_271,"torch.Size([1, 35, 1])",torch.float32,140
rsqrt_74,"torch.Size([1, 35, 1])",torch.float32,140
mul_322,"torch.Size([1, 35, 8192])",torch.float32,1146880
_to_copy_157,"torch.Size([1, 35, 8192])",torch.bfloat16,573440
mul_323,"torch.Size([1, 35, 8192])",torch.bfloat16,573440
t_458,"torch.Size([8192, 8192])",torch.bfloat16,134217728
view_1230,"torch.Size([35, 8192])",torch.bfloat16,573440
mm_377,"torch.Size([35, 8192])",torch.bfloat16,573440
view_1231,"torch.Size([1, 35, 8192])",torch.bfloat16,573440
t_459,"torch.Size([8192, 1024])",torch.bfloat16,16777216
view_1232,"torch.Size([35, 8192])",torch.bfloat16,573440
mm_378,"torch.Size([35, 1024])",torch.bfloat16,71680
view_1233,"torch.Size([1, 35, 1024])",torch.bfloat16,71680
t_460,"torch.Size([8192, 1024])",torch.bfloat16,16777216
view_1234,"torch.Size([35, 8192])",torch.bfloat16,573440
mm_379,"torch.Size([35, 1024])",torch.bfloat16,71680
view_1235,"torch.Size([1, 35, 1024])",torch.bfloat16,71680
view_1236,"torch.Size([1, 35, 64, 128])",torch.bfloat16,573440
transpose_287,"torch.Size([1, 64, 35, 128])",torch.bfloat16,573440
view_1237,"torch.Size([1, 35, 8, 128])",torch.bfloat16,71680
transpose_288,"torch.Size([1, 8, 35, 128])",torch.bfloat16,71680
view_1238,"torch.Size([1, 35, 8, 128])",torch.bfloat16,71680
transpose_289,"torch.Size([1, 8, 35, 128])",torch.bfloat16,71680
unsqueeze_125,"torch.Size([1, 1, 35, 128])",torch.bfloat16,8960
unsqueeze_126,"torch.Size([1, 1, 35, 128])",torch.bfloat16,8960
mul_324,"torch.Size([1, 64, 35, 128])",torch.bfloat16,573440
slice_548,"torch.Size([1, 64, 35, 64])",torch.bfloat16,286720
slice_549,"torch.Size([1, 64, 35, 64])",torch.bfloat16,286720
neg_50,"torch.Size([1, 64, 35, 64])",torch.bfloat16,286720
cat_53,"torch.Size([1, 64, 35, 128])",torch.bfloat16,573440
mul_325,"torch.Size([1, 64, 35, 128])",torch.bfloat16,573440
add_272,"torch.Size([1, 64, 35, 128])",torch.bfloat16,573440
mul_326,"torch.Size([1, 8, 35, 128])",torch.bfloat16,71680
slice_550,"torch.Size([1, 8, 35, 64])",torch.bfloat16,35840
slice_551,"torch.Size([1, 8, 35, 64])",torch.bfloat16,35840
neg_51,"torch.Size([1, 8, 35, 64])",torch.bfloat16,35840
cat_54,"torch.Size([1, 8, 35, 128])",torch.bfloat16,71680
mul_327,"torch.Size([1, 8, 35, 128])",torch.bfloat16,71680
add_273,"torch.Size([1, 8, 35, 128])",torch.bfloat16,71680
slice_552,"torch.Size([1, 8, 35, 128])",torch.bfloat16,71680
slice_553,"torch.Size([1, 8, 35, 128])",torch.bfloat16,71680
unsqueeze_127,"torch.Size([1, 8, 1, 35, 128])",torch.bfloat16,71680
slice_554,"torch.Size([1, 8, 1, 35, 128])",torch.bfloat16,71680
slice_555,"torch.Size([1, 8, 1, 35, 128])",torch.bfloat16,71680
expand_71,"torch.Size([1, 8, 8, 35, 128])",torch.bfloat16,573440
clone_64,"torch.Size([1, 8, 8, 35, 128])",torch.bfloat16,573440
_unsafe_view_62,"torch.Size([1, 64, 35, 128])",torch.bfloat16,573440
slice_556,"torch.Size([1, 8, 35, 128])",torch.bfloat16,71680
slice_557,"torch.Size([1, 8, 35, 128])",torch.bfloat16,71680
unsqueeze_128,"torch.Size([1, 8, 1, 35, 128])",torch.bfloat16,71680
slice_558,"torch.Size([1, 8, 1, 35, 128])",torch.bfloat16,71680
slice_559,"torch.Size([1, 8, 1, 35, 128])",torch.bfloat16,71680
expand_72,"torch.Size([1, 8, 8, 35, 128])",torch.bfloat16,573440
clone_65,"torch.Size([1, 8, 8, 35, 128])",torch.bfloat16,573440
_unsafe_view_63,"torch.Size([1, 64, 35, 128])",torch.bfloat16,573440
slice_563,"torch.Size([1, 1, 35, 35])",torch.bfloat16,2450
slice_564,"torch.Size([1, 1, 35, 35])",torch.bfloat16,2450
slice_565,"torch.Size([1, 1, 35, 35])",torch.bfloat16,2450
getitem_388,"torch.Size([1, 64, 35, 128])",torch.bfloat16,573440
transpose_290,"torch.Size([1, 35, 64, 128])",torch.bfloat16,573440
view_1239,"torch.Size([1, 35, 8192])",torch.bfloat16,573440
t_461,"torch.Size([8192, 8192])",torch.bfloat16,134217728
view_1240,"torch.Size([35, 8192])",torch.bfloat16,573440
mm_380,"torch.Size([35, 8192])",torch.bfloat16,573440
view_1241,"torch.Size([1, 35, 8192])",torch.bfloat16,573440
add_274,"torch.Size([1, 35, 8192])",torch.bfloat16,573440
_to_copy_158,"torch.Size([1, 35, 8192])",torch.float32,1146880
pow_76,"torch.Size([1, 35, 8192])",torch.float32,1146880
mean_75,"torch.Size([1, 35, 1])",torch.float32,140
add_275,"torch.Size([1, 35, 1])",torch.float32,140
rsqrt_75,"torch.Size([1, 35, 1])",torch.float32,140
mul_328,"torch.Size([1, 35, 8192])",torch.float32,1146880
_to_copy_159,"torch.Size([1, 35, 8192])",torch.bfloat16,573440
mul_329,"torch.Size([1, 35, 8192])",torch.bfloat16,573440
t_462,"torch.Size([8192, 28672])",torch.bfloat16,469762048
view_1242,"torch.Size([35, 8192])",torch.bfloat16,573440
mm_381,"torch.Size([35, 28672])",torch.bfloat16,2007040
view_1243,"torch.Size([1, 35, 28672])",torch.bfloat16,2007040
silu_31,"torch.Size([1, 35, 28672])",torch.bfloat16,2007040
t_463,"torch.Size([8192, 28672])",torch.bfloat16,469762048
view_1244,"torch.Size([35, 8192])",torch.bfloat16,573440
mm_382,"torch.Size([35, 28672])",torch.bfloat16,2007040
view_1245,"torch.Size([1, 35, 28672])",torch.bfloat16,2007040
mul_330,"torch.Size([1, 35, 28672])",torch.bfloat16,2007040
t_464,"torch.Size([28672, 8192])",torch.bfloat16,469762048
view_1246,"torch.Size([35, 28672])",torch.bfloat16,2007040
mm_383,"torch.Size([35, 8192])",torch.bfloat16,573440
view_1247,"torch.Size([1, 35, 8192])",torch.bfloat16,573440
add_276,"torch.Size([1, 35, 8192])",torch.bfloat16,573440
_to_copy_160,"torch.Size([1, 35, 8192])",torch.float32,1146880
pow_77,"torch.Size([1, 35, 8192])",torch.float32,1146880
mean_76,"torch.Size([1, 35, 1])",torch.float32,140
add_277,"torch.Size([1, 35, 1])",torch.float32,140
rsqrt_76,"torch.Size([1, 35, 1])",torch.float32,140
mul_331,"torch.Size([1, 35, 8192])",torch.float32,1146880
_to_copy_161,"torch.Size([1, 35, 8192])",torch.bfloat16,573440
mul_332,"torch.Size([1, 35, 8192])",torch.bfloat16,573440
t_465,"torch.Size([8192, 8192])",torch.bfloat16,134217728
view_1248,"torch.Size([35, 8192])",torch.bfloat16,573440
mm_384,"torch.Size([35, 8192])",torch.bfloat16,573440
view_1249,"torch.Size([1, 35, 8192])",torch.bfloat16,573440
t_466,"torch.Size([8192, 1024])",torch.bfloat16,16777216
view_1250,"torch.Size([35, 8192])",torch.bfloat16,573440
mm_385,"torch.Size([35, 1024])",torch.bfloat16,71680
view_1251,"torch.Size([1, 35, 1024])",torch.bfloat16,71680
t_467,"torch.Size([8192, 1024])",torch.bfloat16,16777216
view_1252,"torch.Size([35, 8192])",torch.bfloat16,573440
mm_386,"torch.Size([35, 1024])",torch.bfloat16,71680
view_1253,"torch.Size([1, 35, 1024])",torch.bfloat16,71680
view_1254,"torch.Size([1, 35, 64, 128])",torch.bfloat16,573440
transpose_291,"torch.Size([1, 64, 35, 128])",torch.bfloat16,573440
view_1255,"torch.Size([1, 35, 8, 128])",torch.bfloat16,71680
transpose_292,"torch.Size([1, 8, 35, 128])",torch.bfloat16,71680
view_1256,"torch.Size([1, 35, 8, 128])",torch.bfloat16,71680
transpose_293,"torch.Size([1, 8, 35, 128])",torch.bfloat16,71680
unsqueeze_129,"torch.Size([1, 1, 35, 128])",torch.bfloat16,8960
unsqueeze_130,"torch.Size([1, 1, 35, 128])",torch.bfloat16,8960
mul_333,"torch.Size([1, 64, 35, 128])",torch.bfloat16,573440
slice_566,"torch.Size([1, 64, 35, 64])",torch.bfloat16,286720
slice_567,"torch.Size([1, 64, 35, 64])",torch.bfloat16,286720
neg_52,"torch.Size([1, 64, 35, 64])",torch.bfloat16,286720
cat_55,"torch.Size([1, 64, 35, 128])",torch.bfloat16,573440
mul_334,"torch.Size([1, 64, 35, 128])",torch.bfloat16,573440
add_278,"torch.Size([1, 64, 35, 128])",torch.bfloat16,573440
mul_335,"torch.Size([1, 8, 35, 128])",torch.bfloat16,71680
slice_568,"torch.Size([1, 8, 35, 64])",torch.bfloat16,35840
slice_569,"torch.Size([1, 8, 35, 64])",torch.bfloat16,35840
neg_53,"torch.Size([1, 8, 35, 64])",torch.bfloat16,35840
cat_56,"torch.Size([1, 8, 35, 128])",torch.bfloat16,71680
mul_336,"torch.Size([1, 8, 35, 128])",torch.bfloat16,71680
add_279,"torch.Size([1, 8, 35, 128])",torch.bfloat16,71680
slice_570,"torch.Size([1, 8, 35, 128])",torch.bfloat16,71680
slice_571,"torch.Size([1, 8, 35, 128])",torch.bfloat16,71680
unsqueeze_131,"torch.Size([1, 8, 1, 35, 128])",torch.bfloat16,71680
slice_572,"torch.Size([1, 8, 1, 35, 128])",torch.bfloat16,71680
slice_573,"torch.Size([1, 8, 1, 35, 128])",torch.bfloat16,71680
expand_73,"torch.Size([1, 8, 8, 35, 128])",torch.bfloat16,573440
clone_66,"torch.Size([1, 8, 8, 35, 128])",torch.bfloat16,573440
_unsafe_view_64,"torch.Size([1, 64, 35, 128])",torch.bfloat16,573440
slice_574,"torch.Size([1, 8, 35, 128])",torch.bfloat16,71680
slice_575,"torch.Size([1, 8, 35, 128])",torch.bfloat16,71680
unsqueeze_132,"torch.Size([1, 8, 1, 35, 128])",torch.bfloat16,71680
slice_576,"torch.Size([1, 8, 1, 35, 128])",torch.bfloat16,71680
slice_577,"torch.Size([1, 8, 1, 35, 128])",torch.bfloat16,71680
expand_74,"torch.Size([1, 8, 8, 35, 128])",torch.bfloat16,573440
clone_67,"torch.Size([1, 8, 8, 35, 128])",torch.bfloat16,573440
_unsafe_view_65,"torch.Size([1, 64, 35, 128])",torch.bfloat16,573440
slice_581,"torch.Size([1, 1, 35, 35])",torch.bfloat16,2450
slice_582,"torch.Size([1, 1, 35, 35])",torch.bfloat16,2450
slice_583,"torch.Size([1, 1, 35, 35])",torch.bfloat16,2450
getitem_390,"torch.Size([1, 64, 35, 128])",torch.bfloat16,573440
transpose_294,"torch.Size([1, 35, 64, 128])",torch.bfloat16,573440
view_1257,"torch.Size([1, 35, 8192])",torch.bfloat16,573440
t_468,"torch.Size([8192, 8192])",torch.bfloat16,134217728
view_1258,"torch.Size([35, 8192])",torch.bfloat16,573440
mm_387,"torch.Size([35, 8192])",torch.bfloat16,573440
view_1259,"torch.Size([1, 35, 8192])",torch.bfloat16,573440
add_280,"torch.Size([1, 35, 8192])",torch.bfloat16,573440
_to_copy_162,"torch.Size([1, 35, 8192])",torch.float32,1146880
pow_78,"torch.Size([1, 35, 8192])",torch.float32,1146880
mean_77,"torch.Size([1, 35, 1])",torch.float32,140
add_281,"torch.Size([1, 35, 1])",torch.float32,140
rsqrt_77,"torch.Size([1, 35, 1])",torch.float32,140
mul_337,"torch.Size([1, 35, 8192])",torch.float32,1146880
_to_copy_163,"torch.Size([1, 35, 8192])",torch.bfloat16,573440
mul_338,"torch.Size([1, 35, 8192])",torch.bfloat16,573440
t_469,"torch.Size([8192, 28672])",torch.bfloat16,469762048
view_1260,"torch.Size([35, 8192])",torch.bfloat16,573440
mm_388,"torch.Size([35, 28672])",torch.bfloat16,2007040
view_1261,"torch.Size([1, 35, 28672])",torch.bfloat16,2007040
silu_32,"torch.Size([1, 35, 28672])",torch.bfloat16,2007040
t_470,"torch.Size([8192, 28672])",torch.bfloat16,469762048
view_1262,"torch.Size([35, 8192])",torch.bfloat16,573440
mm_389,"torch.Size([35, 28672])",torch.bfloat16,2007040
view_1263,"torch.Size([1, 35, 28672])",torch.bfloat16,2007040
mul_339,"torch.Size([1, 35, 28672])",torch.bfloat16,2007040
t_471,"torch.Size([28672, 8192])",torch.bfloat16,469762048
view_1264,"torch.Size([35, 28672])",torch.bfloat16,2007040
mm_390,"torch.Size([35, 8192])",torch.bfloat16,573440
view_1265,"torch.Size([1, 35, 8192])",torch.bfloat16,573440
add_282,"torch.Size([1, 35, 8192])",torch.bfloat16,573440
_to_copy_164,"torch.Size([1, 35, 8192])",torch.float32,1146880
pow_79,"torch.Size([1, 35, 8192])",torch.float32,1146880
mean_78,"torch.Size([1, 35, 1])",torch.float32,140
add_283,"torch.Size([1, 35, 1])",torch.float32,140
rsqrt_78,"torch.Size([1, 35, 1])",torch.float32,140
mul_340,"torch.Size([1, 35, 8192])",torch.float32,1146880
_to_copy_165,"torch.Size([1, 35, 8192])",torch.bfloat16,573440
mul_341,"torch.Size([1, 35, 8192])",torch.bfloat16,573440
t_472,"torch.Size([8192, 8192])",torch.bfloat16,134217728
view_1266,"torch.Size([35, 8192])",torch.bfloat16,573440
mm_391,"torch.Size([35, 8192])",torch.bfloat16,573440
view_1267,"torch.Size([1, 35, 8192])",torch.bfloat16,573440
view_1268,"torch.Size([1, 35, 64, 128])",torch.bfloat16,573440
transpose_295,"torch.Size([1, 64, 35, 128])",torch.bfloat16,573440
_to_copy_166,"torch.Size([1, 64, 35, 128])",torch.float32,1146880
pow_80,"torch.Size([1, 64, 35, 128])",torch.float32,1146880
mean_79,"torch.Size([1, 64, 35, 1])",torch.float32,8960
add_284,"torch.Size([1, 64, 35, 1])",torch.float32,8960
rsqrt_79,"torch.Size([1, 64, 35, 1])",torch.float32,8960
mul_342,"torch.Size([1, 64, 35, 128])",torch.float32,1146880
_to_copy_167,"torch.Size([1, 64, 35, 128])",torch.bfloat16,573440
mul_343,"torch.Size([1, 64, 35, 128])",torch.bfloat16,573440
t_473,"torch.Size([8192, 1024])",torch.bfloat16,16777216
view_1269,"torch.Size([6404, 8192])",torch.bfloat16,104923136
mm_392,"torch.Size([6404, 1024])",torch.bfloat16,13115392
view_1270,"torch.Size([4, 1601, 1024])",torch.bfloat16,13115392
t_474,"torch.Size([8192, 1024])",torch.bfloat16,16777216
view_1271,"torch.Size([6404, 8192])",torch.bfloat16,104923136
mm_393,"torch.Size([6404, 1024])",torch.bfloat16,13115392
view_1272,"torch.Size([4, 1601, 1024])",torch.bfloat16,13115392
view_1273,"torch.Size([1, 6404, 8, 128])",torch.bfloat16,13115392
transpose_296,"torch.Size([1, 8, 6404, 128])",torch.bfloat16,13115392
view_1274,"torch.Size([1, 6404, 8, 128])",torch.bfloat16,13115392
transpose_297,"torch.Size([1, 8, 6404, 128])",torch.bfloat16,13115392
slice_584,"torch.Size([1, 8, 6404, 128])",torch.bfloat16,13115392
slice_585,"torch.Size([1, 8, 6404, 128])",torch.bfloat16,13115392
unsqueeze_133,"torch.Size([1, 8, 1, 6404, 128])",torch.bfloat16,13115392
slice_586,"torch.Size([1, 8, 1, 6404, 128])",torch.bfloat16,13115392
slice_587,"torch.Size([1, 8, 1, 6404, 128])",torch.bfloat16,13115392
expand_75,"torch.Size([1, 8, 8, 6404, 128])",torch.bfloat16,104923136
clone_68,"torch.Size([1, 8, 8, 6404, 128])",torch.bfloat16,104923136
_unsafe_view_66,"torch.Size([1, 64, 6404, 128])",torch.bfloat16,104923136
slice_588,"torch.Size([1, 8, 6404, 128])",torch.bfloat16,13115392
slice_589,"torch.Size([1, 8, 6404, 128])",torch.bfloat16,13115392
unsqueeze_134,"torch.Size([1, 8, 1, 6404, 128])",torch.bfloat16,13115392
slice_590,"torch.Size([1, 8, 1, 6404, 128])",torch.bfloat16,13115392
slice_591,"torch.Size([1, 8, 1, 6404, 128])",torch.bfloat16,13115392
expand_76,"torch.Size([1, 8, 8, 6404, 128])",torch.bfloat16,104923136
clone_69,"torch.Size([1, 8, 8, 6404, 128])",torch.bfloat16,104923136
_unsafe_view_67,"torch.Size([1, 64, 6404, 128])",torch.bfloat16,104923136
_to_copy_168,"torch.Size([1, 64, 6404, 128])",torch.float32,209846272
pow_81,"torch.Size([1, 64, 6404, 128])",torch.float32,209846272
mean_80,"torch.Size([1, 64, 6404, 1])",torch.float32,1639424
add_285,"torch.Size([1, 64, 6404, 1])",torch.float32,1639424
rsqrt_80,"torch.Size([1, 64, 6404, 1])",torch.float32,1639424
mul_344,"torch.Size([1, 64, 6404, 128])",torch.float32,209846272
_to_copy_169,"torch.Size([1, 64, 6404, 128])",torch.bfloat16,104923136
mul_345,"torch.Size([1, 64, 6404, 128])",torch.bfloat16,104923136
getitem_392,"torch.Size([1, 64, 35, 128])",torch.bfloat16,573440
transpose_298,"torch.Size([1, 35, 64, 128])",torch.bfloat16,573440
view_1275,"torch.Size([1, 35, 8192])",torch.bfloat16,573440
t_475,"torch.Size([8192, 8192])",torch.bfloat16,134217728
view_1276,"torch.Size([35, 8192])",torch.bfloat16,573440
mm_394,"torch.Size([35, 8192])",torch.bfloat16,573440
view_1277,"torch.Size([1, 35, 8192])",torch.bfloat16,573440
tanh_32,torch.Size([1]),torch.bfloat16,2
mul_346,"torch.Size([1, 35, 8192])",torch.bfloat16,573440
add_286,"torch.Size([1, 35, 8192])",torch.bfloat16,573440
_to_copy_170,"torch.Size([1, 35, 8192])",torch.float32,1146880
pow_82,"torch.Size([1, 35, 8192])",torch.float32,1146880
mean_81,"torch.Size([1, 35, 1])",torch.float32,140
add_287,"torch.Size([1, 35, 1])",torch.float32,140
rsqrt_81,"torch.Size([1, 35, 1])",torch.float32,140
mul_347,"torch.Size([1, 35, 8192])",torch.float32,1146880
_to_copy_171,"torch.Size([1, 35, 8192])",torch.bfloat16,573440
mul_348,"torch.Size([1, 35, 8192])",torch.bfloat16,573440
t_476,"torch.Size([8192, 28672])",torch.bfloat16,469762048
view_1278,"torch.Size([35, 8192])",torch.bfloat16,573440
mm_395,"torch.Size([35, 28672])",torch.bfloat16,2007040
view_1279,"torch.Size([1, 35, 28672])",torch.bfloat16,2007040
silu_33,"torch.Size([1, 35, 28672])",torch.bfloat16,2007040
t_477,"torch.Size([8192, 28672])",torch.bfloat16,469762048
view_1280,"torch.Size([35, 8192])",torch.bfloat16,573440
mm_396,"torch.Size([35, 28672])",torch.bfloat16,2007040
view_1281,"torch.Size([1, 35, 28672])",torch.bfloat16,2007040
mul_349,"torch.Size([1, 35, 28672])",torch.bfloat16,2007040
t_478,"torch.Size([28672, 8192])",torch.bfloat16,469762048
view_1282,"torch.Size([35, 28672])",torch.bfloat16,2007040
mm_397,"torch.Size([35, 8192])",torch.bfloat16,573440
view_1283,"torch.Size([1, 35, 8192])",torch.bfloat16,573440
slice_592,"torch.Size([1, 1, 35, 1])",torch.bfloat16,70
select_6,"torch.Size([1, 35, 1])",torch.bfloat16,70
mul_350,"torch.Size([1, 35, 8192])",torch.bfloat16,573440
tanh_33,torch.Size([1]),torch.bfloat16,2
mul_351,"torch.Size([1, 35, 8192])",torch.bfloat16,573440
add_288,"torch.Size([1, 35, 8192])",torch.bfloat16,573440
_to_copy_172,"torch.Size([1, 35, 8192])",torch.float32,1146880
pow_83,"torch.Size([1, 35, 8192])",torch.float32,1146880
mean_82,"torch.Size([1, 35, 1])",torch.float32,140
add_289,"torch.Size([1, 35, 1])",torch.float32,140
rsqrt_82,"torch.Size([1, 35, 1])",torch.float32,140
mul_352,"torch.Size([1, 35, 8192])",torch.float32,1146880
_to_copy_173,"torch.Size([1, 35, 8192])",torch.bfloat16,573440
mul_353,"torch.Size([1, 35, 8192])",torch.bfloat16,573440
t_479,"torch.Size([8192, 8192])",torch.bfloat16,134217728
view_1284,"torch.Size([35, 8192])",torch.bfloat16,573440
mm_398,"torch.Size([35, 8192])",torch.bfloat16,573440
view_1285,"torch.Size([1, 35, 8192])",torch.bfloat16,573440
t_480,"torch.Size([8192, 1024])",torch.bfloat16,16777216
view_1286,"torch.Size([35, 8192])",torch.bfloat16,573440
mm_399,"torch.Size([35, 1024])",torch.bfloat16,71680
view_1287,"torch.Size([1, 35, 1024])",torch.bfloat16,71680
t_481,"torch.Size([8192, 1024])",torch.bfloat16,16777216
view_1288,"torch.Size([35, 8192])",torch.bfloat16,573440
mm_400,"torch.Size([35, 1024])",torch.bfloat16,71680
view_1289,"torch.Size([1, 35, 1024])",torch.bfloat16,71680
view_1290,"torch.Size([1, 35, 64, 128])",torch.bfloat16,573440
transpose_299,"torch.Size([1, 64, 35, 128])",torch.bfloat16,573440
view_1291,"torch.Size([1, 35, 8, 128])",torch.bfloat16,71680
transpose_300,"torch.Size([1, 8, 35, 128])",torch.bfloat16,71680
view_1292,"torch.Size([1, 35, 8, 128])",torch.bfloat16,71680
transpose_301,"torch.Size([1, 8, 35, 128])",torch.bfloat16,71680
unsqueeze_135,"torch.Size([1, 1, 35, 128])",torch.bfloat16,8960
unsqueeze_136,"torch.Size([1, 1, 35, 128])",torch.bfloat16,8960
mul_354,"torch.Size([1, 64, 35, 128])",torch.bfloat16,573440
slice_593,"torch.Size([1, 64, 35, 64])",torch.bfloat16,286720
slice_594,"torch.Size([1, 64, 35, 64])",torch.bfloat16,286720
neg_54,"torch.Size([1, 64, 35, 64])",torch.bfloat16,286720
cat_57,"torch.Size([1, 64, 35, 128])",torch.bfloat16,573440
mul_355,"torch.Size([1, 64, 35, 128])",torch.bfloat16,573440
add_290,"torch.Size([1, 64, 35, 128])",torch.bfloat16,573440
mul_356,"torch.Size([1, 8, 35, 128])",torch.bfloat16,71680
slice_595,"torch.Size([1, 8, 35, 64])",torch.bfloat16,35840
slice_596,"torch.Size([1, 8, 35, 64])",torch.bfloat16,35840
neg_55,"torch.Size([1, 8, 35, 64])",torch.bfloat16,35840
cat_58,"torch.Size([1, 8, 35, 128])",torch.bfloat16,71680
mul_357,"torch.Size([1, 8, 35, 128])",torch.bfloat16,71680
add_291,"torch.Size([1, 8, 35, 128])",torch.bfloat16,71680
slice_597,"torch.Size([1, 8, 35, 128])",torch.bfloat16,71680
slice_598,"torch.Size([1, 8, 35, 128])",torch.bfloat16,71680
unsqueeze_137,"torch.Size([1, 8, 1, 35, 128])",torch.bfloat16,71680
slice_599,"torch.Size([1, 8, 1, 35, 128])",torch.bfloat16,71680
slice_600,"torch.Size([1, 8, 1, 35, 128])",torch.bfloat16,71680
expand_77,"torch.Size([1, 8, 8, 35, 128])",torch.bfloat16,573440
clone_70,"torch.Size([1, 8, 8, 35, 128])",torch.bfloat16,573440
_unsafe_view_68,"torch.Size([1, 64, 35, 128])",torch.bfloat16,573440
slice_601,"torch.Size([1, 8, 35, 128])",torch.bfloat16,71680
slice_602,"torch.Size([1, 8, 35, 128])",torch.bfloat16,71680
unsqueeze_138,"torch.Size([1, 8, 1, 35, 128])",torch.bfloat16,71680
slice_603,"torch.Size([1, 8, 1, 35, 128])",torch.bfloat16,71680
slice_604,"torch.Size([1, 8, 1, 35, 128])",torch.bfloat16,71680
expand_78,"torch.Size([1, 8, 8, 35, 128])",torch.bfloat16,573440
clone_71,"torch.Size([1, 8, 8, 35, 128])",torch.bfloat16,573440
_unsafe_view_69,"torch.Size([1, 64, 35, 128])",torch.bfloat16,573440
slice_608,"torch.Size([1, 1, 35, 35])",torch.bfloat16,2450
slice_609,"torch.Size([1, 1, 35, 35])",torch.bfloat16,2450
slice_610,"torch.Size([1, 1, 35, 35])",torch.bfloat16,2450
getitem_394,"torch.Size([1, 64, 35, 128])",torch.bfloat16,573440
transpose_302,"torch.Size([1, 35, 64, 128])",torch.bfloat16,573440
view_1293,"torch.Size([1, 35, 8192])",torch.bfloat16,573440
t_482,"torch.Size([8192, 8192])",torch.bfloat16,134217728
view_1294,"torch.Size([35, 8192])",torch.bfloat16,573440
mm_401,"torch.Size([35, 8192])",torch.bfloat16,573440
view_1295,"torch.Size([1, 35, 8192])",torch.bfloat16,573440
add_292,"torch.Size([1, 35, 8192])",torch.bfloat16,573440
_to_copy_174,"torch.Size([1, 35, 8192])",torch.float32,1146880
pow_84,"torch.Size([1, 35, 8192])",torch.float32,1146880
mean_83,"torch.Size([1, 35, 1])",torch.float32,140
add_293,"torch.Size([1, 35, 1])",torch.float32,140
rsqrt_83,"torch.Size([1, 35, 1])",torch.float32,140
mul_358,"torch.Size([1, 35, 8192])",torch.float32,1146880
_to_copy_175,"torch.Size([1, 35, 8192])",torch.bfloat16,573440
mul_359,"torch.Size([1, 35, 8192])",torch.bfloat16,573440
t_483,"torch.Size([8192, 28672])",torch.bfloat16,469762048
view_1296,"torch.Size([35, 8192])",torch.bfloat16,573440
mm_402,"torch.Size([35, 28672])",torch.bfloat16,2007040
view_1297,"torch.Size([1, 35, 28672])",torch.bfloat16,2007040
silu_34,"torch.Size([1, 35, 28672])",torch.bfloat16,2007040
t_484,"torch.Size([8192, 28672])",torch.bfloat16,469762048
view_1298,"torch.Size([35, 8192])",torch.bfloat16,573440
mm_403,"torch.Size([35, 28672])",torch.bfloat16,2007040
view_1299,"torch.Size([1, 35, 28672])",torch.bfloat16,2007040
mul_360,"torch.Size([1, 35, 28672])",torch.bfloat16,2007040
t_485,"torch.Size([28672, 8192])",torch.bfloat16,469762048
view_1300,"torch.Size([35, 28672])",torch.bfloat16,2007040
mm_404,"torch.Size([35, 8192])",torch.bfloat16,573440
view_1301,"torch.Size([1, 35, 8192])",torch.bfloat16,573440
add_294,"torch.Size([1, 35, 8192])",torch.bfloat16,573440
_to_copy_176,"torch.Size([1, 35, 8192])",torch.float32,1146880
pow_85,"torch.Size([1, 35, 8192])",torch.float32,1146880
mean_84,"torch.Size([1, 35, 1])",torch.float32,140
add_295,"torch.Size([1, 35, 1])",torch.float32,140
rsqrt_84,"torch.Size([1, 35, 1])",torch.float32,140
mul_361,"torch.Size([1, 35, 8192])",torch.float32,1146880
_to_copy_177,"torch.Size([1, 35, 8192])",torch.bfloat16,573440
mul_362,"torch.Size([1, 35, 8192])",torch.bfloat16,573440
t_486,"torch.Size([8192, 8192])",torch.bfloat16,134217728
view_1302,"torch.Size([35, 8192])",torch.bfloat16,573440
mm_405,"torch.Size([35, 8192])",torch.bfloat16,573440
view_1303,"torch.Size([1, 35, 8192])",torch.bfloat16,573440
t_487,"torch.Size([8192, 1024])",torch.bfloat16,16777216
view_1304,"torch.Size([35, 8192])",torch.bfloat16,573440
mm_406,"torch.Size([35, 1024])",torch.bfloat16,71680
view_1305,"torch.Size([1, 35, 1024])",torch.bfloat16,71680
t_488,"torch.Size([8192, 1024])",torch.bfloat16,16777216
view_1306,"torch.Size([35, 8192])",torch.bfloat16,573440
mm_407,"torch.Size([35, 1024])",torch.bfloat16,71680
view_1307,"torch.Size([1, 35, 1024])",torch.bfloat16,71680
view_1308,"torch.Size([1, 35, 64, 128])",torch.bfloat16,573440
transpose_303,"torch.Size([1, 64, 35, 128])",torch.bfloat16,573440
view_1309,"torch.Size([1, 35, 8, 128])",torch.bfloat16,71680
transpose_304,"torch.Size([1, 8, 35, 128])",torch.bfloat16,71680
view_1310,"torch.Size([1, 35, 8, 128])",torch.bfloat16,71680
transpose_305,"torch.Size([1, 8, 35, 128])",torch.bfloat16,71680
unsqueeze_139,"torch.Size([1, 1, 35, 128])",torch.bfloat16,8960
unsqueeze_140,"torch.Size([1, 1, 35, 128])",torch.bfloat16,8960
mul_363,"torch.Size([1, 64, 35, 128])",torch.bfloat16,573440
slice_611,"torch.Size([1, 64, 35, 64])",torch.bfloat16,286720
slice_612,"torch.Size([1, 64, 35, 64])",torch.bfloat16,286720
neg_56,"torch.Size([1, 64, 35, 64])",torch.bfloat16,286720
cat_59,"torch.Size([1, 64, 35, 128])",torch.bfloat16,573440
mul_364,"torch.Size([1, 64, 35, 128])",torch.bfloat16,573440
add_296,"torch.Size([1, 64, 35, 128])",torch.bfloat16,573440
mul_365,"torch.Size([1, 8, 35, 128])",torch.bfloat16,71680
slice_613,"torch.Size([1, 8, 35, 64])",torch.bfloat16,35840
slice_614,"torch.Size([1, 8, 35, 64])",torch.bfloat16,35840
neg_57,"torch.Size([1, 8, 35, 64])",torch.bfloat16,35840
cat_60,"torch.Size([1, 8, 35, 128])",torch.bfloat16,71680
mul_366,"torch.Size([1, 8, 35, 128])",torch.bfloat16,71680
add_297,"torch.Size([1, 8, 35, 128])",torch.bfloat16,71680
slice_615,"torch.Size([1, 8, 35, 128])",torch.bfloat16,71680
slice_616,"torch.Size([1, 8, 35, 128])",torch.bfloat16,71680
unsqueeze_141,"torch.Size([1, 8, 1, 35, 128])",torch.bfloat16,71680
slice_617,"torch.Size([1, 8, 1, 35, 128])",torch.bfloat16,71680
slice_618,"torch.Size([1, 8, 1, 35, 128])",torch.bfloat16,71680
expand_79,"torch.Size([1, 8, 8, 35, 128])",torch.bfloat16,573440
clone_72,"torch.Size([1, 8, 8, 35, 128])",torch.bfloat16,573440
_unsafe_view_70,"torch.Size([1, 64, 35, 128])",torch.bfloat16,573440
slice_619,"torch.Size([1, 8, 35, 128])",torch.bfloat16,71680
slice_620,"torch.Size([1, 8, 35, 128])",torch.bfloat16,71680
unsqueeze_142,"torch.Size([1, 8, 1, 35, 128])",torch.bfloat16,71680
slice_621,"torch.Size([1, 8, 1, 35, 128])",torch.bfloat16,71680
slice_622,"torch.Size([1, 8, 1, 35, 128])",torch.bfloat16,71680
expand_80,"torch.Size([1, 8, 8, 35, 128])",torch.bfloat16,573440
clone_73,"torch.Size([1, 8, 8, 35, 128])",torch.bfloat16,573440
_unsafe_view_71,"torch.Size([1, 64, 35, 128])",torch.bfloat16,573440
slice_626,"torch.Size([1, 1, 35, 35])",torch.bfloat16,2450
slice_627,"torch.Size([1, 1, 35, 35])",torch.bfloat16,2450
slice_628,"torch.Size([1, 1, 35, 35])",torch.bfloat16,2450
getitem_396,"torch.Size([1, 64, 35, 128])",torch.bfloat16,573440
transpose_306,"torch.Size([1, 35, 64, 128])",torch.bfloat16,573440
view_1311,"torch.Size([1, 35, 8192])",torch.bfloat16,573440
t_489,"torch.Size([8192, 8192])",torch.bfloat16,134217728
view_1312,"torch.Size([35, 8192])",torch.bfloat16,573440
mm_408,"torch.Size([35, 8192])",torch.bfloat16,573440
view_1313,"torch.Size([1, 35, 8192])",torch.bfloat16,573440
add_298,"torch.Size([1, 35, 8192])",torch.bfloat16,573440
_to_copy_178,"torch.Size([1, 35, 8192])",torch.float32,1146880
pow_86,"torch.Size([1, 35, 8192])",torch.float32,1146880
mean_85,"torch.Size([1, 35, 1])",torch.float32,140
add_299,"torch.Size([1, 35, 1])",torch.float32,140
rsqrt_85,"torch.Size([1, 35, 1])",torch.float32,140
mul_367,"torch.Size([1, 35, 8192])",torch.float32,1146880
_to_copy_179,"torch.Size([1, 35, 8192])",torch.bfloat16,573440
mul_368,"torch.Size([1, 35, 8192])",torch.bfloat16,573440
t_490,"torch.Size([8192, 28672])",torch.bfloat16,469762048
view_1314,"torch.Size([35, 8192])",torch.bfloat16,573440
mm_409,"torch.Size([35, 28672])",torch.bfloat16,2007040
view_1315,"torch.Size([1, 35, 28672])",torch.bfloat16,2007040
silu_35,"torch.Size([1, 35, 28672])",torch.bfloat16,2007040
t_491,"torch.Size([8192, 28672])",torch.bfloat16,469762048
view_1316,"torch.Size([35, 8192])",torch.bfloat16,573440
mm_410,"torch.Size([35, 28672])",torch.bfloat16,2007040
view_1317,"torch.Size([1, 35, 28672])",torch.bfloat16,2007040
mul_369,"torch.Size([1, 35, 28672])",torch.bfloat16,2007040
t_492,"torch.Size([28672, 8192])",torch.bfloat16,469762048
view_1318,"torch.Size([35, 28672])",torch.bfloat16,2007040
mm_411,"torch.Size([35, 8192])",torch.bfloat16,573440
view_1319,"torch.Size([1, 35, 8192])",torch.bfloat16,573440
add_300,"torch.Size([1, 35, 8192])",torch.bfloat16,573440
_to_copy_180,"torch.Size([1, 35, 8192])",torch.float32,1146880
pow_87,"torch.Size([1, 35, 8192])",torch.float32,1146880
mean_86,"torch.Size([1, 35, 1])",torch.float32,140
add_301,"torch.Size([1, 35, 1])",torch.float32,140
rsqrt_86,"torch.Size([1, 35, 1])",torch.float32,140
mul_370,"torch.Size([1, 35, 8192])",torch.float32,1146880
_to_copy_181,"torch.Size([1, 35, 8192])",torch.bfloat16,573440
mul_371,"torch.Size([1, 35, 8192])",torch.bfloat16,573440
t_493,"torch.Size([8192, 8192])",torch.bfloat16,134217728
view_1320,"torch.Size([35, 8192])",torch.bfloat16,573440
mm_412,"torch.Size([35, 8192])",torch.bfloat16,573440
view_1321,"torch.Size([1, 35, 8192])",torch.bfloat16,573440
t_494,"torch.Size([8192, 1024])",torch.bfloat16,16777216
view_1322,"torch.Size([35, 8192])",torch.bfloat16,573440
mm_413,"torch.Size([35, 1024])",torch.bfloat16,71680
view_1323,"torch.Size([1, 35, 1024])",torch.bfloat16,71680
t_495,"torch.Size([8192, 1024])",torch.bfloat16,16777216
view_1324,"torch.Size([35, 8192])",torch.bfloat16,573440
mm_414,"torch.Size([35, 1024])",torch.bfloat16,71680
view_1325,"torch.Size([1, 35, 1024])",torch.bfloat16,71680
view_1326,"torch.Size([1, 35, 64, 128])",torch.bfloat16,573440
transpose_307,"torch.Size([1, 64, 35, 128])",torch.bfloat16,573440
view_1327,"torch.Size([1, 35, 8, 128])",torch.bfloat16,71680
transpose_308,"torch.Size([1, 8, 35, 128])",torch.bfloat16,71680
view_1328,"torch.Size([1, 35, 8, 128])",torch.bfloat16,71680
transpose_309,"torch.Size([1, 8, 35, 128])",torch.bfloat16,71680
unsqueeze_143,"torch.Size([1, 1, 35, 128])",torch.bfloat16,8960
unsqueeze_144,"torch.Size([1, 1, 35, 128])",torch.bfloat16,8960
mul_372,"torch.Size([1, 64, 35, 128])",torch.bfloat16,573440
slice_629,"torch.Size([1, 64, 35, 64])",torch.bfloat16,286720
slice_630,"torch.Size([1, 64, 35, 64])",torch.bfloat16,286720
neg_58,"torch.Size([1, 64, 35, 64])",torch.bfloat16,286720
cat_61,"torch.Size([1, 64, 35, 128])",torch.bfloat16,573440
mul_373,"torch.Size([1, 64, 35, 128])",torch.bfloat16,573440
add_302,"torch.Size([1, 64, 35, 128])",torch.bfloat16,573440
mul_374,"torch.Size([1, 8, 35, 128])",torch.bfloat16,71680
slice_631,"torch.Size([1, 8, 35, 64])",torch.bfloat16,35840
slice_632,"torch.Size([1, 8, 35, 64])",torch.bfloat16,35840
neg_59,"torch.Size([1, 8, 35, 64])",torch.bfloat16,35840
cat_62,"torch.Size([1, 8, 35, 128])",torch.bfloat16,71680
mul_375,"torch.Size([1, 8, 35, 128])",torch.bfloat16,71680
add_303,"torch.Size([1, 8, 35, 128])",torch.bfloat16,71680
slice_633,"torch.Size([1, 8, 35, 128])",torch.bfloat16,71680
slice_634,"torch.Size([1, 8, 35, 128])",torch.bfloat16,71680
unsqueeze_145,"torch.Size([1, 8, 1, 35, 128])",torch.bfloat16,71680
slice_635,"torch.Size([1, 8, 1, 35, 128])",torch.bfloat16,71680
slice_636,"torch.Size([1, 8, 1, 35, 128])",torch.bfloat16,71680
expand_81,"torch.Size([1, 8, 8, 35, 128])",torch.bfloat16,573440
clone_74,"torch.Size([1, 8, 8, 35, 128])",torch.bfloat16,573440
_unsafe_view_72,"torch.Size([1, 64, 35, 128])",torch.bfloat16,573440
slice_637,"torch.Size([1, 8, 35, 128])",torch.bfloat16,71680
slice_638,"torch.Size([1, 8, 35, 128])",torch.bfloat16,71680
unsqueeze_146,"torch.Size([1, 8, 1, 35, 128])",torch.bfloat16,71680
slice_639,"torch.Size([1, 8, 1, 35, 128])",torch.bfloat16,71680
slice_640,"torch.Size([1, 8, 1, 35, 128])",torch.bfloat16,71680
expand_82,"torch.Size([1, 8, 8, 35, 128])",torch.bfloat16,573440
clone_75,"torch.Size([1, 8, 8, 35, 128])",torch.bfloat16,573440
_unsafe_view_73,"torch.Size([1, 64, 35, 128])",torch.bfloat16,573440
slice_644,"torch.Size([1, 1, 35, 35])",torch.bfloat16,2450
slice_645,"torch.Size([1, 1, 35, 35])",torch.bfloat16,2450
slice_646,"torch.Size([1, 1, 35, 35])",torch.bfloat16,2450
getitem_398,"torch.Size([1, 64, 35, 128])",torch.bfloat16,573440
transpose_310,"torch.Size([1, 35, 64, 128])",torch.bfloat16,573440
view_1329,"torch.Size([1, 35, 8192])",torch.bfloat16,573440
t_496,"torch.Size([8192, 8192])",torch.bfloat16,134217728
view_1330,"torch.Size([35, 8192])",torch.bfloat16,573440
mm_415,"torch.Size([35, 8192])",torch.bfloat16,573440
view_1331,"torch.Size([1, 35, 8192])",torch.bfloat16,573440
add_304,"torch.Size([1, 35, 8192])",torch.bfloat16,573440
_to_copy_182,"torch.Size([1, 35, 8192])",torch.float32,1146880
pow_88,"torch.Size([1, 35, 8192])",torch.float32,1146880
mean_87,"torch.Size([1, 35, 1])",torch.float32,140
add_305,"torch.Size([1, 35, 1])",torch.float32,140
rsqrt_87,"torch.Size([1, 35, 1])",torch.float32,140
mul_376,"torch.Size([1, 35, 8192])",torch.float32,1146880
_to_copy_183,"torch.Size([1, 35, 8192])",torch.bfloat16,573440
mul_377,"torch.Size([1, 35, 8192])",torch.bfloat16,573440
t_497,"torch.Size([8192, 28672])",torch.bfloat16,469762048
view_1332,"torch.Size([35, 8192])",torch.bfloat16,573440
mm_416,"torch.Size([35, 28672])",torch.bfloat16,2007040
view_1333,"torch.Size([1, 35, 28672])",torch.bfloat16,2007040
silu_36,"torch.Size([1, 35, 28672])",torch.bfloat16,2007040
t_498,"torch.Size([8192, 28672])",torch.bfloat16,469762048
view_1334,"torch.Size([35, 8192])",torch.bfloat16,573440
mm_417,"torch.Size([35, 28672])",torch.bfloat16,2007040
view_1335,"torch.Size([1, 35, 28672])",torch.bfloat16,2007040
mul_378,"torch.Size([1, 35, 28672])",torch.bfloat16,2007040
t_499,"torch.Size([28672, 8192])",torch.bfloat16,469762048
view_1336,"torch.Size([35, 28672])",torch.bfloat16,2007040
mm_418,"torch.Size([35, 8192])",torch.bfloat16,573440
view_1337,"torch.Size([1, 35, 8192])",torch.bfloat16,573440
add_306,"torch.Size([1, 35, 8192])",torch.bfloat16,573440
_to_copy_184,"torch.Size([1, 35, 8192])",torch.float32,1146880
pow_89,"torch.Size([1, 35, 8192])",torch.float32,1146880
mean_88,"torch.Size([1, 35, 1])",torch.float32,140
add_307,"torch.Size([1, 35, 1])",torch.float32,140
rsqrt_88,"torch.Size([1, 35, 1])",torch.float32,140
mul_379,"torch.Size([1, 35, 8192])",torch.float32,1146880
_to_copy_185,"torch.Size([1, 35, 8192])",torch.bfloat16,573440
mul_380,"torch.Size([1, 35, 8192])",torch.bfloat16,573440
t_500,"torch.Size([8192, 8192])",torch.bfloat16,134217728
view_1338,"torch.Size([35, 8192])",torch.bfloat16,573440
mm_419,"torch.Size([35, 8192])",torch.bfloat16,573440
view_1339,"torch.Size([1, 35, 8192])",torch.bfloat16,573440
t_501,"torch.Size([8192, 1024])",torch.bfloat16,16777216
view_1340,"torch.Size([35, 8192])",torch.bfloat16,573440
mm_420,"torch.Size([35, 1024])",torch.bfloat16,71680
view_1341,"torch.Size([1, 35, 1024])",torch.bfloat16,71680
t_502,"torch.Size([8192, 1024])",torch.bfloat16,16777216
view_1342,"torch.Size([35, 8192])",torch.bfloat16,573440
mm_421,"torch.Size([35, 1024])",torch.bfloat16,71680
view_1343,"torch.Size([1, 35, 1024])",torch.bfloat16,71680
view_1344,"torch.Size([1, 35, 64, 128])",torch.bfloat16,573440
transpose_311,"torch.Size([1, 64, 35, 128])",torch.bfloat16,573440
view_1345,"torch.Size([1, 35, 8, 128])",torch.bfloat16,71680
transpose_312,"torch.Size([1, 8, 35, 128])",torch.bfloat16,71680
view_1346,"torch.Size([1, 35, 8, 128])",torch.bfloat16,71680
transpose_313,"torch.Size([1, 8, 35, 128])",torch.bfloat16,71680
unsqueeze_147,"torch.Size([1, 1, 35, 128])",torch.bfloat16,8960
unsqueeze_148,"torch.Size([1, 1, 35, 128])",torch.bfloat16,8960
mul_381,"torch.Size([1, 64, 35, 128])",torch.bfloat16,573440
slice_647,"torch.Size([1, 64, 35, 64])",torch.bfloat16,286720
slice_648,"torch.Size([1, 64, 35, 64])",torch.bfloat16,286720
neg_60,"torch.Size([1, 64, 35, 64])",torch.bfloat16,286720
cat_63,"torch.Size([1, 64, 35, 128])",torch.bfloat16,573440
mul_382,"torch.Size([1, 64, 35, 128])",torch.bfloat16,573440
add_308,"torch.Size([1, 64, 35, 128])",torch.bfloat16,573440
mul_383,"torch.Size([1, 8, 35, 128])",torch.bfloat16,71680
slice_649,"torch.Size([1, 8, 35, 64])",torch.bfloat16,35840
slice_650,"torch.Size([1, 8, 35, 64])",torch.bfloat16,35840
neg_61,"torch.Size([1, 8, 35, 64])",torch.bfloat16,35840
cat_64,"torch.Size([1, 8, 35, 128])",torch.bfloat16,71680
mul_384,"torch.Size([1, 8, 35, 128])",torch.bfloat16,71680
add_309,"torch.Size([1, 8, 35, 128])",torch.bfloat16,71680
slice_651,"torch.Size([1, 8, 35, 128])",torch.bfloat16,71680
slice_652,"torch.Size([1, 8, 35, 128])",torch.bfloat16,71680
unsqueeze_149,"torch.Size([1, 8, 1, 35, 128])",torch.bfloat16,71680
slice_653,"torch.Size([1, 8, 1, 35, 128])",torch.bfloat16,71680
slice_654,"torch.Size([1, 8, 1, 35, 128])",torch.bfloat16,71680
expand_83,"torch.Size([1, 8, 8, 35, 128])",torch.bfloat16,573440
clone_76,"torch.Size([1, 8, 8, 35, 128])",torch.bfloat16,573440
_unsafe_view_74,"torch.Size([1, 64, 35, 128])",torch.bfloat16,573440
slice_655,"torch.Size([1, 8, 35, 128])",torch.bfloat16,71680
slice_656,"torch.Size([1, 8, 35, 128])",torch.bfloat16,71680
unsqueeze_150,"torch.Size([1, 8, 1, 35, 128])",torch.bfloat16,71680
slice_657,"torch.Size([1, 8, 1, 35, 128])",torch.bfloat16,71680
slice_658,"torch.Size([1, 8, 1, 35, 128])",torch.bfloat16,71680
expand_84,"torch.Size([1, 8, 8, 35, 128])",torch.bfloat16,573440
clone_77,"torch.Size([1, 8, 8, 35, 128])",torch.bfloat16,573440
_unsafe_view_75,"torch.Size([1, 64, 35, 128])",torch.bfloat16,573440
slice_662,"torch.Size([1, 1, 35, 35])",torch.bfloat16,2450
slice_663,"torch.Size([1, 1, 35, 35])",torch.bfloat16,2450
slice_664,"torch.Size([1, 1, 35, 35])",torch.bfloat16,2450
getitem_400,"torch.Size([1, 64, 35, 128])",torch.bfloat16,573440
transpose_314,"torch.Size([1, 35, 64, 128])",torch.bfloat16,573440
view_1347,"torch.Size([1, 35, 8192])",torch.bfloat16,573440
t_503,"torch.Size([8192, 8192])",torch.bfloat16,134217728
view_1348,"torch.Size([35, 8192])",torch.bfloat16,573440
mm_422,"torch.Size([35, 8192])",torch.bfloat16,573440
view_1349,"torch.Size([1, 35, 8192])",torch.bfloat16,573440
add_310,"torch.Size([1, 35, 8192])",torch.bfloat16,573440
_to_copy_186,"torch.Size([1, 35, 8192])",torch.float32,1146880
pow_90,"torch.Size([1, 35, 8192])",torch.float32,1146880
mean_89,"torch.Size([1, 35, 1])",torch.float32,140
add_311,"torch.Size([1, 35, 1])",torch.float32,140
rsqrt_89,"torch.Size([1, 35, 1])",torch.float32,140
mul_385,"torch.Size([1, 35, 8192])",torch.float32,1146880
_to_copy_187,"torch.Size([1, 35, 8192])",torch.bfloat16,573440
mul_386,"torch.Size([1, 35, 8192])",torch.bfloat16,573440
t_504,"torch.Size([8192, 28672])",torch.bfloat16,469762048
view_1350,"torch.Size([35, 8192])",torch.bfloat16,573440
mm_423,"torch.Size([35, 28672])",torch.bfloat16,2007040
view_1351,"torch.Size([1, 35, 28672])",torch.bfloat16,2007040
silu_37,"torch.Size([1, 35, 28672])",torch.bfloat16,2007040
t_505,"torch.Size([8192, 28672])",torch.bfloat16,469762048
view_1352,"torch.Size([35, 8192])",torch.bfloat16,573440
mm_424,"torch.Size([35, 28672])",torch.bfloat16,2007040
view_1353,"torch.Size([1, 35, 28672])",torch.bfloat16,2007040
mul_387,"torch.Size([1, 35, 28672])",torch.bfloat16,2007040
t_506,"torch.Size([28672, 8192])",torch.bfloat16,469762048
view_1354,"torch.Size([35, 28672])",torch.bfloat16,2007040
mm_425,"torch.Size([35, 8192])",torch.bfloat16,573440
view_1355,"torch.Size([1, 35, 8192])",torch.bfloat16,573440
add_312,"torch.Size([1, 35, 8192])",torch.bfloat16,573440
_to_copy_188,"torch.Size([1, 35, 8192])",torch.float32,1146880
pow_91,"torch.Size([1, 35, 8192])",torch.float32,1146880
mean_90,"torch.Size([1, 35, 1])",torch.float32,140
add_313,"torch.Size([1, 35, 1])",torch.float32,140
rsqrt_90,"torch.Size([1, 35, 1])",torch.float32,140
mul_388,"torch.Size([1, 35, 8192])",torch.float32,1146880
_to_copy_189,"torch.Size([1, 35, 8192])",torch.bfloat16,573440
mul_389,"torch.Size([1, 35, 8192])",torch.bfloat16,573440
t_507,"torch.Size([8192, 8192])",torch.bfloat16,134217728
view_1356,"torch.Size([35, 8192])",torch.bfloat16,573440
mm_426,"torch.Size([35, 8192])",torch.bfloat16,573440
view_1357,"torch.Size([1, 35, 8192])",torch.bfloat16,573440
view_1358,"torch.Size([1, 35, 64, 128])",torch.bfloat16,573440
transpose_315,"torch.Size([1, 64, 35, 128])",torch.bfloat16,573440
_to_copy_190,"torch.Size([1, 64, 35, 128])",torch.float32,1146880
pow_92,"torch.Size([1, 64, 35, 128])",torch.float32,1146880
mean_91,"torch.Size([1, 64, 35, 1])",torch.float32,8960
add_314,"torch.Size([1, 64, 35, 1])",torch.float32,8960
rsqrt_91,"torch.Size([1, 64, 35, 1])",torch.float32,8960
mul_390,"torch.Size([1, 64, 35, 128])",torch.float32,1146880
_to_copy_191,"torch.Size([1, 64, 35, 128])",torch.bfloat16,573440
mul_391,"torch.Size([1, 64, 35, 128])",torch.bfloat16,573440
t_508,"torch.Size([8192, 1024])",torch.bfloat16,16777216
view_1359,"torch.Size([6404, 8192])",torch.bfloat16,104923136
mm_427,"torch.Size([6404, 1024])",torch.bfloat16,13115392
view_1360,"torch.Size([4, 1601, 1024])",torch.bfloat16,13115392
t_509,"torch.Size([8192, 1024])",torch.bfloat16,16777216
view_1361,"torch.Size([6404, 8192])",torch.bfloat16,104923136
mm_428,"torch.Size([6404, 1024])",torch.bfloat16,13115392
view_1362,"torch.Size([4, 1601, 1024])",torch.bfloat16,13115392
view_1363,"torch.Size([1, 6404, 8, 128])",torch.bfloat16,13115392
transpose_316,"torch.Size([1, 8, 6404, 128])",torch.bfloat16,13115392
view_1364,"torch.Size([1, 6404, 8, 128])",torch.bfloat16,13115392
transpose_317,"torch.Size([1, 8, 6404, 128])",torch.bfloat16,13115392
slice_665,"torch.Size([1, 8, 6404, 128])",torch.bfloat16,13115392
slice_666,"torch.Size([1, 8, 6404, 128])",torch.bfloat16,13115392
unsqueeze_151,"torch.Size([1, 8, 1, 6404, 128])",torch.bfloat16,13115392
slice_667,"torch.Size([1, 8, 1, 6404, 128])",torch.bfloat16,13115392
slice_668,"torch.Size([1, 8, 1, 6404, 128])",torch.bfloat16,13115392
expand_85,"torch.Size([1, 8, 8, 6404, 128])",torch.bfloat16,104923136
clone_78,"torch.Size([1, 8, 8, 6404, 128])",torch.bfloat16,104923136
_unsafe_view_76,"torch.Size([1, 64, 6404, 128])",torch.bfloat16,104923136
slice_669,"torch.Size([1, 8, 6404, 128])",torch.bfloat16,13115392
slice_670,"torch.Size([1, 8, 6404, 128])",torch.bfloat16,13115392
unsqueeze_152,"torch.Size([1, 8, 1, 6404, 128])",torch.bfloat16,13115392
slice_671,"torch.Size([1, 8, 1, 6404, 128])",torch.bfloat16,13115392
slice_672,"torch.Size([1, 8, 1, 6404, 128])",torch.bfloat16,13115392
expand_86,"torch.Size([1, 8, 8, 6404, 128])",torch.bfloat16,104923136
clone_79,"torch.Size([1, 8, 8, 6404, 128])",torch.bfloat16,104923136
_unsafe_view_77,"torch.Size([1, 64, 6404, 128])",torch.bfloat16,104923136
_to_copy_192,"torch.Size([1, 64, 6404, 128])",torch.float32,209846272
pow_93,"torch.Size([1, 64, 6404, 128])",torch.float32,209846272
mean_92,"torch.Size([1, 64, 6404, 1])",torch.float32,1639424
add_315,"torch.Size([1, 64, 6404, 1])",torch.float32,1639424
rsqrt_92,"torch.Size([1, 64, 6404, 1])",torch.float32,1639424
mul_392,"torch.Size([1, 64, 6404, 128])",torch.float32,209846272
_to_copy_193,"torch.Size([1, 64, 6404, 128])",torch.bfloat16,104923136
mul_393,"torch.Size([1, 64, 6404, 128])",torch.bfloat16,104923136
getitem_402,"torch.Size([1, 64, 35, 128])",torch.bfloat16,573440
transpose_318,"torch.Size([1, 35, 64, 128])",torch.bfloat16,573440
view_1365,"torch.Size([1, 35, 8192])",torch.bfloat16,573440
t_510,"torch.Size([8192, 8192])",torch.bfloat16,134217728
view_1366,"torch.Size([35, 8192])",torch.bfloat16,573440
mm_429,"torch.Size([35, 8192])",torch.bfloat16,573440
view_1367,"torch.Size([1, 35, 8192])",torch.bfloat16,573440
tanh_34,torch.Size([1]),torch.bfloat16,2
mul_394,"torch.Size([1, 35, 8192])",torch.bfloat16,573440
add_316,"torch.Size([1, 35, 8192])",torch.bfloat16,573440
_to_copy_194,"torch.Size([1, 35, 8192])",torch.float32,1146880
pow_94,"torch.Size([1, 35, 8192])",torch.float32,1146880
mean_93,"torch.Size([1, 35, 1])",torch.float32,140
add_317,"torch.Size([1, 35, 1])",torch.float32,140
rsqrt_93,"torch.Size([1, 35, 1])",torch.float32,140
mul_395,"torch.Size([1, 35, 8192])",torch.float32,1146880
_to_copy_195,"torch.Size([1, 35, 8192])",torch.bfloat16,573440
mul_396,"torch.Size([1, 35, 8192])",torch.bfloat16,573440
t_511,"torch.Size([8192, 28672])",torch.bfloat16,469762048
view_1368,"torch.Size([35, 8192])",torch.bfloat16,573440
mm_430,"torch.Size([35, 28672])",torch.bfloat16,2007040
view_1369,"torch.Size([1, 35, 28672])",torch.bfloat16,2007040
silu_38,"torch.Size([1, 35, 28672])",torch.bfloat16,2007040
t_512,"torch.Size([8192, 28672])",torch.bfloat16,469762048
view_1370,"torch.Size([35, 8192])",torch.bfloat16,573440
mm_431,"torch.Size([35, 28672])",torch.bfloat16,2007040
view_1371,"torch.Size([1, 35, 28672])",torch.bfloat16,2007040
mul_397,"torch.Size([1, 35, 28672])",torch.bfloat16,2007040
t_513,"torch.Size([28672, 8192])",torch.bfloat16,469762048
view_1372,"torch.Size([35, 28672])",torch.bfloat16,2007040
mm_432,"torch.Size([35, 8192])",torch.bfloat16,573440
view_1373,"torch.Size([1, 35, 8192])",torch.bfloat16,573440
slice_673,"torch.Size([1, 1, 35, 1])",torch.bfloat16,70
select_7,"torch.Size([1, 35, 1])",torch.bfloat16,70
mul_398,"torch.Size([1, 35, 8192])",torch.bfloat16,573440
tanh_35,torch.Size([1]),torch.bfloat16,2
mul_399,"torch.Size([1, 35, 8192])",torch.bfloat16,573440
add_318,"torch.Size([1, 35, 8192])",torch.bfloat16,573440
_to_copy_196,"torch.Size([1, 35, 8192])",torch.float32,1146880
pow_95,"torch.Size([1, 35, 8192])",torch.float32,1146880
mean_94,"torch.Size([1, 35, 1])",torch.float32,140
add_319,"torch.Size([1, 35, 1])",torch.float32,140
rsqrt_94,"torch.Size([1, 35, 1])",torch.float32,140
mul_400,"torch.Size([1, 35, 8192])",torch.float32,1146880
_to_copy_197,"torch.Size([1, 35, 8192])",torch.bfloat16,573440
mul_401,"torch.Size([1, 35, 8192])",torch.bfloat16,573440
t_514,"torch.Size([8192, 8192])",torch.bfloat16,134217728
view_1374,"torch.Size([35, 8192])",torch.bfloat16,573440
mm_433,"torch.Size([35, 8192])",torch.bfloat16,573440
view_1375,"torch.Size([1, 35, 8192])",torch.bfloat16,573440
t_515,"torch.Size([8192, 1024])",torch.bfloat16,16777216
view_1376,"torch.Size([35, 8192])",torch.bfloat16,573440
mm_434,"torch.Size([35, 1024])",torch.bfloat16,71680
view_1377,"torch.Size([1, 35, 1024])",torch.bfloat16,71680
t_516,"torch.Size([8192, 1024])",torch.bfloat16,16777216
view_1378,"torch.Size([35, 8192])",torch.bfloat16,573440
mm_435,"torch.Size([35, 1024])",torch.bfloat16,71680
view_1379,"torch.Size([1, 35, 1024])",torch.bfloat16,71680
view_1380,"torch.Size([1, 35, 64, 128])",torch.bfloat16,573440
transpose_319,"torch.Size([1, 64, 35, 128])",torch.bfloat16,573440
view_1381,"torch.Size([1, 35, 8, 128])",torch.bfloat16,71680
transpose_320,"torch.Size([1, 8, 35, 128])",torch.bfloat16,71680
view_1382,"torch.Size([1, 35, 8, 128])",torch.bfloat16,71680
transpose_321,"torch.Size([1, 8, 35, 128])",torch.bfloat16,71680
unsqueeze_153,"torch.Size([1, 1, 35, 128])",torch.bfloat16,8960
unsqueeze_154,"torch.Size([1, 1, 35, 128])",torch.bfloat16,8960
mul_402,"torch.Size([1, 64, 35, 128])",torch.bfloat16,573440
slice_674,"torch.Size([1, 64, 35, 64])",torch.bfloat16,286720
slice_675,"torch.Size([1, 64, 35, 64])",torch.bfloat16,286720
neg_62,"torch.Size([1, 64, 35, 64])",torch.bfloat16,286720
cat_65,"torch.Size([1, 64, 35, 128])",torch.bfloat16,573440
mul_403,"torch.Size([1, 64, 35, 128])",torch.bfloat16,573440
add_320,"torch.Size([1, 64, 35, 128])",torch.bfloat16,573440
mul_404,"torch.Size([1, 8, 35, 128])",torch.bfloat16,71680
slice_676,"torch.Size([1, 8, 35, 64])",torch.bfloat16,35840
slice_677,"torch.Size([1, 8, 35, 64])",torch.bfloat16,35840
neg_63,"torch.Size([1, 8, 35, 64])",torch.bfloat16,35840
cat_66,"torch.Size([1, 8, 35, 128])",torch.bfloat16,71680
mul_405,"torch.Size([1, 8, 35, 128])",torch.bfloat16,71680
add_321,"torch.Size([1, 8, 35, 128])",torch.bfloat16,71680
slice_678,"torch.Size([1, 8, 35, 128])",torch.bfloat16,71680
slice_679,"torch.Size([1, 8, 35, 128])",torch.bfloat16,71680
unsqueeze_155,"torch.Size([1, 8, 1, 35, 128])",torch.bfloat16,71680
slice_680,"torch.Size([1, 8, 1, 35, 128])",torch.bfloat16,71680
slice_681,"torch.Size([1, 8, 1, 35, 128])",torch.bfloat16,71680
expand_87,"torch.Size([1, 8, 8, 35, 128])",torch.bfloat16,573440
clone_80,"torch.Size([1, 8, 8, 35, 128])",torch.bfloat16,573440
_unsafe_view_78,"torch.Size([1, 64, 35, 128])",torch.bfloat16,573440
slice_682,"torch.Size([1, 8, 35, 128])",torch.bfloat16,71680
slice_683,"torch.Size([1, 8, 35, 128])",torch.bfloat16,71680
unsqueeze_156,"torch.Size([1, 8, 1, 35, 128])",torch.bfloat16,71680
slice_684,"torch.Size([1, 8, 1, 35, 128])",torch.bfloat16,71680
slice_685,"torch.Size([1, 8, 1, 35, 128])",torch.bfloat16,71680
expand_88,"torch.Size([1, 8, 8, 35, 128])",torch.bfloat16,573440
clone_81,"torch.Size([1, 8, 8, 35, 128])",torch.bfloat16,573440
_unsafe_view_79,"torch.Size([1, 64, 35, 128])",torch.bfloat16,573440
slice_689,"torch.Size([1, 1, 35, 35])",torch.bfloat16,2450
slice_690,"torch.Size([1, 1, 35, 35])",torch.bfloat16,2450
slice_691,"torch.Size([1, 1, 35, 35])",torch.bfloat16,2450
getitem_404,"torch.Size([1, 64, 35, 128])",torch.bfloat16,573440
transpose_322,"torch.Size([1, 35, 64, 128])",torch.bfloat16,573440
view_1383,"torch.Size([1, 35, 8192])",torch.bfloat16,573440
t_517,"torch.Size([8192, 8192])",torch.bfloat16,134217728
view_1384,"torch.Size([35, 8192])",torch.bfloat16,573440
mm_436,"torch.Size([35, 8192])",torch.bfloat16,573440
view_1385,"torch.Size([1, 35, 8192])",torch.bfloat16,573440
add_322,"torch.Size([1, 35, 8192])",torch.bfloat16,573440
_to_copy_198,"torch.Size([1, 35, 8192])",torch.float32,1146880
pow_96,"torch.Size([1, 35, 8192])",torch.float32,1146880
mean_95,"torch.Size([1, 35, 1])",torch.float32,140
add_323,"torch.Size([1, 35, 1])",torch.float32,140
rsqrt_95,"torch.Size([1, 35, 1])",torch.float32,140
mul_406,"torch.Size([1, 35, 8192])",torch.float32,1146880
_to_copy_199,"torch.Size([1, 35, 8192])",torch.bfloat16,573440
mul_407,"torch.Size([1, 35, 8192])",torch.bfloat16,573440
t_518,"torch.Size([8192, 28672])",torch.bfloat16,469762048
view_1386,"torch.Size([35, 8192])",torch.bfloat16,573440
mm_437,"torch.Size([35, 28672])",torch.bfloat16,2007040
view_1387,"torch.Size([1, 35, 28672])",torch.bfloat16,2007040
silu_39,"torch.Size([1, 35, 28672])",torch.bfloat16,2007040
t_519,"torch.Size([8192, 28672])",torch.bfloat16,469762048
view_1388,"torch.Size([35, 8192])",torch.bfloat16,573440
mm_438,"torch.Size([35, 28672])",torch.bfloat16,2007040
view_1389,"torch.Size([1, 35, 28672])",torch.bfloat16,2007040
mul_408,"torch.Size([1, 35, 28672])",torch.bfloat16,2007040
t_520,"torch.Size([28672, 8192])",torch.bfloat16,469762048
view_1390,"torch.Size([35, 28672])",torch.bfloat16,2007040
mm_439,"torch.Size([35, 8192])",torch.bfloat16,573440
view_1391,"torch.Size([1, 35, 8192])",torch.bfloat16,573440
add_324,"torch.Size([1, 35, 8192])",torch.bfloat16,573440
_to_copy_200,"torch.Size([1, 35, 8192])",torch.float32,1146880
pow_97,"torch.Size([1, 35, 8192])",torch.float32,1146880
mean_96,"torch.Size([1, 35, 1])",torch.float32,140
add_325,"torch.Size([1, 35, 1])",torch.float32,140
rsqrt_96,"torch.Size([1, 35, 1])",torch.float32,140
mul_409,"torch.Size([1, 35, 8192])",torch.float32,1146880
_to_copy_201,"torch.Size([1, 35, 8192])",torch.bfloat16,573440
mul_410,"torch.Size([1, 35, 8192])",torch.bfloat16,573440
t_521,"torch.Size([8192, 8192])",torch.bfloat16,134217728
view_1392,"torch.Size([35, 8192])",torch.bfloat16,573440
mm_440,"torch.Size([35, 8192])",torch.bfloat16,573440
view_1393,"torch.Size([1, 35, 8192])",torch.bfloat16,573440
t_522,"torch.Size([8192, 1024])",torch.bfloat16,16777216
view_1394,"torch.Size([35, 8192])",torch.bfloat16,573440
mm_441,"torch.Size([35, 1024])",torch.bfloat16,71680
view_1395,"torch.Size([1, 35, 1024])",torch.bfloat16,71680
t_523,"torch.Size([8192, 1024])",torch.bfloat16,16777216
view_1396,"torch.Size([35, 8192])",torch.bfloat16,573440
mm_442,"torch.Size([35, 1024])",torch.bfloat16,71680
view_1397,"torch.Size([1, 35, 1024])",torch.bfloat16,71680
view_1398,"torch.Size([1, 35, 64, 128])",torch.bfloat16,573440
transpose_323,"torch.Size([1, 64, 35, 128])",torch.bfloat16,573440
view_1399,"torch.Size([1, 35, 8, 128])",torch.bfloat16,71680
transpose_324,"torch.Size([1, 8, 35, 128])",torch.bfloat16,71680
view_1400,"torch.Size([1, 35, 8, 128])",torch.bfloat16,71680
transpose_325,"torch.Size([1, 8, 35, 128])",torch.bfloat16,71680
unsqueeze_157,"torch.Size([1, 1, 35, 128])",torch.bfloat16,8960
unsqueeze_158,"torch.Size([1, 1, 35, 128])",torch.bfloat16,8960
mul_411,"torch.Size([1, 64, 35, 128])",torch.bfloat16,573440
slice_692,"torch.Size([1, 64, 35, 64])",torch.bfloat16,286720
slice_693,"torch.Size([1, 64, 35, 64])",torch.bfloat16,286720
neg_64,"torch.Size([1, 64, 35, 64])",torch.bfloat16,286720
cat_67,"torch.Size([1, 64, 35, 128])",torch.bfloat16,573440
mul_412,"torch.Size([1, 64, 35, 128])",torch.bfloat16,573440
add_326,"torch.Size([1, 64, 35, 128])",torch.bfloat16,573440
mul_413,"torch.Size([1, 8, 35, 128])",torch.bfloat16,71680
slice_694,"torch.Size([1, 8, 35, 64])",torch.bfloat16,35840
slice_695,"torch.Size([1, 8, 35, 64])",torch.bfloat16,35840
neg_65,"torch.Size([1, 8, 35, 64])",torch.bfloat16,35840
cat_68,"torch.Size([1, 8, 35, 128])",torch.bfloat16,71680
mul_414,"torch.Size([1, 8, 35, 128])",torch.bfloat16,71680
add_327,"torch.Size([1, 8, 35, 128])",torch.bfloat16,71680
slice_696,"torch.Size([1, 8, 35, 128])",torch.bfloat16,71680
slice_697,"torch.Size([1, 8, 35, 128])",torch.bfloat16,71680
unsqueeze_159,"torch.Size([1, 8, 1, 35, 128])",torch.bfloat16,71680
slice_698,"torch.Size([1, 8, 1, 35, 128])",torch.bfloat16,71680
slice_699,"torch.Size([1, 8, 1, 35, 128])",torch.bfloat16,71680
expand_89,"torch.Size([1, 8, 8, 35, 128])",torch.bfloat16,573440
clone_82,"torch.Size([1, 8, 8, 35, 128])",torch.bfloat16,573440
_unsafe_view_80,"torch.Size([1, 64, 35, 128])",torch.bfloat16,573440
slice_700,"torch.Size([1, 8, 35, 128])",torch.bfloat16,71680
slice_701,"torch.Size([1, 8, 35, 128])",torch.bfloat16,71680
unsqueeze_160,"torch.Size([1, 8, 1, 35, 128])",torch.bfloat16,71680
slice_702,"torch.Size([1, 8, 1, 35, 128])",torch.bfloat16,71680
slice_703,"torch.Size([1, 8, 1, 35, 128])",torch.bfloat16,71680
expand_90,"torch.Size([1, 8, 8, 35, 128])",torch.bfloat16,573440
clone_83,"torch.Size([1, 8, 8, 35, 128])",torch.bfloat16,573440
_unsafe_view_81,"torch.Size([1, 64, 35, 128])",torch.bfloat16,573440
slice_707,"torch.Size([1, 1, 35, 35])",torch.bfloat16,2450
slice_708,"torch.Size([1, 1, 35, 35])",torch.bfloat16,2450
slice_709,"torch.Size([1, 1, 35, 35])",torch.bfloat16,2450
getitem_406,"torch.Size([1, 64, 35, 128])",torch.bfloat16,573440
transpose_326,"torch.Size([1, 35, 64, 128])",torch.bfloat16,573440
view_1401,"torch.Size([1, 35, 8192])",torch.bfloat16,573440
t_524,"torch.Size([8192, 8192])",torch.bfloat16,134217728
view_1402,"torch.Size([35, 8192])",torch.bfloat16,573440
mm_443,"torch.Size([35, 8192])",torch.bfloat16,573440
view_1403,"torch.Size([1, 35, 8192])",torch.bfloat16,573440
add_328,"torch.Size([1, 35, 8192])",torch.bfloat16,573440
_to_copy_202,"torch.Size([1, 35, 8192])",torch.float32,1146880
pow_98,"torch.Size([1, 35, 8192])",torch.float32,1146880
mean_97,"torch.Size([1, 35, 1])",torch.float32,140
add_329,"torch.Size([1, 35, 1])",torch.float32,140
rsqrt_97,"torch.Size([1, 35, 1])",torch.float32,140
mul_415,"torch.Size([1, 35, 8192])",torch.float32,1146880
_to_copy_203,"torch.Size([1, 35, 8192])",torch.bfloat16,573440
mul_416,"torch.Size([1, 35, 8192])",torch.bfloat16,573440
t_525,"torch.Size([8192, 28672])",torch.bfloat16,469762048
view_1404,"torch.Size([35, 8192])",torch.bfloat16,573440
mm_444,"torch.Size([35, 28672])",torch.bfloat16,2007040
view_1405,"torch.Size([1, 35, 28672])",torch.bfloat16,2007040
silu_40,"torch.Size([1, 35, 28672])",torch.bfloat16,2007040
t_526,"torch.Size([8192, 28672])",torch.bfloat16,469762048
view_1406,"torch.Size([35, 8192])",torch.bfloat16,573440
mm_445,"torch.Size([35, 28672])",torch.bfloat16,2007040
view_1407,"torch.Size([1, 35, 28672])",torch.bfloat16,2007040
mul_417,"torch.Size([1, 35, 28672])",torch.bfloat16,2007040
t_527,"torch.Size([28672, 8192])",torch.bfloat16,469762048
view_1408,"torch.Size([35, 28672])",torch.bfloat16,2007040
mm_446,"torch.Size([35, 8192])",torch.bfloat16,573440
view_1409,"torch.Size([1, 35, 8192])",torch.bfloat16,573440
add_330,"torch.Size([1, 35, 8192])",torch.bfloat16,573440
_to_copy_204,"torch.Size([1, 35, 8192])",torch.float32,1146880
pow_99,"torch.Size([1, 35, 8192])",torch.float32,1146880
mean_98,"torch.Size([1, 35, 1])",torch.float32,140
add_331,"torch.Size([1, 35, 1])",torch.float32,140
rsqrt_98,"torch.Size([1, 35, 1])",torch.float32,140
mul_418,"torch.Size([1, 35, 8192])",torch.float32,1146880
_to_copy_205,"torch.Size([1, 35, 8192])",torch.bfloat16,573440
mul_419,"torch.Size([1, 35, 8192])",torch.bfloat16,573440
t_528,"torch.Size([8192, 8192])",torch.bfloat16,134217728
view_1410,"torch.Size([35, 8192])",torch.bfloat16,573440
mm_447,"torch.Size([35, 8192])",torch.bfloat16,573440
view_1411,"torch.Size([1, 35, 8192])",torch.bfloat16,573440
t_529,"torch.Size([8192, 1024])",torch.bfloat16,16777216
view_1412,"torch.Size([35, 8192])",torch.bfloat16,573440
mm_448,"torch.Size([35, 1024])",torch.bfloat16,71680
view_1413,"torch.Size([1, 35, 1024])",torch.bfloat16,71680
t_530,"torch.Size([8192, 1024])",torch.bfloat16,16777216
view_1414,"torch.Size([35, 8192])",torch.bfloat16,573440
mm_449,"torch.Size([35, 1024])",torch.bfloat16,71680
view_1415,"torch.Size([1, 35, 1024])",torch.bfloat16,71680
view_1416,"torch.Size([1, 35, 64, 128])",torch.bfloat16,573440
transpose_327,"torch.Size([1, 64, 35, 128])",torch.bfloat16,573440
view_1417,"torch.Size([1, 35, 8, 128])",torch.bfloat16,71680
transpose_328,"torch.Size([1, 8, 35, 128])",torch.bfloat16,71680
view_1418,"torch.Size([1, 35, 8, 128])",torch.bfloat16,71680
transpose_329,"torch.Size([1, 8, 35, 128])",torch.bfloat16,71680
unsqueeze_161,"torch.Size([1, 1, 35, 128])",torch.bfloat16,8960
unsqueeze_162,"torch.Size([1, 1, 35, 128])",torch.bfloat16,8960
mul_420,"torch.Size([1, 64, 35, 128])",torch.bfloat16,573440
slice_710,"torch.Size([1, 64, 35, 64])",torch.bfloat16,286720
slice_711,"torch.Size([1, 64, 35, 64])",torch.bfloat16,286720
neg_66,"torch.Size([1, 64, 35, 64])",torch.bfloat16,286720
cat_69,"torch.Size([1, 64, 35, 128])",torch.bfloat16,573440
mul_421,"torch.Size([1, 64, 35, 128])",torch.bfloat16,573440
add_332,"torch.Size([1, 64, 35, 128])",torch.bfloat16,573440
mul_422,"torch.Size([1, 8, 35, 128])",torch.bfloat16,71680
slice_712,"torch.Size([1, 8, 35, 64])",torch.bfloat16,35840
slice_713,"torch.Size([1, 8, 35, 64])",torch.bfloat16,35840
neg_67,"torch.Size([1, 8, 35, 64])",torch.bfloat16,35840
cat_70,"torch.Size([1, 8, 35, 128])",torch.bfloat16,71680
mul_423,"torch.Size([1, 8, 35, 128])",torch.bfloat16,71680
add_333,"torch.Size([1, 8, 35, 128])",torch.bfloat16,71680
slice_714,"torch.Size([1, 8, 35, 128])",torch.bfloat16,71680
slice_715,"torch.Size([1, 8, 35, 128])",torch.bfloat16,71680
unsqueeze_163,"torch.Size([1, 8, 1, 35, 128])",torch.bfloat16,71680
slice_716,"torch.Size([1, 8, 1, 35, 128])",torch.bfloat16,71680
slice_717,"torch.Size([1, 8, 1, 35, 128])",torch.bfloat16,71680
expand_91,"torch.Size([1, 8, 8, 35, 128])",torch.bfloat16,573440
clone_84,"torch.Size([1, 8, 8, 35, 128])",torch.bfloat16,573440
_unsafe_view_82,"torch.Size([1, 64, 35, 128])",torch.bfloat16,573440
slice_718,"torch.Size([1, 8, 35, 128])",torch.bfloat16,71680
slice_719,"torch.Size([1, 8, 35, 128])",torch.bfloat16,71680
unsqueeze_164,"torch.Size([1, 8, 1, 35, 128])",torch.bfloat16,71680
slice_720,"torch.Size([1, 8, 1, 35, 128])",torch.bfloat16,71680
slice_721,"torch.Size([1, 8, 1, 35, 128])",torch.bfloat16,71680
expand_92,"torch.Size([1, 8, 8, 35, 128])",torch.bfloat16,573440
clone_85,"torch.Size([1, 8, 8, 35, 128])",torch.bfloat16,573440
_unsafe_view_83,"torch.Size([1, 64, 35, 128])",torch.bfloat16,573440
slice_725,"torch.Size([1, 1, 35, 35])",torch.bfloat16,2450
slice_726,"torch.Size([1, 1, 35, 35])",torch.bfloat16,2450
slice_727,"torch.Size([1, 1, 35, 35])",torch.bfloat16,2450
getitem_408,"torch.Size([1, 64, 35, 128])",torch.bfloat16,573440
transpose_330,"torch.Size([1, 35, 64, 128])",torch.bfloat16,573440
view_1419,"torch.Size([1, 35, 8192])",torch.bfloat16,573440
t_531,"torch.Size([8192, 8192])",torch.bfloat16,134217728
view_1420,"torch.Size([35, 8192])",torch.bfloat16,573440
mm_450,"torch.Size([35, 8192])",torch.bfloat16,573440
view_1421,"torch.Size([1, 35, 8192])",torch.bfloat16,573440
add_334,"torch.Size([1, 35, 8192])",torch.bfloat16,573440
_to_copy_206,"torch.Size([1, 35, 8192])",torch.float32,1146880
pow_100,"torch.Size([1, 35, 8192])",torch.float32,1146880
mean_99,"torch.Size([1, 35, 1])",torch.float32,140
add_335,"torch.Size([1, 35, 1])",torch.float32,140
rsqrt_99,"torch.Size([1, 35, 1])",torch.float32,140
mul_424,"torch.Size([1, 35, 8192])",torch.float32,1146880
_to_copy_207,"torch.Size([1, 35, 8192])",torch.bfloat16,573440
mul_425,"torch.Size([1, 35, 8192])",torch.bfloat16,573440
t_532,"torch.Size([8192, 28672])",torch.bfloat16,469762048
view_1422,"torch.Size([35, 8192])",torch.bfloat16,573440
mm_451,"torch.Size([35, 28672])",torch.bfloat16,2007040
view_1423,"torch.Size([1, 35, 28672])",torch.bfloat16,2007040
silu_41,"torch.Size([1, 35, 28672])",torch.bfloat16,2007040
t_533,"torch.Size([8192, 28672])",torch.bfloat16,469762048
view_1424,"torch.Size([35, 8192])",torch.bfloat16,573440
mm_452,"torch.Size([35, 28672])",torch.bfloat16,2007040
view_1425,"torch.Size([1, 35, 28672])",torch.bfloat16,2007040
mul_426,"torch.Size([1, 35, 28672])",torch.bfloat16,2007040
t_534,"torch.Size([28672, 8192])",torch.bfloat16,469762048
view_1426,"torch.Size([35, 28672])",torch.bfloat16,2007040
mm_453,"torch.Size([35, 8192])",torch.bfloat16,573440
view_1427,"torch.Size([1, 35, 8192])",torch.bfloat16,573440
add_336,"torch.Size([1, 35, 8192])",torch.bfloat16,573440
_to_copy_208,"torch.Size([1, 35, 8192])",torch.float32,1146880
pow_101,"torch.Size([1, 35, 8192])",torch.float32,1146880
mean_100,"torch.Size([1, 35, 1])",torch.float32,140
add_337,"torch.Size([1, 35, 1])",torch.float32,140
rsqrt_100,"torch.Size([1, 35, 1])",torch.float32,140
mul_427,"torch.Size([1, 35, 8192])",torch.float32,1146880
_to_copy_209,"torch.Size([1, 35, 8192])",torch.bfloat16,573440
mul_428,"torch.Size([1, 35, 8192])",torch.bfloat16,573440
t_535,"torch.Size([8192, 8192])",torch.bfloat16,134217728
view_1428,"torch.Size([35, 8192])",torch.bfloat16,573440
mm_454,"torch.Size([35, 8192])",torch.bfloat16,573440
view_1429,"torch.Size([1, 35, 8192])",torch.bfloat16,573440
t_536,"torch.Size([8192, 1024])",torch.bfloat16,16777216
view_1430,"torch.Size([35, 8192])",torch.bfloat16,573440
mm_455,"torch.Size([35, 1024])",torch.bfloat16,71680
view_1431,"torch.Size([1, 35, 1024])",torch.bfloat16,71680
t_537,"torch.Size([8192, 1024])",torch.bfloat16,16777216
view_1432,"torch.Size([35, 8192])",torch.bfloat16,573440
mm_456,"torch.Size([35, 1024])",torch.bfloat16,71680
view_1433,"torch.Size([1, 35, 1024])",torch.bfloat16,71680
view_1434,"torch.Size([1, 35, 64, 128])",torch.bfloat16,573440
transpose_331,"torch.Size([1, 64, 35, 128])",torch.bfloat16,573440
view_1435,"torch.Size([1, 35, 8, 128])",torch.bfloat16,71680
transpose_332,"torch.Size([1, 8, 35, 128])",torch.bfloat16,71680
view_1436,"torch.Size([1, 35, 8, 128])",torch.bfloat16,71680
transpose_333,"torch.Size([1, 8, 35, 128])",torch.bfloat16,71680
unsqueeze_165,"torch.Size([1, 1, 35, 128])",torch.bfloat16,8960
unsqueeze_166,"torch.Size([1, 1, 35, 128])",torch.bfloat16,8960
mul_429,"torch.Size([1, 64, 35, 128])",torch.bfloat16,573440
slice_728,"torch.Size([1, 64, 35, 64])",torch.bfloat16,286720
slice_729,"torch.Size([1, 64, 35, 64])",torch.bfloat16,286720
neg_68,"torch.Size([1, 64, 35, 64])",torch.bfloat16,286720
cat_71,"torch.Size([1, 64, 35, 128])",torch.bfloat16,573440
mul_430,"torch.Size([1, 64, 35, 128])",torch.bfloat16,573440
add_338,"torch.Size([1, 64, 35, 128])",torch.bfloat16,573440
mul_431,"torch.Size([1, 8, 35, 128])",torch.bfloat16,71680
slice_730,"torch.Size([1, 8, 35, 64])",torch.bfloat16,35840
slice_731,"torch.Size([1, 8, 35, 64])",torch.bfloat16,35840
neg_69,"torch.Size([1, 8, 35, 64])",torch.bfloat16,35840
cat_72,"torch.Size([1, 8, 35, 128])",torch.bfloat16,71680
mul_432,"torch.Size([1, 8, 35, 128])",torch.bfloat16,71680
add_339,"torch.Size([1, 8, 35, 128])",torch.bfloat16,71680
slice_732,"torch.Size([1, 8, 35, 128])",torch.bfloat16,71680
slice_733,"torch.Size([1, 8, 35, 128])",torch.bfloat16,71680
unsqueeze_167,"torch.Size([1, 8, 1, 35, 128])",torch.bfloat16,71680
slice_734,"torch.Size([1, 8, 1, 35, 128])",torch.bfloat16,71680
slice_735,"torch.Size([1, 8, 1, 35, 128])",torch.bfloat16,71680
expand_93,"torch.Size([1, 8, 8, 35, 128])",torch.bfloat16,573440
clone_86,"torch.Size([1, 8, 8, 35, 128])",torch.bfloat16,573440
_unsafe_view_84,"torch.Size([1, 64, 35, 128])",torch.bfloat16,573440
slice_736,"torch.Size([1, 8, 35, 128])",torch.bfloat16,71680
slice_737,"torch.Size([1, 8, 35, 128])",torch.bfloat16,71680
unsqueeze_168,"torch.Size([1, 8, 1, 35, 128])",torch.bfloat16,71680
slice_738,"torch.Size([1, 8, 1, 35, 128])",torch.bfloat16,71680
slice_739,"torch.Size([1, 8, 1, 35, 128])",torch.bfloat16,71680
expand_94,"torch.Size([1, 8, 8, 35, 128])",torch.bfloat16,573440
clone_87,"torch.Size([1, 8, 8, 35, 128])",torch.bfloat16,573440
_unsafe_view_85,"torch.Size([1, 64, 35, 128])",torch.bfloat16,573440
slice_743,"torch.Size([1, 1, 35, 35])",torch.bfloat16,2450
slice_744,"torch.Size([1, 1, 35, 35])",torch.bfloat16,2450
slice_745,"torch.Size([1, 1, 35, 35])",torch.bfloat16,2450
getitem_410,"torch.Size([1, 64, 35, 128])",torch.bfloat16,573440
transpose_334,"torch.Size([1, 35, 64, 128])",torch.bfloat16,573440
view_1437,"torch.Size([1, 35, 8192])",torch.bfloat16,573440
t_538,"torch.Size([8192, 8192])",torch.bfloat16,134217728
view_1438,"torch.Size([35, 8192])",torch.bfloat16,573440
mm_457,"torch.Size([35, 8192])",torch.bfloat16,573440
view_1439,"torch.Size([1, 35, 8192])",torch.bfloat16,573440
add_340,"torch.Size([1, 35, 8192])",torch.bfloat16,573440
_to_copy_210,"torch.Size([1, 35, 8192])",torch.float32,1146880
pow_102,"torch.Size([1, 35, 8192])",torch.float32,1146880
mean_101,"torch.Size([1, 35, 1])",torch.float32,140
add_341,"torch.Size([1, 35, 1])",torch.float32,140
rsqrt_101,"torch.Size([1, 35, 1])",torch.float32,140
mul_433,"torch.Size([1, 35, 8192])",torch.float32,1146880
_to_copy_211,"torch.Size([1, 35, 8192])",torch.bfloat16,573440
mul_434,"torch.Size([1, 35, 8192])",torch.bfloat16,573440
t_539,"torch.Size([8192, 28672])",torch.bfloat16,469762048
view_1440,"torch.Size([35, 8192])",torch.bfloat16,573440
mm_458,"torch.Size([35, 28672])",torch.bfloat16,2007040
view_1441,"torch.Size([1, 35, 28672])",torch.bfloat16,2007040
silu_42,"torch.Size([1, 35, 28672])",torch.bfloat16,2007040
t_540,"torch.Size([8192, 28672])",torch.bfloat16,469762048
view_1442,"torch.Size([35, 8192])",torch.bfloat16,573440
mm_459,"torch.Size([35, 28672])",torch.bfloat16,2007040
view_1443,"torch.Size([1, 35, 28672])",torch.bfloat16,2007040
mul_435,"torch.Size([1, 35, 28672])",torch.bfloat16,2007040
t_541,"torch.Size([28672, 8192])",torch.bfloat16,469762048
view_1444,"torch.Size([35, 28672])",torch.bfloat16,2007040
mm_460,"torch.Size([35, 8192])",torch.bfloat16,573440
view_1445,"torch.Size([1, 35, 8192])",torch.bfloat16,573440
add_342,"torch.Size([1, 35, 8192])",torch.bfloat16,573440
_to_copy_212,"torch.Size([1, 35, 8192])",torch.float32,1146880
pow_103,"torch.Size([1, 35, 8192])",torch.float32,1146880
mean_102,"torch.Size([1, 35, 1])",torch.float32,140
add_343,"torch.Size([1, 35, 1])",torch.float32,140
rsqrt_102,"torch.Size([1, 35, 1])",torch.float32,140
mul_436,"torch.Size([1, 35, 8192])",torch.float32,1146880
_to_copy_213,"torch.Size([1, 35, 8192])",torch.bfloat16,573440
mul_437,"torch.Size([1, 35, 8192])",torch.bfloat16,573440
t_542,"torch.Size([8192, 8192])",torch.bfloat16,134217728
view_1446,"torch.Size([35, 8192])",torch.bfloat16,573440
mm_461,"torch.Size([35, 8192])",torch.bfloat16,573440
view_1447,"torch.Size([1, 35, 8192])",torch.bfloat16,573440
view_1448,"torch.Size([1, 35, 64, 128])",torch.bfloat16,573440
transpose_335,"torch.Size([1, 64, 35, 128])",torch.bfloat16,573440
_to_copy_214,"torch.Size([1, 64, 35, 128])",torch.float32,1146880
pow_104,"torch.Size([1, 64, 35, 128])",torch.float32,1146880
mean_103,"torch.Size([1, 64, 35, 1])",torch.float32,8960
add_344,"torch.Size([1, 64, 35, 1])",torch.float32,8960
rsqrt_103,"torch.Size([1, 64, 35, 1])",torch.float32,8960
mul_438,"torch.Size([1, 64, 35, 128])",torch.float32,1146880
_to_copy_215,"torch.Size([1, 64, 35, 128])",torch.bfloat16,573440
mul_439,"torch.Size([1, 64, 35, 128])",torch.bfloat16,573440
t_543,"torch.Size([8192, 1024])",torch.bfloat16,16777216
view_1449,"torch.Size([6404, 8192])",torch.bfloat16,104923136
mm_462,"torch.Size([6404, 1024])",torch.bfloat16,13115392
view_1450,"torch.Size([4, 1601, 1024])",torch.bfloat16,13115392
t_544,"torch.Size([8192, 1024])",torch.bfloat16,16777216
view_1451,"torch.Size([6404, 8192])",torch.bfloat16,104923136
mm_463,"torch.Size([6404, 1024])",torch.bfloat16,13115392
view_1452,"torch.Size([4, 1601, 1024])",torch.bfloat16,13115392
view_1453,"torch.Size([1, 6404, 8, 128])",torch.bfloat16,13115392
transpose_336,"torch.Size([1, 8, 6404, 128])",torch.bfloat16,13115392
view_1454,"torch.Size([1, 6404, 8, 128])",torch.bfloat16,13115392
transpose_337,"torch.Size([1, 8, 6404, 128])",torch.bfloat16,13115392
slice_746,"torch.Size([1, 8, 6404, 128])",torch.bfloat16,13115392
slice_747,"torch.Size([1, 8, 6404, 128])",torch.bfloat16,13115392
unsqueeze_169,"torch.Size([1, 8, 1, 6404, 128])",torch.bfloat16,13115392
slice_748,"torch.Size([1, 8, 1, 6404, 128])",torch.bfloat16,13115392
slice_749,"torch.Size([1, 8, 1, 6404, 128])",torch.bfloat16,13115392
expand_95,"torch.Size([1, 8, 8, 6404, 128])",torch.bfloat16,104923136
clone_88,"torch.Size([1, 8, 8, 6404, 128])",torch.bfloat16,104923136
_unsafe_view_86,"torch.Size([1, 64, 6404, 128])",torch.bfloat16,104923136
slice_750,"torch.Size([1, 8, 6404, 128])",torch.bfloat16,13115392
slice_751,"torch.Size([1, 8, 6404, 128])",torch.bfloat16,13115392
unsqueeze_170,"torch.Size([1, 8, 1, 6404, 128])",torch.bfloat16,13115392
slice_752,"torch.Size([1, 8, 1, 6404, 128])",torch.bfloat16,13115392
slice_753,"torch.Size([1, 8, 1, 6404, 128])",torch.bfloat16,13115392
expand_96,"torch.Size([1, 8, 8, 6404, 128])",torch.bfloat16,104923136
clone_89,"torch.Size([1, 8, 8, 6404, 128])",torch.bfloat16,104923136
_unsafe_view_87,"torch.Size([1, 64, 6404, 128])",torch.bfloat16,104923136
_to_copy_216,"torch.Size([1, 64, 6404, 128])",torch.float32,209846272
pow_105,"torch.Size([1, 64, 6404, 128])",torch.float32,209846272
mean_104,"torch.Size([1, 64, 6404, 1])",torch.float32,1639424
add_345,"torch.Size([1, 64, 6404, 1])",torch.float32,1639424
rsqrt_104,"torch.Size([1, 64, 6404, 1])",torch.float32,1639424
mul_440,"torch.Size([1, 64, 6404, 128])",torch.float32,209846272
_to_copy_217,"torch.Size([1, 64, 6404, 128])",torch.bfloat16,104923136
mul_441,"torch.Size([1, 64, 6404, 128])",torch.bfloat16,104923136
getitem_412,"torch.Size([1, 64, 35, 128])",torch.bfloat16,573440
transpose_338,"torch.Size([1, 35, 64, 128])",torch.bfloat16,573440
view_1455,"torch.Size([1, 35, 8192])",torch.bfloat16,573440
t_545,"torch.Size([8192, 8192])",torch.bfloat16,134217728
view_1456,"torch.Size([35, 8192])",torch.bfloat16,573440
mm_464,"torch.Size([35, 8192])",torch.bfloat16,573440
view_1457,"torch.Size([1, 35, 8192])",torch.bfloat16,573440
tanh_36,torch.Size([1]),torch.bfloat16,2
mul_442,"torch.Size([1, 35, 8192])",torch.bfloat16,573440
add_346,"torch.Size([1, 35, 8192])",torch.bfloat16,573440
_to_copy_218,"torch.Size([1, 35, 8192])",torch.float32,1146880
pow_106,"torch.Size([1, 35, 8192])",torch.float32,1146880
mean_105,"torch.Size([1, 35, 1])",torch.float32,140
add_347,"torch.Size([1, 35, 1])",torch.float32,140
rsqrt_105,"torch.Size([1, 35, 1])",torch.float32,140
mul_443,"torch.Size([1, 35, 8192])",torch.float32,1146880
_to_copy_219,"torch.Size([1, 35, 8192])",torch.bfloat16,573440
mul_444,"torch.Size([1, 35, 8192])",torch.bfloat16,573440
t_546,"torch.Size([8192, 28672])",torch.bfloat16,469762048
view_1458,"torch.Size([35, 8192])",torch.bfloat16,573440
mm_465,"torch.Size([35, 28672])",torch.bfloat16,2007040
view_1459,"torch.Size([1, 35, 28672])",torch.bfloat16,2007040
silu_43,"torch.Size([1, 35, 28672])",torch.bfloat16,2007040
t_547,"torch.Size([8192, 28672])",torch.bfloat16,469762048
view_1460,"torch.Size([35, 8192])",torch.bfloat16,573440
mm_466,"torch.Size([35, 28672])",torch.bfloat16,2007040
view_1461,"torch.Size([1, 35, 28672])",torch.bfloat16,2007040
mul_445,"torch.Size([1, 35, 28672])",torch.bfloat16,2007040
t_548,"torch.Size([28672, 8192])",torch.bfloat16,469762048
view_1462,"torch.Size([35, 28672])",torch.bfloat16,2007040
mm_467,"torch.Size([35, 8192])",torch.bfloat16,573440
view_1463,"torch.Size([1, 35, 8192])",torch.bfloat16,573440
slice_754,"torch.Size([1, 1, 35, 1])",torch.bfloat16,70
select_8,"torch.Size([1, 35, 1])",torch.bfloat16,70
mul_446,"torch.Size([1, 35, 8192])",torch.bfloat16,573440
tanh_37,torch.Size([1]),torch.bfloat16,2
mul_447,"torch.Size([1, 35, 8192])",torch.bfloat16,573440
add_348,"torch.Size([1, 35, 8192])",torch.bfloat16,573440
_to_copy_220,"torch.Size([1, 35, 8192])",torch.float32,1146880
pow_107,"torch.Size([1, 35, 8192])",torch.float32,1146880
mean_106,"torch.Size([1, 35, 1])",torch.float32,140
add_349,"torch.Size([1, 35, 1])",torch.float32,140
rsqrt_106,"torch.Size([1, 35, 1])",torch.float32,140
mul_448,"torch.Size([1, 35, 8192])",torch.float32,1146880
_to_copy_221,"torch.Size([1, 35, 8192])",torch.bfloat16,573440
mul_449,"torch.Size([1, 35, 8192])",torch.bfloat16,573440
t_549,"torch.Size([8192, 8192])",torch.bfloat16,134217728
view_1464,"torch.Size([35, 8192])",torch.bfloat16,573440
mm_468,"torch.Size([35, 8192])",torch.bfloat16,573440
view_1465,"torch.Size([1, 35, 8192])",torch.bfloat16,573440
t_550,"torch.Size([8192, 1024])",torch.bfloat16,16777216
view_1466,"torch.Size([35, 8192])",torch.bfloat16,573440
mm_469,"torch.Size([35, 1024])",torch.bfloat16,71680
view_1467,"torch.Size([1, 35, 1024])",torch.bfloat16,71680
t_551,"torch.Size([8192, 1024])",torch.bfloat16,16777216
view_1468,"torch.Size([35, 8192])",torch.bfloat16,573440
mm_470,"torch.Size([35, 1024])",torch.bfloat16,71680
view_1469,"torch.Size([1, 35, 1024])",torch.bfloat16,71680
view_1470,"torch.Size([1, 35, 64, 128])",torch.bfloat16,573440
transpose_339,"torch.Size([1, 64, 35, 128])",torch.bfloat16,573440
view_1471,"torch.Size([1, 35, 8, 128])",torch.bfloat16,71680
transpose_340,"torch.Size([1, 8, 35, 128])",torch.bfloat16,71680
view_1472,"torch.Size([1, 35, 8, 128])",torch.bfloat16,71680
transpose_341,"torch.Size([1, 8, 35, 128])",torch.bfloat16,71680
unsqueeze_171,"torch.Size([1, 1, 35, 128])",torch.bfloat16,8960
unsqueeze_172,"torch.Size([1, 1, 35, 128])",torch.bfloat16,8960
mul_450,"torch.Size([1, 64, 35, 128])",torch.bfloat16,573440
slice_755,"torch.Size([1, 64, 35, 64])",torch.bfloat16,286720
slice_756,"torch.Size([1, 64, 35, 64])",torch.bfloat16,286720
neg_70,"torch.Size([1, 64, 35, 64])",torch.bfloat16,286720
cat_73,"torch.Size([1, 64, 35, 128])",torch.bfloat16,573440
mul_451,"torch.Size([1, 64, 35, 128])",torch.bfloat16,573440
add_350,"torch.Size([1, 64, 35, 128])",torch.bfloat16,573440
mul_452,"torch.Size([1, 8, 35, 128])",torch.bfloat16,71680
slice_757,"torch.Size([1, 8, 35, 64])",torch.bfloat16,35840
slice_758,"torch.Size([1, 8, 35, 64])",torch.bfloat16,35840
neg_71,"torch.Size([1, 8, 35, 64])",torch.bfloat16,35840
cat_74,"torch.Size([1, 8, 35, 128])",torch.bfloat16,71680
mul_453,"torch.Size([1, 8, 35, 128])",torch.bfloat16,71680
add_351,"torch.Size([1, 8, 35, 128])",torch.bfloat16,71680
slice_759,"torch.Size([1, 8, 35, 128])",torch.bfloat16,71680
slice_760,"torch.Size([1, 8, 35, 128])",torch.bfloat16,71680
unsqueeze_173,"torch.Size([1, 8, 1, 35, 128])",torch.bfloat16,71680
slice_761,"torch.Size([1, 8, 1, 35, 128])",torch.bfloat16,71680
slice_762,"torch.Size([1, 8, 1, 35, 128])",torch.bfloat16,71680
expand_97,"torch.Size([1, 8, 8, 35, 128])",torch.bfloat16,573440
clone_90,"torch.Size([1, 8, 8, 35, 128])",torch.bfloat16,573440
_unsafe_view_88,"torch.Size([1, 64, 35, 128])",torch.bfloat16,573440
slice_763,"torch.Size([1, 8, 35, 128])",torch.bfloat16,71680
slice_764,"torch.Size([1, 8, 35, 128])",torch.bfloat16,71680
unsqueeze_174,"torch.Size([1, 8, 1, 35, 128])",torch.bfloat16,71680
slice_765,"torch.Size([1, 8, 1, 35, 128])",torch.bfloat16,71680
slice_766,"torch.Size([1, 8, 1, 35, 128])",torch.bfloat16,71680
expand_98,"torch.Size([1, 8, 8, 35, 128])",torch.bfloat16,573440
clone_91,"torch.Size([1, 8, 8, 35, 128])",torch.bfloat16,573440
_unsafe_view_89,"torch.Size([1, 64, 35, 128])",torch.bfloat16,573440
slice_770,"torch.Size([1, 1, 35, 35])",torch.bfloat16,2450
slice_771,"torch.Size([1, 1, 35, 35])",torch.bfloat16,2450
slice_772,"torch.Size([1, 1, 35, 35])",torch.bfloat16,2450
getitem_414,"torch.Size([1, 64, 35, 128])",torch.bfloat16,573440
transpose_342,"torch.Size([1, 35, 64, 128])",torch.bfloat16,573440
view_1473,"torch.Size([1, 35, 8192])",torch.bfloat16,573440
t_552,"torch.Size([8192, 8192])",torch.bfloat16,134217728
view_1474,"torch.Size([35, 8192])",torch.bfloat16,573440
mm_471,"torch.Size([35, 8192])",torch.bfloat16,573440
view_1475,"torch.Size([1, 35, 8192])",torch.bfloat16,573440
add_352,"torch.Size([1, 35, 8192])",torch.bfloat16,573440
_to_copy_222,"torch.Size([1, 35, 8192])",torch.float32,1146880
pow_108,"torch.Size([1, 35, 8192])",torch.float32,1146880
mean_107,"torch.Size([1, 35, 1])",torch.float32,140
add_353,"torch.Size([1, 35, 1])",torch.float32,140
rsqrt_107,"torch.Size([1, 35, 1])",torch.float32,140
mul_454,"torch.Size([1, 35, 8192])",torch.float32,1146880
_to_copy_223,"torch.Size([1, 35, 8192])",torch.bfloat16,573440
mul_455,"torch.Size([1, 35, 8192])",torch.bfloat16,573440
t_553,"torch.Size([8192, 28672])",torch.bfloat16,469762048
view_1476,"torch.Size([35, 8192])",torch.bfloat16,573440
mm_472,"torch.Size([35, 28672])",torch.bfloat16,2007040
view_1477,"torch.Size([1, 35, 28672])",torch.bfloat16,2007040
silu_44,"torch.Size([1, 35, 28672])",torch.bfloat16,2007040
t_554,"torch.Size([8192, 28672])",torch.bfloat16,469762048
view_1478,"torch.Size([35, 8192])",torch.bfloat16,573440
mm_473,"torch.Size([35, 28672])",torch.bfloat16,2007040
view_1479,"torch.Size([1, 35, 28672])",torch.bfloat16,2007040
mul_456,"torch.Size([1, 35, 28672])",torch.bfloat16,2007040
t_555,"torch.Size([28672, 8192])",torch.bfloat16,469762048
view_1480,"torch.Size([35, 28672])",torch.bfloat16,2007040
mm_474,"torch.Size([35, 8192])",torch.bfloat16,573440
view_1481,"torch.Size([1, 35, 8192])",torch.bfloat16,573440
add_354,"torch.Size([1, 35, 8192])",torch.bfloat16,573440
_to_copy_224,"torch.Size([1, 35, 8192])",torch.float32,1146880
pow_109,"torch.Size([1, 35, 8192])",torch.float32,1146880
mean_108,"torch.Size([1, 35, 1])",torch.float32,140
add_355,"torch.Size([1, 35, 1])",torch.float32,140
rsqrt_108,"torch.Size([1, 35, 1])",torch.float32,140
mul_457,"torch.Size([1, 35, 8192])",torch.float32,1146880
_to_copy_225,"torch.Size([1, 35, 8192])",torch.bfloat16,573440
mul_458,"torch.Size([1, 35, 8192])",torch.bfloat16,573440
t_556,"torch.Size([8192, 8192])",torch.bfloat16,134217728
view_1482,"torch.Size([35, 8192])",torch.bfloat16,573440
mm_475,"torch.Size([35, 8192])",torch.bfloat16,573440
view_1483,"torch.Size([1, 35, 8192])",torch.bfloat16,573440
t_557,"torch.Size([8192, 1024])",torch.bfloat16,16777216
view_1484,"torch.Size([35, 8192])",torch.bfloat16,573440
mm_476,"torch.Size([35, 1024])",torch.bfloat16,71680
view_1485,"torch.Size([1, 35, 1024])",torch.bfloat16,71680
t_558,"torch.Size([8192, 1024])",torch.bfloat16,16777216
view_1486,"torch.Size([35, 8192])",torch.bfloat16,573440
mm_477,"torch.Size([35, 1024])",torch.bfloat16,71680
view_1487,"torch.Size([1, 35, 1024])",torch.bfloat16,71680
view_1488,"torch.Size([1, 35, 64, 128])",torch.bfloat16,573440
transpose_343,"torch.Size([1, 64, 35, 128])",torch.bfloat16,573440
view_1489,"torch.Size([1, 35, 8, 128])",torch.bfloat16,71680
transpose_344,"torch.Size([1, 8, 35, 128])",torch.bfloat16,71680
view_1490,"torch.Size([1, 35, 8, 128])",torch.bfloat16,71680
transpose_345,"torch.Size([1, 8, 35, 128])",torch.bfloat16,71680
unsqueeze_175,"torch.Size([1, 1, 35, 128])",torch.bfloat16,8960
unsqueeze_176,"torch.Size([1, 1, 35, 128])",torch.bfloat16,8960
mul_459,"torch.Size([1, 64, 35, 128])",torch.bfloat16,573440
slice_773,"torch.Size([1, 64, 35, 64])",torch.bfloat16,286720
slice_774,"torch.Size([1, 64, 35, 64])",torch.bfloat16,286720
neg_72,"torch.Size([1, 64, 35, 64])",torch.bfloat16,286720
cat_75,"torch.Size([1, 64, 35, 128])",torch.bfloat16,573440
mul_460,"torch.Size([1, 64, 35, 128])",torch.bfloat16,573440
add_356,"torch.Size([1, 64, 35, 128])",torch.bfloat16,573440
mul_461,"torch.Size([1, 8, 35, 128])",torch.bfloat16,71680
slice_775,"torch.Size([1, 8, 35, 64])",torch.bfloat16,35840
slice_776,"torch.Size([1, 8, 35, 64])",torch.bfloat16,35840
neg_73,"torch.Size([1, 8, 35, 64])",torch.bfloat16,35840
cat_76,"torch.Size([1, 8, 35, 128])",torch.bfloat16,71680
mul_462,"torch.Size([1, 8, 35, 128])",torch.bfloat16,71680
add_357,"torch.Size([1, 8, 35, 128])",torch.bfloat16,71680
slice_777,"torch.Size([1, 8, 35, 128])",torch.bfloat16,71680
slice_778,"torch.Size([1, 8, 35, 128])",torch.bfloat16,71680
unsqueeze_177,"torch.Size([1, 8, 1, 35, 128])",torch.bfloat16,71680
slice_779,"torch.Size([1, 8, 1, 35, 128])",torch.bfloat16,71680
slice_780,"torch.Size([1, 8, 1, 35, 128])",torch.bfloat16,71680
expand_99,"torch.Size([1, 8, 8, 35, 128])",torch.bfloat16,573440
clone_92,"torch.Size([1, 8, 8, 35, 128])",torch.bfloat16,573440
_unsafe_view_90,"torch.Size([1, 64, 35, 128])",torch.bfloat16,573440
slice_781,"torch.Size([1, 8, 35, 128])",torch.bfloat16,71680
slice_782,"torch.Size([1, 8, 35, 128])",torch.bfloat16,71680
unsqueeze_178,"torch.Size([1, 8, 1, 35, 128])",torch.bfloat16,71680
slice_783,"torch.Size([1, 8, 1, 35, 128])",torch.bfloat16,71680
slice_784,"torch.Size([1, 8, 1, 35, 128])",torch.bfloat16,71680
expand_100,"torch.Size([1, 8, 8, 35, 128])",torch.bfloat16,573440
clone_93,"torch.Size([1, 8, 8, 35, 128])",torch.bfloat16,573440
_unsafe_view_91,"torch.Size([1, 64, 35, 128])",torch.bfloat16,573440
slice_788,"torch.Size([1, 1, 35, 35])",torch.bfloat16,2450
slice_789,"torch.Size([1, 1, 35, 35])",torch.bfloat16,2450
slice_790,"torch.Size([1, 1, 35, 35])",torch.bfloat16,2450
getitem_416,"torch.Size([1, 64, 35, 128])",torch.bfloat16,573440
transpose_346,"torch.Size([1, 35, 64, 128])",torch.bfloat16,573440
view_1491,"torch.Size([1, 35, 8192])",torch.bfloat16,573440
t_559,"torch.Size([8192, 8192])",torch.bfloat16,134217728
view_1492,"torch.Size([35, 8192])",torch.bfloat16,573440
mm_478,"torch.Size([35, 8192])",torch.bfloat16,573440
view_1493,"torch.Size([1, 35, 8192])",torch.bfloat16,573440
add_358,"torch.Size([1, 35, 8192])",torch.bfloat16,573440
_to_copy_226,"torch.Size([1, 35, 8192])",torch.float32,1146880
pow_110,"torch.Size([1, 35, 8192])",torch.float32,1146880
mean_109,"torch.Size([1, 35, 1])",torch.float32,140
add_359,"torch.Size([1, 35, 1])",torch.float32,140
rsqrt_109,"torch.Size([1, 35, 1])",torch.float32,140
mul_463,"torch.Size([1, 35, 8192])",torch.float32,1146880
_to_copy_227,"torch.Size([1, 35, 8192])",torch.bfloat16,573440
mul_464,"torch.Size([1, 35, 8192])",torch.bfloat16,573440
t_560,"torch.Size([8192, 28672])",torch.bfloat16,469762048
view_1494,"torch.Size([35, 8192])",torch.bfloat16,573440
mm_479,"torch.Size([35, 28672])",torch.bfloat16,2007040
view_1495,"torch.Size([1, 35, 28672])",torch.bfloat16,2007040
silu_45,"torch.Size([1, 35, 28672])",torch.bfloat16,2007040
t_561,"torch.Size([8192, 28672])",torch.bfloat16,469762048
view_1496,"torch.Size([35, 8192])",torch.bfloat16,573440
mm_480,"torch.Size([35, 28672])",torch.bfloat16,2007040
view_1497,"torch.Size([1, 35, 28672])",torch.bfloat16,2007040
mul_465,"torch.Size([1, 35, 28672])",torch.bfloat16,2007040
t_562,"torch.Size([28672, 8192])",torch.bfloat16,469762048
view_1498,"torch.Size([35, 28672])",torch.bfloat16,2007040
mm_481,"torch.Size([35, 8192])",torch.bfloat16,573440
view_1499,"torch.Size([1, 35, 8192])",torch.bfloat16,573440
add_360,"torch.Size([1, 35, 8192])",torch.bfloat16,573440
_to_copy_228,"torch.Size([1, 35, 8192])",torch.float32,1146880
pow_111,"torch.Size([1, 35, 8192])",torch.float32,1146880
mean_110,"torch.Size([1, 35, 1])",torch.float32,140
add_361,"torch.Size([1, 35, 1])",torch.float32,140
rsqrt_110,"torch.Size([1, 35, 1])",torch.float32,140
mul_466,"torch.Size([1, 35, 8192])",torch.float32,1146880
_to_copy_229,"torch.Size([1, 35, 8192])",torch.bfloat16,573440
mul_467,"torch.Size([1, 35, 8192])",torch.bfloat16,573440
t_563,"torch.Size([8192, 8192])",torch.bfloat16,134217728
view_1500,"torch.Size([35, 8192])",torch.bfloat16,573440
mm_482,"torch.Size([35, 8192])",torch.bfloat16,573440
view_1501,"torch.Size([1, 35, 8192])",torch.bfloat16,573440
t_564,"torch.Size([8192, 1024])",torch.bfloat16,16777216
view_1502,"torch.Size([35, 8192])",torch.bfloat16,573440
mm_483,"torch.Size([35, 1024])",torch.bfloat16,71680
view_1503,"torch.Size([1, 35, 1024])",torch.bfloat16,71680
t_565,"torch.Size([8192, 1024])",torch.bfloat16,16777216
view_1504,"torch.Size([35, 8192])",torch.bfloat16,573440
mm_484,"torch.Size([35, 1024])",torch.bfloat16,71680
view_1505,"torch.Size([1, 35, 1024])",torch.bfloat16,71680
view_1506,"torch.Size([1, 35, 64, 128])",torch.bfloat16,573440
transpose_347,"torch.Size([1, 64, 35, 128])",torch.bfloat16,573440
view_1507,"torch.Size([1, 35, 8, 128])",torch.bfloat16,71680
transpose_348,"torch.Size([1, 8, 35, 128])",torch.bfloat16,71680
view_1508,"torch.Size([1, 35, 8, 128])",torch.bfloat16,71680
transpose_349,"torch.Size([1, 8, 35, 128])",torch.bfloat16,71680
unsqueeze_179,"torch.Size([1, 1, 35, 128])",torch.bfloat16,8960
unsqueeze_180,"torch.Size([1, 1, 35, 128])",torch.bfloat16,8960
mul_468,"torch.Size([1, 64, 35, 128])",torch.bfloat16,573440
slice_791,"torch.Size([1, 64, 35, 64])",torch.bfloat16,286720
slice_792,"torch.Size([1, 64, 35, 64])",torch.bfloat16,286720
neg_74,"torch.Size([1, 64, 35, 64])",torch.bfloat16,286720
cat_77,"torch.Size([1, 64, 35, 128])",torch.bfloat16,573440
mul_469,"torch.Size([1, 64, 35, 128])",torch.bfloat16,573440
add_362,"torch.Size([1, 64, 35, 128])",torch.bfloat16,573440
mul_470,"torch.Size([1, 8, 35, 128])",torch.bfloat16,71680
slice_793,"torch.Size([1, 8, 35, 64])",torch.bfloat16,35840
slice_794,"torch.Size([1, 8, 35, 64])",torch.bfloat16,35840
neg_75,"torch.Size([1, 8, 35, 64])",torch.bfloat16,35840
cat_78,"torch.Size([1, 8, 35, 128])",torch.bfloat16,71680
mul_471,"torch.Size([1, 8, 35, 128])",torch.bfloat16,71680
add_363,"torch.Size([1, 8, 35, 128])",torch.bfloat16,71680
slice_795,"torch.Size([1, 8, 35, 128])",torch.bfloat16,71680
slice_796,"torch.Size([1, 8, 35, 128])",torch.bfloat16,71680
unsqueeze_181,"torch.Size([1, 8, 1, 35, 128])",torch.bfloat16,71680
slice_797,"torch.Size([1, 8, 1, 35, 128])",torch.bfloat16,71680
slice_798,"torch.Size([1, 8, 1, 35, 128])",torch.bfloat16,71680
expand_101,"torch.Size([1, 8, 8, 35, 128])",torch.bfloat16,573440
clone_94,"torch.Size([1, 8, 8, 35, 128])",torch.bfloat16,573440
_unsafe_view_92,"torch.Size([1, 64, 35, 128])",torch.bfloat16,573440
slice_799,"torch.Size([1, 8, 35, 128])",torch.bfloat16,71680
slice_800,"torch.Size([1, 8, 35, 128])",torch.bfloat16,71680
unsqueeze_182,"torch.Size([1, 8, 1, 35, 128])",torch.bfloat16,71680
slice_801,"torch.Size([1, 8, 1, 35, 128])",torch.bfloat16,71680
slice_802,"torch.Size([1, 8, 1, 35, 128])",torch.bfloat16,71680
expand_102,"torch.Size([1, 8, 8, 35, 128])",torch.bfloat16,573440
clone_95,"torch.Size([1, 8, 8, 35, 128])",torch.bfloat16,573440
_unsafe_view_93,"torch.Size([1, 64, 35, 128])",torch.bfloat16,573440
slice_806,"torch.Size([1, 1, 35, 35])",torch.bfloat16,2450
slice_807,"torch.Size([1, 1, 35, 35])",torch.bfloat16,2450
slice_808,"torch.Size([1, 1, 35, 35])",torch.bfloat16,2450
getitem_418,"torch.Size([1, 64, 35, 128])",torch.bfloat16,573440
transpose_350,"torch.Size([1, 35, 64, 128])",torch.bfloat16,573440
view_1509,"torch.Size([1, 35, 8192])",torch.bfloat16,573440
t_566,"torch.Size([8192, 8192])",torch.bfloat16,134217728
view_1510,"torch.Size([35, 8192])",torch.bfloat16,573440
mm_485,"torch.Size([35, 8192])",torch.bfloat16,573440
view_1511,"torch.Size([1, 35, 8192])",torch.bfloat16,573440
add_364,"torch.Size([1, 35, 8192])",torch.bfloat16,573440
_to_copy_230,"torch.Size([1, 35, 8192])",torch.float32,1146880
pow_112,"torch.Size([1, 35, 8192])",torch.float32,1146880
mean_111,"torch.Size([1, 35, 1])",torch.float32,140
add_365,"torch.Size([1, 35, 1])",torch.float32,140
rsqrt_111,"torch.Size([1, 35, 1])",torch.float32,140
mul_472,"torch.Size([1, 35, 8192])",torch.float32,1146880
_to_copy_231,"torch.Size([1, 35, 8192])",torch.bfloat16,573440
mul_473,"torch.Size([1, 35, 8192])",torch.bfloat16,573440
t_567,"torch.Size([8192, 28672])",torch.bfloat16,469762048
view_1512,"torch.Size([35, 8192])",torch.bfloat16,573440
mm_486,"torch.Size([35, 28672])",torch.bfloat16,2007040
view_1513,"torch.Size([1, 35, 28672])",torch.bfloat16,2007040
silu_46,"torch.Size([1, 35, 28672])",torch.bfloat16,2007040
t_568,"torch.Size([8192, 28672])",torch.bfloat16,469762048
view_1514,"torch.Size([35, 8192])",torch.bfloat16,573440
mm_487,"torch.Size([35, 28672])",torch.bfloat16,2007040
view_1515,"torch.Size([1, 35, 28672])",torch.bfloat16,2007040
mul_474,"torch.Size([1, 35, 28672])",torch.bfloat16,2007040
t_569,"torch.Size([28672, 8192])",torch.bfloat16,469762048
view_1516,"torch.Size([35, 28672])",torch.bfloat16,2007040
mm_488,"torch.Size([35, 8192])",torch.bfloat16,573440
view_1517,"torch.Size([1, 35, 8192])",torch.bfloat16,573440
add_366,"torch.Size([1, 35, 8192])",torch.bfloat16,573440
_to_copy_232,"torch.Size([1, 35, 8192])",torch.float32,1146880
pow_113,"torch.Size([1, 35, 8192])",torch.float32,1146880
mean_112,"torch.Size([1, 35, 1])",torch.float32,140
add_367,"torch.Size([1, 35, 1])",torch.float32,140
rsqrt_112,"torch.Size([1, 35, 1])",torch.float32,140
mul_475,"torch.Size([1, 35, 8192])",torch.float32,1146880
_to_copy_233,"torch.Size([1, 35, 8192])",torch.bfloat16,573440
mul_476,"torch.Size([1, 35, 8192])",torch.bfloat16,573440
t_570,"torch.Size([8192, 8192])",torch.bfloat16,134217728
view_1518,"torch.Size([35, 8192])",torch.bfloat16,573440
mm_489,"torch.Size([35, 8192])",torch.bfloat16,573440
view_1519,"torch.Size([1, 35, 8192])",torch.bfloat16,573440
t_571,"torch.Size([8192, 1024])",torch.bfloat16,16777216
view_1520,"torch.Size([35, 8192])",torch.bfloat16,573440
mm_490,"torch.Size([35, 1024])",torch.bfloat16,71680
view_1521,"torch.Size([1, 35, 1024])",torch.bfloat16,71680
t_572,"torch.Size([8192, 1024])",torch.bfloat16,16777216
view_1522,"torch.Size([35, 8192])",torch.bfloat16,573440
mm_491,"torch.Size([35, 1024])",torch.bfloat16,71680
view_1523,"torch.Size([1, 35, 1024])",torch.bfloat16,71680
view_1524,"torch.Size([1, 35, 64, 128])",torch.bfloat16,573440
transpose_351,"torch.Size([1, 64, 35, 128])",torch.bfloat16,573440
view_1525,"torch.Size([1, 35, 8, 128])",torch.bfloat16,71680
transpose_352,"torch.Size([1, 8, 35, 128])",torch.bfloat16,71680
view_1526,"torch.Size([1, 35, 8, 128])",torch.bfloat16,71680
transpose_353,"torch.Size([1, 8, 35, 128])",torch.bfloat16,71680
unsqueeze_183,"torch.Size([1, 1, 35, 128])",torch.bfloat16,8960
unsqueeze_184,"torch.Size([1, 1, 35, 128])",torch.bfloat16,8960
mul_477,"torch.Size([1, 64, 35, 128])",torch.bfloat16,573440
slice_809,"torch.Size([1, 64, 35, 64])",torch.bfloat16,286720
slice_810,"torch.Size([1, 64, 35, 64])",torch.bfloat16,286720
neg_76,"torch.Size([1, 64, 35, 64])",torch.bfloat16,286720
cat_79,"torch.Size([1, 64, 35, 128])",torch.bfloat16,573440
mul_478,"torch.Size([1, 64, 35, 128])",torch.bfloat16,573440
add_368,"torch.Size([1, 64, 35, 128])",torch.bfloat16,573440
mul_479,"torch.Size([1, 8, 35, 128])",torch.bfloat16,71680
slice_811,"torch.Size([1, 8, 35, 64])",torch.bfloat16,35840
slice_812,"torch.Size([1, 8, 35, 64])",torch.bfloat16,35840
neg_77,"torch.Size([1, 8, 35, 64])",torch.bfloat16,35840
cat_80,"torch.Size([1, 8, 35, 128])",torch.bfloat16,71680
mul_480,"torch.Size([1, 8, 35, 128])",torch.bfloat16,71680
add_369,"torch.Size([1, 8, 35, 128])",torch.bfloat16,71680
slice_813,"torch.Size([1, 8, 35, 128])",torch.bfloat16,71680
slice_814,"torch.Size([1, 8, 35, 128])",torch.bfloat16,71680
unsqueeze_185,"torch.Size([1, 8, 1, 35, 128])",torch.bfloat16,71680
slice_815,"torch.Size([1, 8, 1, 35, 128])",torch.bfloat16,71680
slice_816,"torch.Size([1, 8, 1, 35, 128])",torch.bfloat16,71680
expand_103,"torch.Size([1, 8, 8, 35, 128])",torch.bfloat16,573440
clone_96,"torch.Size([1, 8, 8, 35, 128])",torch.bfloat16,573440
_unsafe_view_94,"torch.Size([1, 64, 35, 128])",torch.bfloat16,573440
slice_817,"torch.Size([1, 8, 35, 128])",torch.bfloat16,71680
slice_818,"torch.Size([1, 8, 35, 128])",torch.bfloat16,71680
unsqueeze_186,"torch.Size([1, 8, 1, 35, 128])",torch.bfloat16,71680
slice_819,"torch.Size([1, 8, 1, 35, 128])",torch.bfloat16,71680
slice_820,"torch.Size([1, 8, 1, 35, 128])",torch.bfloat16,71680
expand_104,"torch.Size([1, 8, 8, 35, 128])",torch.bfloat16,573440
clone_97,"torch.Size([1, 8, 8, 35, 128])",torch.bfloat16,573440
_unsafe_view_95,"torch.Size([1, 64, 35, 128])",torch.bfloat16,573440
slice_824,"torch.Size([1, 1, 35, 35])",torch.bfloat16,2450
slice_825,"torch.Size([1, 1, 35, 35])",torch.bfloat16,2450
slice_826,"torch.Size([1, 1, 35, 35])",torch.bfloat16,2450
getitem_420,"torch.Size([1, 64, 35, 128])",torch.bfloat16,573440
transpose_354,"torch.Size([1, 35, 64, 128])",torch.bfloat16,573440
view_1527,"torch.Size([1, 35, 8192])",torch.bfloat16,573440
t_573,"torch.Size([8192, 8192])",torch.bfloat16,134217728
view_1528,"torch.Size([35, 8192])",torch.bfloat16,573440
mm_492,"torch.Size([35, 8192])",torch.bfloat16,573440
view_1529,"torch.Size([1, 35, 8192])",torch.bfloat16,573440
add_370,"torch.Size([1, 35, 8192])",torch.bfloat16,573440
_to_copy_234,"torch.Size([1, 35, 8192])",torch.float32,1146880
pow_114,"torch.Size([1, 35, 8192])",torch.float32,1146880
mean_113,"torch.Size([1, 35, 1])",torch.float32,140
add_371,"torch.Size([1, 35, 1])",torch.float32,140
rsqrt_113,"torch.Size([1, 35, 1])",torch.float32,140
mul_481,"torch.Size([1, 35, 8192])",torch.float32,1146880
_to_copy_235,"torch.Size([1, 35, 8192])",torch.bfloat16,573440
mul_482,"torch.Size([1, 35, 8192])",torch.bfloat16,573440
t_574,"torch.Size([8192, 28672])",torch.bfloat16,469762048
view_1530,"torch.Size([35, 8192])",torch.bfloat16,573440
mm_493,"torch.Size([35, 28672])",torch.bfloat16,2007040
view_1531,"torch.Size([1, 35, 28672])",torch.bfloat16,2007040
silu_47,"torch.Size([1, 35, 28672])",torch.bfloat16,2007040
t_575,"torch.Size([8192, 28672])",torch.bfloat16,469762048
view_1532,"torch.Size([35, 8192])",torch.bfloat16,573440
mm_494,"torch.Size([35, 28672])",torch.bfloat16,2007040
view_1533,"torch.Size([1, 35, 28672])",torch.bfloat16,2007040
mul_483,"torch.Size([1, 35, 28672])",torch.bfloat16,2007040
t_576,"torch.Size([28672, 8192])",torch.bfloat16,469762048
view_1534,"torch.Size([35, 28672])",torch.bfloat16,2007040
mm_495,"torch.Size([35, 8192])",torch.bfloat16,573440
view_1535,"torch.Size([1, 35, 8192])",torch.bfloat16,573440
add_372,"torch.Size([1, 35, 8192])",torch.bfloat16,573440
_to_copy_236,"torch.Size([1, 35, 8192])",torch.float32,1146880
pow_115,"torch.Size([1, 35, 8192])",torch.float32,1146880
mean_114,"torch.Size([1, 35, 1])",torch.float32,140
add_373,"torch.Size([1, 35, 1])",torch.float32,140
rsqrt_114,"torch.Size([1, 35, 1])",torch.float32,140
mul_484,"torch.Size([1, 35, 8192])",torch.float32,1146880
_to_copy_237,"torch.Size([1, 35, 8192])",torch.bfloat16,573440
mul_485,"torch.Size([1, 35, 8192])",torch.bfloat16,573440
t_577,"torch.Size([8192, 8192])",torch.bfloat16,134217728
view_1536,"torch.Size([35, 8192])",torch.bfloat16,573440
mm_496,"torch.Size([35, 8192])",torch.bfloat16,573440
view_1537,"torch.Size([1, 35, 8192])",torch.bfloat16,573440
view_1538,"torch.Size([1, 35, 64, 128])",torch.bfloat16,573440
transpose_355,"torch.Size([1, 64, 35, 128])",torch.bfloat16,573440
_to_copy_238,"torch.Size([1, 64, 35, 128])",torch.float32,1146880
pow_116,"torch.Size([1, 64, 35, 128])",torch.float32,1146880
mean_115,"torch.Size([1, 64, 35, 1])",torch.float32,8960
add_374,"torch.Size([1, 64, 35, 1])",torch.float32,8960
rsqrt_115,"torch.Size([1, 64, 35, 1])",torch.float32,8960
mul_486,"torch.Size([1, 64, 35, 128])",torch.float32,1146880
_to_copy_239,"torch.Size([1, 64, 35, 128])",torch.bfloat16,573440
mul_487,"torch.Size([1, 64, 35, 128])",torch.bfloat16,573440
t_578,"torch.Size([8192, 1024])",torch.bfloat16,16777216
view_1539,"torch.Size([6404, 8192])",torch.bfloat16,104923136
mm_497,"torch.Size([6404, 1024])",torch.bfloat16,13115392
view_1540,"torch.Size([4, 1601, 1024])",torch.bfloat16,13115392
t_579,"torch.Size([8192, 1024])",torch.bfloat16,16777216
view_1541,"torch.Size([6404, 8192])",torch.bfloat16,104923136
mm_498,"torch.Size([6404, 1024])",torch.bfloat16,13115392
view_1542,"torch.Size([4, 1601, 1024])",torch.bfloat16,13115392
view_1543,"torch.Size([1, 6404, 8, 128])",torch.bfloat16,13115392
transpose_356,"torch.Size([1, 8, 6404, 128])",torch.bfloat16,13115392
view_1544,"torch.Size([1, 6404, 8, 128])",torch.bfloat16,13115392
transpose_357,"torch.Size([1, 8, 6404, 128])",torch.bfloat16,13115392
slice_827,"torch.Size([1, 8, 6404, 128])",torch.bfloat16,13115392
slice_828,"torch.Size([1, 8, 6404, 128])",torch.bfloat16,13115392
unsqueeze_187,"torch.Size([1, 8, 1, 6404, 128])",torch.bfloat16,13115392
slice_829,"torch.Size([1, 8, 1, 6404, 128])",torch.bfloat16,13115392
slice_830,"torch.Size([1, 8, 1, 6404, 128])",torch.bfloat16,13115392
expand_105,"torch.Size([1, 8, 8, 6404, 128])",torch.bfloat16,104923136
clone_98,"torch.Size([1, 8, 8, 6404, 128])",torch.bfloat16,104923136
_unsafe_view_96,"torch.Size([1, 64, 6404, 128])",torch.bfloat16,104923136
slice_831,"torch.Size([1, 8, 6404, 128])",torch.bfloat16,13115392
slice_832,"torch.Size([1, 8, 6404, 128])",torch.bfloat16,13115392
unsqueeze_188,"torch.Size([1, 8, 1, 6404, 128])",torch.bfloat16,13115392
slice_833,"torch.Size([1, 8, 1, 6404, 128])",torch.bfloat16,13115392
slice_834,"torch.Size([1, 8, 1, 6404, 128])",torch.bfloat16,13115392
expand_106,"torch.Size([1, 8, 8, 6404, 128])",torch.bfloat16,104923136
clone_99,"torch.Size([1, 8, 8, 6404, 128])",torch.bfloat16,104923136
_unsafe_view_97,"torch.Size([1, 64, 6404, 128])",torch.bfloat16,104923136
_to_copy_240,"torch.Size([1, 64, 6404, 128])",torch.float32,209846272
pow_117,"torch.Size([1, 64, 6404, 128])",torch.float32,209846272
mean_116,"torch.Size([1, 64, 6404, 1])",torch.float32,1639424
add_375,"torch.Size([1, 64, 6404, 1])",torch.float32,1639424
rsqrt_116,"torch.Size([1, 64, 6404, 1])",torch.float32,1639424
mul_488,"torch.Size([1, 64, 6404, 128])",torch.float32,209846272
_to_copy_241,"torch.Size([1, 64, 6404, 128])",torch.bfloat16,104923136
mul_489,"torch.Size([1, 64, 6404, 128])",torch.bfloat16,104923136
getitem_422,"torch.Size([1, 64, 35, 128])",torch.bfloat16,573440
transpose_358,"torch.Size([1, 35, 64, 128])",torch.bfloat16,573440
view_1545,"torch.Size([1, 35, 8192])",torch.bfloat16,573440
t_580,"torch.Size([8192, 8192])",torch.bfloat16,134217728
view_1546,"torch.Size([35, 8192])",torch.bfloat16,573440
mm_499,"torch.Size([35, 8192])",torch.bfloat16,573440
view_1547,"torch.Size([1, 35, 8192])",torch.bfloat16,573440
tanh_38,torch.Size([1]),torch.bfloat16,2
mul_490,"torch.Size([1, 35, 8192])",torch.bfloat16,573440
add_376,"torch.Size([1, 35, 8192])",torch.bfloat16,573440
_to_copy_242,"torch.Size([1, 35, 8192])",torch.float32,1146880
pow_118,"torch.Size([1, 35, 8192])",torch.float32,1146880
mean_117,"torch.Size([1, 35, 1])",torch.float32,140
add_377,"torch.Size([1, 35, 1])",torch.float32,140
rsqrt_117,"torch.Size([1, 35, 1])",torch.float32,140
mul_491,"torch.Size([1, 35, 8192])",torch.float32,1146880
_to_copy_243,"torch.Size([1, 35, 8192])",torch.bfloat16,573440
mul_492,"torch.Size([1, 35, 8192])",torch.bfloat16,573440
t_581,"torch.Size([8192, 28672])",torch.bfloat16,469762048
view_1548,"torch.Size([35, 8192])",torch.bfloat16,573440
mm_500,"torch.Size([35, 28672])",torch.bfloat16,2007040
view_1549,"torch.Size([1, 35, 28672])",torch.bfloat16,2007040
silu_48,"torch.Size([1, 35, 28672])",torch.bfloat16,2007040
t_582,"torch.Size([8192, 28672])",torch.bfloat16,469762048
view_1550,"torch.Size([35, 8192])",torch.bfloat16,573440
mm_501,"torch.Size([35, 28672])",torch.bfloat16,2007040
view_1551,"torch.Size([1, 35, 28672])",torch.bfloat16,2007040
mul_493,"torch.Size([1, 35, 28672])",torch.bfloat16,2007040
t_583,"torch.Size([28672, 8192])",torch.bfloat16,469762048
view_1552,"torch.Size([35, 28672])",torch.bfloat16,2007040
mm_502,"torch.Size([35, 8192])",torch.bfloat16,573440
view_1553,"torch.Size([1, 35, 8192])",torch.bfloat16,573440
slice_835,"torch.Size([1, 1, 35, 1])",torch.bfloat16,70
select_9,"torch.Size([1, 35, 1])",torch.bfloat16,70
mul_494,"torch.Size([1, 35, 8192])",torch.bfloat16,573440
tanh_39,torch.Size([1]),torch.bfloat16,2
mul_495,"torch.Size([1, 35, 8192])",torch.bfloat16,573440
add_378,"torch.Size([1, 35, 8192])",torch.bfloat16,573440
_to_copy_244,"torch.Size([1, 35, 8192])",torch.float32,1146880
pow_119,"torch.Size([1, 35, 8192])",torch.float32,1146880
mean_118,"torch.Size([1, 35, 1])",torch.float32,140
add_379,"torch.Size([1, 35, 1])",torch.float32,140
rsqrt_118,"torch.Size([1, 35, 1])",torch.float32,140
mul_496,"torch.Size([1, 35, 8192])",torch.float32,1146880
_to_copy_245,"torch.Size([1, 35, 8192])",torch.bfloat16,573440
mul_497,"torch.Size([1, 35, 8192])",torch.bfloat16,573440
t_584,"torch.Size([8192, 8192])",torch.bfloat16,134217728
view_1554,"torch.Size([35, 8192])",torch.bfloat16,573440
mm_503,"torch.Size([35, 8192])",torch.bfloat16,573440
view_1555,"torch.Size([1, 35, 8192])",torch.bfloat16,573440
t_585,"torch.Size([8192, 1024])",torch.bfloat16,16777216
view_1556,"torch.Size([35, 8192])",torch.bfloat16,573440
mm_504,"torch.Size([35, 1024])",torch.bfloat16,71680
view_1557,"torch.Size([1, 35, 1024])",torch.bfloat16,71680
t_586,"torch.Size([8192, 1024])",torch.bfloat16,16777216
view_1558,"torch.Size([35, 8192])",torch.bfloat16,573440
mm_505,"torch.Size([35, 1024])",torch.bfloat16,71680
view_1559,"torch.Size([1, 35, 1024])",torch.bfloat16,71680
view_1560,"torch.Size([1, 35, 64, 128])",torch.bfloat16,573440
transpose_359,"torch.Size([1, 64, 35, 128])",torch.bfloat16,573440
view_1561,"torch.Size([1, 35, 8, 128])",torch.bfloat16,71680
transpose_360,"torch.Size([1, 8, 35, 128])",torch.bfloat16,71680
view_1562,"torch.Size([1, 35, 8, 128])",torch.bfloat16,71680
transpose_361,"torch.Size([1, 8, 35, 128])",torch.bfloat16,71680
unsqueeze_189,"torch.Size([1, 1, 35, 128])",torch.bfloat16,8960
unsqueeze_190,"torch.Size([1, 1, 35, 128])",torch.bfloat16,8960
mul_498,"torch.Size([1, 64, 35, 128])",torch.bfloat16,573440
slice_836,"torch.Size([1, 64, 35, 64])",torch.bfloat16,286720
slice_837,"torch.Size([1, 64, 35, 64])",torch.bfloat16,286720
neg_78,"torch.Size([1, 64, 35, 64])",torch.bfloat16,286720
cat_81,"torch.Size([1, 64, 35, 128])",torch.bfloat16,573440
mul_499,"torch.Size([1, 64, 35, 128])",torch.bfloat16,573440
add_380,"torch.Size([1, 64, 35, 128])",torch.bfloat16,573440
mul_500,"torch.Size([1, 8, 35, 128])",torch.bfloat16,71680
slice_838,"torch.Size([1, 8, 35, 64])",torch.bfloat16,35840
slice_839,"torch.Size([1, 8, 35, 64])",torch.bfloat16,35840
neg_79,"torch.Size([1, 8, 35, 64])",torch.bfloat16,35840
cat_82,"torch.Size([1, 8, 35, 128])",torch.bfloat16,71680
mul_501,"torch.Size([1, 8, 35, 128])",torch.bfloat16,71680
add_381,"torch.Size([1, 8, 35, 128])",torch.bfloat16,71680
slice_840,"torch.Size([1, 8, 35, 128])",torch.bfloat16,71680
slice_841,"torch.Size([1, 8, 35, 128])",torch.bfloat16,71680
unsqueeze_191,"torch.Size([1, 8, 1, 35, 128])",torch.bfloat16,71680
slice_842,"torch.Size([1, 8, 1, 35, 128])",torch.bfloat16,71680
slice_843,"torch.Size([1, 8, 1, 35, 128])",torch.bfloat16,71680
expand_107,"torch.Size([1, 8, 8, 35, 128])",torch.bfloat16,573440
clone_100,"torch.Size([1, 8, 8, 35, 128])",torch.bfloat16,573440
_unsafe_view_98,"torch.Size([1, 64, 35, 128])",torch.bfloat16,573440
slice_844,"torch.Size([1, 8, 35, 128])",torch.bfloat16,71680
slice_845,"torch.Size([1, 8, 35, 128])",torch.bfloat16,71680
unsqueeze_192,"torch.Size([1, 8, 1, 35, 128])",torch.bfloat16,71680
slice_846,"torch.Size([1, 8, 1, 35, 128])",torch.bfloat16,71680
slice_847,"torch.Size([1, 8, 1, 35, 128])",torch.bfloat16,71680
expand_108,"torch.Size([1, 8, 8, 35, 128])",torch.bfloat16,573440
clone_101,"torch.Size([1, 8, 8, 35, 128])",torch.bfloat16,573440
_unsafe_view_99,"torch.Size([1, 64, 35, 128])",torch.bfloat16,573440
slice_851,"torch.Size([1, 1, 35, 35])",torch.bfloat16,2450
slice_852,"torch.Size([1, 1, 35, 35])",torch.bfloat16,2450
slice_853,"torch.Size([1, 1, 35, 35])",torch.bfloat16,2450
getitem_424,"torch.Size([1, 64, 35, 128])",torch.bfloat16,573440
transpose_362,"torch.Size([1, 35, 64, 128])",torch.bfloat16,573440
view_1563,"torch.Size([1, 35, 8192])",torch.bfloat16,573440
t_587,"torch.Size([8192, 8192])",torch.bfloat16,134217728
view_1564,"torch.Size([35, 8192])",torch.bfloat16,573440
mm_506,"torch.Size([35, 8192])",torch.bfloat16,573440
view_1565,"torch.Size([1, 35, 8192])",torch.bfloat16,573440
add_382,"torch.Size([1, 35, 8192])",torch.bfloat16,573440
_to_copy_246,"torch.Size([1, 35, 8192])",torch.float32,1146880
pow_120,"torch.Size([1, 35, 8192])",torch.float32,1146880
mean_119,"torch.Size([1, 35, 1])",torch.float32,140
add_383,"torch.Size([1, 35, 1])",torch.float32,140
rsqrt_119,"torch.Size([1, 35, 1])",torch.float32,140
mul_502,"torch.Size([1, 35, 8192])",torch.float32,1146880
_to_copy_247,"torch.Size([1, 35, 8192])",torch.bfloat16,573440
mul_503,"torch.Size([1, 35, 8192])",torch.bfloat16,573440
t_588,"torch.Size([8192, 28672])",torch.bfloat16,469762048
view_1566,"torch.Size([35, 8192])",torch.bfloat16,573440
mm_507,"torch.Size([35, 28672])",torch.bfloat16,2007040
view_1567,"torch.Size([1, 35, 28672])",torch.bfloat16,2007040
silu_49,"torch.Size([1, 35, 28672])",torch.bfloat16,2007040
t_589,"torch.Size([8192, 28672])",torch.bfloat16,469762048
view_1568,"torch.Size([35, 8192])",torch.bfloat16,573440
mm_508,"torch.Size([35, 28672])",torch.bfloat16,2007040
view_1569,"torch.Size([1, 35, 28672])",torch.bfloat16,2007040
mul_504,"torch.Size([1, 35, 28672])",torch.bfloat16,2007040
t_590,"torch.Size([28672, 8192])",torch.bfloat16,469762048
view_1570,"torch.Size([35, 28672])",torch.bfloat16,2007040
mm_509,"torch.Size([35, 8192])",torch.bfloat16,573440
view_1571,"torch.Size([1, 35, 8192])",torch.bfloat16,573440
add_384,"torch.Size([1, 35, 8192])",torch.bfloat16,573440
_to_copy_248,"torch.Size([1, 35, 8192])",torch.float32,1146880
pow_121,"torch.Size([1, 35, 8192])",torch.float32,1146880
mean_120,"torch.Size([1, 35, 1])",torch.float32,140
add_385,"torch.Size([1, 35, 1])",torch.float32,140
rsqrt_120,"torch.Size([1, 35, 1])",torch.float32,140
mul_505,"torch.Size([1, 35, 8192])",torch.float32,1146880
_to_copy_249,"torch.Size([1, 35, 8192])",torch.bfloat16,573440
mul_506,"torch.Size([1, 35, 8192])",torch.bfloat16,573440
t_591,"torch.Size([8192, 8192])",torch.bfloat16,134217728
view_1572,"torch.Size([35, 8192])",torch.bfloat16,573440
mm_510,"torch.Size([35, 8192])",torch.bfloat16,573440
view_1573,"torch.Size([1, 35, 8192])",torch.bfloat16,573440
t_592,"torch.Size([8192, 1024])",torch.bfloat16,16777216
view_1574,"torch.Size([35, 8192])",torch.bfloat16,573440
mm_511,"torch.Size([35, 1024])",torch.bfloat16,71680
view_1575,"torch.Size([1, 35, 1024])",torch.bfloat16,71680
t_593,"torch.Size([8192, 1024])",torch.bfloat16,16777216
view_1576,"torch.Size([35, 8192])",torch.bfloat16,573440
mm_512,"torch.Size([35, 1024])",torch.bfloat16,71680
view_1577,"torch.Size([1, 35, 1024])",torch.bfloat16,71680
view_1578,"torch.Size([1, 35, 64, 128])",torch.bfloat16,573440
transpose_363,"torch.Size([1, 64, 35, 128])",torch.bfloat16,573440
view_1579,"torch.Size([1, 35, 8, 128])",torch.bfloat16,71680
transpose_364,"torch.Size([1, 8, 35, 128])",torch.bfloat16,71680
view_1580,"torch.Size([1, 35, 8, 128])",torch.bfloat16,71680
transpose_365,"torch.Size([1, 8, 35, 128])",torch.bfloat16,71680
unsqueeze_193,"torch.Size([1, 1, 35, 128])",torch.bfloat16,8960
unsqueeze_194,"torch.Size([1, 1, 35, 128])",torch.bfloat16,8960
mul_507,"torch.Size([1, 64, 35, 128])",torch.bfloat16,573440
slice_854,"torch.Size([1, 64, 35, 64])",torch.bfloat16,286720
slice_855,"torch.Size([1, 64, 35, 64])",torch.bfloat16,286720
neg_80,"torch.Size([1, 64, 35, 64])",torch.bfloat16,286720
cat_83,"torch.Size([1, 64, 35, 128])",torch.bfloat16,573440
mul_508,"torch.Size([1, 64, 35, 128])",torch.bfloat16,573440
add_386,"torch.Size([1, 64, 35, 128])",torch.bfloat16,573440
mul_509,"torch.Size([1, 8, 35, 128])",torch.bfloat16,71680
slice_856,"torch.Size([1, 8, 35, 64])",torch.bfloat16,35840
slice_857,"torch.Size([1, 8, 35, 64])",torch.bfloat16,35840
neg_81,"torch.Size([1, 8, 35, 64])",torch.bfloat16,35840
cat_84,"torch.Size([1, 8, 35, 128])",torch.bfloat16,71680
mul_510,"torch.Size([1, 8, 35, 128])",torch.bfloat16,71680
add_387,"torch.Size([1, 8, 35, 128])",torch.bfloat16,71680
slice_858,"torch.Size([1, 8, 35, 128])",torch.bfloat16,71680
slice_859,"torch.Size([1, 8, 35, 128])",torch.bfloat16,71680
unsqueeze_195,"torch.Size([1, 8, 1, 35, 128])",torch.bfloat16,71680
slice_860,"torch.Size([1, 8, 1, 35, 128])",torch.bfloat16,71680
slice_861,"torch.Size([1, 8, 1, 35, 128])",torch.bfloat16,71680
expand_109,"torch.Size([1, 8, 8, 35, 128])",torch.bfloat16,573440
clone_102,"torch.Size([1, 8, 8, 35, 128])",torch.bfloat16,573440
_unsafe_view_100,"torch.Size([1, 64, 35, 128])",torch.bfloat16,573440
slice_862,"torch.Size([1, 8, 35, 128])",torch.bfloat16,71680
slice_863,"torch.Size([1, 8, 35, 128])",torch.bfloat16,71680
unsqueeze_196,"torch.Size([1, 8, 1, 35, 128])",torch.bfloat16,71680
slice_864,"torch.Size([1, 8, 1, 35, 128])",torch.bfloat16,71680
slice_865,"torch.Size([1, 8, 1, 35, 128])",torch.bfloat16,71680
expand_110,"torch.Size([1, 8, 8, 35, 128])",torch.bfloat16,573440
clone_103,"torch.Size([1, 8, 8, 35, 128])",torch.bfloat16,573440
_unsafe_view_101,"torch.Size([1, 64, 35, 128])",torch.bfloat16,573440
slice_869,"torch.Size([1, 1, 35, 35])",torch.bfloat16,2450
slice_870,"torch.Size([1, 1, 35, 35])",torch.bfloat16,2450
slice_871,"torch.Size([1, 1, 35, 35])",torch.bfloat16,2450
getitem_426,"torch.Size([1, 64, 35, 128])",torch.bfloat16,573440
transpose_366,"torch.Size([1, 35, 64, 128])",torch.bfloat16,573440
view_1581,"torch.Size([1, 35, 8192])",torch.bfloat16,573440
t_594,"torch.Size([8192, 8192])",torch.bfloat16,134217728
view_1582,"torch.Size([35, 8192])",torch.bfloat16,573440
mm_513,"torch.Size([35, 8192])",torch.bfloat16,573440
view_1583,"torch.Size([1, 35, 8192])",torch.bfloat16,573440
add_388,"torch.Size([1, 35, 8192])",torch.bfloat16,573440
_to_copy_250,"torch.Size([1, 35, 8192])",torch.float32,1146880
pow_122,"torch.Size([1, 35, 8192])",torch.float32,1146880
mean_121,"torch.Size([1, 35, 1])",torch.float32,140
add_389,"torch.Size([1, 35, 1])",torch.float32,140
rsqrt_121,"torch.Size([1, 35, 1])",torch.float32,140
mul_511,"torch.Size([1, 35, 8192])",torch.float32,1146880
_to_copy_251,"torch.Size([1, 35, 8192])",torch.bfloat16,573440
mul_512,"torch.Size([1, 35, 8192])",torch.bfloat16,573440
t_595,"torch.Size([8192, 28672])",torch.bfloat16,469762048
view_1584,"torch.Size([35, 8192])",torch.bfloat16,573440
mm_514,"torch.Size([35, 28672])",torch.bfloat16,2007040
view_1585,"torch.Size([1, 35, 28672])",torch.bfloat16,2007040
silu_50,"torch.Size([1, 35, 28672])",torch.bfloat16,2007040
t_596,"torch.Size([8192, 28672])",torch.bfloat16,469762048
view_1586,"torch.Size([35, 8192])",torch.bfloat16,573440
mm_515,"torch.Size([35, 28672])",torch.bfloat16,2007040
view_1587,"torch.Size([1, 35, 28672])",torch.bfloat16,2007040
mul_513,"torch.Size([1, 35, 28672])",torch.bfloat16,2007040
t_597,"torch.Size([28672, 8192])",torch.bfloat16,469762048
view_1588,"torch.Size([35, 28672])",torch.bfloat16,2007040
mm_516,"torch.Size([35, 8192])",torch.bfloat16,573440
view_1589,"torch.Size([1, 35, 8192])",torch.bfloat16,573440
add_390,"torch.Size([1, 35, 8192])",torch.bfloat16,573440
_to_copy_252,"torch.Size([1, 35, 8192])",torch.float32,1146880
pow_123,"torch.Size([1, 35, 8192])",torch.float32,1146880
mean_122,"torch.Size([1, 35, 1])",torch.float32,140
add_391,"torch.Size([1, 35, 1])",torch.float32,140
rsqrt_122,"torch.Size([1, 35, 1])",torch.float32,140
mul_514,"torch.Size([1, 35, 8192])",torch.float32,1146880
_to_copy_253,"torch.Size([1, 35, 8192])",torch.bfloat16,573440
mul_515,"torch.Size([1, 35, 8192])",torch.bfloat16,573440
t_598,"torch.Size([8192, 8192])",torch.bfloat16,134217728
view_1590,"torch.Size([35, 8192])",torch.bfloat16,573440
mm_517,"torch.Size([35, 8192])",torch.bfloat16,573440
view_1591,"torch.Size([1, 35, 8192])",torch.bfloat16,573440
t_599,"torch.Size([8192, 1024])",torch.bfloat16,16777216
view_1592,"torch.Size([35, 8192])",torch.bfloat16,573440
mm_518,"torch.Size([35, 1024])",torch.bfloat16,71680
view_1593,"torch.Size([1, 35, 1024])",torch.bfloat16,71680
t_600,"torch.Size([8192, 1024])",torch.bfloat16,16777216
view_1594,"torch.Size([35, 8192])",torch.bfloat16,573440
mm_519,"torch.Size([35, 1024])",torch.bfloat16,71680
view_1595,"torch.Size([1, 35, 1024])",torch.bfloat16,71680
view_1596,"torch.Size([1, 35, 64, 128])",torch.bfloat16,573440
transpose_367,"torch.Size([1, 64, 35, 128])",torch.bfloat16,573440
view_1597,"torch.Size([1, 35, 8, 128])",torch.bfloat16,71680
transpose_368,"torch.Size([1, 8, 35, 128])",torch.bfloat16,71680
view_1598,"torch.Size([1, 35, 8, 128])",torch.bfloat16,71680
transpose_369,"torch.Size([1, 8, 35, 128])",torch.bfloat16,71680
unsqueeze_197,"torch.Size([1, 1, 35, 128])",torch.bfloat16,8960
unsqueeze_198,"torch.Size([1, 1, 35, 128])",torch.bfloat16,8960
mul_516,"torch.Size([1, 64, 35, 128])",torch.bfloat16,573440
slice_872,"torch.Size([1, 64, 35, 64])",torch.bfloat16,286720
slice_873,"torch.Size([1, 64, 35, 64])",torch.bfloat16,286720
neg_82,"torch.Size([1, 64, 35, 64])",torch.bfloat16,286720
cat_85,"torch.Size([1, 64, 35, 128])",torch.bfloat16,573440
mul_517,"torch.Size([1, 64, 35, 128])",torch.bfloat16,573440
add_392,"torch.Size([1, 64, 35, 128])",torch.bfloat16,573440
mul_518,"torch.Size([1, 8, 35, 128])",torch.bfloat16,71680
slice_874,"torch.Size([1, 8, 35, 64])",torch.bfloat16,35840
slice_875,"torch.Size([1, 8, 35, 64])",torch.bfloat16,35840
neg_83,"torch.Size([1, 8, 35, 64])",torch.bfloat16,35840
cat_86,"torch.Size([1, 8, 35, 128])",torch.bfloat16,71680
mul_519,"torch.Size([1, 8, 35, 128])",torch.bfloat16,71680
add_393,"torch.Size([1, 8, 35, 128])",torch.bfloat16,71680
slice_876,"torch.Size([1, 8, 35, 128])",torch.bfloat16,71680
slice_877,"torch.Size([1, 8, 35, 128])",torch.bfloat16,71680
unsqueeze_199,"torch.Size([1, 8, 1, 35, 128])",torch.bfloat16,71680
slice_878,"torch.Size([1, 8, 1, 35, 128])",torch.bfloat16,71680
slice_879,"torch.Size([1, 8, 1, 35, 128])",torch.bfloat16,71680
expand_111,"torch.Size([1, 8, 8, 35, 128])",torch.bfloat16,573440
clone_104,"torch.Size([1, 8, 8, 35, 128])",torch.bfloat16,573440
_unsafe_view_102,"torch.Size([1, 64, 35, 128])",torch.bfloat16,573440
slice_880,"torch.Size([1, 8, 35, 128])",torch.bfloat16,71680
slice_881,"torch.Size([1, 8, 35, 128])",torch.bfloat16,71680
unsqueeze_200,"torch.Size([1, 8, 1, 35, 128])",torch.bfloat16,71680
slice_882,"torch.Size([1, 8, 1, 35, 128])",torch.bfloat16,71680
slice_883,"torch.Size([1, 8, 1, 35, 128])",torch.bfloat16,71680
expand_112,"torch.Size([1, 8, 8, 35, 128])",torch.bfloat16,573440
clone_105,"torch.Size([1, 8, 8, 35, 128])",torch.bfloat16,573440
_unsafe_view_103,"torch.Size([1, 64, 35, 128])",torch.bfloat16,573440
slice_887,"torch.Size([1, 1, 35, 35])",torch.bfloat16,2450
slice_888,"torch.Size([1, 1, 35, 35])",torch.bfloat16,2450
slice_889,"torch.Size([1, 1, 35, 35])",torch.bfloat16,2450
getitem_428,"torch.Size([1, 64, 35, 128])",torch.bfloat16,573440
transpose_370,"torch.Size([1, 35, 64, 128])",torch.bfloat16,573440
view_1599,"torch.Size([1, 35, 8192])",torch.bfloat16,573440
t_601,"torch.Size([8192, 8192])",torch.bfloat16,134217728
view_1600,"torch.Size([35, 8192])",torch.bfloat16,573440
mm_520,"torch.Size([35, 8192])",torch.bfloat16,573440
view_1601,"torch.Size([1, 35, 8192])",torch.bfloat16,573440
add_394,"torch.Size([1, 35, 8192])",torch.bfloat16,573440
_to_copy_254,"torch.Size([1, 35, 8192])",torch.float32,1146880
pow_124,"torch.Size([1, 35, 8192])",torch.float32,1146880
mean_123,"torch.Size([1, 35, 1])",torch.float32,140
add_395,"torch.Size([1, 35, 1])",torch.float32,140
rsqrt_123,"torch.Size([1, 35, 1])",torch.float32,140
mul_520,"torch.Size([1, 35, 8192])",torch.float32,1146880
_to_copy_255,"torch.Size([1, 35, 8192])",torch.bfloat16,573440
mul_521,"torch.Size([1, 35, 8192])",torch.bfloat16,573440
t_602,"torch.Size([8192, 28672])",torch.bfloat16,469762048
view_1602,"torch.Size([35, 8192])",torch.bfloat16,573440
mm_521,"torch.Size([35, 28672])",torch.bfloat16,2007040
view_1603,"torch.Size([1, 35, 28672])",torch.bfloat16,2007040
silu_51,"torch.Size([1, 35, 28672])",torch.bfloat16,2007040
t_603,"torch.Size([8192, 28672])",torch.bfloat16,469762048
view_1604,"torch.Size([35, 8192])",torch.bfloat16,573440
mm_522,"torch.Size([35, 28672])",torch.bfloat16,2007040
view_1605,"torch.Size([1, 35, 28672])",torch.bfloat16,2007040
mul_522,"torch.Size([1, 35, 28672])",torch.bfloat16,2007040
t_604,"torch.Size([28672, 8192])",torch.bfloat16,469762048
view_1606,"torch.Size([35, 28672])",torch.bfloat16,2007040
mm_523,"torch.Size([35, 8192])",torch.bfloat16,573440
view_1607,"torch.Size([1, 35, 8192])",torch.bfloat16,573440
add_396,"torch.Size([1, 35, 8192])",torch.bfloat16,573440
_to_copy_256,"torch.Size([1, 35, 8192])",torch.float32,1146880
pow_125,"torch.Size([1, 35, 8192])",torch.float32,1146880
mean_124,"torch.Size([1, 35, 1])",torch.float32,140
add_397,"torch.Size([1, 35, 1])",torch.float32,140
rsqrt_124,"torch.Size([1, 35, 1])",torch.float32,140
mul_523,"torch.Size([1, 35, 8192])",torch.float32,1146880
_to_copy_257,"torch.Size([1, 35, 8192])",torch.bfloat16,573440
mul_524,"torch.Size([1, 35, 8192])",torch.bfloat16,573440
t_605,"torch.Size([8192, 8192])",torch.bfloat16,134217728
view_1608,"torch.Size([35, 8192])",torch.bfloat16,573440
mm_524,"torch.Size([35, 8192])",torch.bfloat16,573440
view_1609,"torch.Size([1, 35, 8192])",torch.bfloat16,573440
t_606,"torch.Size([8192, 1024])",torch.bfloat16,16777216
view_1610,"torch.Size([35, 8192])",torch.bfloat16,573440
mm_525,"torch.Size([35, 1024])",torch.bfloat16,71680
view_1611,"torch.Size([1, 35, 1024])",torch.bfloat16,71680
t_607,"torch.Size([8192, 1024])",torch.bfloat16,16777216
view_1612,"torch.Size([35, 8192])",torch.bfloat16,573440
mm_526,"torch.Size([35, 1024])",torch.bfloat16,71680
view_1613,"torch.Size([1, 35, 1024])",torch.bfloat16,71680
view_1614,"torch.Size([1, 35, 64, 128])",torch.bfloat16,573440
transpose_371,"torch.Size([1, 64, 35, 128])",torch.bfloat16,573440
view_1615,"torch.Size([1, 35, 8, 128])",torch.bfloat16,71680
transpose_372,"torch.Size([1, 8, 35, 128])",torch.bfloat16,71680
view_1616,"torch.Size([1, 35, 8, 128])",torch.bfloat16,71680
transpose_373,"torch.Size([1, 8, 35, 128])",torch.bfloat16,71680
unsqueeze_201,"torch.Size([1, 1, 35, 128])",torch.bfloat16,8960
unsqueeze_202,"torch.Size([1, 1, 35, 128])",torch.bfloat16,8960
mul_525,"torch.Size([1, 64, 35, 128])",torch.bfloat16,573440
slice_890,"torch.Size([1, 64, 35, 64])",torch.bfloat16,286720
slice_891,"torch.Size([1, 64, 35, 64])",torch.bfloat16,286720
neg_84,"torch.Size([1, 64, 35, 64])",torch.bfloat16,286720
cat_87,"torch.Size([1, 64, 35, 128])",torch.bfloat16,573440
mul_526,"torch.Size([1, 64, 35, 128])",torch.bfloat16,573440
add_398,"torch.Size([1, 64, 35, 128])",torch.bfloat16,573440
mul_527,"torch.Size([1, 8, 35, 128])",torch.bfloat16,71680
slice_892,"torch.Size([1, 8, 35, 64])",torch.bfloat16,35840
slice_893,"torch.Size([1, 8, 35, 64])",torch.bfloat16,35840
neg_85,"torch.Size([1, 8, 35, 64])",torch.bfloat16,35840
cat_88,"torch.Size([1, 8, 35, 128])",torch.bfloat16,71680
mul_528,"torch.Size([1, 8, 35, 128])",torch.bfloat16,71680
add_399,"torch.Size([1, 8, 35, 128])",torch.bfloat16,71680
slice_894,"torch.Size([1, 8, 35, 128])",torch.bfloat16,71680
slice_895,"torch.Size([1, 8, 35, 128])",torch.bfloat16,71680
unsqueeze_203,"torch.Size([1, 8, 1, 35, 128])",torch.bfloat16,71680
slice_896,"torch.Size([1, 8, 1, 35, 128])",torch.bfloat16,71680
slice_897,"torch.Size([1, 8, 1, 35, 128])",torch.bfloat16,71680
expand_113,"torch.Size([1, 8, 8, 35, 128])",torch.bfloat16,573440
clone_106,"torch.Size([1, 8, 8, 35, 128])",torch.bfloat16,573440
_unsafe_view_104,"torch.Size([1, 64, 35, 128])",torch.bfloat16,573440
slice_898,"torch.Size([1, 8, 35, 128])",torch.bfloat16,71680
slice_899,"torch.Size([1, 8, 35, 128])",torch.bfloat16,71680
unsqueeze_204,"torch.Size([1, 8, 1, 35, 128])",torch.bfloat16,71680
slice_900,"torch.Size([1, 8, 1, 35, 128])",torch.bfloat16,71680
slice_901,"torch.Size([1, 8, 1, 35, 128])",torch.bfloat16,71680
expand_114,"torch.Size([1, 8, 8, 35, 128])",torch.bfloat16,573440
clone_107,"torch.Size([1, 8, 8, 35, 128])",torch.bfloat16,573440
_unsafe_view_105,"torch.Size([1, 64, 35, 128])",torch.bfloat16,573440
slice_905,"torch.Size([1, 1, 35, 35])",torch.bfloat16,2450
slice_906,"torch.Size([1, 1, 35, 35])",torch.bfloat16,2450
slice_907,"torch.Size([1, 1, 35, 35])",torch.bfloat16,2450
getitem_430,"torch.Size([1, 64, 35, 128])",torch.bfloat16,573440
transpose_374,"torch.Size([1, 35, 64, 128])",torch.bfloat16,573440
view_1617,"torch.Size([1, 35, 8192])",torch.bfloat16,573440
t_608,"torch.Size([8192, 8192])",torch.bfloat16,134217728
view_1618,"torch.Size([35, 8192])",torch.bfloat16,573440
mm_527,"torch.Size([35, 8192])",torch.bfloat16,573440
view_1619,"torch.Size([1, 35, 8192])",torch.bfloat16,573440
add_400,"torch.Size([1, 35, 8192])",torch.bfloat16,573440
_to_copy_258,"torch.Size([1, 35, 8192])",torch.float32,1146880
pow_126,"torch.Size([1, 35, 8192])",torch.float32,1146880
mean_125,"torch.Size([1, 35, 1])",torch.float32,140
add_401,"torch.Size([1, 35, 1])",torch.float32,140
rsqrt_125,"torch.Size([1, 35, 1])",torch.float32,140
mul_529,"torch.Size([1, 35, 8192])",torch.float32,1146880
_to_copy_259,"torch.Size([1, 35, 8192])",torch.bfloat16,573440
mul_530,"torch.Size([1, 35, 8192])",torch.bfloat16,573440
t_609,"torch.Size([8192, 28672])",torch.bfloat16,469762048
view_1620,"torch.Size([35, 8192])",torch.bfloat16,573440
mm_528,"torch.Size([35, 28672])",torch.bfloat16,2007040
view_1621,"torch.Size([1, 35, 28672])",torch.bfloat16,2007040
silu_52,"torch.Size([1, 35, 28672])",torch.bfloat16,2007040
t_610,"torch.Size([8192, 28672])",torch.bfloat16,469762048
view_1622,"torch.Size([35, 8192])",torch.bfloat16,573440
mm_529,"torch.Size([35, 28672])",torch.bfloat16,2007040
view_1623,"torch.Size([1, 35, 28672])",torch.bfloat16,2007040
mul_531,"torch.Size([1, 35, 28672])",torch.bfloat16,2007040
t_611,"torch.Size([28672, 8192])",torch.bfloat16,469762048
view_1624,"torch.Size([35, 28672])",torch.bfloat16,2007040
mm_530,"torch.Size([35, 8192])",torch.bfloat16,573440
view_1625,"torch.Size([1, 35, 8192])",torch.bfloat16,573440
add_402,"torch.Size([1, 35, 8192])",torch.bfloat16,573440
_to_copy_260,"torch.Size([1, 35, 8192])",torch.float32,1146880
pow_127,"torch.Size([1, 35, 8192])",torch.float32,1146880
mean_126,"torch.Size([1, 35, 1])",torch.float32,140
add_403,"torch.Size([1, 35, 1])",torch.float32,140
rsqrt_126,"torch.Size([1, 35, 1])",torch.float32,140
mul_532,"torch.Size([1, 35, 8192])",torch.float32,1146880
_to_copy_261,"torch.Size([1, 35, 8192])",torch.bfloat16,573440
mul_533,"torch.Size([1, 35, 8192])",torch.bfloat16,573440
t_612,"torch.Size([8192, 8192])",torch.bfloat16,134217728
view_1626,"torch.Size([35, 8192])",torch.bfloat16,573440
mm_531,"torch.Size([35, 8192])",torch.bfloat16,573440
view_1627,"torch.Size([1, 35, 8192])",torch.bfloat16,573440
view_1628,"torch.Size([1, 35, 64, 128])",torch.bfloat16,573440
transpose_375,"torch.Size([1, 64, 35, 128])",torch.bfloat16,573440
_to_copy_262,"torch.Size([1, 64, 35, 128])",torch.float32,1146880
pow_128,"torch.Size([1, 64, 35, 128])",torch.float32,1146880
mean_127,"torch.Size([1, 64, 35, 1])",torch.float32,8960
add_404,"torch.Size([1, 64, 35, 1])",torch.float32,8960
rsqrt_127,"torch.Size([1, 64, 35, 1])",torch.float32,8960
mul_534,"torch.Size([1, 64, 35, 128])",torch.float32,1146880
_to_copy_263,"torch.Size([1, 64, 35, 128])",torch.bfloat16,573440
mul_535,"torch.Size([1, 64, 35, 128])",torch.bfloat16,573440
t_613,"torch.Size([8192, 1024])",torch.bfloat16,16777216
view_1629,"torch.Size([6404, 8192])",torch.bfloat16,104923136
mm_532,"torch.Size([6404, 1024])",torch.bfloat16,13115392
view_1630,"torch.Size([4, 1601, 1024])",torch.bfloat16,13115392
t_614,"torch.Size([8192, 1024])",torch.bfloat16,16777216
view_1631,"torch.Size([6404, 8192])",torch.bfloat16,104923136
mm_533,"torch.Size([6404, 1024])",torch.bfloat16,13115392
view_1632,"torch.Size([4, 1601, 1024])",torch.bfloat16,13115392
view_1633,"torch.Size([1, 6404, 8, 128])",torch.bfloat16,13115392
transpose_376,"torch.Size([1, 8, 6404, 128])",torch.bfloat16,13115392
view_1634,"torch.Size([1, 6404, 8, 128])",torch.bfloat16,13115392
transpose_377,"torch.Size([1, 8, 6404, 128])",torch.bfloat16,13115392
slice_908,"torch.Size([1, 8, 6404, 128])",torch.bfloat16,13115392
slice_909,"torch.Size([1, 8, 6404, 128])",torch.bfloat16,13115392
unsqueeze_205,"torch.Size([1, 8, 1, 6404, 128])",torch.bfloat16,13115392
slice_910,"torch.Size([1, 8, 1, 6404, 128])",torch.bfloat16,13115392
slice_911,"torch.Size([1, 8, 1, 6404, 128])",torch.bfloat16,13115392
expand_115,"torch.Size([1, 8, 8, 6404, 128])",torch.bfloat16,104923136
clone_108,"torch.Size([1, 8, 8, 6404, 128])",torch.bfloat16,104923136
_unsafe_view_106,"torch.Size([1, 64, 6404, 128])",torch.bfloat16,104923136
slice_912,"torch.Size([1, 8, 6404, 128])",torch.bfloat16,13115392
slice_913,"torch.Size([1, 8, 6404, 128])",torch.bfloat16,13115392
unsqueeze_206,"torch.Size([1, 8, 1, 6404, 128])",torch.bfloat16,13115392
slice_914,"torch.Size([1, 8, 1, 6404, 128])",torch.bfloat16,13115392
slice_915,"torch.Size([1, 8, 1, 6404, 128])",torch.bfloat16,13115392
expand_116,"torch.Size([1, 8, 8, 6404, 128])",torch.bfloat16,104923136
clone_109,"torch.Size([1, 8, 8, 6404, 128])",torch.bfloat16,104923136
_unsafe_view_107,"torch.Size([1, 64, 6404, 128])",torch.bfloat16,104923136
_to_copy_264,"torch.Size([1, 64, 6404, 128])",torch.float32,209846272
pow_129,"torch.Size([1, 64, 6404, 128])",torch.float32,209846272
mean_128,"torch.Size([1, 64, 6404, 1])",torch.float32,1639424
add_405,"torch.Size([1, 64, 6404, 1])",torch.float32,1639424
rsqrt_128,"torch.Size([1, 64, 6404, 1])",torch.float32,1639424
mul_536,"torch.Size([1, 64, 6404, 128])",torch.float32,209846272
_to_copy_265,"torch.Size([1, 64, 6404, 128])",torch.bfloat16,104923136
mul_537,"torch.Size([1, 64, 6404, 128])",torch.bfloat16,104923136
getitem_432,"torch.Size([1, 64, 35, 128])",torch.bfloat16,573440
transpose_378,"torch.Size([1, 35, 64, 128])",torch.bfloat16,573440
view_1635,"torch.Size([1, 35, 8192])",torch.bfloat16,573440
t_615,"torch.Size([8192, 8192])",torch.bfloat16,134217728
view_1636,"torch.Size([35, 8192])",torch.bfloat16,573440
mm_534,"torch.Size([35, 8192])",torch.bfloat16,573440
view_1637,"torch.Size([1, 35, 8192])",torch.bfloat16,573440
tanh_40,torch.Size([1]),torch.bfloat16,2
mul_538,"torch.Size([1, 35, 8192])",torch.bfloat16,573440
add_406,"torch.Size([1, 35, 8192])",torch.bfloat16,573440
_to_copy_266,"torch.Size([1, 35, 8192])",torch.float32,1146880
pow_130,"torch.Size([1, 35, 8192])",torch.float32,1146880
mean_129,"torch.Size([1, 35, 1])",torch.float32,140
add_407,"torch.Size([1, 35, 1])",torch.float32,140
rsqrt_129,"torch.Size([1, 35, 1])",torch.float32,140
mul_539,"torch.Size([1, 35, 8192])",torch.float32,1146880
_to_copy_267,"torch.Size([1, 35, 8192])",torch.bfloat16,573440
mul_540,"torch.Size([1, 35, 8192])",torch.bfloat16,573440
t_616,"torch.Size([8192, 28672])",torch.bfloat16,469762048
view_1638,"torch.Size([35, 8192])",torch.bfloat16,573440
mm_535,"torch.Size([35, 28672])",torch.bfloat16,2007040
view_1639,"torch.Size([1, 35, 28672])",torch.bfloat16,2007040
silu_53,"torch.Size([1, 35, 28672])",torch.bfloat16,2007040
t_617,"torch.Size([8192, 28672])",torch.bfloat16,469762048
view_1640,"torch.Size([35, 8192])",torch.bfloat16,573440
mm_536,"torch.Size([35, 28672])",torch.bfloat16,2007040
view_1641,"torch.Size([1, 35, 28672])",torch.bfloat16,2007040
mul_541,"torch.Size([1, 35, 28672])",torch.bfloat16,2007040
t_618,"torch.Size([28672, 8192])",torch.bfloat16,469762048
view_1642,"torch.Size([35, 28672])",torch.bfloat16,2007040
mm_537,"torch.Size([35, 8192])",torch.bfloat16,573440
view_1643,"torch.Size([1, 35, 8192])",torch.bfloat16,573440
slice_916,"torch.Size([1, 1, 35, 1])",torch.bfloat16,70
select_10,"torch.Size([1, 35, 1])",torch.bfloat16,70
mul_542,"torch.Size([1, 35, 8192])",torch.bfloat16,573440
tanh_41,torch.Size([1]),torch.bfloat16,2
mul_543,"torch.Size([1, 35, 8192])",torch.bfloat16,573440
add_408,"torch.Size([1, 35, 8192])",torch.bfloat16,573440
_to_copy_268,"torch.Size([1, 35, 8192])",torch.float32,1146880
pow_131,"torch.Size([1, 35, 8192])",torch.float32,1146880
mean_130,"torch.Size([1, 35, 1])",torch.float32,140
add_409,"torch.Size([1, 35, 1])",torch.float32,140
rsqrt_130,"torch.Size([1, 35, 1])",torch.float32,140
mul_544,"torch.Size([1, 35, 8192])",torch.float32,1146880
_to_copy_269,"torch.Size([1, 35, 8192])",torch.bfloat16,573440
mul_545,"torch.Size([1, 35, 8192])",torch.bfloat16,573440
t_619,"torch.Size([8192, 8192])",torch.bfloat16,134217728
view_1644,"torch.Size([35, 8192])",torch.bfloat16,573440
mm_538,"torch.Size([35, 8192])",torch.bfloat16,573440
view_1645,"torch.Size([1, 35, 8192])",torch.bfloat16,573440
t_620,"torch.Size([8192, 1024])",torch.bfloat16,16777216
view_1646,"torch.Size([35, 8192])",torch.bfloat16,573440
mm_539,"torch.Size([35, 1024])",torch.bfloat16,71680
view_1647,"torch.Size([1, 35, 1024])",torch.bfloat16,71680
t_621,"torch.Size([8192, 1024])",torch.bfloat16,16777216
view_1648,"torch.Size([35, 8192])",torch.bfloat16,573440
mm_540,"torch.Size([35, 1024])",torch.bfloat16,71680
view_1649,"torch.Size([1, 35, 1024])",torch.bfloat16,71680
view_1650,"torch.Size([1, 35, 64, 128])",torch.bfloat16,573440
transpose_379,"torch.Size([1, 64, 35, 128])",torch.bfloat16,573440
view_1651,"torch.Size([1, 35, 8, 128])",torch.bfloat16,71680
transpose_380,"torch.Size([1, 8, 35, 128])",torch.bfloat16,71680
view_1652,"torch.Size([1, 35, 8, 128])",torch.bfloat16,71680
transpose_381,"torch.Size([1, 8, 35, 128])",torch.bfloat16,71680
unsqueeze_207,"torch.Size([1, 1, 35, 128])",torch.bfloat16,8960
unsqueeze_208,"torch.Size([1, 1, 35, 128])",torch.bfloat16,8960
mul_546,"torch.Size([1, 64, 35, 128])",torch.bfloat16,573440
slice_917,"torch.Size([1, 64, 35, 64])",torch.bfloat16,286720
slice_918,"torch.Size([1, 64, 35, 64])",torch.bfloat16,286720
neg_86,"torch.Size([1, 64, 35, 64])",torch.bfloat16,286720
cat_89,"torch.Size([1, 64, 35, 128])",torch.bfloat16,573440
mul_547,"torch.Size([1, 64, 35, 128])",torch.bfloat16,573440
add_410,"torch.Size([1, 64, 35, 128])",torch.bfloat16,573440
mul_548,"torch.Size([1, 8, 35, 128])",torch.bfloat16,71680
slice_919,"torch.Size([1, 8, 35, 64])",torch.bfloat16,35840
slice_920,"torch.Size([1, 8, 35, 64])",torch.bfloat16,35840
neg_87,"torch.Size([1, 8, 35, 64])",torch.bfloat16,35840
cat_90,"torch.Size([1, 8, 35, 128])",torch.bfloat16,71680
mul_549,"torch.Size([1, 8, 35, 128])",torch.bfloat16,71680
add_411,"torch.Size([1, 8, 35, 128])",torch.bfloat16,71680
slice_921,"torch.Size([1, 8, 35, 128])",torch.bfloat16,71680
slice_922,"torch.Size([1, 8, 35, 128])",torch.bfloat16,71680
unsqueeze_209,"torch.Size([1, 8, 1, 35, 128])",torch.bfloat16,71680
slice_923,"torch.Size([1, 8, 1, 35, 128])",torch.bfloat16,71680
slice_924,"torch.Size([1, 8, 1, 35, 128])",torch.bfloat16,71680
expand_117,"torch.Size([1, 8, 8, 35, 128])",torch.bfloat16,573440
clone_110,"torch.Size([1, 8, 8, 35, 128])",torch.bfloat16,573440
_unsafe_view_108,"torch.Size([1, 64, 35, 128])",torch.bfloat16,573440
slice_925,"torch.Size([1, 8, 35, 128])",torch.bfloat16,71680
slice_926,"torch.Size([1, 8, 35, 128])",torch.bfloat16,71680
unsqueeze_210,"torch.Size([1, 8, 1, 35, 128])",torch.bfloat16,71680
slice_927,"torch.Size([1, 8, 1, 35, 128])",torch.bfloat16,71680
slice_928,"torch.Size([1, 8, 1, 35, 128])",torch.bfloat16,71680
expand_118,"torch.Size([1, 8, 8, 35, 128])",torch.bfloat16,573440
clone_111,"torch.Size([1, 8, 8, 35, 128])",torch.bfloat16,573440
_unsafe_view_109,"torch.Size([1, 64, 35, 128])",torch.bfloat16,573440
slice_932,"torch.Size([1, 1, 35, 35])",torch.bfloat16,2450
slice_933,"torch.Size([1, 1, 35, 35])",torch.bfloat16,2450
slice_934,"torch.Size([1, 1, 35, 35])",torch.bfloat16,2450
getitem_434,"torch.Size([1, 64, 35, 128])",torch.bfloat16,573440
transpose_382,"torch.Size([1, 35, 64, 128])",torch.bfloat16,573440
view_1653,"torch.Size([1, 35, 8192])",torch.bfloat16,573440
t_622,"torch.Size([8192, 8192])",torch.bfloat16,134217728
view_1654,"torch.Size([35, 8192])",torch.bfloat16,573440
mm_541,"torch.Size([35, 8192])",torch.bfloat16,573440
view_1655,"torch.Size([1, 35, 8192])",torch.bfloat16,573440
add_412,"torch.Size([1, 35, 8192])",torch.bfloat16,573440
_to_copy_270,"torch.Size([1, 35, 8192])",torch.float32,1146880
pow_132,"torch.Size([1, 35, 8192])",torch.float32,1146880
mean_131,"torch.Size([1, 35, 1])",torch.float32,140
add_413,"torch.Size([1, 35, 1])",torch.float32,140
rsqrt_131,"torch.Size([1, 35, 1])",torch.float32,140
mul_550,"torch.Size([1, 35, 8192])",torch.float32,1146880
_to_copy_271,"torch.Size([1, 35, 8192])",torch.bfloat16,573440
mul_551,"torch.Size([1, 35, 8192])",torch.bfloat16,573440
t_623,"torch.Size([8192, 28672])",torch.bfloat16,469762048
view_1656,"torch.Size([35, 8192])",torch.bfloat16,573440
mm_542,"torch.Size([35, 28672])",torch.bfloat16,2007040
view_1657,"torch.Size([1, 35, 28672])",torch.bfloat16,2007040
silu_54,"torch.Size([1, 35, 28672])",torch.bfloat16,2007040
t_624,"torch.Size([8192, 28672])",torch.bfloat16,469762048
view_1658,"torch.Size([35, 8192])",torch.bfloat16,573440
mm_543,"torch.Size([35, 28672])",torch.bfloat16,2007040
view_1659,"torch.Size([1, 35, 28672])",torch.bfloat16,2007040
mul_552,"torch.Size([1, 35, 28672])",torch.bfloat16,2007040
t_625,"torch.Size([28672, 8192])",torch.bfloat16,469762048
view_1660,"torch.Size([35, 28672])",torch.bfloat16,2007040
mm_544,"torch.Size([35, 8192])",torch.bfloat16,573440
view_1661,"torch.Size([1, 35, 8192])",torch.bfloat16,573440
add_414,"torch.Size([1, 35, 8192])",torch.bfloat16,573440
_to_copy_272,"torch.Size([1, 35, 8192])",torch.float32,1146880
pow_133,"torch.Size([1, 35, 8192])",torch.float32,1146880
mean_132,"torch.Size([1, 35, 1])",torch.float32,140
add_415,"torch.Size([1, 35, 1])",torch.float32,140
rsqrt_132,"torch.Size([1, 35, 1])",torch.float32,140
mul_553,"torch.Size([1, 35, 8192])",torch.float32,1146880
_to_copy_273,"torch.Size([1, 35, 8192])",torch.bfloat16,573440
mul_554,"torch.Size([1, 35, 8192])",torch.bfloat16,573440
t_626,"torch.Size([8192, 8192])",torch.bfloat16,134217728
view_1662,"torch.Size([35, 8192])",torch.bfloat16,573440
mm_545,"torch.Size([35, 8192])",torch.bfloat16,573440
view_1663,"torch.Size([1, 35, 8192])",torch.bfloat16,573440
t_627,"torch.Size([8192, 1024])",torch.bfloat16,16777216
view_1664,"torch.Size([35, 8192])",torch.bfloat16,573440
mm_546,"torch.Size([35, 1024])",torch.bfloat16,71680
view_1665,"torch.Size([1, 35, 1024])",torch.bfloat16,71680
t_628,"torch.Size([8192, 1024])",torch.bfloat16,16777216
view_1666,"torch.Size([35, 8192])",torch.bfloat16,573440
mm_547,"torch.Size([35, 1024])",torch.bfloat16,71680
view_1667,"torch.Size([1, 35, 1024])",torch.bfloat16,71680
view_1668,"torch.Size([1, 35, 64, 128])",torch.bfloat16,573440
transpose_383,"torch.Size([1, 64, 35, 128])",torch.bfloat16,573440
view_1669,"torch.Size([1, 35, 8, 128])",torch.bfloat16,71680
transpose_384,"torch.Size([1, 8, 35, 128])",torch.bfloat16,71680
view_1670,"torch.Size([1, 35, 8, 128])",torch.bfloat16,71680
transpose_385,"torch.Size([1, 8, 35, 128])",torch.bfloat16,71680
unsqueeze_211,"torch.Size([1, 1, 35, 128])",torch.bfloat16,8960
unsqueeze_212,"torch.Size([1, 1, 35, 128])",torch.bfloat16,8960
mul_555,"torch.Size([1, 64, 35, 128])",torch.bfloat16,573440
slice_935,"torch.Size([1, 64, 35, 64])",torch.bfloat16,286720
slice_936,"torch.Size([1, 64, 35, 64])",torch.bfloat16,286720
neg_88,"torch.Size([1, 64, 35, 64])",torch.bfloat16,286720
cat_91,"torch.Size([1, 64, 35, 128])",torch.bfloat16,573440
mul_556,"torch.Size([1, 64, 35, 128])",torch.bfloat16,573440
add_416,"torch.Size([1, 64, 35, 128])",torch.bfloat16,573440
mul_557,"torch.Size([1, 8, 35, 128])",torch.bfloat16,71680
slice_937,"torch.Size([1, 8, 35, 64])",torch.bfloat16,35840
slice_938,"torch.Size([1, 8, 35, 64])",torch.bfloat16,35840
neg_89,"torch.Size([1, 8, 35, 64])",torch.bfloat16,35840
cat_92,"torch.Size([1, 8, 35, 128])",torch.bfloat16,71680
mul_558,"torch.Size([1, 8, 35, 128])",torch.bfloat16,71680
add_417,"torch.Size([1, 8, 35, 128])",torch.bfloat16,71680
slice_939,"torch.Size([1, 8, 35, 128])",torch.bfloat16,71680
slice_940,"torch.Size([1, 8, 35, 128])",torch.bfloat16,71680
unsqueeze_213,"torch.Size([1, 8, 1, 35, 128])",torch.bfloat16,71680
slice_941,"torch.Size([1, 8, 1, 35, 128])",torch.bfloat16,71680
slice_942,"torch.Size([1, 8, 1, 35, 128])",torch.bfloat16,71680
expand_119,"torch.Size([1, 8, 8, 35, 128])",torch.bfloat16,573440
clone_112,"torch.Size([1, 8, 8, 35, 128])",torch.bfloat16,573440
_unsafe_view_110,"torch.Size([1, 64, 35, 128])",torch.bfloat16,573440
slice_943,"torch.Size([1, 8, 35, 128])",torch.bfloat16,71680
slice_944,"torch.Size([1, 8, 35, 128])",torch.bfloat16,71680
unsqueeze_214,"torch.Size([1, 8, 1, 35, 128])",torch.bfloat16,71680
slice_945,"torch.Size([1, 8, 1, 35, 128])",torch.bfloat16,71680
slice_946,"torch.Size([1, 8, 1, 35, 128])",torch.bfloat16,71680
expand_120,"torch.Size([1, 8, 8, 35, 128])",torch.bfloat16,573440
clone_113,"torch.Size([1, 8, 8, 35, 128])",torch.bfloat16,573440
_unsafe_view_111,"torch.Size([1, 64, 35, 128])",torch.bfloat16,573440
slice_950,"torch.Size([1, 1, 35, 35])",torch.bfloat16,2450
slice_951,"torch.Size([1, 1, 35, 35])",torch.bfloat16,2450
slice_952,"torch.Size([1, 1, 35, 35])",torch.bfloat16,2450
getitem_436,"torch.Size([1, 64, 35, 128])",torch.bfloat16,573440
transpose_386,"torch.Size([1, 35, 64, 128])",torch.bfloat16,573440
view_1671,"torch.Size([1, 35, 8192])",torch.bfloat16,573440
t_629,"torch.Size([8192, 8192])",torch.bfloat16,134217728
view_1672,"torch.Size([35, 8192])",torch.bfloat16,573440
mm_548,"torch.Size([35, 8192])",torch.bfloat16,573440
view_1673,"torch.Size([1, 35, 8192])",torch.bfloat16,573440
add_418,"torch.Size([1, 35, 8192])",torch.bfloat16,573440
_to_copy_274,"torch.Size([1, 35, 8192])",torch.float32,1146880
pow_134,"torch.Size([1, 35, 8192])",torch.float32,1146880
mean_133,"torch.Size([1, 35, 1])",torch.float32,140
add_419,"torch.Size([1, 35, 1])",torch.float32,140
rsqrt_133,"torch.Size([1, 35, 1])",torch.float32,140
mul_559,"torch.Size([1, 35, 8192])",torch.float32,1146880
_to_copy_275,"torch.Size([1, 35, 8192])",torch.bfloat16,573440
mul_560,"torch.Size([1, 35, 8192])",torch.bfloat16,573440
t_630,"torch.Size([8192, 28672])",torch.bfloat16,469762048
view_1674,"torch.Size([35, 8192])",torch.bfloat16,573440
mm_549,"torch.Size([35, 28672])",torch.bfloat16,2007040
view_1675,"torch.Size([1, 35, 28672])",torch.bfloat16,2007040
silu_55,"torch.Size([1, 35, 28672])",torch.bfloat16,2007040
t_631,"torch.Size([8192, 28672])",torch.bfloat16,469762048
view_1676,"torch.Size([35, 8192])",torch.bfloat16,573440
mm_550,"torch.Size([35, 28672])",torch.bfloat16,2007040
view_1677,"torch.Size([1, 35, 28672])",torch.bfloat16,2007040
mul_561,"torch.Size([1, 35, 28672])",torch.bfloat16,2007040
t_632,"torch.Size([28672, 8192])",torch.bfloat16,469762048
view_1678,"torch.Size([35, 28672])",torch.bfloat16,2007040
mm_551,"torch.Size([35, 8192])",torch.bfloat16,573440
view_1679,"torch.Size([1, 35, 8192])",torch.bfloat16,573440
add_420,"torch.Size([1, 35, 8192])",torch.bfloat16,573440
_to_copy_276,"torch.Size([1, 35, 8192])",torch.float32,1146880
pow_135,"torch.Size([1, 35, 8192])",torch.float32,1146880
mean_134,"torch.Size([1, 35, 1])",torch.float32,140
add_421,"torch.Size([1, 35, 1])",torch.float32,140
rsqrt_134,"torch.Size([1, 35, 1])",torch.float32,140
mul_562,"torch.Size([1, 35, 8192])",torch.float32,1146880
_to_copy_277,"torch.Size([1, 35, 8192])",torch.bfloat16,573440
mul_563,"torch.Size([1, 35, 8192])",torch.bfloat16,573440
t_633,"torch.Size([8192, 8192])",torch.bfloat16,134217728
view_1680,"torch.Size([35, 8192])",torch.bfloat16,573440
mm_552,"torch.Size([35, 8192])",torch.bfloat16,573440
view_1681,"torch.Size([1, 35, 8192])",torch.bfloat16,573440
t_634,"torch.Size([8192, 1024])",torch.bfloat16,16777216
view_1682,"torch.Size([35, 8192])",torch.bfloat16,573440
mm_553,"torch.Size([35, 1024])",torch.bfloat16,71680
view_1683,"torch.Size([1, 35, 1024])",torch.bfloat16,71680
t_635,"torch.Size([8192, 1024])",torch.bfloat16,16777216
view_1684,"torch.Size([35, 8192])",torch.bfloat16,573440
mm_554,"torch.Size([35, 1024])",torch.bfloat16,71680
view_1685,"torch.Size([1, 35, 1024])",torch.bfloat16,71680
view_1686,"torch.Size([1, 35, 64, 128])",torch.bfloat16,573440
transpose_387,"torch.Size([1, 64, 35, 128])",torch.bfloat16,573440
view_1687,"torch.Size([1, 35, 8, 128])",torch.bfloat16,71680
transpose_388,"torch.Size([1, 8, 35, 128])",torch.bfloat16,71680
view_1688,"torch.Size([1, 35, 8, 128])",torch.bfloat16,71680
transpose_389,"torch.Size([1, 8, 35, 128])",torch.bfloat16,71680
unsqueeze_215,"torch.Size([1, 1, 35, 128])",torch.bfloat16,8960
unsqueeze_216,"torch.Size([1, 1, 35, 128])",torch.bfloat16,8960
mul_564,"torch.Size([1, 64, 35, 128])",torch.bfloat16,573440
slice_953,"torch.Size([1, 64, 35, 64])",torch.bfloat16,286720
slice_954,"torch.Size([1, 64, 35, 64])",torch.bfloat16,286720
neg_90,"torch.Size([1, 64, 35, 64])",torch.bfloat16,286720
cat_93,"torch.Size([1, 64, 35, 128])",torch.bfloat16,573440
mul_565,"torch.Size([1, 64, 35, 128])",torch.bfloat16,573440
add_422,"torch.Size([1, 64, 35, 128])",torch.bfloat16,573440
mul_566,"torch.Size([1, 8, 35, 128])",torch.bfloat16,71680
slice_955,"torch.Size([1, 8, 35, 64])",torch.bfloat16,35840
slice_956,"torch.Size([1, 8, 35, 64])",torch.bfloat16,35840
neg_91,"torch.Size([1, 8, 35, 64])",torch.bfloat16,35840
cat_94,"torch.Size([1, 8, 35, 128])",torch.bfloat16,71680
mul_567,"torch.Size([1, 8, 35, 128])",torch.bfloat16,71680
add_423,"torch.Size([1, 8, 35, 128])",torch.bfloat16,71680
slice_957,"torch.Size([1, 8, 35, 128])",torch.bfloat16,71680
slice_958,"torch.Size([1, 8, 35, 128])",torch.bfloat16,71680
unsqueeze_217,"torch.Size([1, 8, 1, 35, 128])",torch.bfloat16,71680
slice_959,"torch.Size([1, 8, 1, 35, 128])",torch.bfloat16,71680
slice_960,"torch.Size([1, 8, 1, 35, 128])",torch.bfloat16,71680
expand_121,"torch.Size([1, 8, 8, 35, 128])",torch.bfloat16,573440
clone_114,"torch.Size([1, 8, 8, 35, 128])",torch.bfloat16,573440
_unsafe_view_112,"torch.Size([1, 64, 35, 128])",torch.bfloat16,573440
slice_961,"torch.Size([1, 8, 35, 128])",torch.bfloat16,71680
slice_962,"torch.Size([1, 8, 35, 128])",torch.bfloat16,71680
unsqueeze_218,"torch.Size([1, 8, 1, 35, 128])",torch.bfloat16,71680
slice_963,"torch.Size([1, 8, 1, 35, 128])",torch.bfloat16,71680
slice_964,"torch.Size([1, 8, 1, 35, 128])",torch.bfloat16,71680
expand_122,"torch.Size([1, 8, 8, 35, 128])",torch.bfloat16,573440
clone_115,"torch.Size([1, 8, 8, 35, 128])",torch.bfloat16,573440
_unsafe_view_113,"torch.Size([1, 64, 35, 128])",torch.bfloat16,573440
slice_968,"torch.Size([1, 1, 35, 35])",torch.bfloat16,2450
slice_969,"torch.Size([1, 1, 35, 35])",torch.bfloat16,2450
slice_970,"torch.Size([1, 1, 35, 35])",torch.bfloat16,2450
getitem_438,"torch.Size([1, 64, 35, 128])",torch.bfloat16,573440
transpose_390,"torch.Size([1, 35, 64, 128])",torch.bfloat16,573440
view_1689,"torch.Size([1, 35, 8192])",torch.bfloat16,573440
t_636,"torch.Size([8192, 8192])",torch.bfloat16,134217728
view_1690,"torch.Size([35, 8192])",torch.bfloat16,573440
mm_555,"torch.Size([35, 8192])",torch.bfloat16,573440
view_1691,"torch.Size([1, 35, 8192])",torch.bfloat16,573440
add_424,"torch.Size([1, 35, 8192])",torch.bfloat16,573440
_to_copy_278,"torch.Size([1, 35, 8192])",torch.float32,1146880
pow_136,"torch.Size([1, 35, 8192])",torch.float32,1146880
mean_135,"torch.Size([1, 35, 1])",torch.float32,140
add_425,"torch.Size([1, 35, 1])",torch.float32,140
rsqrt_135,"torch.Size([1, 35, 1])",torch.float32,140
mul_568,"torch.Size([1, 35, 8192])",torch.float32,1146880
_to_copy_279,"torch.Size([1, 35, 8192])",torch.bfloat16,573440
mul_569,"torch.Size([1, 35, 8192])",torch.bfloat16,573440
t_637,"torch.Size([8192, 28672])",torch.bfloat16,469762048
view_1692,"torch.Size([35, 8192])",torch.bfloat16,573440
mm_556,"torch.Size([35, 28672])",torch.bfloat16,2007040
view_1693,"torch.Size([1, 35, 28672])",torch.bfloat16,2007040
silu_56,"torch.Size([1, 35, 28672])",torch.bfloat16,2007040
t_638,"torch.Size([8192, 28672])",torch.bfloat16,469762048
view_1694,"torch.Size([35, 8192])",torch.bfloat16,573440
mm_557,"torch.Size([35, 28672])",torch.bfloat16,2007040
view_1695,"torch.Size([1, 35, 28672])",torch.bfloat16,2007040
mul_570,"torch.Size([1, 35, 28672])",torch.bfloat16,2007040
t_639,"torch.Size([28672, 8192])",torch.bfloat16,469762048
view_1696,"torch.Size([35, 28672])",torch.bfloat16,2007040
mm_558,"torch.Size([35, 8192])",torch.bfloat16,573440
view_1697,"torch.Size([1, 35, 8192])",torch.bfloat16,573440
add_426,"torch.Size([1, 35, 8192])",torch.bfloat16,573440
_to_copy_280,"torch.Size([1, 35, 8192])",torch.float32,1146880
pow_137,"torch.Size([1, 35, 8192])",torch.float32,1146880
mean_136,"torch.Size([1, 35, 1])",torch.float32,140
add_427,"torch.Size([1, 35, 1])",torch.float32,140
rsqrt_136,"torch.Size([1, 35, 1])",torch.float32,140
mul_571,"torch.Size([1, 35, 8192])",torch.float32,1146880
_to_copy_281,"torch.Size([1, 35, 8192])",torch.bfloat16,573440
mul_572,"torch.Size([1, 35, 8192])",torch.bfloat16,573440
t_640,"torch.Size([8192, 8192])",torch.bfloat16,134217728
view_1698,"torch.Size([35, 8192])",torch.bfloat16,573440
mm_559,"torch.Size([35, 8192])",torch.bfloat16,573440
view_1699,"torch.Size([1, 35, 8192])",torch.bfloat16,573440
t_641,"torch.Size([8192, 1024])",torch.bfloat16,16777216
view_1700,"torch.Size([35, 8192])",torch.bfloat16,573440
mm_560,"torch.Size([35, 1024])",torch.bfloat16,71680
view_1701,"torch.Size([1, 35, 1024])",torch.bfloat16,71680
t_642,"torch.Size([8192, 1024])",torch.bfloat16,16777216
view_1702,"torch.Size([35, 8192])",torch.bfloat16,573440
mm_561,"torch.Size([35, 1024])",torch.bfloat16,71680
view_1703,"torch.Size([1, 35, 1024])",torch.bfloat16,71680
view_1704,"torch.Size([1, 35, 64, 128])",torch.bfloat16,573440
transpose_391,"torch.Size([1, 64, 35, 128])",torch.bfloat16,573440
view_1705,"torch.Size([1, 35, 8, 128])",torch.bfloat16,71680
transpose_392,"torch.Size([1, 8, 35, 128])",torch.bfloat16,71680
view_1706,"torch.Size([1, 35, 8, 128])",torch.bfloat16,71680
transpose_393,"torch.Size([1, 8, 35, 128])",torch.bfloat16,71680
unsqueeze_219,"torch.Size([1, 1, 35, 128])",torch.bfloat16,8960
unsqueeze_220,"torch.Size([1, 1, 35, 128])",torch.bfloat16,8960
mul_573,"torch.Size([1, 64, 35, 128])",torch.bfloat16,573440
slice_971,"torch.Size([1, 64, 35, 64])",torch.bfloat16,286720
slice_972,"torch.Size([1, 64, 35, 64])",torch.bfloat16,286720
neg_92,"torch.Size([1, 64, 35, 64])",torch.bfloat16,286720
cat_95,"torch.Size([1, 64, 35, 128])",torch.bfloat16,573440
mul_574,"torch.Size([1, 64, 35, 128])",torch.bfloat16,573440
add_428,"torch.Size([1, 64, 35, 128])",torch.bfloat16,573440
mul_575,"torch.Size([1, 8, 35, 128])",torch.bfloat16,71680
slice_973,"torch.Size([1, 8, 35, 64])",torch.bfloat16,35840
slice_974,"torch.Size([1, 8, 35, 64])",torch.bfloat16,35840
neg_93,"torch.Size([1, 8, 35, 64])",torch.bfloat16,35840
cat_96,"torch.Size([1, 8, 35, 128])",torch.bfloat16,71680
mul_576,"torch.Size([1, 8, 35, 128])",torch.bfloat16,71680
add_429,"torch.Size([1, 8, 35, 128])",torch.bfloat16,71680
slice_975,"torch.Size([1, 8, 35, 128])",torch.bfloat16,71680
slice_976,"torch.Size([1, 8, 35, 128])",torch.bfloat16,71680
unsqueeze_221,"torch.Size([1, 8, 1, 35, 128])",torch.bfloat16,71680
slice_977,"torch.Size([1, 8, 1, 35, 128])",torch.bfloat16,71680
slice_978,"torch.Size([1, 8, 1, 35, 128])",torch.bfloat16,71680
expand_123,"torch.Size([1, 8, 8, 35, 128])",torch.bfloat16,573440
clone_116,"torch.Size([1, 8, 8, 35, 128])",torch.bfloat16,573440
_unsafe_view_114,"torch.Size([1, 64, 35, 128])",torch.bfloat16,573440
slice_979,"torch.Size([1, 8, 35, 128])",torch.bfloat16,71680
slice_980,"torch.Size([1, 8, 35, 128])",torch.bfloat16,71680
unsqueeze_222,"torch.Size([1, 8, 1, 35, 128])",torch.bfloat16,71680
slice_981,"torch.Size([1, 8, 1, 35, 128])",torch.bfloat16,71680
slice_982,"torch.Size([1, 8, 1, 35, 128])",torch.bfloat16,71680
expand_124,"torch.Size([1, 8, 8, 35, 128])",torch.bfloat16,573440
clone_117,"torch.Size([1, 8, 8, 35, 128])",torch.bfloat16,573440
_unsafe_view_115,"torch.Size([1, 64, 35, 128])",torch.bfloat16,573440
slice_986,"torch.Size([1, 1, 35, 35])",torch.bfloat16,2450
slice_987,"torch.Size([1, 1, 35, 35])",torch.bfloat16,2450
slice_988,"torch.Size([1, 1, 35, 35])",torch.bfloat16,2450
getitem_440,"torch.Size([1, 64, 35, 128])",torch.bfloat16,573440
transpose_394,"torch.Size([1, 35, 64, 128])",torch.bfloat16,573440
view_1707,"torch.Size([1, 35, 8192])",torch.bfloat16,573440
t_643,"torch.Size([8192, 8192])",torch.bfloat16,134217728
view_1708,"torch.Size([35, 8192])",torch.bfloat16,573440
mm_562,"torch.Size([35, 8192])",torch.bfloat16,573440
view_1709,"torch.Size([1, 35, 8192])",torch.bfloat16,573440
add_430,"torch.Size([1, 35, 8192])",torch.bfloat16,573440
_to_copy_282,"torch.Size([1, 35, 8192])",torch.float32,1146880
pow_138,"torch.Size([1, 35, 8192])",torch.float32,1146880
mean_137,"torch.Size([1, 35, 1])",torch.float32,140
add_431,"torch.Size([1, 35, 1])",torch.float32,140
rsqrt_137,"torch.Size([1, 35, 1])",torch.float32,140
mul_577,"torch.Size([1, 35, 8192])",torch.float32,1146880
_to_copy_283,"torch.Size([1, 35, 8192])",torch.bfloat16,573440
mul_578,"torch.Size([1, 35, 8192])",torch.bfloat16,573440
t_644,"torch.Size([8192, 28672])",torch.bfloat16,469762048
view_1710,"torch.Size([35, 8192])",torch.bfloat16,573440
mm_563,"torch.Size([35, 28672])",torch.bfloat16,2007040
view_1711,"torch.Size([1, 35, 28672])",torch.bfloat16,2007040
silu_57,"torch.Size([1, 35, 28672])",torch.bfloat16,2007040
t_645,"torch.Size([8192, 28672])",torch.bfloat16,469762048
view_1712,"torch.Size([35, 8192])",torch.bfloat16,573440
mm_564,"torch.Size([35, 28672])",torch.bfloat16,2007040
view_1713,"torch.Size([1, 35, 28672])",torch.bfloat16,2007040
mul_579,"torch.Size([1, 35, 28672])",torch.bfloat16,2007040
t_646,"torch.Size([28672, 8192])",torch.bfloat16,469762048
view_1714,"torch.Size([35, 28672])",torch.bfloat16,2007040
mm_565,"torch.Size([35, 8192])",torch.bfloat16,573440
view_1715,"torch.Size([1, 35, 8192])",torch.bfloat16,573440
add_432,"torch.Size([1, 35, 8192])",torch.bfloat16,573440
_to_copy_284,"torch.Size([1, 35, 8192])",torch.float32,1146880
pow_139,"torch.Size([1, 35, 8192])",torch.float32,1146880
mean_138,"torch.Size([1, 35, 1])",torch.float32,140
add_433,"torch.Size([1, 35, 1])",torch.float32,140
rsqrt_138,"torch.Size([1, 35, 1])",torch.float32,140
mul_580,"torch.Size([1, 35, 8192])",torch.float32,1146880
_to_copy_285,"torch.Size([1, 35, 8192])",torch.bfloat16,573440
mul_581,"torch.Size([1, 35, 8192])",torch.bfloat16,573440
t_647,"torch.Size([8192, 8192])",torch.bfloat16,134217728
view_1716,"torch.Size([35, 8192])",torch.bfloat16,573440
mm_566,"torch.Size([35, 8192])",torch.bfloat16,573440
view_1717,"torch.Size([1, 35, 8192])",torch.bfloat16,573440
view_1718,"torch.Size([1, 35, 64, 128])",torch.bfloat16,573440
transpose_395,"torch.Size([1, 64, 35, 128])",torch.bfloat16,573440
_to_copy_286,"torch.Size([1, 64, 35, 128])",torch.float32,1146880
pow_140,"torch.Size([1, 64, 35, 128])",torch.float32,1146880
mean_139,"torch.Size([1, 64, 35, 1])",torch.float32,8960
add_434,"torch.Size([1, 64, 35, 1])",torch.float32,8960
rsqrt_139,"torch.Size([1, 64, 35, 1])",torch.float32,8960
mul_582,"torch.Size([1, 64, 35, 128])",torch.float32,1146880
_to_copy_287,"torch.Size([1, 64, 35, 128])",torch.bfloat16,573440
mul_583,"torch.Size([1, 64, 35, 128])",torch.bfloat16,573440
t_648,"torch.Size([8192, 1024])",torch.bfloat16,16777216
view_1719,"torch.Size([6404, 8192])",torch.bfloat16,104923136
mm_567,"torch.Size([6404, 1024])",torch.bfloat16,13115392
view_1720,"torch.Size([4, 1601, 1024])",torch.bfloat16,13115392
t_649,"torch.Size([8192, 1024])",torch.bfloat16,16777216
view_1721,"torch.Size([6404, 8192])",torch.bfloat16,104923136
mm_568,"torch.Size([6404, 1024])",torch.bfloat16,13115392
view_1722,"torch.Size([4, 1601, 1024])",torch.bfloat16,13115392
view_1723,"torch.Size([1, 6404, 8, 128])",torch.bfloat16,13115392
transpose_396,"torch.Size([1, 8, 6404, 128])",torch.bfloat16,13115392
view_1724,"torch.Size([1, 6404, 8, 128])",torch.bfloat16,13115392
transpose_397,"torch.Size([1, 8, 6404, 128])",torch.bfloat16,13115392
slice_989,"torch.Size([1, 8, 6404, 128])",torch.bfloat16,13115392
slice_990,"torch.Size([1, 8, 6404, 128])",torch.bfloat16,13115392
unsqueeze_223,"torch.Size([1, 8, 1, 6404, 128])",torch.bfloat16,13115392
slice_991,"torch.Size([1, 8, 1, 6404, 128])",torch.bfloat16,13115392
slice_992,"torch.Size([1, 8, 1, 6404, 128])",torch.bfloat16,13115392
expand_125,"torch.Size([1, 8, 8, 6404, 128])",torch.bfloat16,104923136
clone_118,"torch.Size([1, 8, 8, 6404, 128])",torch.bfloat16,104923136
_unsafe_view_116,"torch.Size([1, 64, 6404, 128])",torch.bfloat16,104923136
slice_993,"torch.Size([1, 8, 6404, 128])",torch.bfloat16,13115392
slice_994,"torch.Size([1, 8, 6404, 128])",torch.bfloat16,13115392
unsqueeze_224,"torch.Size([1, 8, 1, 6404, 128])",torch.bfloat16,13115392
slice_995,"torch.Size([1, 8, 1, 6404, 128])",torch.bfloat16,13115392
slice_996,"torch.Size([1, 8, 1, 6404, 128])",torch.bfloat16,13115392
expand_126,"torch.Size([1, 8, 8, 6404, 128])",torch.bfloat16,104923136
clone_119,"torch.Size([1, 8, 8, 6404, 128])",torch.bfloat16,104923136
_unsafe_view_117,"torch.Size([1, 64, 6404, 128])",torch.bfloat16,104923136
_to_copy_288,"torch.Size([1, 64, 6404, 128])",torch.float32,209846272
pow_141,"torch.Size([1, 64, 6404, 128])",torch.float32,209846272
mean_140,"torch.Size([1, 64, 6404, 1])",torch.float32,1639424
add_435,"torch.Size([1, 64, 6404, 1])",torch.float32,1639424
rsqrt_140,"torch.Size([1, 64, 6404, 1])",torch.float32,1639424
mul_584,"torch.Size([1, 64, 6404, 128])",torch.float32,209846272
_to_copy_289,"torch.Size([1, 64, 6404, 128])",torch.bfloat16,104923136
mul_585,"torch.Size([1, 64, 6404, 128])",torch.bfloat16,104923136
getitem_442,"torch.Size([1, 64, 35, 128])",torch.bfloat16,573440
transpose_398,"torch.Size([1, 35, 64, 128])",torch.bfloat16,573440
view_1725,"torch.Size([1, 35, 8192])",torch.bfloat16,573440
t_650,"torch.Size([8192, 8192])",torch.bfloat16,134217728
view_1726,"torch.Size([35, 8192])",torch.bfloat16,573440
mm_569,"torch.Size([35, 8192])",torch.bfloat16,573440
view_1727,"torch.Size([1, 35, 8192])",torch.bfloat16,573440
tanh_42,torch.Size([1]),torch.bfloat16,2
mul_586,"torch.Size([1, 35, 8192])",torch.bfloat16,573440
add_436,"torch.Size([1, 35, 8192])",torch.bfloat16,573440
_to_copy_290,"torch.Size([1, 35, 8192])",torch.float32,1146880
pow_142,"torch.Size([1, 35, 8192])",torch.float32,1146880
mean_141,"torch.Size([1, 35, 1])",torch.float32,140
add_437,"torch.Size([1, 35, 1])",torch.float32,140
rsqrt_141,"torch.Size([1, 35, 1])",torch.float32,140
mul_587,"torch.Size([1, 35, 8192])",torch.float32,1146880
_to_copy_291,"torch.Size([1, 35, 8192])",torch.bfloat16,573440
mul_588,"torch.Size([1, 35, 8192])",torch.bfloat16,573440
t_651,"torch.Size([8192, 28672])",torch.bfloat16,469762048
view_1728,"torch.Size([35, 8192])",torch.bfloat16,573440
mm_570,"torch.Size([35, 28672])",torch.bfloat16,2007040
view_1729,"torch.Size([1, 35, 28672])",torch.bfloat16,2007040
silu_58,"torch.Size([1, 35, 28672])",torch.bfloat16,2007040
t_652,"torch.Size([8192, 28672])",torch.bfloat16,469762048
view_1730,"torch.Size([35, 8192])",torch.bfloat16,573440
mm_571,"torch.Size([35, 28672])",torch.bfloat16,2007040
view_1731,"torch.Size([1, 35, 28672])",torch.bfloat16,2007040
mul_589,"torch.Size([1, 35, 28672])",torch.bfloat16,2007040
t_653,"torch.Size([28672, 8192])",torch.bfloat16,469762048
view_1732,"torch.Size([35, 28672])",torch.bfloat16,2007040
mm_572,"torch.Size([35, 8192])",torch.bfloat16,573440
view_1733,"torch.Size([1, 35, 8192])",torch.bfloat16,573440
slice_997,"torch.Size([1, 1, 35, 1])",torch.bfloat16,70
select_11,"torch.Size([1, 35, 1])",torch.bfloat16,70
mul_590,"torch.Size([1, 35, 8192])",torch.bfloat16,573440
tanh_43,torch.Size([1]),torch.bfloat16,2
mul_591,"torch.Size([1, 35, 8192])",torch.bfloat16,573440
add_438,"torch.Size([1, 35, 8192])",torch.bfloat16,573440
_to_copy_292,"torch.Size([1, 35, 8192])",torch.float32,1146880
pow_143,"torch.Size([1, 35, 8192])",torch.float32,1146880
mean_142,"torch.Size([1, 35, 1])",torch.float32,140
add_439,"torch.Size([1, 35, 1])",torch.float32,140
rsqrt_142,"torch.Size([1, 35, 1])",torch.float32,140
mul_592,"torch.Size([1, 35, 8192])",torch.float32,1146880
_to_copy_293,"torch.Size([1, 35, 8192])",torch.bfloat16,573440
mul_593,"torch.Size([1, 35, 8192])",torch.bfloat16,573440
t_654,"torch.Size([8192, 8192])",torch.bfloat16,134217728
view_1734,"torch.Size([35, 8192])",torch.bfloat16,573440
mm_573,"torch.Size([35, 8192])",torch.bfloat16,573440
view_1735,"torch.Size([1, 35, 8192])",torch.bfloat16,573440
t_655,"torch.Size([8192, 1024])",torch.bfloat16,16777216
view_1736,"torch.Size([35, 8192])",torch.bfloat16,573440
mm_574,"torch.Size([35, 1024])",torch.bfloat16,71680
view_1737,"torch.Size([1, 35, 1024])",torch.bfloat16,71680
t_656,"torch.Size([8192, 1024])",torch.bfloat16,16777216
view_1738,"torch.Size([35, 8192])",torch.bfloat16,573440
mm_575,"torch.Size([35, 1024])",torch.bfloat16,71680
view_1739,"torch.Size([1, 35, 1024])",torch.bfloat16,71680
view_1740,"torch.Size([1, 35, 64, 128])",torch.bfloat16,573440
transpose_399,"torch.Size([1, 64, 35, 128])",torch.bfloat16,573440
view_1741,"torch.Size([1, 35, 8, 128])",torch.bfloat16,71680
transpose_400,"torch.Size([1, 8, 35, 128])",torch.bfloat16,71680
view_1742,"torch.Size([1, 35, 8, 128])",torch.bfloat16,71680
transpose_401,"torch.Size([1, 8, 35, 128])",torch.bfloat16,71680
unsqueeze_225,"torch.Size([1, 1, 35, 128])",torch.bfloat16,8960
unsqueeze_226,"torch.Size([1, 1, 35, 128])",torch.bfloat16,8960
mul_594,"torch.Size([1, 64, 35, 128])",torch.bfloat16,573440
slice_998,"torch.Size([1, 64, 35, 64])",torch.bfloat16,286720
slice_999,"torch.Size([1, 64, 35, 64])",torch.bfloat16,286720
neg_94,"torch.Size([1, 64, 35, 64])",torch.bfloat16,286720
cat_97,"torch.Size([1, 64, 35, 128])",torch.bfloat16,573440
mul_595,"torch.Size([1, 64, 35, 128])",torch.bfloat16,573440
add_440,"torch.Size([1, 64, 35, 128])",torch.bfloat16,573440
mul_596,"torch.Size([1, 8, 35, 128])",torch.bfloat16,71680
slice_1000,"torch.Size([1, 8, 35, 64])",torch.bfloat16,35840
slice_1001,"torch.Size([1, 8, 35, 64])",torch.bfloat16,35840
neg_95,"torch.Size([1, 8, 35, 64])",torch.bfloat16,35840
cat_98,"torch.Size([1, 8, 35, 128])",torch.bfloat16,71680
mul_597,"torch.Size([1, 8, 35, 128])",torch.bfloat16,71680
add_441,"torch.Size([1, 8, 35, 128])",torch.bfloat16,71680
slice_1002,"torch.Size([1, 8, 35, 128])",torch.bfloat16,71680
slice_1003,"torch.Size([1, 8, 35, 128])",torch.bfloat16,71680
unsqueeze_227,"torch.Size([1, 8, 1, 35, 128])",torch.bfloat16,71680
slice_1004,"torch.Size([1, 8, 1, 35, 128])",torch.bfloat16,71680
slice_1005,"torch.Size([1, 8, 1, 35, 128])",torch.bfloat16,71680
expand_127,"torch.Size([1, 8, 8, 35, 128])",torch.bfloat16,573440
clone_120,"torch.Size([1, 8, 8, 35, 128])",torch.bfloat16,573440
_unsafe_view_118,"torch.Size([1, 64, 35, 128])",torch.bfloat16,573440
slice_1006,"torch.Size([1, 8, 35, 128])",torch.bfloat16,71680
slice_1007,"torch.Size([1, 8, 35, 128])",torch.bfloat16,71680
unsqueeze_228,"torch.Size([1, 8, 1, 35, 128])",torch.bfloat16,71680
slice_1008,"torch.Size([1, 8, 1, 35, 128])",torch.bfloat16,71680
slice_1009,"torch.Size([1, 8, 1, 35, 128])",torch.bfloat16,71680
expand_128,"torch.Size([1, 8, 8, 35, 128])",torch.bfloat16,573440
clone_121,"torch.Size([1, 8, 8, 35, 128])",torch.bfloat16,573440
_unsafe_view_119,"torch.Size([1, 64, 35, 128])",torch.bfloat16,573440
slice_1013,"torch.Size([1, 1, 35, 35])",torch.bfloat16,2450
slice_1014,"torch.Size([1, 1, 35, 35])",torch.bfloat16,2450
slice_1015,"torch.Size([1, 1, 35, 35])",torch.bfloat16,2450
getitem_444,"torch.Size([1, 64, 35, 128])",torch.bfloat16,573440
transpose_402,"torch.Size([1, 35, 64, 128])",torch.bfloat16,573440
view_1743,"torch.Size([1, 35, 8192])",torch.bfloat16,573440
t_657,"torch.Size([8192, 8192])",torch.bfloat16,134217728
view_1744,"torch.Size([35, 8192])",torch.bfloat16,573440
mm_576,"torch.Size([35, 8192])",torch.bfloat16,573440
view_1745,"torch.Size([1, 35, 8192])",torch.bfloat16,573440
add_442,"torch.Size([1, 35, 8192])",torch.bfloat16,573440
_to_copy_294,"torch.Size([1, 35, 8192])",torch.float32,1146880
pow_144,"torch.Size([1, 35, 8192])",torch.float32,1146880
mean_143,"torch.Size([1, 35, 1])",torch.float32,140
add_443,"torch.Size([1, 35, 1])",torch.float32,140
rsqrt_143,"torch.Size([1, 35, 1])",torch.float32,140
mul_598,"torch.Size([1, 35, 8192])",torch.float32,1146880
_to_copy_295,"torch.Size([1, 35, 8192])",torch.bfloat16,573440
mul_599,"torch.Size([1, 35, 8192])",torch.bfloat16,573440
t_658,"torch.Size([8192, 28672])",torch.bfloat16,469762048
view_1746,"torch.Size([35, 8192])",torch.bfloat16,573440
mm_577,"torch.Size([35, 28672])",torch.bfloat16,2007040
view_1747,"torch.Size([1, 35, 28672])",torch.bfloat16,2007040
silu_59,"torch.Size([1, 35, 28672])",torch.bfloat16,2007040
t_659,"torch.Size([8192, 28672])",torch.bfloat16,469762048
view_1748,"torch.Size([35, 8192])",torch.bfloat16,573440
mm_578,"torch.Size([35, 28672])",torch.bfloat16,2007040
view_1749,"torch.Size([1, 35, 28672])",torch.bfloat16,2007040
mul_600,"torch.Size([1, 35, 28672])",torch.bfloat16,2007040
t_660,"torch.Size([28672, 8192])",torch.bfloat16,469762048
view_1750,"torch.Size([35, 28672])",torch.bfloat16,2007040
mm_579,"torch.Size([35, 8192])",torch.bfloat16,573440
view_1751,"torch.Size([1, 35, 8192])",torch.bfloat16,573440
add_444,"torch.Size([1, 35, 8192])",torch.bfloat16,573440
_to_copy_296,"torch.Size([1, 35, 8192])",torch.float32,1146880
pow_145,"torch.Size([1, 35, 8192])",torch.float32,1146880
mean_144,"torch.Size([1, 35, 1])",torch.float32,140
add_445,"torch.Size([1, 35, 1])",torch.float32,140
rsqrt_144,"torch.Size([1, 35, 1])",torch.float32,140
mul_601,"torch.Size([1, 35, 8192])",torch.float32,1146880
_to_copy_297,"torch.Size([1, 35, 8192])",torch.bfloat16,573440
mul_602,"torch.Size([1, 35, 8192])",torch.bfloat16,573440
t_661,"torch.Size([8192, 8192])",torch.bfloat16,134217728
view_1752,"torch.Size([35, 8192])",torch.bfloat16,573440
mm_580,"torch.Size([35, 8192])",torch.bfloat16,573440
view_1753,"torch.Size([1, 35, 8192])",torch.bfloat16,573440
t_662,"torch.Size([8192, 1024])",torch.bfloat16,16777216
view_1754,"torch.Size([35, 8192])",torch.bfloat16,573440
mm_581,"torch.Size([35, 1024])",torch.bfloat16,71680
view_1755,"torch.Size([1, 35, 1024])",torch.bfloat16,71680
t_663,"torch.Size([8192, 1024])",torch.bfloat16,16777216
view_1756,"torch.Size([35, 8192])",torch.bfloat16,573440
mm_582,"torch.Size([35, 1024])",torch.bfloat16,71680
view_1757,"torch.Size([1, 35, 1024])",torch.bfloat16,71680
view_1758,"torch.Size([1, 35, 64, 128])",torch.bfloat16,573440
transpose_403,"torch.Size([1, 64, 35, 128])",torch.bfloat16,573440
view_1759,"torch.Size([1, 35, 8, 128])",torch.bfloat16,71680
transpose_404,"torch.Size([1, 8, 35, 128])",torch.bfloat16,71680
view_1760,"torch.Size([1, 35, 8, 128])",torch.bfloat16,71680
transpose_405,"torch.Size([1, 8, 35, 128])",torch.bfloat16,71680
unsqueeze_229,"torch.Size([1, 1, 35, 128])",torch.bfloat16,8960
unsqueeze_230,"torch.Size([1, 1, 35, 128])",torch.bfloat16,8960
mul_603,"torch.Size([1, 64, 35, 128])",torch.bfloat16,573440
slice_1016,"torch.Size([1, 64, 35, 64])",torch.bfloat16,286720
slice_1017,"torch.Size([1, 64, 35, 64])",torch.bfloat16,286720
neg_96,"torch.Size([1, 64, 35, 64])",torch.bfloat16,286720
cat_99,"torch.Size([1, 64, 35, 128])",torch.bfloat16,573440
mul_604,"torch.Size([1, 64, 35, 128])",torch.bfloat16,573440
add_446,"torch.Size([1, 64, 35, 128])",torch.bfloat16,573440
mul_605,"torch.Size([1, 8, 35, 128])",torch.bfloat16,71680
slice_1018,"torch.Size([1, 8, 35, 64])",torch.bfloat16,35840
slice_1019,"torch.Size([1, 8, 35, 64])",torch.bfloat16,35840
neg_97,"torch.Size([1, 8, 35, 64])",torch.bfloat16,35840
cat_100,"torch.Size([1, 8, 35, 128])",torch.bfloat16,71680
mul_606,"torch.Size([1, 8, 35, 128])",torch.bfloat16,71680
add_447,"torch.Size([1, 8, 35, 128])",torch.bfloat16,71680
slice_1020,"torch.Size([1, 8, 35, 128])",torch.bfloat16,71680
slice_1021,"torch.Size([1, 8, 35, 128])",torch.bfloat16,71680
unsqueeze_231,"torch.Size([1, 8, 1, 35, 128])",torch.bfloat16,71680
slice_1022,"torch.Size([1, 8, 1, 35, 128])",torch.bfloat16,71680
slice_1023,"torch.Size([1, 8, 1, 35, 128])",torch.bfloat16,71680
expand_129,"torch.Size([1, 8, 8, 35, 128])",torch.bfloat16,573440
clone_122,"torch.Size([1, 8, 8, 35, 128])",torch.bfloat16,573440
_unsafe_view_120,"torch.Size([1, 64, 35, 128])",torch.bfloat16,573440
slice_1024,"torch.Size([1, 8, 35, 128])",torch.bfloat16,71680
slice_1025,"torch.Size([1, 8, 35, 128])",torch.bfloat16,71680
unsqueeze_232,"torch.Size([1, 8, 1, 35, 128])",torch.bfloat16,71680
slice_1026,"torch.Size([1, 8, 1, 35, 128])",torch.bfloat16,71680
slice_1027,"torch.Size([1, 8, 1, 35, 128])",torch.bfloat16,71680
expand_130,"torch.Size([1, 8, 8, 35, 128])",torch.bfloat16,573440
clone_123,"torch.Size([1, 8, 8, 35, 128])",torch.bfloat16,573440
_unsafe_view_121,"torch.Size([1, 64, 35, 128])",torch.bfloat16,573440
slice_1031,"torch.Size([1, 1, 35, 35])",torch.bfloat16,2450
slice_1032,"torch.Size([1, 1, 35, 35])",torch.bfloat16,2450
slice_1033,"torch.Size([1, 1, 35, 35])",torch.bfloat16,2450
getitem_446,"torch.Size([1, 64, 35, 128])",torch.bfloat16,573440
transpose_406,"torch.Size([1, 35, 64, 128])",torch.bfloat16,573440
view_1761,"torch.Size([1, 35, 8192])",torch.bfloat16,573440
t_664,"torch.Size([8192, 8192])",torch.bfloat16,134217728
view_1762,"torch.Size([35, 8192])",torch.bfloat16,573440
mm_583,"torch.Size([35, 8192])",torch.bfloat16,573440
view_1763,"torch.Size([1, 35, 8192])",torch.bfloat16,573440
add_448,"torch.Size([1, 35, 8192])",torch.bfloat16,573440
_to_copy_298,"torch.Size([1, 35, 8192])",torch.float32,1146880
pow_146,"torch.Size([1, 35, 8192])",torch.float32,1146880
mean_145,"torch.Size([1, 35, 1])",torch.float32,140
add_449,"torch.Size([1, 35, 1])",torch.float32,140
rsqrt_145,"torch.Size([1, 35, 1])",torch.float32,140
mul_607,"torch.Size([1, 35, 8192])",torch.float32,1146880
_to_copy_299,"torch.Size([1, 35, 8192])",torch.bfloat16,573440
mul_608,"torch.Size([1, 35, 8192])",torch.bfloat16,573440
t_665,"torch.Size([8192, 28672])",torch.bfloat16,469762048
view_1764,"torch.Size([35, 8192])",torch.bfloat16,573440
mm_584,"torch.Size([35, 28672])",torch.bfloat16,2007040
view_1765,"torch.Size([1, 35, 28672])",torch.bfloat16,2007040
silu_60,"torch.Size([1, 35, 28672])",torch.bfloat16,2007040
t_666,"torch.Size([8192, 28672])",torch.bfloat16,469762048
view_1766,"torch.Size([35, 8192])",torch.bfloat16,573440
mm_585,"torch.Size([35, 28672])",torch.bfloat16,2007040
view_1767,"torch.Size([1, 35, 28672])",torch.bfloat16,2007040
mul_609,"torch.Size([1, 35, 28672])",torch.bfloat16,2007040
t_667,"torch.Size([28672, 8192])",torch.bfloat16,469762048
view_1768,"torch.Size([35, 28672])",torch.bfloat16,2007040
mm_586,"torch.Size([35, 8192])",torch.bfloat16,573440
view_1769,"torch.Size([1, 35, 8192])",torch.bfloat16,573440
add_450,"torch.Size([1, 35, 8192])",torch.bfloat16,573440
_to_copy_300,"torch.Size([1, 35, 8192])",torch.float32,1146880
pow_147,"torch.Size([1, 35, 8192])",torch.float32,1146880
mean_146,"torch.Size([1, 35, 1])",torch.float32,140
add_451,"torch.Size([1, 35, 1])",torch.float32,140
rsqrt_146,"torch.Size([1, 35, 1])",torch.float32,140
mul_610,"torch.Size([1, 35, 8192])",torch.float32,1146880
_to_copy_301,"torch.Size([1, 35, 8192])",torch.bfloat16,573440
mul_611,"torch.Size([1, 35, 8192])",torch.bfloat16,573440
t_668,"torch.Size([8192, 8192])",torch.bfloat16,134217728
view_1770,"torch.Size([35, 8192])",torch.bfloat16,573440
mm_587,"torch.Size([35, 8192])",torch.bfloat16,573440
view_1771,"torch.Size([1, 35, 8192])",torch.bfloat16,573440
t_669,"torch.Size([8192, 1024])",torch.bfloat16,16777216
view_1772,"torch.Size([35, 8192])",torch.bfloat16,573440
mm_588,"torch.Size([35, 1024])",torch.bfloat16,71680
view_1773,"torch.Size([1, 35, 1024])",torch.bfloat16,71680
t_670,"torch.Size([8192, 1024])",torch.bfloat16,16777216
view_1774,"torch.Size([35, 8192])",torch.bfloat16,573440
mm_589,"torch.Size([35, 1024])",torch.bfloat16,71680
view_1775,"torch.Size([1, 35, 1024])",torch.bfloat16,71680
view_1776,"torch.Size([1, 35, 64, 128])",torch.bfloat16,573440
transpose_407,"torch.Size([1, 64, 35, 128])",torch.bfloat16,573440
view_1777,"torch.Size([1, 35, 8, 128])",torch.bfloat16,71680
transpose_408,"torch.Size([1, 8, 35, 128])",torch.bfloat16,71680
view_1778,"torch.Size([1, 35, 8, 128])",torch.bfloat16,71680
transpose_409,"torch.Size([1, 8, 35, 128])",torch.bfloat16,71680
unsqueeze_233,"torch.Size([1, 1, 35, 128])",torch.bfloat16,8960
unsqueeze_234,"torch.Size([1, 1, 35, 128])",torch.bfloat16,8960
mul_612,"torch.Size([1, 64, 35, 128])",torch.bfloat16,573440
slice_1034,"torch.Size([1, 64, 35, 64])",torch.bfloat16,286720
slice_1035,"torch.Size([1, 64, 35, 64])",torch.bfloat16,286720
neg_98,"torch.Size([1, 64, 35, 64])",torch.bfloat16,286720
cat_101,"torch.Size([1, 64, 35, 128])",torch.bfloat16,573440
mul_613,"torch.Size([1, 64, 35, 128])",torch.bfloat16,573440
add_452,"torch.Size([1, 64, 35, 128])",torch.bfloat16,573440
mul_614,"torch.Size([1, 8, 35, 128])",torch.bfloat16,71680
slice_1036,"torch.Size([1, 8, 35, 64])",torch.bfloat16,35840
slice_1037,"torch.Size([1, 8, 35, 64])",torch.bfloat16,35840
neg_99,"torch.Size([1, 8, 35, 64])",torch.bfloat16,35840
cat_102,"torch.Size([1, 8, 35, 128])",torch.bfloat16,71680
mul_615,"torch.Size([1, 8, 35, 128])",torch.bfloat16,71680
add_453,"torch.Size([1, 8, 35, 128])",torch.bfloat16,71680
slice_1038,"torch.Size([1, 8, 35, 128])",torch.bfloat16,71680
slice_1039,"torch.Size([1, 8, 35, 128])",torch.bfloat16,71680
unsqueeze_235,"torch.Size([1, 8, 1, 35, 128])",torch.bfloat16,71680
slice_1040,"torch.Size([1, 8, 1, 35, 128])",torch.bfloat16,71680
slice_1041,"torch.Size([1, 8, 1, 35, 128])",torch.bfloat16,71680
expand_131,"torch.Size([1, 8, 8, 35, 128])",torch.bfloat16,573440
clone_124,"torch.Size([1, 8, 8, 35, 128])",torch.bfloat16,573440
_unsafe_view_122,"torch.Size([1, 64, 35, 128])",torch.bfloat16,573440
slice_1042,"torch.Size([1, 8, 35, 128])",torch.bfloat16,71680
slice_1043,"torch.Size([1, 8, 35, 128])",torch.bfloat16,71680
unsqueeze_236,"torch.Size([1, 8, 1, 35, 128])",torch.bfloat16,71680
slice_1044,"torch.Size([1, 8, 1, 35, 128])",torch.bfloat16,71680
slice_1045,"torch.Size([1, 8, 1, 35, 128])",torch.bfloat16,71680
expand_132,"torch.Size([1, 8, 8, 35, 128])",torch.bfloat16,573440
clone_125,"torch.Size([1, 8, 8, 35, 128])",torch.bfloat16,573440
_unsafe_view_123,"torch.Size([1, 64, 35, 128])",torch.bfloat16,573440
slice_1049,"torch.Size([1, 1, 35, 35])",torch.bfloat16,2450
slice_1050,"torch.Size([1, 1, 35, 35])",torch.bfloat16,2450
slice_1051,"torch.Size([1, 1, 35, 35])",torch.bfloat16,2450
getitem_448,"torch.Size([1, 64, 35, 128])",torch.bfloat16,573440
transpose_410,"torch.Size([1, 35, 64, 128])",torch.bfloat16,573440
view_1779,"torch.Size([1, 35, 8192])",torch.bfloat16,573440
t_671,"torch.Size([8192, 8192])",torch.bfloat16,134217728
view_1780,"torch.Size([35, 8192])",torch.bfloat16,573440
mm_590,"torch.Size([35, 8192])",torch.bfloat16,573440
view_1781,"torch.Size([1, 35, 8192])",torch.bfloat16,573440
add_454,"torch.Size([1, 35, 8192])",torch.bfloat16,573440
_to_copy_302,"torch.Size([1, 35, 8192])",torch.float32,1146880
pow_148,"torch.Size([1, 35, 8192])",torch.float32,1146880
mean_147,"torch.Size([1, 35, 1])",torch.float32,140
add_455,"torch.Size([1, 35, 1])",torch.float32,140
rsqrt_147,"torch.Size([1, 35, 1])",torch.float32,140
mul_616,"torch.Size([1, 35, 8192])",torch.float32,1146880
_to_copy_303,"torch.Size([1, 35, 8192])",torch.bfloat16,573440
mul_617,"torch.Size([1, 35, 8192])",torch.bfloat16,573440
t_672,"torch.Size([8192, 28672])",torch.bfloat16,469762048
view_1782,"torch.Size([35, 8192])",torch.bfloat16,573440
mm_591,"torch.Size([35, 28672])",torch.bfloat16,2007040
view_1783,"torch.Size([1, 35, 28672])",torch.bfloat16,2007040
silu_61,"torch.Size([1, 35, 28672])",torch.bfloat16,2007040
t_673,"torch.Size([8192, 28672])",torch.bfloat16,469762048
view_1784,"torch.Size([35, 8192])",torch.bfloat16,573440
mm_592,"torch.Size([35, 28672])",torch.bfloat16,2007040
view_1785,"torch.Size([1, 35, 28672])",torch.bfloat16,2007040
mul_618,"torch.Size([1, 35, 28672])",torch.bfloat16,2007040
t_674,"torch.Size([28672, 8192])",torch.bfloat16,469762048
view_1786,"torch.Size([35, 28672])",torch.bfloat16,2007040
mm_593,"torch.Size([35, 8192])",torch.bfloat16,573440
view_1787,"torch.Size([1, 35, 8192])",torch.bfloat16,573440
add_456,"torch.Size([1, 35, 8192])",torch.bfloat16,573440
_to_copy_304,"torch.Size([1, 35, 8192])",torch.float32,1146880
pow_149,"torch.Size([1, 35, 8192])",torch.float32,1146880
mean_148,"torch.Size([1, 35, 1])",torch.float32,140
add_457,"torch.Size([1, 35, 1])",torch.float32,140
rsqrt_148,"torch.Size([1, 35, 1])",torch.float32,140
mul_619,"torch.Size([1, 35, 8192])",torch.float32,1146880
_to_copy_305,"torch.Size([1, 35, 8192])",torch.bfloat16,573440
mul_620,"torch.Size([1, 35, 8192])",torch.bfloat16,573440
t_675,"torch.Size([8192, 8192])",torch.bfloat16,134217728
view_1788,"torch.Size([35, 8192])",torch.bfloat16,573440
mm_594,"torch.Size([35, 8192])",torch.bfloat16,573440
view_1789,"torch.Size([1, 35, 8192])",torch.bfloat16,573440
t_676,"torch.Size([8192, 1024])",torch.bfloat16,16777216
view_1790,"torch.Size([35, 8192])",torch.bfloat16,573440
mm_595,"torch.Size([35, 1024])",torch.bfloat16,71680
view_1791,"torch.Size([1, 35, 1024])",torch.bfloat16,71680
t_677,"torch.Size([8192, 1024])",torch.bfloat16,16777216
view_1792,"torch.Size([35, 8192])",torch.bfloat16,573440
mm_596,"torch.Size([35, 1024])",torch.bfloat16,71680
view_1793,"torch.Size([1, 35, 1024])",torch.bfloat16,71680
view_1794,"torch.Size([1, 35, 64, 128])",torch.bfloat16,573440
transpose_411,"torch.Size([1, 64, 35, 128])",torch.bfloat16,573440
view_1795,"torch.Size([1, 35, 8, 128])",torch.bfloat16,71680
transpose_412,"torch.Size([1, 8, 35, 128])",torch.bfloat16,71680
view_1796,"torch.Size([1, 35, 8, 128])",torch.bfloat16,71680
transpose_413,"torch.Size([1, 8, 35, 128])",torch.bfloat16,71680
unsqueeze_237,"torch.Size([1, 1, 35, 128])",torch.bfloat16,8960
unsqueeze_238,"torch.Size([1, 1, 35, 128])",torch.bfloat16,8960
mul_621,"torch.Size([1, 64, 35, 128])",torch.bfloat16,573440
slice_1052,"torch.Size([1, 64, 35, 64])",torch.bfloat16,286720
slice_1053,"torch.Size([1, 64, 35, 64])",torch.bfloat16,286720
neg_100,"torch.Size([1, 64, 35, 64])",torch.bfloat16,286720
cat_103,"torch.Size([1, 64, 35, 128])",torch.bfloat16,573440
mul_622,"torch.Size([1, 64, 35, 128])",torch.bfloat16,573440
add_458,"torch.Size([1, 64, 35, 128])",torch.bfloat16,573440
mul_623,"torch.Size([1, 8, 35, 128])",torch.bfloat16,71680
slice_1054,"torch.Size([1, 8, 35, 64])",torch.bfloat16,35840
slice_1055,"torch.Size([1, 8, 35, 64])",torch.bfloat16,35840
neg_101,"torch.Size([1, 8, 35, 64])",torch.bfloat16,35840
cat_104,"torch.Size([1, 8, 35, 128])",torch.bfloat16,71680
mul_624,"torch.Size([1, 8, 35, 128])",torch.bfloat16,71680
add_459,"torch.Size([1, 8, 35, 128])",torch.bfloat16,71680
slice_1056,"torch.Size([1, 8, 35, 128])",torch.bfloat16,71680
slice_1057,"torch.Size([1, 8, 35, 128])",torch.bfloat16,71680
unsqueeze_239,"torch.Size([1, 8, 1, 35, 128])",torch.bfloat16,71680
slice_1058,"torch.Size([1, 8, 1, 35, 128])",torch.bfloat16,71680
slice_1059,"torch.Size([1, 8, 1, 35, 128])",torch.bfloat16,71680
expand_133,"torch.Size([1, 8, 8, 35, 128])",torch.bfloat16,573440
clone_126,"torch.Size([1, 8, 8, 35, 128])",torch.bfloat16,573440
_unsafe_view_124,"torch.Size([1, 64, 35, 128])",torch.bfloat16,573440
slice_1060,"torch.Size([1, 8, 35, 128])",torch.bfloat16,71680
slice_1061,"torch.Size([1, 8, 35, 128])",torch.bfloat16,71680
unsqueeze_240,"torch.Size([1, 8, 1, 35, 128])",torch.bfloat16,71680
slice_1062,"torch.Size([1, 8, 1, 35, 128])",torch.bfloat16,71680
slice_1063,"torch.Size([1, 8, 1, 35, 128])",torch.bfloat16,71680
expand_134,"torch.Size([1, 8, 8, 35, 128])",torch.bfloat16,573440
clone_127,"torch.Size([1, 8, 8, 35, 128])",torch.bfloat16,573440
_unsafe_view_125,"torch.Size([1, 64, 35, 128])",torch.bfloat16,573440
slice_1067,"torch.Size([1, 1, 35, 35])",torch.bfloat16,2450
slice_1068,"torch.Size([1, 1, 35, 35])",torch.bfloat16,2450
slice_1069,"torch.Size([1, 1, 35, 35])",torch.bfloat16,2450
getitem_450,"torch.Size([1, 64, 35, 128])",torch.bfloat16,573440
transpose_414,"torch.Size([1, 35, 64, 128])",torch.bfloat16,573440
view_1797,"torch.Size([1, 35, 8192])",torch.bfloat16,573440
t_678,"torch.Size([8192, 8192])",torch.bfloat16,134217728
view_1798,"torch.Size([35, 8192])",torch.bfloat16,573440
mm_597,"torch.Size([35, 8192])",torch.bfloat16,573440
view_1799,"torch.Size([1, 35, 8192])",torch.bfloat16,573440
add_460,"torch.Size([1, 35, 8192])",torch.bfloat16,573440
_to_copy_306,"torch.Size([1, 35, 8192])",torch.float32,1146880
pow_150,"torch.Size([1, 35, 8192])",torch.float32,1146880
mean_149,"torch.Size([1, 35, 1])",torch.float32,140
add_461,"torch.Size([1, 35, 1])",torch.float32,140
rsqrt_149,"torch.Size([1, 35, 1])",torch.float32,140
mul_625,"torch.Size([1, 35, 8192])",torch.float32,1146880
_to_copy_307,"torch.Size([1, 35, 8192])",torch.bfloat16,573440
mul_626,"torch.Size([1, 35, 8192])",torch.bfloat16,573440
t_679,"torch.Size([8192, 28672])",torch.bfloat16,469762048
view_1800,"torch.Size([35, 8192])",torch.bfloat16,573440
mm_598,"torch.Size([35, 28672])",torch.bfloat16,2007040
view_1801,"torch.Size([1, 35, 28672])",torch.bfloat16,2007040
silu_62,"torch.Size([1, 35, 28672])",torch.bfloat16,2007040
t_680,"torch.Size([8192, 28672])",torch.bfloat16,469762048
view_1802,"torch.Size([35, 8192])",torch.bfloat16,573440
mm_599,"torch.Size([35, 28672])",torch.bfloat16,2007040
view_1803,"torch.Size([1, 35, 28672])",torch.bfloat16,2007040
mul_627,"torch.Size([1, 35, 28672])",torch.bfloat16,2007040
t_681,"torch.Size([28672, 8192])",torch.bfloat16,469762048
view_1804,"torch.Size([35, 28672])",torch.bfloat16,2007040
mm_600,"torch.Size([35, 8192])",torch.bfloat16,573440
view_1805,"torch.Size([1, 35, 8192])",torch.bfloat16,573440
add_462,"torch.Size([1, 35, 8192])",torch.bfloat16,573440
_to_copy_308,"torch.Size([1, 35, 8192])",torch.float32,1146880
pow_151,"torch.Size([1, 35, 8192])",torch.float32,1146880
mean_150,"torch.Size([1, 35, 1])",torch.float32,140
add_463,"torch.Size([1, 35, 1])",torch.float32,140
rsqrt_150,"torch.Size([1, 35, 1])",torch.float32,140
mul_628,"torch.Size([1, 35, 8192])",torch.float32,1146880
_to_copy_309,"torch.Size([1, 35, 8192])",torch.bfloat16,573440
mul_629,"torch.Size([1, 35, 8192])",torch.bfloat16,573440
t_682,"torch.Size([8192, 8192])",torch.bfloat16,134217728
view_1806,"torch.Size([35, 8192])",torch.bfloat16,573440
mm_601,"torch.Size([35, 8192])",torch.bfloat16,573440
view_1807,"torch.Size([1, 35, 8192])",torch.bfloat16,573440
view_1808,"torch.Size([1, 35, 64, 128])",torch.bfloat16,573440
transpose_415,"torch.Size([1, 64, 35, 128])",torch.bfloat16,573440
_to_copy_310,"torch.Size([1, 64, 35, 128])",torch.float32,1146880
pow_152,"torch.Size([1, 64, 35, 128])",torch.float32,1146880
mean_151,"torch.Size([1, 64, 35, 1])",torch.float32,8960
add_464,"torch.Size([1, 64, 35, 1])",torch.float32,8960
rsqrt_151,"torch.Size([1, 64, 35, 1])",torch.float32,8960
mul_630,"torch.Size([1, 64, 35, 128])",torch.float32,1146880
_to_copy_311,"torch.Size([1, 64, 35, 128])",torch.bfloat16,573440
mul_631,"torch.Size([1, 64, 35, 128])",torch.bfloat16,573440
t_683,"torch.Size([8192, 1024])",torch.bfloat16,16777216
view_1809,"torch.Size([6404, 8192])",torch.bfloat16,104923136
mm_602,"torch.Size([6404, 1024])",torch.bfloat16,13115392
view_1810,"torch.Size([4, 1601, 1024])",torch.bfloat16,13115392
t_684,"torch.Size([8192, 1024])",torch.bfloat16,16777216
view_1811,"torch.Size([6404, 8192])",torch.bfloat16,104923136
mm_603,"torch.Size([6404, 1024])",torch.bfloat16,13115392
view_1812,"torch.Size([4, 1601, 1024])",torch.bfloat16,13115392
view_1813,"torch.Size([1, 6404, 8, 128])",torch.bfloat16,13115392
transpose_416,"torch.Size([1, 8, 6404, 128])",torch.bfloat16,13115392
view_1814,"torch.Size([1, 6404, 8, 128])",torch.bfloat16,13115392
transpose_417,"torch.Size([1, 8, 6404, 128])",torch.bfloat16,13115392
slice_1070,"torch.Size([1, 8, 6404, 128])",torch.bfloat16,13115392
slice_1071,"torch.Size([1, 8, 6404, 128])",torch.bfloat16,13115392
unsqueeze_241,"torch.Size([1, 8, 1, 6404, 128])",torch.bfloat16,13115392
slice_1072,"torch.Size([1, 8, 1, 6404, 128])",torch.bfloat16,13115392
slice_1073,"torch.Size([1, 8, 1, 6404, 128])",torch.bfloat16,13115392
expand_135,"torch.Size([1, 8, 8, 6404, 128])",torch.bfloat16,104923136
clone_128,"torch.Size([1, 8, 8, 6404, 128])",torch.bfloat16,104923136
_unsafe_view_126,"torch.Size([1, 64, 6404, 128])",torch.bfloat16,104923136
slice_1074,"torch.Size([1, 8, 6404, 128])",torch.bfloat16,13115392
slice_1075,"torch.Size([1, 8, 6404, 128])",torch.bfloat16,13115392
unsqueeze_242,"torch.Size([1, 8, 1, 6404, 128])",torch.bfloat16,13115392
slice_1076,"torch.Size([1, 8, 1, 6404, 128])",torch.bfloat16,13115392
slice_1077,"torch.Size([1, 8, 1, 6404, 128])",torch.bfloat16,13115392
expand_136,"torch.Size([1, 8, 8, 6404, 128])",torch.bfloat16,104923136
clone_129,"torch.Size([1, 8, 8, 6404, 128])",torch.bfloat16,104923136
_unsafe_view_127,"torch.Size([1, 64, 6404, 128])",torch.bfloat16,104923136
_to_copy_312,"torch.Size([1, 64, 6404, 128])",torch.float32,209846272
pow_153,"torch.Size([1, 64, 6404, 128])",torch.float32,209846272
mean_152,"torch.Size([1, 64, 6404, 1])",torch.float32,1639424
add_465,"torch.Size([1, 64, 6404, 1])",torch.float32,1639424
rsqrt_152,"torch.Size([1, 64, 6404, 1])",torch.float32,1639424
mul_632,"torch.Size([1, 64, 6404, 128])",torch.float32,209846272
_to_copy_313,"torch.Size([1, 64, 6404, 128])",torch.bfloat16,104923136
mul_633,"torch.Size([1, 64, 6404, 128])",torch.bfloat16,104923136
getitem_452,"torch.Size([1, 64, 35, 128])",torch.bfloat16,573440
transpose_418,"torch.Size([1, 35, 64, 128])",torch.bfloat16,573440
view_1815,"torch.Size([1, 35, 8192])",torch.bfloat16,573440
t_685,"torch.Size([8192, 8192])",torch.bfloat16,134217728
view_1816,"torch.Size([35, 8192])",torch.bfloat16,573440
mm_604,"torch.Size([35, 8192])",torch.bfloat16,573440
view_1817,"torch.Size([1, 35, 8192])",torch.bfloat16,573440
tanh_44,torch.Size([1]),torch.bfloat16,2
mul_634,"torch.Size([1, 35, 8192])",torch.bfloat16,573440
add_466,"torch.Size([1, 35, 8192])",torch.bfloat16,573440
_to_copy_314,"torch.Size([1, 35, 8192])",torch.float32,1146880
pow_154,"torch.Size([1, 35, 8192])",torch.float32,1146880
mean_153,"torch.Size([1, 35, 1])",torch.float32,140
add_467,"torch.Size([1, 35, 1])",torch.float32,140
rsqrt_153,"torch.Size([1, 35, 1])",torch.float32,140
mul_635,"torch.Size([1, 35, 8192])",torch.float32,1146880
_to_copy_315,"torch.Size([1, 35, 8192])",torch.bfloat16,573440
mul_636,"torch.Size([1, 35, 8192])",torch.bfloat16,573440
t_686,"torch.Size([8192, 28672])",torch.bfloat16,469762048
view_1818,"torch.Size([35, 8192])",torch.bfloat16,573440
mm_605,"torch.Size([35, 28672])",torch.bfloat16,2007040
view_1819,"torch.Size([1, 35, 28672])",torch.bfloat16,2007040
silu_63,"torch.Size([1, 35, 28672])",torch.bfloat16,2007040
t_687,"torch.Size([8192, 28672])",torch.bfloat16,469762048
view_1820,"torch.Size([35, 8192])",torch.bfloat16,573440
mm_606,"torch.Size([35, 28672])",torch.bfloat16,2007040
view_1821,"torch.Size([1, 35, 28672])",torch.bfloat16,2007040
mul_637,"torch.Size([1, 35, 28672])",torch.bfloat16,2007040
t_688,"torch.Size([28672, 8192])",torch.bfloat16,469762048
view_1822,"torch.Size([35, 28672])",torch.bfloat16,2007040
mm_607,"torch.Size([35, 8192])",torch.bfloat16,573440
view_1823,"torch.Size([1, 35, 8192])",torch.bfloat16,573440
slice_1078,"torch.Size([1, 1, 35, 1])",torch.bfloat16,70
select_12,"torch.Size([1, 35, 1])",torch.bfloat16,70
mul_638,"torch.Size([1, 35, 8192])",torch.bfloat16,573440
tanh_45,torch.Size([1]),torch.bfloat16,2
mul_639,"torch.Size([1, 35, 8192])",torch.bfloat16,573440
add_468,"torch.Size([1, 35, 8192])",torch.bfloat16,573440
_to_copy_316,"torch.Size([1, 35, 8192])",torch.float32,1146880
pow_155,"torch.Size([1, 35, 8192])",torch.float32,1146880
mean_154,"torch.Size([1, 35, 1])",torch.float32,140
add_469,"torch.Size([1, 35, 1])",torch.float32,140
rsqrt_154,"torch.Size([1, 35, 1])",torch.float32,140
mul_640,"torch.Size([1, 35, 8192])",torch.float32,1146880
_to_copy_317,"torch.Size([1, 35, 8192])",torch.bfloat16,573440
mul_641,"torch.Size([1, 35, 8192])",torch.bfloat16,573440
t_689,"torch.Size([8192, 8192])",torch.bfloat16,134217728
view_1824,"torch.Size([35, 8192])",torch.bfloat16,573440
mm_608,"torch.Size([35, 8192])",torch.bfloat16,573440
view_1825,"torch.Size([1, 35, 8192])",torch.bfloat16,573440
t_690,"torch.Size([8192, 1024])",torch.bfloat16,16777216
view_1826,"torch.Size([35, 8192])",torch.bfloat16,573440
mm_609,"torch.Size([35, 1024])",torch.bfloat16,71680
view_1827,"torch.Size([1, 35, 1024])",torch.bfloat16,71680
t_691,"torch.Size([8192, 1024])",torch.bfloat16,16777216
view_1828,"torch.Size([35, 8192])",torch.bfloat16,573440
mm_610,"torch.Size([35, 1024])",torch.bfloat16,71680
view_1829,"torch.Size([1, 35, 1024])",torch.bfloat16,71680
view_1830,"torch.Size([1, 35, 64, 128])",torch.bfloat16,573440
transpose_419,"torch.Size([1, 64, 35, 128])",torch.bfloat16,573440
view_1831,"torch.Size([1, 35, 8, 128])",torch.bfloat16,71680
transpose_420,"torch.Size([1, 8, 35, 128])",torch.bfloat16,71680
view_1832,"torch.Size([1, 35, 8, 128])",torch.bfloat16,71680
transpose_421,"torch.Size([1, 8, 35, 128])",torch.bfloat16,71680
unsqueeze_243,"torch.Size([1, 1, 35, 128])",torch.bfloat16,8960
unsqueeze_244,"torch.Size([1, 1, 35, 128])",torch.bfloat16,8960
mul_642,"torch.Size([1, 64, 35, 128])",torch.bfloat16,573440
slice_1079,"torch.Size([1, 64, 35, 64])",torch.bfloat16,286720
slice_1080,"torch.Size([1, 64, 35, 64])",torch.bfloat16,286720
neg_102,"torch.Size([1, 64, 35, 64])",torch.bfloat16,286720
cat_105,"torch.Size([1, 64, 35, 128])",torch.bfloat16,573440
mul_643,"torch.Size([1, 64, 35, 128])",torch.bfloat16,573440
add_470,"torch.Size([1, 64, 35, 128])",torch.bfloat16,573440
mul_644,"torch.Size([1, 8, 35, 128])",torch.bfloat16,71680
slice_1081,"torch.Size([1, 8, 35, 64])",torch.bfloat16,35840
slice_1082,"torch.Size([1, 8, 35, 64])",torch.bfloat16,35840
neg_103,"torch.Size([1, 8, 35, 64])",torch.bfloat16,35840
cat_106,"torch.Size([1, 8, 35, 128])",torch.bfloat16,71680
mul_645,"torch.Size([1, 8, 35, 128])",torch.bfloat16,71680
add_471,"torch.Size([1, 8, 35, 128])",torch.bfloat16,71680
slice_1083,"torch.Size([1, 8, 35, 128])",torch.bfloat16,71680
slice_1084,"torch.Size([1, 8, 35, 128])",torch.bfloat16,71680
unsqueeze_245,"torch.Size([1, 8, 1, 35, 128])",torch.bfloat16,71680
slice_1085,"torch.Size([1, 8, 1, 35, 128])",torch.bfloat16,71680
slice_1086,"torch.Size([1, 8, 1, 35, 128])",torch.bfloat16,71680
expand_137,"torch.Size([1, 8, 8, 35, 128])",torch.bfloat16,573440
clone_130,"torch.Size([1, 8, 8, 35, 128])",torch.bfloat16,573440
_unsafe_view_128,"torch.Size([1, 64, 35, 128])",torch.bfloat16,573440
slice_1087,"torch.Size([1, 8, 35, 128])",torch.bfloat16,71680
slice_1088,"torch.Size([1, 8, 35, 128])",torch.bfloat16,71680
unsqueeze_246,"torch.Size([1, 8, 1, 35, 128])",torch.bfloat16,71680
slice_1089,"torch.Size([1, 8, 1, 35, 128])",torch.bfloat16,71680
slice_1090,"torch.Size([1, 8, 1, 35, 128])",torch.bfloat16,71680
expand_138,"torch.Size([1, 8, 8, 35, 128])",torch.bfloat16,573440
clone_131,"torch.Size([1, 8, 8, 35, 128])",torch.bfloat16,573440
_unsafe_view_129,"torch.Size([1, 64, 35, 128])",torch.bfloat16,573440
slice_1094,"torch.Size([1, 1, 35, 35])",torch.bfloat16,2450
slice_1095,"torch.Size([1, 1, 35, 35])",torch.bfloat16,2450
slice_1096,"torch.Size([1, 1, 35, 35])",torch.bfloat16,2450
getitem_454,"torch.Size([1, 64, 35, 128])",torch.bfloat16,573440
transpose_422,"torch.Size([1, 35, 64, 128])",torch.bfloat16,573440
view_1833,"torch.Size([1, 35, 8192])",torch.bfloat16,573440
t_692,"torch.Size([8192, 8192])",torch.bfloat16,134217728
view_1834,"torch.Size([35, 8192])",torch.bfloat16,573440
mm_611,"torch.Size([35, 8192])",torch.bfloat16,573440
view_1835,"torch.Size([1, 35, 8192])",torch.bfloat16,573440
add_472,"torch.Size([1, 35, 8192])",torch.bfloat16,573440
_to_copy_318,"torch.Size([1, 35, 8192])",torch.float32,1146880
pow_156,"torch.Size([1, 35, 8192])",torch.float32,1146880
mean_155,"torch.Size([1, 35, 1])",torch.float32,140
add_473,"torch.Size([1, 35, 1])",torch.float32,140
rsqrt_155,"torch.Size([1, 35, 1])",torch.float32,140
mul_646,"torch.Size([1, 35, 8192])",torch.float32,1146880
_to_copy_319,"torch.Size([1, 35, 8192])",torch.bfloat16,573440
mul_647,"torch.Size([1, 35, 8192])",torch.bfloat16,573440
t_693,"torch.Size([8192, 28672])",torch.bfloat16,469762048
view_1836,"torch.Size([35, 8192])",torch.bfloat16,573440
mm_612,"torch.Size([35, 28672])",torch.bfloat16,2007040
view_1837,"torch.Size([1, 35, 28672])",torch.bfloat16,2007040
silu_64,"torch.Size([1, 35, 28672])",torch.bfloat16,2007040
t_694,"torch.Size([8192, 28672])",torch.bfloat16,469762048
view_1838,"torch.Size([35, 8192])",torch.bfloat16,573440
mm_613,"torch.Size([35, 28672])",torch.bfloat16,2007040
view_1839,"torch.Size([1, 35, 28672])",torch.bfloat16,2007040
mul_648,"torch.Size([1, 35, 28672])",torch.bfloat16,2007040
t_695,"torch.Size([28672, 8192])",torch.bfloat16,469762048
view_1840,"torch.Size([35, 28672])",torch.bfloat16,2007040
mm_614,"torch.Size([35, 8192])",torch.bfloat16,573440
view_1841,"torch.Size([1, 35, 8192])",torch.bfloat16,573440
add_474,"torch.Size([1, 35, 8192])",torch.bfloat16,573440
_to_copy_320,"torch.Size([1, 35, 8192])",torch.float32,1146880
pow_157,"torch.Size([1, 35, 8192])",torch.float32,1146880
mean_156,"torch.Size([1, 35, 1])",torch.float32,140
add_475,"torch.Size([1, 35, 1])",torch.float32,140
rsqrt_156,"torch.Size([1, 35, 1])",torch.float32,140
mul_649,"torch.Size([1, 35, 8192])",torch.float32,1146880
_to_copy_321,"torch.Size([1, 35, 8192])",torch.bfloat16,573440
mul_650,"torch.Size([1, 35, 8192])",torch.bfloat16,573440
t_696,"torch.Size([8192, 8192])",torch.bfloat16,134217728
view_1842,"torch.Size([35, 8192])",torch.bfloat16,573440
mm_615,"torch.Size([35, 8192])",torch.bfloat16,573440
view_1843,"torch.Size([1, 35, 8192])",torch.bfloat16,573440
t_697,"torch.Size([8192, 1024])",torch.bfloat16,16777216
view_1844,"torch.Size([35, 8192])",torch.bfloat16,573440
mm_616,"torch.Size([35, 1024])",torch.bfloat16,71680
view_1845,"torch.Size([1, 35, 1024])",torch.bfloat16,71680
t_698,"torch.Size([8192, 1024])",torch.bfloat16,16777216
view_1846,"torch.Size([35, 8192])",torch.bfloat16,573440
mm_617,"torch.Size([35, 1024])",torch.bfloat16,71680
view_1847,"torch.Size([1, 35, 1024])",torch.bfloat16,71680
view_1848,"torch.Size([1, 35, 64, 128])",torch.bfloat16,573440
transpose_423,"torch.Size([1, 64, 35, 128])",torch.bfloat16,573440
view_1849,"torch.Size([1, 35, 8, 128])",torch.bfloat16,71680
transpose_424,"torch.Size([1, 8, 35, 128])",torch.bfloat16,71680
view_1850,"torch.Size([1, 35, 8, 128])",torch.bfloat16,71680
transpose_425,"torch.Size([1, 8, 35, 128])",torch.bfloat16,71680
unsqueeze_247,"torch.Size([1, 1, 35, 128])",torch.bfloat16,8960
unsqueeze_248,"torch.Size([1, 1, 35, 128])",torch.bfloat16,8960
mul_651,"torch.Size([1, 64, 35, 128])",torch.bfloat16,573440
slice_1097,"torch.Size([1, 64, 35, 64])",torch.bfloat16,286720
slice_1098,"torch.Size([1, 64, 35, 64])",torch.bfloat16,286720
neg_104,"torch.Size([1, 64, 35, 64])",torch.bfloat16,286720
cat_107,"torch.Size([1, 64, 35, 128])",torch.bfloat16,573440
mul_652,"torch.Size([1, 64, 35, 128])",torch.bfloat16,573440
add_476,"torch.Size([1, 64, 35, 128])",torch.bfloat16,573440
mul_653,"torch.Size([1, 8, 35, 128])",torch.bfloat16,71680
slice_1099,"torch.Size([1, 8, 35, 64])",torch.bfloat16,35840
slice_1100,"torch.Size([1, 8, 35, 64])",torch.bfloat16,35840
neg_105,"torch.Size([1, 8, 35, 64])",torch.bfloat16,35840
cat_108,"torch.Size([1, 8, 35, 128])",torch.bfloat16,71680
mul_654,"torch.Size([1, 8, 35, 128])",torch.bfloat16,71680
add_477,"torch.Size([1, 8, 35, 128])",torch.bfloat16,71680
slice_1101,"torch.Size([1, 8, 35, 128])",torch.bfloat16,71680
slice_1102,"torch.Size([1, 8, 35, 128])",torch.bfloat16,71680
unsqueeze_249,"torch.Size([1, 8, 1, 35, 128])",torch.bfloat16,71680
slice_1103,"torch.Size([1, 8, 1, 35, 128])",torch.bfloat16,71680
slice_1104,"torch.Size([1, 8, 1, 35, 128])",torch.bfloat16,71680
expand_139,"torch.Size([1, 8, 8, 35, 128])",torch.bfloat16,573440
clone_132,"torch.Size([1, 8, 8, 35, 128])",torch.bfloat16,573440
_unsafe_view_130,"torch.Size([1, 64, 35, 128])",torch.bfloat16,573440
slice_1105,"torch.Size([1, 8, 35, 128])",torch.bfloat16,71680
slice_1106,"torch.Size([1, 8, 35, 128])",torch.bfloat16,71680
unsqueeze_250,"torch.Size([1, 8, 1, 35, 128])",torch.bfloat16,71680
slice_1107,"torch.Size([1, 8, 1, 35, 128])",torch.bfloat16,71680
slice_1108,"torch.Size([1, 8, 1, 35, 128])",torch.bfloat16,71680
expand_140,"torch.Size([1, 8, 8, 35, 128])",torch.bfloat16,573440
clone_133,"torch.Size([1, 8, 8, 35, 128])",torch.bfloat16,573440
_unsafe_view_131,"torch.Size([1, 64, 35, 128])",torch.bfloat16,573440
slice_1112,"torch.Size([1, 1, 35, 35])",torch.bfloat16,2450
slice_1113,"torch.Size([1, 1, 35, 35])",torch.bfloat16,2450
slice_1114,"torch.Size([1, 1, 35, 35])",torch.bfloat16,2450
getitem_456,"torch.Size([1, 64, 35, 128])",torch.bfloat16,573440
transpose_426,"torch.Size([1, 35, 64, 128])",torch.bfloat16,573440
view_1851,"torch.Size([1, 35, 8192])",torch.bfloat16,573440
t_699,"torch.Size([8192, 8192])",torch.bfloat16,134217728
view_1852,"torch.Size([35, 8192])",torch.bfloat16,573440
mm_618,"torch.Size([35, 8192])",torch.bfloat16,573440
view_1853,"torch.Size([1, 35, 8192])",torch.bfloat16,573440
add_478,"torch.Size([1, 35, 8192])",torch.bfloat16,573440
_to_copy_322,"torch.Size([1, 35, 8192])",torch.float32,1146880
pow_158,"torch.Size([1, 35, 8192])",torch.float32,1146880
mean_157,"torch.Size([1, 35, 1])",torch.float32,140
add_479,"torch.Size([1, 35, 1])",torch.float32,140
rsqrt_157,"torch.Size([1, 35, 1])",torch.float32,140
mul_655,"torch.Size([1, 35, 8192])",torch.float32,1146880
_to_copy_323,"torch.Size([1, 35, 8192])",torch.bfloat16,573440
mul_656,"torch.Size([1, 35, 8192])",torch.bfloat16,573440
t_700,"torch.Size([8192, 28672])",torch.bfloat16,469762048
view_1854,"torch.Size([35, 8192])",torch.bfloat16,573440
mm_619,"torch.Size([35, 28672])",torch.bfloat16,2007040
view_1855,"torch.Size([1, 35, 28672])",torch.bfloat16,2007040
silu_65,"torch.Size([1, 35, 28672])",torch.bfloat16,2007040
t_701,"torch.Size([8192, 28672])",torch.bfloat16,469762048
view_1856,"torch.Size([35, 8192])",torch.bfloat16,573440
mm_620,"torch.Size([35, 28672])",torch.bfloat16,2007040
view_1857,"torch.Size([1, 35, 28672])",torch.bfloat16,2007040
mul_657,"torch.Size([1, 35, 28672])",torch.bfloat16,2007040
t_702,"torch.Size([28672, 8192])",torch.bfloat16,469762048
view_1858,"torch.Size([35, 28672])",torch.bfloat16,2007040
mm_621,"torch.Size([35, 8192])",torch.bfloat16,573440
view_1859,"torch.Size([1, 35, 8192])",torch.bfloat16,573440
add_480,"torch.Size([1, 35, 8192])",torch.bfloat16,573440
_to_copy_324,"torch.Size([1, 35, 8192])",torch.float32,1146880
pow_159,"torch.Size([1, 35, 8192])",torch.float32,1146880
mean_158,"torch.Size([1, 35, 1])",torch.float32,140
add_481,"torch.Size([1, 35, 1])",torch.float32,140
rsqrt_158,"torch.Size([1, 35, 1])",torch.float32,140
mul_658,"torch.Size([1, 35, 8192])",torch.float32,1146880
_to_copy_325,"torch.Size([1, 35, 8192])",torch.bfloat16,573440
mul_659,"torch.Size([1, 35, 8192])",torch.bfloat16,573440
t_703,"torch.Size([8192, 8192])",torch.bfloat16,134217728
view_1860,"torch.Size([35, 8192])",torch.bfloat16,573440
mm_622,"torch.Size([35, 8192])",torch.bfloat16,573440
view_1861,"torch.Size([1, 35, 8192])",torch.bfloat16,573440
t_704,"torch.Size([8192, 1024])",torch.bfloat16,16777216
view_1862,"torch.Size([35, 8192])",torch.bfloat16,573440
mm_623,"torch.Size([35, 1024])",torch.bfloat16,71680
view_1863,"torch.Size([1, 35, 1024])",torch.bfloat16,71680
t_705,"torch.Size([8192, 1024])",torch.bfloat16,16777216
view_1864,"torch.Size([35, 8192])",torch.bfloat16,573440
mm_624,"torch.Size([35, 1024])",torch.bfloat16,71680
view_1865,"torch.Size([1, 35, 1024])",torch.bfloat16,71680
view_1866,"torch.Size([1, 35, 64, 128])",torch.bfloat16,573440
transpose_427,"torch.Size([1, 64, 35, 128])",torch.bfloat16,573440
view_1867,"torch.Size([1, 35, 8, 128])",torch.bfloat16,71680
transpose_428,"torch.Size([1, 8, 35, 128])",torch.bfloat16,71680
view_1868,"torch.Size([1, 35, 8, 128])",torch.bfloat16,71680
transpose_429,"torch.Size([1, 8, 35, 128])",torch.bfloat16,71680
unsqueeze_251,"torch.Size([1, 1, 35, 128])",torch.bfloat16,8960
unsqueeze_252,"torch.Size([1, 1, 35, 128])",torch.bfloat16,8960
mul_660,"torch.Size([1, 64, 35, 128])",torch.bfloat16,573440
slice_1115,"torch.Size([1, 64, 35, 64])",torch.bfloat16,286720
slice_1116,"torch.Size([1, 64, 35, 64])",torch.bfloat16,286720
neg_106,"torch.Size([1, 64, 35, 64])",torch.bfloat16,286720
cat_109,"torch.Size([1, 64, 35, 128])",torch.bfloat16,573440
mul_661,"torch.Size([1, 64, 35, 128])",torch.bfloat16,573440
add_482,"torch.Size([1, 64, 35, 128])",torch.bfloat16,573440
mul_662,"torch.Size([1, 8, 35, 128])",torch.bfloat16,71680
slice_1117,"torch.Size([1, 8, 35, 64])",torch.bfloat16,35840
slice_1118,"torch.Size([1, 8, 35, 64])",torch.bfloat16,35840
neg_107,"torch.Size([1, 8, 35, 64])",torch.bfloat16,35840
cat_110,"torch.Size([1, 8, 35, 128])",torch.bfloat16,71680
mul_663,"torch.Size([1, 8, 35, 128])",torch.bfloat16,71680
add_483,"torch.Size([1, 8, 35, 128])",torch.bfloat16,71680
slice_1119,"torch.Size([1, 8, 35, 128])",torch.bfloat16,71680
slice_1120,"torch.Size([1, 8, 35, 128])",torch.bfloat16,71680
unsqueeze_253,"torch.Size([1, 8, 1, 35, 128])",torch.bfloat16,71680
slice_1121,"torch.Size([1, 8, 1, 35, 128])",torch.bfloat16,71680
slice_1122,"torch.Size([1, 8, 1, 35, 128])",torch.bfloat16,71680
expand_141,"torch.Size([1, 8, 8, 35, 128])",torch.bfloat16,573440
clone_134,"torch.Size([1, 8, 8, 35, 128])",torch.bfloat16,573440
_unsafe_view_132,"torch.Size([1, 64, 35, 128])",torch.bfloat16,573440
slice_1123,"torch.Size([1, 8, 35, 128])",torch.bfloat16,71680
slice_1124,"torch.Size([1, 8, 35, 128])",torch.bfloat16,71680
unsqueeze_254,"torch.Size([1, 8, 1, 35, 128])",torch.bfloat16,71680
slice_1125,"torch.Size([1, 8, 1, 35, 128])",torch.bfloat16,71680
slice_1126,"torch.Size([1, 8, 1, 35, 128])",torch.bfloat16,71680
expand_142,"torch.Size([1, 8, 8, 35, 128])",torch.bfloat16,573440
clone_135,"torch.Size([1, 8, 8, 35, 128])",torch.bfloat16,573440
_unsafe_view_133,"torch.Size([1, 64, 35, 128])",torch.bfloat16,573440
slice_1130,"torch.Size([1, 1, 35, 35])",torch.bfloat16,2450
slice_1131,"torch.Size([1, 1, 35, 35])",torch.bfloat16,2450
slice_1132,"torch.Size([1, 1, 35, 35])",torch.bfloat16,2450
getitem_458,"torch.Size([1, 64, 35, 128])",torch.bfloat16,573440
transpose_430,"torch.Size([1, 35, 64, 128])",torch.bfloat16,573440
view_1869,"torch.Size([1, 35, 8192])",torch.bfloat16,573440
t_706,"torch.Size([8192, 8192])",torch.bfloat16,134217728
view_1870,"torch.Size([35, 8192])",torch.bfloat16,573440
mm_625,"torch.Size([35, 8192])",torch.bfloat16,573440
view_1871,"torch.Size([1, 35, 8192])",torch.bfloat16,573440
add_484,"torch.Size([1, 35, 8192])",torch.bfloat16,573440
_to_copy_326,"torch.Size([1, 35, 8192])",torch.float32,1146880
pow_160,"torch.Size([1, 35, 8192])",torch.float32,1146880
mean_159,"torch.Size([1, 35, 1])",torch.float32,140
add_485,"torch.Size([1, 35, 1])",torch.float32,140
rsqrt_159,"torch.Size([1, 35, 1])",torch.float32,140
mul_664,"torch.Size([1, 35, 8192])",torch.float32,1146880
_to_copy_327,"torch.Size([1, 35, 8192])",torch.bfloat16,573440
mul_665,"torch.Size([1, 35, 8192])",torch.bfloat16,573440
t_707,"torch.Size([8192, 28672])",torch.bfloat16,469762048
view_1872,"torch.Size([35, 8192])",torch.bfloat16,573440
mm_626,"torch.Size([35, 28672])",torch.bfloat16,2007040
view_1873,"torch.Size([1, 35, 28672])",torch.bfloat16,2007040
silu_66,"torch.Size([1, 35, 28672])",torch.bfloat16,2007040
t_708,"torch.Size([8192, 28672])",torch.bfloat16,469762048
view_1874,"torch.Size([35, 8192])",torch.bfloat16,573440
mm_627,"torch.Size([35, 28672])",torch.bfloat16,2007040
view_1875,"torch.Size([1, 35, 28672])",torch.bfloat16,2007040
mul_666,"torch.Size([1, 35, 28672])",torch.bfloat16,2007040
t_709,"torch.Size([28672, 8192])",torch.bfloat16,469762048
view_1876,"torch.Size([35, 28672])",torch.bfloat16,2007040
mm_628,"torch.Size([35, 8192])",torch.bfloat16,573440
view_1877,"torch.Size([1, 35, 8192])",torch.bfloat16,573440
add_486,"torch.Size([1, 35, 8192])",torch.bfloat16,573440
_to_copy_328,"torch.Size([1, 35, 8192])",torch.float32,1146880
pow_161,"torch.Size([1, 35, 8192])",torch.float32,1146880
mean_160,"torch.Size([1, 35, 1])",torch.float32,140
add_487,"torch.Size([1, 35, 1])",torch.float32,140
rsqrt_160,"torch.Size([1, 35, 1])",torch.float32,140
mul_667,"torch.Size([1, 35, 8192])",torch.float32,1146880
_to_copy_329,"torch.Size([1, 35, 8192])",torch.bfloat16,573440
mul_668,"torch.Size([1, 35, 8192])",torch.bfloat16,573440
t_710,"torch.Size([8192, 8192])",torch.bfloat16,134217728
view_1878,"torch.Size([35, 8192])",torch.bfloat16,573440
mm_629,"torch.Size([35, 8192])",torch.bfloat16,573440
view_1879,"torch.Size([1, 35, 8192])",torch.bfloat16,573440
t_711,"torch.Size([8192, 1024])",torch.bfloat16,16777216
view_1880,"torch.Size([35, 8192])",torch.bfloat16,573440
mm_630,"torch.Size([35, 1024])",torch.bfloat16,71680
view_1881,"torch.Size([1, 35, 1024])",torch.bfloat16,71680
t_712,"torch.Size([8192, 1024])",torch.bfloat16,16777216
view_1882,"torch.Size([35, 8192])",torch.bfloat16,573440
mm_631,"torch.Size([35, 1024])",torch.bfloat16,71680
view_1883,"torch.Size([1, 35, 1024])",torch.bfloat16,71680
view_1884,"torch.Size([1, 35, 64, 128])",torch.bfloat16,573440
transpose_431,"torch.Size([1, 64, 35, 128])",torch.bfloat16,573440
view_1885,"torch.Size([1, 35, 8, 128])",torch.bfloat16,71680
transpose_432,"torch.Size([1, 8, 35, 128])",torch.bfloat16,71680
view_1886,"torch.Size([1, 35, 8, 128])",torch.bfloat16,71680
transpose_433,"torch.Size([1, 8, 35, 128])",torch.bfloat16,71680
unsqueeze_255,"torch.Size([1, 1, 35, 128])",torch.bfloat16,8960
unsqueeze_256,"torch.Size([1, 1, 35, 128])",torch.bfloat16,8960
mul_669,"torch.Size([1, 64, 35, 128])",torch.bfloat16,573440
slice_1133,"torch.Size([1, 64, 35, 64])",torch.bfloat16,286720
slice_1134,"torch.Size([1, 64, 35, 64])",torch.bfloat16,286720
neg_108,"torch.Size([1, 64, 35, 64])",torch.bfloat16,286720
cat_111,"torch.Size([1, 64, 35, 128])",torch.bfloat16,573440
mul_670,"torch.Size([1, 64, 35, 128])",torch.bfloat16,573440
add_488,"torch.Size([1, 64, 35, 128])",torch.bfloat16,573440
mul_671,"torch.Size([1, 8, 35, 128])",torch.bfloat16,71680
slice_1135,"torch.Size([1, 8, 35, 64])",torch.bfloat16,35840
slice_1136,"torch.Size([1, 8, 35, 64])",torch.bfloat16,35840
neg_109,"torch.Size([1, 8, 35, 64])",torch.bfloat16,35840
cat_112,"torch.Size([1, 8, 35, 128])",torch.bfloat16,71680
mul_672,"torch.Size([1, 8, 35, 128])",torch.bfloat16,71680
add_489,"torch.Size([1, 8, 35, 128])",torch.bfloat16,71680
slice_1137,"torch.Size([1, 8, 35, 128])",torch.bfloat16,71680
slice_1138,"torch.Size([1, 8, 35, 128])",torch.bfloat16,71680
unsqueeze_257,"torch.Size([1, 8, 1, 35, 128])",torch.bfloat16,71680
slice_1139,"torch.Size([1, 8, 1, 35, 128])",torch.bfloat16,71680
slice_1140,"torch.Size([1, 8, 1, 35, 128])",torch.bfloat16,71680
expand_143,"torch.Size([1, 8, 8, 35, 128])",torch.bfloat16,573440
clone_136,"torch.Size([1, 8, 8, 35, 128])",torch.bfloat16,573440
_unsafe_view_134,"torch.Size([1, 64, 35, 128])",torch.bfloat16,573440
slice_1141,"torch.Size([1, 8, 35, 128])",torch.bfloat16,71680
slice_1142,"torch.Size([1, 8, 35, 128])",torch.bfloat16,71680
unsqueeze_258,"torch.Size([1, 8, 1, 35, 128])",torch.bfloat16,71680
slice_1143,"torch.Size([1, 8, 1, 35, 128])",torch.bfloat16,71680
slice_1144,"torch.Size([1, 8, 1, 35, 128])",torch.bfloat16,71680
expand_144,"torch.Size([1, 8, 8, 35, 128])",torch.bfloat16,573440
clone_137,"torch.Size([1, 8, 8, 35, 128])",torch.bfloat16,573440
_unsafe_view_135,"torch.Size([1, 64, 35, 128])",torch.bfloat16,573440
slice_1148,"torch.Size([1, 1, 35, 35])",torch.bfloat16,2450
slice_1149,"torch.Size([1, 1, 35, 35])",torch.bfloat16,2450
slice_1150,"torch.Size([1, 1, 35, 35])",torch.bfloat16,2450
getitem_460,"torch.Size([1, 64, 35, 128])",torch.bfloat16,573440
transpose_434,"torch.Size([1, 35, 64, 128])",torch.bfloat16,573440
view_1887,"torch.Size([1, 35, 8192])",torch.bfloat16,573440
t_713,"torch.Size([8192, 8192])",torch.bfloat16,134217728
view_1888,"torch.Size([35, 8192])",torch.bfloat16,573440
mm_632,"torch.Size([35, 8192])",torch.bfloat16,573440
view_1889,"torch.Size([1, 35, 8192])",torch.bfloat16,573440
add_490,"torch.Size([1, 35, 8192])",torch.bfloat16,573440
_to_copy_330,"torch.Size([1, 35, 8192])",torch.float32,1146880
pow_162,"torch.Size([1, 35, 8192])",torch.float32,1146880
mean_161,"torch.Size([1, 35, 1])",torch.float32,140
add_491,"torch.Size([1, 35, 1])",torch.float32,140
rsqrt_161,"torch.Size([1, 35, 1])",torch.float32,140
mul_673,"torch.Size([1, 35, 8192])",torch.float32,1146880
_to_copy_331,"torch.Size([1, 35, 8192])",torch.bfloat16,573440
mul_674,"torch.Size([1, 35, 8192])",torch.bfloat16,573440
t_714,"torch.Size([8192, 28672])",torch.bfloat16,469762048
view_1890,"torch.Size([35, 8192])",torch.bfloat16,573440
mm_633,"torch.Size([35, 28672])",torch.bfloat16,2007040
view_1891,"torch.Size([1, 35, 28672])",torch.bfloat16,2007040
silu_67,"torch.Size([1, 35, 28672])",torch.bfloat16,2007040
t_715,"torch.Size([8192, 28672])",torch.bfloat16,469762048
view_1892,"torch.Size([35, 8192])",torch.bfloat16,573440
mm_634,"torch.Size([35, 28672])",torch.bfloat16,2007040
view_1893,"torch.Size([1, 35, 28672])",torch.bfloat16,2007040
mul_675,"torch.Size([1, 35, 28672])",torch.bfloat16,2007040
t_716,"torch.Size([28672, 8192])",torch.bfloat16,469762048
view_1894,"torch.Size([35, 28672])",torch.bfloat16,2007040
mm_635,"torch.Size([35, 8192])",torch.bfloat16,573440
view_1895,"torch.Size([1, 35, 8192])",torch.bfloat16,573440
add_492,"torch.Size([1, 35, 8192])",torch.bfloat16,573440
_to_copy_332,"torch.Size([1, 35, 8192])",torch.float32,1146880
pow_163,"torch.Size([1, 35, 8192])",torch.float32,1146880
mean_162,"torch.Size([1, 35, 1])",torch.float32,140
add_493,"torch.Size([1, 35, 1])",torch.float32,140
rsqrt_162,"torch.Size([1, 35, 1])",torch.float32,140
mul_676,"torch.Size([1, 35, 8192])",torch.float32,1146880
_to_copy_333,"torch.Size([1, 35, 8192])",torch.bfloat16,573440
mul_677,"torch.Size([1, 35, 8192])",torch.bfloat16,573440
t_717,"torch.Size([8192, 8192])",torch.bfloat16,134217728
view_1896,"torch.Size([35, 8192])",torch.bfloat16,573440
mm_636,"torch.Size([35, 8192])",torch.bfloat16,573440
view_1897,"torch.Size([1, 35, 8192])",torch.bfloat16,573440
view_1898,"torch.Size([1, 35, 64, 128])",torch.bfloat16,573440
transpose_435,"torch.Size([1, 64, 35, 128])",torch.bfloat16,573440
_to_copy_334,"torch.Size([1, 64, 35, 128])",torch.float32,1146880
pow_164,"torch.Size([1, 64, 35, 128])",torch.float32,1146880
mean_163,"torch.Size([1, 64, 35, 1])",torch.float32,8960
add_494,"torch.Size([1, 64, 35, 1])",torch.float32,8960
rsqrt_163,"torch.Size([1, 64, 35, 1])",torch.float32,8960
mul_678,"torch.Size([1, 64, 35, 128])",torch.float32,1146880
_to_copy_335,"torch.Size([1, 64, 35, 128])",torch.bfloat16,573440
mul_679,"torch.Size([1, 64, 35, 128])",torch.bfloat16,573440
t_718,"torch.Size([8192, 1024])",torch.bfloat16,16777216
view_1899,"torch.Size([6404, 8192])",torch.bfloat16,104923136
mm_637,"torch.Size([6404, 1024])",torch.bfloat16,13115392
view_1900,"torch.Size([4, 1601, 1024])",torch.bfloat16,13115392
t_719,"torch.Size([8192, 1024])",torch.bfloat16,16777216
view_1901,"torch.Size([6404, 8192])",torch.bfloat16,104923136
mm_638,"torch.Size([6404, 1024])",torch.bfloat16,13115392
view_1902,"torch.Size([4, 1601, 1024])",torch.bfloat16,13115392
view_1903,"torch.Size([1, 6404, 8, 128])",torch.bfloat16,13115392
transpose_436,"torch.Size([1, 8, 6404, 128])",torch.bfloat16,13115392
view_1904,"torch.Size([1, 6404, 8, 128])",torch.bfloat16,13115392
transpose_437,"torch.Size([1, 8, 6404, 128])",torch.bfloat16,13115392
slice_1151,"torch.Size([1, 8, 6404, 128])",torch.bfloat16,13115392
slice_1152,"torch.Size([1, 8, 6404, 128])",torch.bfloat16,13115392
unsqueeze_259,"torch.Size([1, 8, 1, 6404, 128])",torch.bfloat16,13115392
slice_1153,"torch.Size([1, 8, 1, 6404, 128])",torch.bfloat16,13115392
slice_1154,"torch.Size([1, 8, 1, 6404, 128])",torch.bfloat16,13115392
expand_145,"torch.Size([1, 8, 8, 6404, 128])",torch.bfloat16,104923136
clone_138,"torch.Size([1, 8, 8, 6404, 128])",torch.bfloat16,104923136
_unsafe_view_136,"torch.Size([1, 64, 6404, 128])",torch.bfloat16,104923136
slice_1155,"torch.Size([1, 8, 6404, 128])",torch.bfloat16,13115392
slice_1156,"torch.Size([1, 8, 6404, 128])",torch.bfloat16,13115392
unsqueeze_260,"torch.Size([1, 8, 1, 6404, 128])",torch.bfloat16,13115392
slice_1157,"torch.Size([1, 8, 1, 6404, 128])",torch.bfloat16,13115392
slice_1158,"torch.Size([1, 8, 1, 6404, 128])",torch.bfloat16,13115392
expand_146,"torch.Size([1, 8, 8, 6404, 128])",torch.bfloat16,104923136
clone_139,"torch.Size([1, 8, 8, 6404, 128])",torch.bfloat16,104923136
_unsafe_view_137,"torch.Size([1, 64, 6404, 128])",torch.bfloat16,104923136
_to_copy_336,"torch.Size([1, 64, 6404, 128])",torch.float32,209846272
pow_165,"torch.Size([1, 64, 6404, 128])",torch.float32,209846272
mean_164,"torch.Size([1, 64, 6404, 1])",torch.float32,1639424
add_495,"torch.Size([1, 64, 6404, 1])",torch.float32,1639424
rsqrt_164,"torch.Size([1, 64, 6404, 1])",torch.float32,1639424
mul_680,"torch.Size([1, 64, 6404, 128])",torch.float32,209846272
_to_copy_337,"torch.Size([1, 64, 6404, 128])",torch.bfloat16,104923136
mul_681,"torch.Size([1, 64, 6404, 128])",torch.bfloat16,104923136
getitem_462,"torch.Size([1, 64, 35, 128])",torch.bfloat16,573440
transpose_438,"torch.Size([1, 35, 64, 128])",torch.bfloat16,573440
view_1905,"torch.Size([1, 35, 8192])",torch.bfloat16,573440
t_720,"torch.Size([8192, 8192])",torch.bfloat16,134217728
view_1906,"torch.Size([35, 8192])",torch.bfloat16,573440
mm_639,"torch.Size([35, 8192])",torch.bfloat16,573440
view_1907,"torch.Size([1, 35, 8192])",torch.bfloat16,573440
tanh_46,torch.Size([1]),torch.bfloat16,2
mul_682,"torch.Size([1, 35, 8192])",torch.bfloat16,573440
add_496,"torch.Size([1, 35, 8192])",torch.bfloat16,573440
_to_copy_338,"torch.Size([1, 35, 8192])",torch.float32,1146880
pow_166,"torch.Size([1, 35, 8192])",torch.float32,1146880
mean_165,"torch.Size([1, 35, 1])",torch.float32,140
add_497,"torch.Size([1, 35, 1])",torch.float32,140
rsqrt_165,"torch.Size([1, 35, 1])",torch.float32,140
mul_683,"torch.Size([1, 35, 8192])",torch.float32,1146880
_to_copy_339,"torch.Size([1, 35, 8192])",torch.bfloat16,573440
mul_684,"torch.Size([1, 35, 8192])",torch.bfloat16,573440
t_721,"torch.Size([8192, 28672])",torch.bfloat16,469762048
view_1908,"torch.Size([35, 8192])",torch.bfloat16,573440
mm_640,"torch.Size([35, 28672])",torch.bfloat16,2007040
view_1909,"torch.Size([1, 35, 28672])",torch.bfloat16,2007040
silu_68,"torch.Size([1, 35, 28672])",torch.bfloat16,2007040
t_722,"torch.Size([8192, 28672])",torch.bfloat16,469762048
view_1910,"torch.Size([35, 8192])",torch.bfloat16,573440
mm_641,"torch.Size([35, 28672])",torch.bfloat16,2007040
view_1911,"torch.Size([1, 35, 28672])",torch.bfloat16,2007040
mul_685,"torch.Size([1, 35, 28672])",torch.bfloat16,2007040
t_723,"torch.Size([28672, 8192])",torch.bfloat16,469762048
view_1912,"torch.Size([35, 28672])",torch.bfloat16,2007040
mm_642,"torch.Size([35, 8192])",torch.bfloat16,573440
view_1913,"torch.Size([1, 35, 8192])",torch.bfloat16,573440
slice_1159,"torch.Size([1, 1, 35, 1])",torch.bfloat16,70
select_13,"torch.Size([1, 35, 1])",torch.bfloat16,70
mul_686,"torch.Size([1, 35, 8192])",torch.bfloat16,573440
tanh_47,torch.Size([1]),torch.bfloat16,2
mul_687,"torch.Size([1, 35, 8192])",torch.bfloat16,573440
add_498,"torch.Size([1, 35, 8192])",torch.bfloat16,573440
_to_copy_340,"torch.Size([1, 35, 8192])",torch.float32,1146880
pow_167,"torch.Size([1, 35, 8192])",torch.float32,1146880
mean_166,"torch.Size([1, 35, 1])",torch.float32,140
add_499,"torch.Size([1, 35, 1])",torch.float32,140
rsqrt_166,"torch.Size([1, 35, 1])",torch.float32,140
mul_688,"torch.Size([1, 35, 8192])",torch.float32,1146880
_to_copy_341,"torch.Size([1, 35, 8192])",torch.bfloat16,573440
mul_689,"torch.Size([1, 35, 8192])",torch.bfloat16,573440
t_724,"torch.Size([8192, 8192])",torch.bfloat16,134217728
view_1914,"torch.Size([35, 8192])",torch.bfloat16,573440
mm_643,"torch.Size([35, 8192])",torch.bfloat16,573440
view_1915,"torch.Size([1, 35, 8192])",torch.bfloat16,573440
t_725,"torch.Size([8192, 1024])",torch.bfloat16,16777216
view_1916,"torch.Size([35, 8192])",torch.bfloat16,573440
mm_644,"torch.Size([35, 1024])",torch.bfloat16,71680
view_1917,"torch.Size([1, 35, 1024])",torch.bfloat16,71680
t_726,"torch.Size([8192, 1024])",torch.bfloat16,16777216
view_1918,"torch.Size([35, 8192])",torch.bfloat16,573440
mm_645,"torch.Size([35, 1024])",torch.bfloat16,71680
view_1919,"torch.Size([1, 35, 1024])",torch.bfloat16,71680
view_1920,"torch.Size([1, 35, 64, 128])",torch.bfloat16,573440
transpose_439,"torch.Size([1, 64, 35, 128])",torch.bfloat16,573440
view_1921,"torch.Size([1, 35, 8, 128])",torch.bfloat16,71680
transpose_440,"torch.Size([1, 8, 35, 128])",torch.bfloat16,71680
view_1922,"torch.Size([1, 35, 8, 128])",torch.bfloat16,71680
transpose_441,"torch.Size([1, 8, 35, 128])",torch.bfloat16,71680
unsqueeze_261,"torch.Size([1, 1, 35, 128])",torch.bfloat16,8960
unsqueeze_262,"torch.Size([1, 1, 35, 128])",torch.bfloat16,8960
mul_690,"torch.Size([1, 64, 35, 128])",torch.bfloat16,573440
slice_1160,"torch.Size([1, 64, 35, 64])",torch.bfloat16,286720
slice_1161,"torch.Size([1, 64, 35, 64])",torch.bfloat16,286720
neg_110,"torch.Size([1, 64, 35, 64])",torch.bfloat16,286720
cat_113,"torch.Size([1, 64, 35, 128])",torch.bfloat16,573440
mul_691,"torch.Size([1, 64, 35, 128])",torch.bfloat16,573440
add_500,"torch.Size([1, 64, 35, 128])",torch.bfloat16,573440
mul_692,"torch.Size([1, 8, 35, 128])",torch.bfloat16,71680
slice_1162,"torch.Size([1, 8, 35, 64])",torch.bfloat16,35840
slice_1163,"torch.Size([1, 8, 35, 64])",torch.bfloat16,35840
neg_111,"torch.Size([1, 8, 35, 64])",torch.bfloat16,35840
cat_114,"torch.Size([1, 8, 35, 128])",torch.bfloat16,71680
mul_693,"torch.Size([1, 8, 35, 128])",torch.bfloat16,71680
add_501,"torch.Size([1, 8, 35, 128])",torch.bfloat16,71680
slice_1164,"torch.Size([1, 8, 35, 128])",torch.bfloat16,71680
slice_1165,"torch.Size([1, 8, 35, 128])",torch.bfloat16,71680
unsqueeze_263,"torch.Size([1, 8, 1, 35, 128])",torch.bfloat16,71680
slice_1166,"torch.Size([1, 8, 1, 35, 128])",torch.bfloat16,71680
slice_1167,"torch.Size([1, 8, 1, 35, 128])",torch.bfloat16,71680
expand_147,"torch.Size([1, 8, 8, 35, 128])",torch.bfloat16,573440
clone_140,"torch.Size([1, 8, 8, 35, 128])",torch.bfloat16,573440
_unsafe_view_138,"torch.Size([1, 64, 35, 128])",torch.bfloat16,573440
slice_1168,"torch.Size([1, 8, 35, 128])",torch.bfloat16,71680
slice_1169,"torch.Size([1, 8, 35, 128])",torch.bfloat16,71680
unsqueeze_264,"torch.Size([1, 8, 1, 35, 128])",torch.bfloat16,71680
slice_1170,"torch.Size([1, 8, 1, 35, 128])",torch.bfloat16,71680
slice_1171,"torch.Size([1, 8, 1, 35, 128])",torch.bfloat16,71680
expand_148,"torch.Size([1, 8, 8, 35, 128])",torch.bfloat16,573440
clone_141,"torch.Size([1, 8, 8, 35, 128])",torch.bfloat16,573440
_unsafe_view_139,"torch.Size([1, 64, 35, 128])",torch.bfloat16,573440
slice_1175,"torch.Size([1, 1, 35, 35])",torch.bfloat16,2450
slice_1176,"torch.Size([1, 1, 35, 35])",torch.bfloat16,2450
slice_1177,"torch.Size([1, 1, 35, 35])",torch.bfloat16,2450
getitem_464,"torch.Size([1, 64, 35, 128])",torch.bfloat16,573440
transpose_442,"torch.Size([1, 35, 64, 128])",torch.bfloat16,573440
view_1923,"torch.Size([1, 35, 8192])",torch.bfloat16,573440
t_727,"torch.Size([8192, 8192])",torch.bfloat16,134217728
view_1924,"torch.Size([35, 8192])",torch.bfloat16,573440
mm_646,"torch.Size([35, 8192])",torch.bfloat16,573440
view_1925,"torch.Size([1, 35, 8192])",torch.bfloat16,573440
add_502,"torch.Size([1, 35, 8192])",torch.bfloat16,573440
_to_copy_342,"torch.Size([1, 35, 8192])",torch.float32,1146880
pow_168,"torch.Size([1, 35, 8192])",torch.float32,1146880
mean_167,"torch.Size([1, 35, 1])",torch.float32,140
add_503,"torch.Size([1, 35, 1])",torch.float32,140
rsqrt_167,"torch.Size([1, 35, 1])",torch.float32,140
mul_694,"torch.Size([1, 35, 8192])",torch.float32,1146880
_to_copy_343,"torch.Size([1, 35, 8192])",torch.bfloat16,573440
mul_695,"torch.Size([1, 35, 8192])",torch.bfloat16,573440
t_728,"torch.Size([8192, 28672])",torch.bfloat16,469762048
view_1926,"torch.Size([35, 8192])",torch.bfloat16,573440
mm_647,"torch.Size([35, 28672])",torch.bfloat16,2007040
view_1927,"torch.Size([1, 35, 28672])",torch.bfloat16,2007040
silu_69,"torch.Size([1, 35, 28672])",torch.bfloat16,2007040
t_729,"torch.Size([8192, 28672])",torch.bfloat16,469762048
view_1928,"torch.Size([35, 8192])",torch.bfloat16,573440
mm_648,"torch.Size([35, 28672])",torch.bfloat16,2007040
view_1929,"torch.Size([1, 35, 28672])",torch.bfloat16,2007040
mul_696,"torch.Size([1, 35, 28672])",torch.bfloat16,2007040
t_730,"torch.Size([28672, 8192])",torch.bfloat16,469762048
view_1930,"torch.Size([35, 28672])",torch.bfloat16,2007040
mm_649,"torch.Size([35, 8192])",torch.bfloat16,573440
view_1931,"torch.Size([1, 35, 8192])",torch.bfloat16,573440
add_504,"torch.Size([1, 35, 8192])",torch.bfloat16,573440
_to_copy_344,"torch.Size([1, 35, 8192])",torch.float32,1146880
pow_169,"torch.Size([1, 35, 8192])",torch.float32,1146880
mean_168,"torch.Size([1, 35, 1])",torch.float32,140
add_505,"torch.Size([1, 35, 1])",torch.float32,140
rsqrt_168,"torch.Size([1, 35, 1])",torch.float32,140
mul_697,"torch.Size([1, 35, 8192])",torch.float32,1146880
_to_copy_345,"torch.Size([1, 35, 8192])",torch.bfloat16,573440
mul_698,"torch.Size([1, 35, 8192])",torch.bfloat16,573440
t_731,"torch.Size([8192, 8192])",torch.bfloat16,134217728
view_1932,"torch.Size([35, 8192])",torch.bfloat16,573440
mm_650,"torch.Size([35, 8192])",torch.bfloat16,573440
view_1933,"torch.Size([1, 35, 8192])",torch.bfloat16,573440
t_732,"torch.Size([8192, 1024])",torch.bfloat16,16777216
view_1934,"torch.Size([35, 8192])",torch.bfloat16,573440
mm_651,"torch.Size([35, 1024])",torch.bfloat16,71680
view_1935,"torch.Size([1, 35, 1024])",torch.bfloat16,71680
t_733,"torch.Size([8192, 1024])",torch.bfloat16,16777216
view_1936,"torch.Size([35, 8192])",torch.bfloat16,573440
mm_652,"torch.Size([35, 1024])",torch.bfloat16,71680
view_1937,"torch.Size([1, 35, 1024])",torch.bfloat16,71680
view_1938,"torch.Size([1, 35, 64, 128])",torch.bfloat16,573440
transpose_443,"torch.Size([1, 64, 35, 128])",torch.bfloat16,573440
view_1939,"torch.Size([1, 35, 8, 128])",torch.bfloat16,71680
transpose_444,"torch.Size([1, 8, 35, 128])",torch.bfloat16,71680
view_1940,"torch.Size([1, 35, 8, 128])",torch.bfloat16,71680
transpose_445,"torch.Size([1, 8, 35, 128])",torch.bfloat16,71680
unsqueeze_265,"torch.Size([1, 1, 35, 128])",torch.bfloat16,8960
unsqueeze_266,"torch.Size([1, 1, 35, 128])",torch.bfloat16,8960
mul_699,"torch.Size([1, 64, 35, 128])",torch.bfloat16,573440
slice_1178,"torch.Size([1, 64, 35, 64])",torch.bfloat16,286720
slice_1179,"torch.Size([1, 64, 35, 64])",torch.bfloat16,286720
neg_112,"torch.Size([1, 64, 35, 64])",torch.bfloat16,286720
cat_115,"torch.Size([1, 64, 35, 128])",torch.bfloat16,573440
mul_700,"torch.Size([1, 64, 35, 128])",torch.bfloat16,573440
add_506,"torch.Size([1, 64, 35, 128])",torch.bfloat16,573440
mul_701,"torch.Size([1, 8, 35, 128])",torch.bfloat16,71680
slice_1180,"torch.Size([1, 8, 35, 64])",torch.bfloat16,35840
slice_1181,"torch.Size([1, 8, 35, 64])",torch.bfloat16,35840
neg_113,"torch.Size([1, 8, 35, 64])",torch.bfloat16,35840
cat_116,"torch.Size([1, 8, 35, 128])",torch.bfloat16,71680
mul_702,"torch.Size([1, 8, 35, 128])",torch.bfloat16,71680
add_507,"torch.Size([1, 8, 35, 128])",torch.bfloat16,71680
slice_1182,"torch.Size([1, 8, 35, 128])",torch.bfloat16,71680
slice_1183,"torch.Size([1, 8, 35, 128])",torch.bfloat16,71680
unsqueeze_267,"torch.Size([1, 8, 1, 35, 128])",torch.bfloat16,71680
slice_1184,"torch.Size([1, 8, 1, 35, 128])",torch.bfloat16,71680
slice_1185,"torch.Size([1, 8, 1, 35, 128])",torch.bfloat16,71680
expand_149,"torch.Size([1, 8, 8, 35, 128])",torch.bfloat16,573440
clone_142,"torch.Size([1, 8, 8, 35, 128])",torch.bfloat16,573440
_unsafe_view_140,"torch.Size([1, 64, 35, 128])",torch.bfloat16,573440
slice_1186,"torch.Size([1, 8, 35, 128])",torch.bfloat16,71680
slice_1187,"torch.Size([1, 8, 35, 128])",torch.bfloat16,71680
unsqueeze_268,"torch.Size([1, 8, 1, 35, 128])",torch.bfloat16,71680
slice_1188,"torch.Size([1, 8, 1, 35, 128])",torch.bfloat16,71680
slice_1189,"torch.Size([1, 8, 1, 35, 128])",torch.bfloat16,71680
expand_150,"torch.Size([1, 8, 8, 35, 128])",torch.bfloat16,573440
clone_143,"torch.Size([1, 8, 8, 35, 128])",torch.bfloat16,573440
_unsafe_view_141,"torch.Size([1, 64, 35, 128])",torch.bfloat16,573440
slice_1193,"torch.Size([1, 1, 35, 35])",torch.bfloat16,2450
slice_1194,"torch.Size([1, 1, 35, 35])",torch.bfloat16,2450
slice_1195,"torch.Size([1, 1, 35, 35])",torch.bfloat16,2450
getitem_466,"torch.Size([1, 64, 35, 128])",torch.bfloat16,573440
transpose_446,"torch.Size([1, 35, 64, 128])",torch.bfloat16,573440
view_1941,"torch.Size([1, 35, 8192])",torch.bfloat16,573440
t_734,"torch.Size([8192, 8192])",torch.bfloat16,134217728
view_1942,"torch.Size([35, 8192])",torch.bfloat16,573440
mm_653,"torch.Size([35, 8192])",torch.bfloat16,573440
view_1943,"torch.Size([1, 35, 8192])",torch.bfloat16,573440
add_508,"torch.Size([1, 35, 8192])",torch.bfloat16,573440
_to_copy_346,"torch.Size([1, 35, 8192])",torch.float32,1146880
pow_170,"torch.Size([1, 35, 8192])",torch.float32,1146880
mean_169,"torch.Size([1, 35, 1])",torch.float32,140
add_509,"torch.Size([1, 35, 1])",torch.float32,140
rsqrt_169,"torch.Size([1, 35, 1])",torch.float32,140
mul_703,"torch.Size([1, 35, 8192])",torch.float32,1146880
_to_copy_347,"torch.Size([1, 35, 8192])",torch.bfloat16,573440
mul_704,"torch.Size([1, 35, 8192])",torch.bfloat16,573440
t_735,"torch.Size([8192, 28672])",torch.bfloat16,469762048
view_1944,"torch.Size([35, 8192])",torch.bfloat16,573440
mm_654,"torch.Size([35, 28672])",torch.bfloat16,2007040
view_1945,"torch.Size([1, 35, 28672])",torch.bfloat16,2007040
silu_70,"torch.Size([1, 35, 28672])",torch.bfloat16,2007040
t_736,"torch.Size([8192, 28672])",torch.bfloat16,469762048
view_1946,"torch.Size([35, 8192])",torch.bfloat16,573440
mm_655,"torch.Size([35, 28672])",torch.bfloat16,2007040
view_1947,"torch.Size([1, 35, 28672])",torch.bfloat16,2007040
mul_705,"torch.Size([1, 35, 28672])",torch.bfloat16,2007040
t_737,"torch.Size([28672, 8192])",torch.bfloat16,469762048
view_1948,"torch.Size([35, 28672])",torch.bfloat16,2007040
mm_656,"torch.Size([35, 8192])",torch.bfloat16,573440
view_1949,"torch.Size([1, 35, 8192])",torch.bfloat16,573440
add_510,"torch.Size([1, 35, 8192])",torch.bfloat16,573440
_to_copy_348,"torch.Size([1, 35, 8192])",torch.float32,1146880
pow_171,"torch.Size([1, 35, 8192])",torch.float32,1146880
mean_170,"torch.Size([1, 35, 1])",torch.float32,140
add_511,"torch.Size([1, 35, 1])",torch.float32,140
rsqrt_170,"torch.Size([1, 35, 1])",torch.float32,140
mul_706,"torch.Size([1, 35, 8192])",torch.float32,1146880
_to_copy_349,"torch.Size([1, 35, 8192])",torch.bfloat16,573440
mul_707,"torch.Size([1, 35, 8192])",torch.bfloat16,573440
t_738,"torch.Size([8192, 8192])",torch.bfloat16,134217728
view_1950,"torch.Size([35, 8192])",torch.bfloat16,573440
mm_657,"torch.Size([35, 8192])",torch.bfloat16,573440
view_1951,"torch.Size([1, 35, 8192])",torch.bfloat16,573440
t_739,"torch.Size([8192, 1024])",torch.bfloat16,16777216
view_1952,"torch.Size([35, 8192])",torch.bfloat16,573440
mm_658,"torch.Size([35, 1024])",torch.bfloat16,71680
view_1953,"torch.Size([1, 35, 1024])",torch.bfloat16,71680
t_740,"torch.Size([8192, 1024])",torch.bfloat16,16777216
view_1954,"torch.Size([35, 8192])",torch.bfloat16,573440
mm_659,"torch.Size([35, 1024])",torch.bfloat16,71680
view_1955,"torch.Size([1, 35, 1024])",torch.bfloat16,71680
view_1956,"torch.Size([1, 35, 64, 128])",torch.bfloat16,573440
transpose_447,"torch.Size([1, 64, 35, 128])",torch.bfloat16,573440
view_1957,"torch.Size([1, 35, 8, 128])",torch.bfloat16,71680
transpose_448,"torch.Size([1, 8, 35, 128])",torch.bfloat16,71680
view_1958,"torch.Size([1, 35, 8, 128])",torch.bfloat16,71680
transpose_449,"torch.Size([1, 8, 35, 128])",torch.bfloat16,71680
unsqueeze_269,"torch.Size([1, 1, 35, 128])",torch.bfloat16,8960
unsqueeze_270,"torch.Size([1, 1, 35, 128])",torch.bfloat16,8960
mul_708,"torch.Size([1, 64, 35, 128])",torch.bfloat16,573440
slice_1196,"torch.Size([1, 64, 35, 64])",torch.bfloat16,286720
slice_1197,"torch.Size([1, 64, 35, 64])",torch.bfloat16,286720
neg_114,"torch.Size([1, 64, 35, 64])",torch.bfloat16,286720
cat_117,"torch.Size([1, 64, 35, 128])",torch.bfloat16,573440
mul_709,"torch.Size([1, 64, 35, 128])",torch.bfloat16,573440
add_512,"torch.Size([1, 64, 35, 128])",torch.bfloat16,573440
mul_710,"torch.Size([1, 8, 35, 128])",torch.bfloat16,71680
slice_1198,"torch.Size([1, 8, 35, 64])",torch.bfloat16,35840
slice_1199,"torch.Size([1, 8, 35, 64])",torch.bfloat16,35840
neg_115,"torch.Size([1, 8, 35, 64])",torch.bfloat16,35840
cat_118,"torch.Size([1, 8, 35, 128])",torch.bfloat16,71680
mul_711,"torch.Size([1, 8, 35, 128])",torch.bfloat16,71680
add_513,"torch.Size([1, 8, 35, 128])",torch.bfloat16,71680
slice_1200,"torch.Size([1, 8, 35, 128])",torch.bfloat16,71680
slice_1201,"torch.Size([1, 8, 35, 128])",torch.bfloat16,71680
unsqueeze_271,"torch.Size([1, 8, 1, 35, 128])",torch.bfloat16,71680
slice_1202,"torch.Size([1, 8, 1, 35, 128])",torch.bfloat16,71680
slice_1203,"torch.Size([1, 8, 1, 35, 128])",torch.bfloat16,71680
expand_151,"torch.Size([1, 8, 8, 35, 128])",torch.bfloat16,573440
clone_144,"torch.Size([1, 8, 8, 35, 128])",torch.bfloat16,573440
_unsafe_view_142,"torch.Size([1, 64, 35, 128])",torch.bfloat16,573440
slice_1204,"torch.Size([1, 8, 35, 128])",torch.bfloat16,71680
slice_1205,"torch.Size([1, 8, 35, 128])",torch.bfloat16,71680
unsqueeze_272,"torch.Size([1, 8, 1, 35, 128])",torch.bfloat16,71680
slice_1206,"torch.Size([1, 8, 1, 35, 128])",torch.bfloat16,71680
slice_1207,"torch.Size([1, 8, 1, 35, 128])",torch.bfloat16,71680
expand_152,"torch.Size([1, 8, 8, 35, 128])",torch.bfloat16,573440
clone_145,"torch.Size([1, 8, 8, 35, 128])",torch.bfloat16,573440
_unsafe_view_143,"torch.Size([1, 64, 35, 128])",torch.bfloat16,573440
slice_1211,"torch.Size([1, 1, 35, 35])",torch.bfloat16,2450
slice_1212,"torch.Size([1, 1, 35, 35])",torch.bfloat16,2450
slice_1213,"torch.Size([1, 1, 35, 35])",torch.bfloat16,2450
getitem_468,"torch.Size([1, 64, 35, 128])",torch.bfloat16,573440
transpose_450,"torch.Size([1, 35, 64, 128])",torch.bfloat16,573440
view_1959,"torch.Size([1, 35, 8192])",torch.bfloat16,573440
t_741,"torch.Size([8192, 8192])",torch.bfloat16,134217728
view_1960,"torch.Size([35, 8192])",torch.bfloat16,573440
mm_660,"torch.Size([35, 8192])",torch.bfloat16,573440
view_1961,"torch.Size([1, 35, 8192])",torch.bfloat16,573440
add_514,"torch.Size([1, 35, 8192])",torch.bfloat16,573440
_to_copy_350,"torch.Size([1, 35, 8192])",torch.float32,1146880
pow_172,"torch.Size([1, 35, 8192])",torch.float32,1146880
mean_171,"torch.Size([1, 35, 1])",torch.float32,140
add_515,"torch.Size([1, 35, 1])",torch.float32,140
rsqrt_171,"torch.Size([1, 35, 1])",torch.float32,140
mul_712,"torch.Size([1, 35, 8192])",torch.float32,1146880
_to_copy_351,"torch.Size([1, 35, 8192])",torch.bfloat16,573440
mul_713,"torch.Size([1, 35, 8192])",torch.bfloat16,573440
t_742,"torch.Size([8192, 28672])",torch.bfloat16,469762048
view_1962,"torch.Size([35, 8192])",torch.bfloat16,573440
mm_661,"torch.Size([35, 28672])",torch.bfloat16,2007040
view_1963,"torch.Size([1, 35, 28672])",torch.bfloat16,2007040
silu_71,"torch.Size([1, 35, 28672])",torch.bfloat16,2007040
t_743,"torch.Size([8192, 28672])",torch.bfloat16,469762048
view_1964,"torch.Size([35, 8192])",torch.bfloat16,573440
mm_662,"torch.Size([35, 28672])",torch.bfloat16,2007040
view_1965,"torch.Size([1, 35, 28672])",torch.bfloat16,2007040
mul_714,"torch.Size([1, 35, 28672])",torch.bfloat16,2007040
t_744,"torch.Size([28672, 8192])",torch.bfloat16,469762048
view_1966,"torch.Size([35, 28672])",torch.bfloat16,2007040
mm_663,"torch.Size([35, 8192])",torch.bfloat16,573440
view_1967,"torch.Size([1, 35, 8192])",torch.bfloat16,573440
add_516,"torch.Size([1, 35, 8192])",torch.bfloat16,573440
_to_copy_352,"torch.Size([1, 35, 8192])",torch.float32,1146880
pow_173,"torch.Size([1, 35, 8192])",torch.float32,1146880
mean_172,"torch.Size([1, 35, 1])",torch.float32,140
add_517,"torch.Size([1, 35, 1])",torch.float32,140
rsqrt_172,"torch.Size([1, 35, 1])",torch.float32,140
mul_715,"torch.Size([1, 35, 8192])",torch.float32,1146880
_to_copy_353,"torch.Size([1, 35, 8192])",torch.bfloat16,573440
mul_716,"torch.Size([1, 35, 8192])",torch.bfloat16,573440
t_745,"torch.Size([8192, 8192])",torch.bfloat16,134217728
view_1968,"torch.Size([35, 8192])",torch.bfloat16,573440
mm_664,"torch.Size([35, 8192])",torch.bfloat16,573440
view_1969,"torch.Size([1, 35, 8192])",torch.bfloat16,573440
t_746,"torch.Size([8192, 1024])",torch.bfloat16,16777216
view_1970,"torch.Size([35, 8192])",torch.bfloat16,573440
mm_665,"torch.Size([35, 1024])",torch.bfloat16,71680
view_1971,"torch.Size([1, 35, 1024])",torch.bfloat16,71680
t_747,"torch.Size([8192, 1024])",torch.bfloat16,16777216
view_1972,"torch.Size([35, 8192])",torch.bfloat16,573440
mm_666,"torch.Size([35, 1024])",torch.bfloat16,71680
view_1973,"torch.Size([1, 35, 1024])",torch.bfloat16,71680
view_1974,"torch.Size([1, 35, 64, 128])",torch.bfloat16,573440
transpose_451,"torch.Size([1, 64, 35, 128])",torch.bfloat16,573440
view_1975,"torch.Size([1, 35, 8, 128])",torch.bfloat16,71680
transpose_452,"torch.Size([1, 8, 35, 128])",torch.bfloat16,71680
view_1976,"torch.Size([1, 35, 8, 128])",torch.bfloat16,71680
transpose_453,"torch.Size([1, 8, 35, 128])",torch.bfloat16,71680
unsqueeze_273,"torch.Size([1, 1, 35, 128])",torch.bfloat16,8960
unsqueeze_274,"torch.Size([1, 1, 35, 128])",torch.bfloat16,8960
mul_717,"torch.Size([1, 64, 35, 128])",torch.bfloat16,573440
slice_1214,"torch.Size([1, 64, 35, 64])",torch.bfloat16,286720
slice_1215,"torch.Size([1, 64, 35, 64])",torch.bfloat16,286720
neg_116,"torch.Size([1, 64, 35, 64])",torch.bfloat16,286720
cat_119,"torch.Size([1, 64, 35, 128])",torch.bfloat16,573440
mul_718,"torch.Size([1, 64, 35, 128])",torch.bfloat16,573440
add_518,"torch.Size([1, 64, 35, 128])",torch.bfloat16,573440
mul_719,"torch.Size([1, 8, 35, 128])",torch.bfloat16,71680
slice_1216,"torch.Size([1, 8, 35, 64])",torch.bfloat16,35840
slice_1217,"torch.Size([1, 8, 35, 64])",torch.bfloat16,35840
neg_117,"torch.Size([1, 8, 35, 64])",torch.bfloat16,35840
cat_120,"torch.Size([1, 8, 35, 128])",torch.bfloat16,71680
mul_720,"torch.Size([1, 8, 35, 128])",torch.bfloat16,71680
add_519,"torch.Size([1, 8, 35, 128])",torch.bfloat16,71680
slice_1218,"torch.Size([1, 8, 35, 128])",torch.bfloat16,71680
slice_1219,"torch.Size([1, 8, 35, 128])",torch.bfloat16,71680
unsqueeze_275,"torch.Size([1, 8, 1, 35, 128])",torch.bfloat16,71680
slice_1220,"torch.Size([1, 8, 1, 35, 128])",torch.bfloat16,71680
slice_1221,"torch.Size([1, 8, 1, 35, 128])",torch.bfloat16,71680
expand_153,"torch.Size([1, 8, 8, 35, 128])",torch.bfloat16,573440
clone_146,"torch.Size([1, 8, 8, 35, 128])",torch.bfloat16,573440
_unsafe_view_144,"torch.Size([1, 64, 35, 128])",torch.bfloat16,573440
slice_1222,"torch.Size([1, 8, 35, 128])",torch.bfloat16,71680
slice_1223,"torch.Size([1, 8, 35, 128])",torch.bfloat16,71680
unsqueeze_276,"torch.Size([1, 8, 1, 35, 128])",torch.bfloat16,71680
slice_1224,"torch.Size([1, 8, 1, 35, 128])",torch.bfloat16,71680
slice_1225,"torch.Size([1, 8, 1, 35, 128])",torch.bfloat16,71680
expand_154,"torch.Size([1, 8, 8, 35, 128])",torch.bfloat16,573440
clone_147,"torch.Size([1, 8, 8, 35, 128])",torch.bfloat16,573440
_unsafe_view_145,"torch.Size([1, 64, 35, 128])",torch.bfloat16,573440
slice_1229,"torch.Size([1, 1, 35, 35])",torch.bfloat16,2450
slice_1230,"torch.Size([1, 1, 35, 35])",torch.bfloat16,2450
slice_1231,"torch.Size([1, 1, 35, 35])",torch.bfloat16,2450
getitem_470,"torch.Size([1, 64, 35, 128])",torch.bfloat16,573440
transpose_454,"torch.Size([1, 35, 64, 128])",torch.bfloat16,573440
view_1977,"torch.Size([1, 35, 8192])",torch.bfloat16,573440
t_748,"torch.Size([8192, 8192])",torch.bfloat16,134217728
view_1978,"torch.Size([35, 8192])",torch.bfloat16,573440
mm_667,"torch.Size([35, 8192])",torch.bfloat16,573440
view_1979,"torch.Size([1, 35, 8192])",torch.bfloat16,573440
add_520,"torch.Size([1, 35, 8192])",torch.bfloat16,573440
_to_copy_354,"torch.Size([1, 35, 8192])",torch.float32,1146880
pow_174,"torch.Size([1, 35, 8192])",torch.float32,1146880
mean_173,"torch.Size([1, 35, 1])",torch.float32,140
add_521,"torch.Size([1, 35, 1])",torch.float32,140
rsqrt_173,"torch.Size([1, 35, 1])",torch.float32,140
mul_721,"torch.Size([1, 35, 8192])",torch.float32,1146880
_to_copy_355,"torch.Size([1, 35, 8192])",torch.bfloat16,573440
mul_722,"torch.Size([1, 35, 8192])",torch.bfloat16,573440
t_749,"torch.Size([8192, 28672])",torch.bfloat16,469762048
view_1980,"torch.Size([35, 8192])",torch.bfloat16,573440
mm_668,"torch.Size([35, 28672])",torch.bfloat16,2007040
view_1981,"torch.Size([1, 35, 28672])",torch.bfloat16,2007040
silu_72,"torch.Size([1, 35, 28672])",torch.bfloat16,2007040
t_750,"torch.Size([8192, 28672])",torch.bfloat16,469762048
view_1982,"torch.Size([35, 8192])",torch.bfloat16,573440
mm_669,"torch.Size([35, 28672])",torch.bfloat16,2007040
view_1983,"torch.Size([1, 35, 28672])",torch.bfloat16,2007040
mul_723,"torch.Size([1, 35, 28672])",torch.bfloat16,2007040
t_751,"torch.Size([28672, 8192])",torch.bfloat16,469762048
view_1984,"torch.Size([35, 28672])",torch.bfloat16,2007040
mm_670,"torch.Size([35, 8192])",torch.bfloat16,573440
view_1985,"torch.Size([1, 35, 8192])",torch.bfloat16,573440
add_522,"torch.Size([1, 35, 8192])",torch.bfloat16,573440
_to_copy_356,"torch.Size([1, 35, 8192])",torch.float32,1146880
pow_175,"torch.Size([1, 35, 8192])",torch.float32,1146880
mean_174,"torch.Size([1, 35, 1])",torch.float32,140
add_523,"torch.Size([1, 35, 1])",torch.float32,140
rsqrt_174,"torch.Size([1, 35, 1])",torch.float32,140
mul_724,"torch.Size([1, 35, 8192])",torch.float32,1146880
_to_copy_357,"torch.Size([1, 35, 8192])",torch.bfloat16,573440
mul_725,"torch.Size([1, 35, 8192])",torch.bfloat16,573440
t_752,"torch.Size([8192, 8192])",torch.bfloat16,134217728
view_1986,"torch.Size([35, 8192])",torch.bfloat16,573440
mm_671,"torch.Size([35, 8192])",torch.bfloat16,573440
view_1987,"torch.Size([1, 35, 8192])",torch.bfloat16,573440
view_1988,"torch.Size([1, 35, 64, 128])",torch.bfloat16,573440
transpose_455,"torch.Size([1, 64, 35, 128])",torch.bfloat16,573440
_to_copy_358,"torch.Size([1, 64, 35, 128])",torch.float32,1146880
pow_176,"torch.Size([1, 64, 35, 128])",torch.float32,1146880
mean_175,"torch.Size([1, 64, 35, 1])",torch.float32,8960
add_524,"torch.Size([1, 64, 35, 1])",torch.float32,8960
rsqrt_175,"torch.Size([1, 64, 35, 1])",torch.float32,8960
mul_726,"torch.Size([1, 64, 35, 128])",torch.float32,1146880
_to_copy_359,"torch.Size([1, 64, 35, 128])",torch.bfloat16,573440
mul_727,"torch.Size([1, 64, 35, 128])",torch.bfloat16,573440
t_753,"torch.Size([8192, 1024])",torch.bfloat16,16777216
view_1989,"torch.Size([6404, 8192])",torch.bfloat16,104923136
mm_672,"torch.Size([6404, 1024])",torch.bfloat16,13115392
view_1990,"torch.Size([4, 1601, 1024])",torch.bfloat16,13115392
t_754,"torch.Size([8192, 1024])",torch.bfloat16,16777216
view_1991,"torch.Size([6404, 8192])",torch.bfloat16,104923136
mm_673,"torch.Size([6404, 1024])",torch.bfloat16,13115392
view_1992,"torch.Size([4, 1601, 1024])",torch.bfloat16,13115392
view_1993,"torch.Size([1, 6404, 8, 128])",torch.bfloat16,13115392
transpose_456,"torch.Size([1, 8, 6404, 128])",torch.bfloat16,13115392
view_1994,"torch.Size([1, 6404, 8, 128])",torch.bfloat16,13115392
transpose_457,"torch.Size([1, 8, 6404, 128])",torch.bfloat16,13115392
slice_1232,"torch.Size([1, 8, 6404, 128])",torch.bfloat16,13115392
slice_1233,"torch.Size([1, 8, 6404, 128])",torch.bfloat16,13115392
unsqueeze_277,"torch.Size([1, 8, 1, 6404, 128])",torch.bfloat16,13115392
slice_1234,"torch.Size([1, 8, 1, 6404, 128])",torch.bfloat16,13115392
slice_1235,"torch.Size([1, 8, 1, 6404, 128])",torch.bfloat16,13115392
expand_155,"torch.Size([1, 8, 8, 6404, 128])",torch.bfloat16,104923136
clone_148,"torch.Size([1, 8, 8, 6404, 128])",torch.bfloat16,104923136
_unsafe_view_146,"torch.Size([1, 64, 6404, 128])",torch.bfloat16,104923136
slice_1236,"torch.Size([1, 8, 6404, 128])",torch.bfloat16,13115392
slice_1237,"torch.Size([1, 8, 6404, 128])",torch.bfloat16,13115392
unsqueeze_278,"torch.Size([1, 8, 1, 6404, 128])",torch.bfloat16,13115392
slice_1238,"torch.Size([1, 8, 1, 6404, 128])",torch.bfloat16,13115392
slice_1239,"torch.Size([1, 8, 1, 6404, 128])",torch.bfloat16,13115392
expand_156,"torch.Size([1, 8, 8, 6404, 128])",torch.bfloat16,104923136
clone_149,"torch.Size([1, 8, 8, 6404, 128])",torch.bfloat16,104923136
_unsafe_view_147,"torch.Size([1, 64, 6404, 128])",torch.bfloat16,104923136
_to_copy_360,"torch.Size([1, 64, 6404, 128])",torch.float32,209846272
pow_177,"torch.Size([1, 64, 6404, 128])",torch.float32,209846272
mean_176,"torch.Size([1, 64, 6404, 1])",torch.float32,1639424
add_525,"torch.Size([1, 64, 6404, 1])",torch.float32,1639424
rsqrt_176,"torch.Size([1, 64, 6404, 1])",torch.float32,1639424
mul_728,"torch.Size([1, 64, 6404, 128])",torch.float32,209846272
_to_copy_361,"torch.Size([1, 64, 6404, 128])",torch.bfloat16,104923136
mul_729,"torch.Size([1, 64, 6404, 128])",torch.bfloat16,104923136
getitem_472,"torch.Size([1, 64, 35, 128])",torch.bfloat16,573440
transpose_458,"torch.Size([1, 35, 64, 128])",torch.bfloat16,573440
view_1995,"torch.Size([1, 35, 8192])",torch.bfloat16,573440
t_755,"torch.Size([8192, 8192])",torch.bfloat16,134217728
view_1996,"torch.Size([35, 8192])",torch.bfloat16,573440
mm_674,"torch.Size([35, 8192])",torch.bfloat16,573440
view_1997,"torch.Size([1, 35, 8192])",torch.bfloat16,573440
tanh_48,torch.Size([1]),torch.bfloat16,2
mul_730,"torch.Size([1, 35, 8192])",torch.bfloat16,573440
add_526,"torch.Size([1, 35, 8192])",torch.bfloat16,573440
_to_copy_362,"torch.Size([1, 35, 8192])",torch.float32,1146880
pow_178,"torch.Size([1, 35, 8192])",torch.float32,1146880
mean_177,"torch.Size([1, 35, 1])",torch.float32,140
add_527,"torch.Size([1, 35, 1])",torch.float32,140
rsqrt_177,"torch.Size([1, 35, 1])",torch.float32,140
mul_731,"torch.Size([1, 35, 8192])",torch.float32,1146880
_to_copy_363,"torch.Size([1, 35, 8192])",torch.bfloat16,573440
mul_732,"torch.Size([1, 35, 8192])",torch.bfloat16,573440
t_756,"torch.Size([8192, 28672])",torch.bfloat16,469762048
view_1998,"torch.Size([35, 8192])",torch.bfloat16,573440
mm_675,"torch.Size([35, 28672])",torch.bfloat16,2007040
view_1999,"torch.Size([1, 35, 28672])",torch.bfloat16,2007040
silu_73,"torch.Size([1, 35, 28672])",torch.bfloat16,2007040
t_757,"torch.Size([8192, 28672])",torch.bfloat16,469762048
view_2000,"torch.Size([35, 8192])",torch.bfloat16,573440
mm_676,"torch.Size([35, 28672])",torch.bfloat16,2007040
view_2001,"torch.Size([1, 35, 28672])",torch.bfloat16,2007040
mul_733,"torch.Size([1, 35, 28672])",torch.bfloat16,2007040
t_758,"torch.Size([28672, 8192])",torch.bfloat16,469762048
view_2002,"torch.Size([35, 28672])",torch.bfloat16,2007040
mm_677,"torch.Size([35, 8192])",torch.bfloat16,573440
view_2003,"torch.Size([1, 35, 8192])",torch.bfloat16,573440
slice_1240,"torch.Size([1, 1, 35, 1])",torch.bfloat16,70
select_14,"torch.Size([1, 35, 1])",torch.bfloat16,70
mul_734,"torch.Size([1, 35, 8192])",torch.bfloat16,573440
tanh_49,torch.Size([1]),torch.bfloat16,2
mul_735,"torch.Size([1, 35, 8192])",torch.bfloat16,573440
add_528,"torch.Size([1, 35, 8192])",torch.bfloat16,573440
_to_copy_364,"torch.Size([1, 35, 8192])",torch.float32,1146880
pow_179,"torch.Size([1, 35, 8192])",torch.float32,1146880
mean_178,"torch.Size([1, 35, 1])",torch.float32,140
add_529,"torch.Size([1, 35, 1])",torch.float32,140
rsqrt_178,"torch.Size([1, 35, 1])",torch.float32,140
mul_736,"torch.Size([1, 35, 8192])",torch.float32,1146880
_to_copy_365,"torch.Size([1, 35, 8192])",torch.bfloat16,573440
mul_737,"torch.Size([1, 35, 8192])",torch.bfloat16,573440
t_759,"torch.Size([8192, 8192])",torch.bfloat16,134217728
view_2004,"torch.Size([35, 8192])",torch.bfloat16,573440
mm_678,"torch.Size([35, 8192])",torch.bfloat16,573440
view_2005,"torch.Size([1, 35, 8192])",torch.bfloat16,573440
t_760,"torch.Size([8192, 1024])",torch.bfloat16,16777216
view_2006,"torch.Size([35, 8192])",torch.bfloat16,573440
mm_679,"torch.Size([35, 1024])",torch.bfloat16,71680
view_2007,"torch.Size([1, 35, 1024])",torch.bfloat16,71680
t_761,"torch.Size([8192, 1024])",torch.bfloat16,16777216
view_2008,"torch.Size([35, 8192])",torch.bfloat16,573440
mm_680,"torch.Size([35, 1024])",torch.bfloat16,71680
view_2009,"torch.Size([1, 35, 1024])",torch.bfloat16,71680
view_2010,"torch.Size([1, 35, 64, 128])",torch.bfloat16,573440
transpose_459,"torch.Size([1, 64, 35, 128])",torch.bfloat16,573440
view_2011,"torch.Size([1, 35, 8, 128])",torch.bfloat16,71680
transpose_460,"torch.Size([1, 8, 35, 128])",torch.bfloat16,71680
view_2012,"torch.Size([1, 35, 8, 128])",torch.bfloat16,71680
transpose_461,"torch.Size([1, 8, 35, 128])",torch.bfloat16,71680
unsqueeze_279,"torch.Size([1, 1, 35, 128])",torch.bfloat16,8960
unsqueeze_280,"torch.Size([1, 1, 35, 128])",torch.bfloat16,8960
mul_738,"torch.Size([1, 64, 35, 128])",torch.bfloat16,573440
slice_1241,"torch.Size([1, 64, 35, 64])",torch.bfloat16,286720
slice_1242,"torch.Size([1, 64, 35, 64])",torch.bfloat16,286720
neg_118,"torch.Size([1, 64, 35, 64])",torch.bfloat16,286720
cat_121,"torch.Size([1, 64, 35, 128])",torch.bfloat16,573440
mul_739,"torch.Size([1, 64, 35, 128])",torch.bfloat16,573440
add_530,"torch.Size([1, 64, 35, 128])",torch.bfloat16,573440
mul_740,"torch.Size([1, 8, 35, 128])",torch.bfloat16,71680
slice_1243,"torch.Size([1, 8, 35, 64])",torch.bfloat16,35840
slice_1244,"torch.Size([1, 8, 35, 64])",torch.bfloat16,35840
neg_119,"torch.Size([1, 8, 35, 64])",torch.bfloat16,35840
cat_122,"torch.Size([1, 8, 35, 128])",torch.bfloat16,71680
mul_741,"torch.Size([1, 8, 35, 128])",torch.bfloat16,71680
add_531,"torch.Size([1, 8, 35, 128])",torch.bfloat16,71680
slice_1245,"torch.Size([1, 8, 35, 128])",torch.bfloat16,71680
slice_1246,"torch.Size([1, 8, 35, 128])",torch.bfloat16,71680
unsqueeze_281,"torch.Size([1, 8, 1, 35, 128])",torch.bfloat16,71680
slice_1247,"torch.Size([1, 8, 1, 35, 128])",torch.bfloat16,71680
slice_1248,"torch.Size([1, 8, 1, 35, 128])",torch.bfloat16,71680
expand_157,"torch.Size([1, 8, 8, 35, 128])",torch.bfloat16,573440
clone_150,"torch.Size([1, 8, 8, 35, 128])",torch.bfloat16,573440
_unsafe_view_148,"torch.Size([1, 64, 35, 128])",torch.bfloat16,573440
slice_1249,"torch.Size([1, 8, 35, 128])",torch.bfloat16,71680
slice_1250,"torch.Size([1, 8, 35, 128])",torch.bfloat16,71680
unsqueeze_282,"torch.Size([1, 8, 1, 35, 128])",torch.bfloat16,71680
slice_1251,"torch.Size([1, 8, 1, 35, 128])",torch.bfloat16,71680
slice_1252,"torch.Size([1, 8, 1, 35, 128])",torch.bfloat16,71680
expand_158,"torch.Size([1, 8, 8, 35, 128])",torch.bfloat16,573440
clone_151,"torch.Size([1, 8, 8, 35, 128])",torch.bfloat16,573440
_unsafe_view_149,"torch.Size([1, 64, 35, 128])",torch.bfloat16,573440
slice_1256,"torch.Size([1, 1, 35, 35])",torch.bfloat16,2450
slice_1257,"torch.Size([1, 1, 35, 35])",torch.bfloat16,2450
slice_1258,"torch.Size([1, 1, 35, 35])",torch.bfloat16,2450
getitem_474,"torch.Size([1, 64, 35, 128])",torch.bfloat16,573440
transpose_462,"torch.Size([1, 35, 64, 128])",torch.bfloat16,573440
view_2013,"torch.Size([1, 35, 8192])",torch.bfloat16,573440
t_762,"torch.Size([8192, 8192])",torch.bfloat16,134217728
view_2014,"torch.Size([35, 8192])",torch.bfloat16,573440
mm_681,"torch.Size([35, 8192])",torch.bfloat16,573440
view_2015,"torch.Size([1, 35, 8192])",torch.bfloat16,573440
add_532,"torch.Size([1, 35, 8192])",torch.bfloat16,573440
_to_copy_366,"torch.Size([1, 35, 8192])",torch.float32,1146880
pow_180,"torch.Size([1, 35, 8192])",torch.float32,1146880
mean_179,"torch.Size([1, 35, 1])",torch.float32,140
add_533,"torch.Size([1, 35, 1])",torch.float32,140
rsqrt_179,"torch.Size([1, 35, 1])",torch.float32,140
mul_742,"torch.Size([1, 35, 8192])",torch.float32,1146880
_to_copy_367,"torch.Size([1, 35, 8192])",torch.bfloat16,573440
mul_743,"torch.Size([1, 35, 8192])",torch.bfloat16,573440
t_763,"torch.Size([8192, 28672])",torch.bfloat16,469762048
view_2016,"torch.Size([35, 8192])",torch.bfloat16,573440
mm_682,"torch.Size([35, 28672])",torch.bfloat16,2007040
view_2017,"torch.Size([1, 35, 28672])",torch.bfloat16,2007040
silu_74,"torch.Size([1, 35, 28672])",torch.bfloat16,2007040
t_764,"torch.Size([8192, 28672])",torch.bfloat16,469762048
view_2018,"torch.Size([35, 8192])",torch.bfloat16,573440
mm_683,"torch.Size([35, 28672])",torch.bfloat16,2007040
view_2019,"torch.Size([1, 35, 28672])",torch.bfloat16,2007040
mul_744,"torch.Size([1, 35, 28672])",torch.bfloat16,2007040
t_765,"torch.Size([28672, 8192])",torch.bfloat16,469762048
view_2020,"torch.Size([35, 28672])",torch.bfloat16,2007040
mm_684,"torch.Size([35, 8192])",torch.bfloat16,573440
view_2021,"torch.Size([1, 35, 8192])",torch.bfloat16,573440
add_534,"torch.Size([1, 35, 8192])",torch.bfloat16,573440
_to_copy_368,"torch.Size([1, 35, 8192])",torch.float32,1146880
pow_181,"torch.Size([1, 35, 8192])",torch.float32,1146880
mean_180,"torch.Size([1, 35, 1])",torch.float32,140
add_535,"torch.Size([1, 35, 1])",torch.float32,140
rsqrt_180,"torch.Size([1, 35, 1])",torch.float32,140
mul_745,"torch.Size([1, 35, 8192])",torch.float32,1146880
_to_copy_369,"torch.Size([1, 35, 8192])",torch.bfloat16,573440
mul_746,"torch.Size([1, 35, 8192])",torch.bfloat16,573440
t_766,"torch.Size([8192, 8192])",torch.bfloat16,134217728
view_2022,"torch.Size([35, 8192])",torch.bfloat16,573440
mm_685,"torch.Size([35, 8192])",torch.bfloat16,573440
view_2023,"torch.Size([1, 35, 8192])",torch.bfloat16,573440
t_767,"torch.Size([8192, 1024])",torch.bfloat16,16777216
view_2024,"torch.Size([35, 8192])",torch.bfloat16,573440
mm_686,"torch.Size([35, 1024])",torch.bfloat16,71680
view_2025,"torch.Size([1, 35, 1024])",torch.bfloat16,71680
t_768,"torch.Size([8192, 1024])",torch.bfloat16,16777216
view_2026,"torch.Size([35, 8192])",torch.bfloat16,573440
mm_687,"torch.Size([35, 1024])",torch.bfloat16,71680
view_2027,"torch.Size([1, 35, 1024])",torch.bfloat16,71680
view_2028,"torch.Size([1, 35, 64, 128])",torch.bfloat16,573440
transpose_463,"torch.Size([1, 64, 35, 128])",torch.bfloat16,573440
view_2029,"torch.Size([1, 35, 8, 128])",torch.bfloat16,71680
transpose_464,"torch.Size([1, 8, 35, 128])",torch.bfloat16,71680
view_2030,"torch.Size([1, 35, 8, 128])",torch.bfloat16,71680
transpose_465,"torch.Size([1, 8, 35, 128])",torch.bfloat16,71680
unsqueeze_283,"torch.Size([1, 1, 35, 128])",torch.bfloat16,8960
unsqueeze_284,"torch.Size([1, 1, 35, 128])",torch.bfloat16,8960
mul_747,"torch.Size([1, 64, 35, 128])",torch.bfloat16,573440
slice_1259,"torch.Size([1, 64, 35, 64])",torch.bfloat16,286720
slice_1260,"torch.Size([1, 64, 35, 64])",torch.bfloat16,286720
neg_120,"torch.Size([1, 64, 35, 64])",torch.bfloat16,286720
cat_123,"torch.Size([1, 64, 35, 128])",torch.bfloat16,573440
mul_748,"torch.Size([1, 64, 35, 128])",torch.bfloat16,573440
add_536,"torch.Size([1, 64, 35, 128])",torch.bfloat16,573440
mul_749,"torch.Size([1, 8, 35, 128])",torch.bfloat16,71680
slice_1261,"torch.Size([1, 8, 35, 64])",torch.bfloat16,35840
slice_1262,"torch.Size([1, 8, 35, 64])",torch.bfloat16,35840
neg_121,"torch.Size([1, 8, 35, 64])",torch.bfloat16,35840
cat_124,"torch.Size([1, 8, 35, 128])",torch.bfloat16,71680
mul_750,"torch.Size([1, 8, 35, 128])",torch.bfloat16,71680
add_537,"torch.Size([1, 8, 35, 128])",torch.bfloat16,71680
slice_1263,"torch.Size([1, 8, 35, 128])",torch.bfloat16,71680
slice_1264,"torch.Size([1, 8, 35, 128])",torch.bfloat16,71680
unsqueeze_285,"torch.Size([1, 8, 1, 35, 128])",torch.bfloat16,71680
slice_1265,"torch.Size([1, 8, 1, 35, 128])",torch.bfloat16,71680
slice_1266,"torch.Size([1, 8, 1, 35, 128])",torch.bfloat16,71680
expand_159,"torch.Size([1, 8, 8, 35, 128])",torch.bfloat16,573440
clone_152,"torch.Size([1, 8, 8, 35, 128])",torch.bfloat16,573440
_unsafe_view_150,"torch.Size([1, 64, 35, 128])",torch.bfloat16,573440
slice_1267,"torch.Size([1, 8, 35, 128])",torch.bfloat16,71680
slice_1268,"torch.Size([1, 8, 35, 128])",torch.bfloat16,71680
unsqueeze_286,"torch.Size([1, 8, 1, 35, 128])",torch.bfloat16,71680
slice_1269,"torch.Size([1, 8, 1, 35, 128])",torch.bfloat16,71680
slice_1270,"torch.Size([1, 8, 1, 35, 128])",torch.bfloat16,71680
expand_160,"torch.Size([1, 8, 8, 35, 128])",torch.bfloat16,573440
clone_153,"torch.Size([1, 8, 8, 35, 128])",torch.bfloat16,573440
_unsafe_view_151,"torch.Size([1, 64, 35, 128])",torch.bfloat16,573440
slice_1274,"torch.Size([1, 1, 35, 35])",torch.bfloat16,2450
slice_1275,"torch.Size([1, 1, 35, 35])",torch.bfloat16,2450
slice_1276,"torch.Size([1, 1, 35, 35])",torch.bfloat16,2450
getitem_476,"torch.Size([1, 64, 35, 128])",torch.bfloat16,573440
transpose_466,"torch.Size([1, 35, 64, 128])",torch.bfloat16,573440
view_2031,"torch.Size([1, 35, 8192])",torch.bfloat16,573440
t_769,"torch.Size([8192, 8192])",torch.bfloat16,134217728
view_2032,"torch.Size([35, 8192])",torch.bfloat16,573440
mm_688,"torch.Size([35, 8192])",torch.bfloat16,573440
view_2033,"torch.Size([1, 35, 8192])",torch.bfloat16,573440
add_538,"torch.Size([1, 35, 8192])",torch.bfloat16,573440
_to_copy_370,"torch.Size([1, 35, 8192])",torch.float32,1146880
pow_182,"torch.Size([1, 35, 8192])",torch.float32,1146880
mean_181,"torch.Size([1, 35, 1])",torch.float32,140
add_539,"torch.Size([1, 35, 1])",torch.float32,140
rsqrt_181,"torch.Size([1, 35, 1])",torch.float32,140
mul_751,"torch.Size([1, 35, 8192])",torch.float32,1146880
_to_copy_371,"torch.Size([1, 35, 8192])",torch.bfloat16,573440
mul_752,"torch.Size([1, 35, 8192])",torch.bfloat16,573440
t_770,"torch.Size([8192, 28672])",torch.bfloat16,469762048
view_2034,"torch.Size([35, 8192])",torch.bfloat16,573440
mm_689,"torch.Size([35, 28672])",torch.bfloat16,2007040
view_2035,"torch.Size([1, 35, 28672])",torch.bfloat16,2007040
silu_75,"torch.Size([1, 35, 28672])",torch.bfloat16,2007040
t_771,"torch.Size([8192, 28672])",torch.bfloat16,469762048
view_2036,"torch.Size([35, 8192])",torch.bfloat16,573440
mm_690,"torch.Size([35, 28672])",torch.bfloat16,2007040
view_2037,"torch.Size([1, 35, 28672])",torch.bfloat16,2007040
mul_753,"torch.Size([1, 35, 28672])",torch.bfloat16,2007040
t_772,"torch.Size([28672, 8192])",torch.bfloat16,469762048
view_2038,"torch.Size([35, 28672])",torch.bfloat16,2007040
mm_691,"torch.Size([35, 8192])",torch.bfloat16,573440
view_2039,"torch.Size([1, 35, 8192])",torch.bfloat16,573440
add_540,"torch.Size([1, 35, 8192])",torch.bfloat16,573440
_to_copy_372,"torch.Size([1, 35, 8192])",torch.float32,1146880
pow_183,"torch.Size([1, 35, 8192])",torch.float32,1146880
mean_182,"torch.Size([1, 35, 1])",torch.float32,140
add_541,"torch.Size([1, 35, 1])",torch.float32,140
rsqrt_182,"torch.Size([1, 35, 1])",torch.float32,140
mul_754,"torch.Size([1, 35, 8192])",torch.float32,1146880
_to_copy_373,"torch.Size([1, 35, 8192])",torch.bfloat16,573440
mul_755,"torch.Size([1, 35, 8192])",torch.bfloat16,573440
t_773,"torch.Size([8192, 8192])",torch.bfloat16,134217728
view_2040,"torch.Size([35, 8192])",torch.bfloat16,573440
mm_692,"torch.Size([35, 8192])",torch.bfloat16,573440
view_2041,"torch.Size([1, 35, 8192])",torch.bfloat16,573440
t_774,"torch.Size([8192, 1024])",torch.bfloat16,16777216
view_2042,"torch.Size([35, 8192])",torch.bfloat16,573440
mm_693,"torch.Size([35, 1024])",torch.bfloat16,71680
view_2043,"torch.Size([1, 35, 1024])",torch.bfloat16,71680
t_775,"torch.Size([8192, 1024])",torch.bfloat16,16777216
view_2044,"torch.Size([35, 8192])",torch.bfloat16,573440
mm_694,"torch.Size([35, 1024])",torch.bfloat16,71680
view_2045,"torch.Size([1, 35, 1024])",torch.bfloat16,71680
view_2046,"torch.Size([1, 35, 64, 128])",torch.bfloat16,573440
transpose_467,"torch.Size([1, 64, 35, 128])",torch.bfloat16,573440
view_2047,"torch.Size([1, 35, 8, 128])",torch.bfloat16,71680
transpose_468,"torch.Size([1, 8, 35, 128])",torch.bfloat16,71680
view_2048,"torch.Size([1, 35, 8, 128])",torch.bfloat16,71680
transpose_469,"torch.Size([1, 8, 35, 128])",torch.bfloat16,71680
unsqueeze_287,"torch.Size([1, 1, 35, 128])",torch.bfloat16,8960
unsqueeze_288,"torch.Size([1, 1, 35, 128])",torch.bfloat16,8960
mul_756,"torch.Size([1, 64, 35, 128])",torch.bfloat16,573440
slice_1277,"torch.Size([1, 64, 35, 64])",torch.bfloat16,286720
slice_1278,"torch.Size([1, 64, 35, 64])",torch.bfloat16,286720
neg_122,"torch.Size([1, 64, 35, 64])",torch.bfloat16,286720
cat_125,"torch.Size([1, 64, 35, 128])",torch.bfloat16,573440
mul_757,"torch.Size([1, 64, 35, 128])",torch.bfloat16,573440
add_542,"torch.Size([1, 64, 35, 128])",torch.bfloat16,573440
mul_758,"torch.Size([1, 8, 35, 128])",torch.bfloat16,71680
slice_1279,"torch.Size([1, 8, 35, 64])",torch.bfloat16,35840
slice_1280,"torch.Size([1, 8, 35, 64])",torch.bfloat16,35840
neg_123,"torch.Size([1, 8, 35, 64])",torch.bfloat16,35840
cat_126,"torch.Size([1, 8, 35, 128])",torch.bfloat16,71680
mul_759,"torch.Size([1, 8, 35, 128])",torch.bfloat16,71680
add_543,"torch.Size([1, 8, 35, 128])",torch.bfloat16,71680
slice_1281,"torch.Size([1, 8, 35, 128])",torch.bfloat16,71680
slice_1282,"torch.Size([1, 8, 35, 128])",torch.bfloat16,71680
unsqueeze_289,"torch.Size([1, 8, 1, 35, 128])",torch.bfloat16,71680
slice_1283,"torch.Size([1, 8, 1, 35, 128])",torch.bfloat16,71680
slice_1284,"torch.Size([1, 8, 1, 35, 128])",torch.bfloat16,71680
expand_161,"torch.Size([1, 8, 8, 35, 128])",torch.bfloat16,573440
clone_154,"torch.Size([1, 8, 8, 35, 128])",torch.bfloat16,573440
_unsafe_view_152,"torch.Size([1, 64, 35, 128])",torch.bfloat16,573440
slice_1285,"torch.Size([1, 8, 35, 128])",torch.bfloat16,71680
slice_1286,"torch.Size([1, 8, 35, 128])",torch.bfloat16,71680
unsqueeze_290,"torch.Size([1, 8, 1, 35, 128])",torch.bfloat16,71680
slice_1287,"torch.Size([1, 8, 1, 35, 128])",torch.bfloat16,71680
slice_1288,"torch.Size([1, 8, 1, 35, 128])",torch.bfloat16,71680
expand_162,"torch.Size([1, 8, 8, 35, 128])",torch.bfloat16,573440
clone_155,"torch.Size([1, 8, 8, 35, 128])",torch.bfloat16,573440
_unsafe_view_153,"torch.Size([1, 64, 35, 128])",torch.bfloat16,573440
slice_1292,"torch.Size([1, 1, 35, 35])",torch.bfloat16,2450
slice_1293,"torch.Size([1, 1, 35, 35])",torch.bfloat16,2450
slice_1294,"torch.Size([1, 1, 35, 35])",torch.bfloat16,2450
getitem_478,"torch.Size([1, 64, 35, 128])",torch.bfloat16,573440
transpose_470,"torch.Size([1, 35, 64, 128])",torch.bfloat16,573440
view_2049,"torch.Size([1, 35, 8192])",torch.bfloat16,573440
t_776,"torch.Size([8192, 8192])",torch.bfloat16,134217728
view_2050,"torch.Size([35, 8192])",torch.bfloat16,573440
mm_695,"torch.Size([35, 8192])",torch.bfloat16,573440
view_2051,"torch.Size([1, 35, 8192])",torch.bfloat16,573440
add_544,"torch.Size([1, 35, 8192])",torch.bfloat16,573440
_to_copy_374,"torch.Size([1, 35, 8192])",torch.float32,1146880
pow_184,"torch.Size([1, 35, 8192])",torch.float32,1146880
mean_183,"torch.Size([1, 35, 1])",torch.float32,140
add_545,"torch.Size([1, 35, 1])",torch.float32,140
rsqrt_183,"torch.Size([1, 35, 1])",torch.float32,140
mul_760,"torch.Size([1, 35, 8192])",torch.float32,1146880
_to_copy_375,"torch.Size([1, 35, 8192])",torch.bfloat16,573440
mul_761,"torch.Size([1, 35, 8192])",torch.bfloat16,573440
t_777,"torch.Size([8192, 28672])",torch.bfloat16,469762048
view_2052,"torch.Size([35, 8192])",torch.bfloat16,573440
mm_696,"torch.Size([35, 28672])",torch.bfloat16,2007040
view_2053,"torch.Size([1, 35, 28672])",torch.bfloat16,2007040
silu_76,"torch.Size([1, 35, 28672])",torch.bfloat16,2007040
t_778,"torch.Size([8192, 28672])",torch.bfloat16,469762048
view_2054,"torch.Size([35, 8192])",torch.bfloat16,573440
mm_697,"torch.Size([35, 28672])",torch.bfloat16,2007040
view_2055,"torch.Size([1, 35, 28672])",torch.bfloat16,2007040
mul_762,"torch.Size([1, 35, 28672])",torch.bfloat16,2007040
t_779,"torch.Size([28672, 8192])",torch.bfloat16,469762048
view_2056,"torch.Size([35, 28672])",torch.bfloat16,2007040
mm_698,"torch.Size([35, 8192])",torch.bfloat16,573440
view_2057,"torch.Size([1, 35, 8192])",torch.bfloat16,573440
add_546,"torch.Size([1, 35, 8192])",torch.bfloat16,573440
_to_copy_376,"torch.Size([1, 35, 8192])",torch.float32,1146880
pow_185,"torch.Size([1, 35, 8192])",torch.float32,1146880
mean_184,"torch.Size([1, 35, 1])",torch.float32,140
add_547,"torch.Size([1, 35, 1])",torch.float32,140
rsqrt_184,"torch.Size([1, 35, 1])",torch.float32,140
mul_763,"torch.Size([1, 35, 8192])",torch.float32,1146880
_to_copy_377,"torch.Size([1, 35, 8192])",torch.bfloat16,573440
mul_764,"torch.Size([1, 35, 8192])",torch.bfloat16,573440
t_780,"torch.Size([8192, 8192])",torch.bfloat16,134217728
view_2058,"torch.Size([35, 8192])",torch.bfloat16,573440
mm_699,"torch.Size([35, 8192])",torch.bfloat16,573440
view_2059,"torch.Size([1, 35, 8192])",torch.bfloat16,573440
t_781,"torch.Size([8192, 1024])",torch.bfloat16,16777216
view_2060,"torch.Size([35, 8192])",torch.bfloat16,573440
mm_700,"torch.Size([35, 1024])",torch.bfloat16,71680
view_2061,"torch.Size([1, 35, 1024])",torch.bfloat16,71680
t_782,"torch.Size([8192, 1024])",torch.bfloat16,16777216
view_2062,"torch.Size([35, 8192])",torch.bfloat16,573440
mm_701,"torch.Size([35, 1024])",torch.bfloat16,71680
view_2063,"torch.Size([1, 35, 1024])",torch.bfloat16,71680
view_2064,"torch.Size([1, 35, 64, 128])",torch.bfloat16,573440
transpose_471,"torch.Size([1, 64, 35, 128])",torch.bfloat16,573440
view_2065,"torch.Size([1, 35, 8, 128])",torch.bfloat16,71680
transpose_472,"torch.Size([1, 8, 35, 128])",torch.bfloat16,71680
view_2066,"torch.Size([1, 35, 8, 128])",torch.bfloat16,71680
transpose_473,"torch.Size([1, 8, 35, 128])",torch.bfloat16,71680
unsqueeze_291,"torch.Size([1, 1, 35, 128])",torch.bfloat16,8960
unsqueeze_292,"torch.Size([1, 1, 35, 128])",torch.bfloat16,8960
mul_765,"torch.Size([1, 64, 35, 128])",torch.bfloat16,573440
slice_1295,"torch.Size([1, 64, 35, 64])",torch.bfloat16,286720
slice_1296,"torch.Size([1, 64, 35, 64])",torch.bfloat16,286720
neg_124,"torch.Size([1, 64, 35, 64])",torch.bfloat16,286720
cat_127,"torch.Size([1, 64, 35, 128])",torch.bfloat16,573440
mul_766,"torch.Size([1, 64, 35, 128])",torch.bfloat16,573440
add_548,"torch.Size([1, 64, 35, 128])",torch.bfloat16,573440
mul_767,"torch.Size([1, 8, 35, 128])",torch.bfloat16,71680
slice_1297,"torch.Size([1, 8, 35, 64])",torch.bfloat16,35840
slice_1298,"torch.Size([1, 8, 35, 64])",torch.bfloat16,35840
neg_125,"torch.Size([1, 8, 35, 64])",torch.bfloat16,35840
cat_128,"torch.Size([1, 8, 35, 128])",torch.bfloat16,71680
mul_768,"torch.Size([1, 8, 35, 128])",torch.bfloat16,71680
add_549,"torch.Size([1, 8, 35, 128])",torch.bfloat16,71680
slice_1299,"torch.Size([1, 8, 35, 128])",torch.bfloat16,71680
slice_1300,"torch.Size([1, 8, 35, 128])",torch.bfloat16,71680
unsqueeze_293,"torch.Size([1, 8, 1, 35, 128])",torch.bfloat16,71680
slice_1301,"torch.Size([1, 8, 1, 35, 128])",torch.bfloat16,71680
slice_1302,"torch.Size([1, 8, 1, 35, 128])",torch.bfloat16,71680
expand_163,"torch.Size([1, 8, 8, 35, 128])",torch.bfloat16,573440
clone_156,"torch.Size([1, 8, 8, 35, 128])",torch.bfloat16,573440
_unsafe_view_154,"torch.Size([1, 64, 35, 128])",torch.bfloat16,573440
slice_1303,"torch.Size([1, 8, 35, 128])",torch.bfloat16,71680
slice_1304,"torch.Size([1, 8, 35, 128])",torch.bfloat16,71680
unsqueeze_294,"torch.Size([1, 8, 1, 35, 128])",torch.bfloat16,71680
slice_1305,"torch.Size([1, 8, 1, 35, 128])",torch.bfloat16,71680
slice_1306,"torch.Size([1, 8, 1, 35, 128])",torch.bfloat16,71680
expand_164,"torch.Size([1, 8, 8, 35, 128])",torch.bfloat16,573440
clone_157,"torch.Size([1, 8, 8, 35, 128])",torch.bfloat16,573440
_unsafe_view_155,"torch.Size([1, 64, 35, 128])",torch.bfloat16,573440
slice_1310,"torch.Size([1, 1, 35, 35])",torch.bfloat16,2450
slice_1311,"torch.Size([1, 1, 35, 35])",torch.bfloat16,2450
slice_1312,"torch.Size([1, 1, 35, 35])",torch.bfloat16,2450
getitem_480,"torch.Size([1, 64, 35, 128])",torch.bfloat16,573440
transpose_474,"torch.Size([1, 35, 64, 128])",torch.bfloat16,573440
view_2067,"torch.Size([1, 35, 8192])",torch.bfloat16,573440
t_783,"torch.Size([8192, 8192])",torch.bfloat16,134217728
view_2068,"torch.Size([35, 8192])",torch.bfloat16,573440
mm_702,"torch.Size([35, 8192])",torch.bfloat16,573440
view_2069,"torch.Size([1, 35, 8192])",torch.bfloat16,573440
add_550,"torch.Size([1, 35, 8192])",torch.bfloat16,573440
_to_copy_378,"torch.Size([1, 35, 8192])",torch.float32,1146880
pow_186,"torch.Size([1, 35, 8192])",torch.float32,1146880
mean_185,"torch.Size([1, 35, 1])",torch.float32,140
add_551,"torch.Size([1, 35, 1])",torch.float32,140
rsqrt_185,"torch.Size([1, 35, 1])",torch.float32,140
mul_769,"torch.Size([1, 35, 8192])",torch.float32,1146880
_to_copy_379,"torch.Size([1, 35, 8192])",torch.bfloat16,573440
mul_770,"torch.Size([1, 35, 8192])",torch.bfloat16,573440
t_784,"torch.Size([8192, 28672])",torch.bfloat16,469762048
view_2070,"torch.Size([35, 8192])",torch.bfloat16,573440
mm_703,"torch.Size([35, 28672])",torch.bfloat16,2007040
view_2071,"torch.Size([1, 35, 28672])",torch.bfloat16,2007040
silu_77,"torch.Size([1, 35, 28672])",torch.bfloat16,2007040
t_785,"torch.Size([8192, 28672])",torch.bfloat16,469762048
view_2072,"torch.Size([35, 8192])",torch.bfloat16,573440
mm_704,"torch.Size([35, 28672])",torch.bfloat16,2007040
view_2073,"torch.Size([1, 35, 28672])",torch.bfloat16,2007040
mul_771,"torch.Size([1, 35, 28672])",torch.bfloat16,2007040
t_786,"torch.Size([28672, 8192])",torch.bfloat16,469762048
view_2074,"torch.Size([35, 28672])",torch.bfloat16,2007040
mm_705,"torch.Size([35, 8192])",torch.bfloat16,573440
view_2075,"torch.Size([1, 35, 8192])",torch.bfloat16,573440
add_552,"torch.Size([1, 35, 8192])",torch.bfloat16,573440
_to_copy_380,"torch.Size([1, 35, 8192])",torch.float32,1146880
pow_187,"torch.Size([1, 35, 8192])",torch.float32,1146880
mean_186,"torch.Size([1, 35, 1])",torch.float32,140
add_553,"torch.Size([1, 35, 1])",torch.float32,140
rsqrt_186,"torch.Size([1, 35, 1])",torch.float32,140
mul_772,"torch.Size([1, 35, 8192])",torch.float32,1146880
_to_copy_381,"torch.Size([1, 35, 8192])",torch.bfloat16,573440
mul_773,"torch.Size([1, 35, 8192])",torch.bfloat16,573440
t_787,"torch.Size([8192, 8192])",torch.bfloat16,134217728
view_2076,"torch.Size([35, 8192])",torch.bfloat16,573440
mm_706,"torch.Size([35, 8192])",torch.bfloat16,573440
view_2077,"torch.Size([1, 35, 8192])",torch.bfloat16,573440
view_2078,"torch.Size([1, 35, 64, 128])",torch.bfloat16,573440
transpose_475,"torch.Size([1, 64, 35, 128])",torch.bfloat16,573440
_to_copy_382,"torch.Size([1, 64, 35, 128])",torch.float32,1146880
pow_188,"torch.Size([1, 64, 35, 128])",torch.float32,1146880
mean_187,"torch.Size([1, 64, 35, 1])",torch.float32,8960
add_554,"torch.Size([1, 64, 35, 1])",torch.float32,8960
rsqrt_187,"torch.Size([1, 64, 35, 1])",torch.float32,8960
mul_774,"torch.Size([1, 64, 35, 128])",torch.float32,1146880
_to_copy_383,"torch.Size([1, 64, 35, 128])",torch.bfloat16,573440
mul_775,"torch.Size([1, 64, 35, 128])",torch.bfloat16,573440
t_788,"torch.Size([8192, 1024])",torch.bfloat16,16777216
view_2079,"torch.Size([6404, 8192])",torch.bfloat16,104923136
mm_707,"torch.Size([6404, 1024])",torch.bfloat16,13115392
view_2080,"torch.Size([4, 1601, 1024])",torch.bfloat16,13115392
t_789,"torch.Size([8192, 1024])",torch.bfloat16,16777216
view_2081,"torch.Size([6404, 8192])",torch.bfloat16,104923136
mm_708,"torch.Size([6404, 1024])",torch.bfloat16,13115392
view_2082,"torch.Size([4, 1601, 1024])",torch.bfloat16,13115392
view_2083,"torch.Size([1, 6404, 8, 128])",torch.bfloat16,13115392
transpose_476,"torch.Size([1, 8, 6404, 128])",torch.bfloat16,13115392
view_2084,"torch.Size([1, 6404, 8, 128])",torch.bfloat16,13115392
transpose_477,"torch.Size([1, 8, 6404, 128])",torch.bfloat16,13115392
slice_1313,"torch.Size([1, 8, 6404, 128])",torch.bfloat16,13115392
slice_1314,"torch.Size([1, 8, 6404, 128])",torch.bfloat16,13115392
unsqueeze_295,"torch.Size([1, 8, 1, 6404, 128])",torch.bfloat16,13115392
slice_1315,"torch.Size([1, 8, 1, 6404, 128])",torch.bfloat16,13115392
slice_1316,"torch.Size([1, 8, 1, 6404, 128])",torch.bfloat16,13115392
expand_165,"torch.Size([1, 8, 8, 6404, 128])",torch.bfloat16,104923136
clone_158,"torch.Size([1, 8, 8, 6404, 128])",torch.bfloat16,104923136
_unsafe_view_156,"torch.Size([1, 64, 6404, 128])",torch.bfloat16,104923136
slice_1317,"torch.Size([1, 8, 6404, 128])",torch.bfloat16,13115392
slice_1318,"torch.Size([1, 8, 6404, 128])",torch.bfloat16,13115392
unsqueeze_296,"torch.Size([1, 8, 1, 6404, 128])",torch.bfloat16,13115392
slice_1319,"torch.Size([1, 8, 1, 6404, 128])",torch.bfloat16,13115392
slice_1320,"torch.Size([1, 8, 1, 6404, 128])",torch.bfloat16,13115392
expand_166,"torch.Size([1, 8, 8, 6404, 128])",torch.bfloat16,104923136
clone_159,"torch.Size([1, 8, 8, 6404, 128])",torch.bfloat16,104923136
_unsafe_view_157,"torch.Size([1, 64, 6404, 128])",torch.bfloat16,104923136
_to_copy_384,"torch.Size([1, 64, 6404, 128])",torch.float32,209846272
pow_189,"torch.Size([1, 64, 6404, 128])",torch.float32,209846272
mean_188,"torch.Size([1, 64, 6404, 1])",torch.float32,1639424
add_555,"torch.Size([1, 64, 6404, 1])",torch.float32,1639424
rsqrt_188,"torch.Size([1, 64, 6404, 1])",torch.float32,1639424
mul_776,"torch.Size([1, 64, 6404, 128])",torch.float32,209846272
_to_copy_385,"torch.Size([1, 64, 6404, 128])",torch.bfloat16,104923136
mul_777,"torch.Size([1, 64, 6404, 128])",torch.bfloat16,104923136
getitem_482,"torch.Size([1, 64, 35, 128])",torch.bfloat16,573440
transpose_478,"torch.Size([1, 35, 64, 128])",torch.bfloat16,573440
view_2085,"torch.Size([1, 35, 8192])",torch.bfloat16,573440
t_790,"torch.Size([8192, 8192])",torch.bfloat16,134217728
view_2086,"torch.Size([35, 8192])",torch.bfloat16,573440
mm_709,"torch.Size([35, 8192])",torch.bfloat16,573440
view_2087,"torch.Size([1, 35, 8192])",torch.bfloat16,573440
tanh_50,torch.Size([1]),torch.bfloat16,2
mul_778,"torch.Size([1, 35, 8192])",torch.bfloat16,573440
add_556,"torch.Size([1, 35, 8192])",torch.bfloat16,573440
_to_copy_386,"torch.Size([1, 35, 8192])",torch.float32,1146880
pow_190,"torch.Size([1, 35, 8192])",torch.float32,1146880
mean_189,"torch.Size([1, 35, 1])",torch.float32,140
add_557,"torch.Size([1, 35, 1])",torch.float32,140
rsqrt_189,"torch.Size([1, 35, 1])",torch.float32,140
mul_779,"torch.Size([1, 35, 8192])",torch.float32,1146880
_to_copy_387,"torch.Size([1, 35, 8192])",torch.bfloat16,573440
mul_780,"torch.Size([1, 35, 8192])",torch.bfloat16,573440
t_791,"torch.Size([8192, 28672])",torch.bfloat16,469762048
view_2088,"torch.Size([35, 8192])",torch.bfloat16,573440
mm_710,"torch.Size([35, 28672])",torch.bfloat16,2007040
view_2089,"torch.Size([1, 35, 28672])",torch.bfloat16,2007040
silu_78,"torch.Size([1, 35, 28672])",torch.bfloat16,2007040
t_792,"torch.Size([8192, 28672])",torch.bfloat16,469762048
view_2090,"torch.Size([35, 8192])",torch.bfloat16,573440
mm_711,"torch.Size([35, 28672])",torch.bfloat16,2007040
view_2091,"torch.Size([1, 35, 28672])",torch.bfloat16,2007040
mul_781,"torch.Size([1, 35, 28672])",torch.bfloat16,2007040
t_793,"torch.Size([28672, 8192])",torch.bfloat16,469762048
view_2092,"torch.Size([35, 28672])",torch.bfloat16,2007040
mm_712,"torch.Size([35, 8192])",torch.bfloat16,573440
view_2093,"torch.Size([1, 35, 8192])",torch.bfloat16,573440
slice_1321,"torch.Size([1, 1, 35, 1])",torch.bfloat16,70
select_15,"torch.Size([1, 35, 1])",torch.bfloat16,70
mul_782,"torch.Size([1, 35, 8192])",torch.bfloat16,573440
tanh_51,torch.Size([1]),torch.bfloat16,2
mul_783,"torch.Size([1, 35, 8192])",torch.bfloat16,573440
add_558,"torch.Size([1, 35, 8192])",torch.bfloat16,573440
_to_copy_388,"torch.Size([1, 35, 8192])",torch.float32,1146880
pow_191,"torch.Size([1, 35, 8192])",torch.float32,1146880
mean_190,"torch.Size([1, 35, 1])",torch.float32,140
add_559,"torch.Size([1, 35, 1])",torch.float32,140
rsqrt_190,"torch.Size([1, 35, 1])",torch.float32,140
mul_784,"torch.Size([1, 35, 8192])",torch.float32,1146880
_to_copy_389,"torch.Size([1, 35, 8192])",torch.bfloat16,573440
mul_785,"torch.Size([1, 35, 8192])",torch.bfloat16,573440
t_794,"torch.Size([8192, 8192])",torch.bfloat16,134217728
view_2094,"torch.Size([35, 8192])",torch.bfloat16,573440
mm_713,"torch.Size([35, 8192])",torch.bfloat16,573440
view_2095,"torch.Size([1, 35, 8192])",torch.bfloat16,573440
t_795,"torch.Size([8192, 1024])",torch.bfloat16,16777216
view_2096,"torch.Size([35, 8192])",torch.bfloat16,573440
mm_714,"torch.Size([35, 1024])",torch.bfloat16,71680
view_2097,"torch.Size([1, 35, 1024])",torch.bfloat16,71680
t_796,"torch.Size([8192, 1024])",torch.bfloat16,16777216
view_2098,"torch.Size([35, 8192])",torch.bfloat16,573440
mm_715,"torch.Size([35, 1024])",torch.bfloat16,71680
view_2099,"torch.Size([1, 35, 1024])",torch.bfloat16,71680
view_2100,"torch.Size([1, 35, 64, 128])",torch.bfloat16,573440
transpose_479,"torch.Size([1, 64, 35, 128])",torch.bfloat16,573440
view_2101,"torch.Size([1, 35, 8, 128])",torch.bfloat16,71680
transpose_480,"torch.Size([1, 8, 35, 128])",torch.bfloat16,71680
view_2102,"torch.Size([1, 35, 8, 128])",torch.bfloat16,71680
transpose_481,"torch.Size([1, 8, 35, 128])",torch.bfloat16,71680
unsqueeze_297,"torch.Size([1, 1, 35, 128])",torch.bfloat16,8960
unsqueeze_298,"torch.Size([1, 1, 35, 128])",torch.bfloat16,8960
mul_786,"torch.Size([1, 64, 35, 128])",torch.bfloat16,573440
slice_1322,"torch.Size([1, 64, 35, 64])",torch.bfloat16,286720
slice_1323,"torch.Size([1, 64, 35, 64])",torch.bfloat16,286720
neg_126,"torch.Size([1, 64, 35, 64])",torch.bfloat16,286720
cat_129,"torch.Size([1, 64, 35, 128])",torch.bfloat16,573440
mul_787,"torch.Size([1, 64, 35, 128])",torch.bfloat16,573440
add_560,"torch.Size([1, 64, 35, 128])",torch.bfloat16,573440
mul_788,"torch.Size([1, 8, 35, 128])",torch.bfloat16,71680
slice_1324,"torch.Size([1, 8, 35, 64])",torch.bfloat16,35840
slice_1325,"torch.Size([1, 8, 35, 64])",torch.bfloat16,35840
neg_127,"torch.Size([1, 8, 35, 64])",torch.bfloat16,35840
cat_130,"torch.Size([1, 8, 35, 128])",torch.bfloat16,71680
mul_789,"torch.Size([1, 8, 35, 128])",torch.bfloat16,71680
add_561,"torch.Size([1, 8, 35, 128])",torch.bfloat16,71680
slice_1326,"torch.Size([1, 8, 35, 128])",torch.bfloat16,71680
slice_1327,"torch.Size([1, 8, 35, 128])",torch.bfloat16,71680
unsqueeze_299,"torch.Size([1, 8, 1, 35, 128])",torch.bfloat16,71680
slice_1328,"torch.Size([1, 8, 1, 35, 128])",torch.bfloat16,71680
slice_1329,"torch.Size([1, 8, 1, 35, 128])",torch.bfloat16,71680
expand_167,"torch.Size([1, 8, 8, 35, 128])",torch.bfloat16,573440
clone_160,"torch.Size([1, 8, 8, 35, 128])",torch.bfloat16,573440
_unsafe_view_158,"torch.Size([1, 64, 35, 128])",torch.bfloat16,573440
slice_1330,"torch.Size([1, 8, 35, 128])",torch.bfloat16,71680
slice_1331,"torch.Size([1, 8, 35, 128])",torch.bfloat16,71680
unsqueeze_300,"torch.Size([1, 8, 1, 35, 128])",torch.bfloat16,71680
slice_1332,"torch.Size([1, 8, 1, 35, 128])",torch.bfloat16,71680
slice_1333,"torch.Size([1, 8, 1, 35, 128])",torch.bfloat16,71680
expand_168,"torch.Size([1, 8, 8, 35, 128])",torch.bfloat16,573440
clone_161,"torch.Size([1, 8, 8, 35, 128])",torch.bfloat16,573440
_unsafe_view_159,"torch.Size([1, 64, 35, 128])",torch.bfloat16,573440
slice_1337,"torch.Size([1, 1, 35, 35])",torch.bfloat16,2450
slice_1338,"torch.Size([1, 1, 35, 35])",torch.bfloat16,2450
slice_1339,"torch.Size([1, 1, 35, 35])",torch.bfloat16,2450
getitem_484,"torch.Size([1, 64, 35, 128])",torch.bfloat16,573440
transpose_482,"torch.Size([1, 35, 64, 128])",torch.bfloat16,573440
view_2103,"torch.Size([1, 35, 8192])",torch.bfloat16,573440
t_797,"torch.Size([8192, 8192])",torch.bfloat16,134217728
view_2104,"torch.Size([35, 8192])",torch.bfloat16,573440
mm_716,"torch.Size([35, 8192])",torch.bfloat16,573440
view_2105,"torch.Size([1, 35, 8192])",torch.bfloat16,573440
add_562,"torch.Size([1, 35, 8192])",torch.bfloat16,573440
_to_copy_390,"torch.Size([1, 35, 8192])",torch.float32,1146880
pow_192,"torch.Size([1, 35, 8192])",torch.float32,1146880
mean_191,"torch.Size([1, 35, 1])",torch.float32,140
add_563,"torch.Size([1, 35, 1])",torch.float32,140
rsqrt_191,"torch.Size([1, 35, 1])",torch.float32,140
mul_790,"torch.Size([1, 35, 8192])",torch.float32,1146880
_to_copy_391,"torch.Size([1, 35, 8192])",torch.bfloat16,573440
mul_791,"torch.Size([1, 35, 8192])",torch.bfloat16,573440
t_798,"torch.Size([8192, 28672])",torch.bfloat16,469762048
view_2106,"torch.Size([35, 8192])",torch.bfloat16,573440
mm_717,"torch.Size([35, 28672])",torch.bfloat16,2007040
view_2107,"torch.Size([1, 35, 28672])",torch.bfloat16,2007040
silu_79,"torch.Size([1, 35, 28672])",torch.bfloat16,2007040
t_799,"torch.Size([8192, 28672])",torch.bfloat16,469762048
view_2108,"torch.Size([35, 8192])",torch.bfloat16,573440
mm_718,"torch.Size([35, 28672])",torch.bfloat16,2007040
view_2109,"torch.Size([1, 35, 28672])",torch.bfloat16,2007040
mul_792,"torch.Size([1, 35, 28672])",torch.bfloat16,2007040
t_800,"torch.Size([28672, 8192])",torch.bfloat16,469762048
view_2110,"torch.Size([35, 28672])",torch.bfloat16,2007040
mm_719,"torch.Size([35, 8192])",torch.bfloat16,573440
view_2111,"torch.Size([1, 35, 8192])",torch.bfloat16,573440
add_564,"torch.Size([1, 35, 8192])",torch.bfloat16,573440
_to_copy_392,"torch.Size([1, 35, 8192])",torch.float32,1146880
pow_193,"torch.Size([1, 35, 8192])",torch.float32,1146880
mean_192,"torch.Size([1, 35, 1])",torch.float32,140
add_565,"torch.Size([1, 35, 1])",torch.float32,140
rsqrt_192,"torch.Size([1, 35, 1])",torch.float32,140
mul_793,"torch.Size([1, 35, 8192])",torch.float32,1146880
_to_copy_393,"torch.Size([1, 35, 8192])",torch.bfloat16,573440
mul_794,"torch.Size([1, 35, 8192])",torch.bfloat16,573440
t_801,"torch.Size([8192, 8192])",torch.bfloat16,134217728
view_2112,"torch.Size([35, 8192])",torch.bfloat16,573440
mm_720,"torch.Size([35, 8192])",torch.bfloat16,573440
view_2113,"torch.Size([1, 35, 8192])",torch.bfloat16,573440
t_802,"torch.Size([8192, 1024])",torch.bfloat16,16777216
view_2114,"torch.Size([35, 8192])",torch.bfloat16,573440
mm_721,"torch.Size([35, 1024])",torch.bfloat16,71680
view_2115,"torch.Size([1, 35, 1024])",torch.bfloat16,71680
t_803,"torch.Size([8192, 1024])",torch.bfloat16,16777216
view_2116,"torch.Size([35, 8192])",torch.bfloat16,573440
mm_722,"torch.Size([35, 1024])",torch.bfloat16,71680
view_2117,"torch.Size([1, 35, 1024])",torch.bfloat16,71680
view_2118,"torch.Size([1, 35, 64, 128])",torch.bfloat16,573440
transpose_483,"torch.Size([1, 64, 35, 128])",torch.bfloat16,573440
view_2119,"torch.Size([1, 35, 8, 128])",torch.bfloat16,71680
transpose_484,"torch.Size([1, 8, 35, 128])",torch.bfloat16,71680
view_2120,"torch.Size([1, 35, 8, 128])",torch.bfloat16,71680
transpose_485,"torch.Size([1, 8, 35, 128])",torch.bfloat16,71680
unsqueeze_301,"torch.Size([1, 1, 35, 128])",torch.bfloat16,8960
unsqueeze_302,"torch.Size([1, 1, 35, 128])",torch.bfloat16,8960
mul_795,"torch.Size([1, 64, 35, 128])",torch.bfloat16,573440
slice_1340,"torch.Size([1, 64, 35, 64])",torch.bfloat16,286720
slice_1341,"torch.Size([1, 64, 35, 64])",torch.bfloat16,286720
neg_128,"torch.Size([1, 64, 35, 64])",torch.bfloat16,286720
cat_131,"torch.Size([1, 64, 35, 128])",torch.bfloat16,573440
mul_796,"torch.Size([1, 64, 35, 128])",torch.bfloat16,573440
add_566,"torch.Size([1, 64, 35, 128])",torch.bfloat16,573440
mul_797,"torch.Size([1, 8, 35, 128])",torch.bfloat16,71680
slice_1342,"torch.Size([1, 8, 35, 64])",torch.bfloat16,35840
slice_1343,"torch.Size([1, 8, 35, 64])",torch.bfloat16,35840
neg_129,"torch.Size([1, 8, 35, 64])",torch.bfloat16,35840
cat_132,"torch.Size([1, 8, 35, 128])",torch.bfloat16,71680
mul_798,"torch.Size([1, 8, 35, 128])",torch.bfloat16,71680
add_567,"torch.Size([1, 8, 35, 128])",torch.bfloat16,71680
slice_1344,"torch.Size([1, 8, 35, 128])",torch.bfloat16,71680
slice_1345,"torch.Size([1, 8, 35, 128])",torch.bfloat16,71680
unsqueeze_303,"torch.Size([1, 8, 1, 35, 128])",torch.bfloat16,71680
slice_1346,"torch.Size([1, 8, 1, 35, 128])",torch.bfloat16,71680
slice_1347,"torch.Size([1, 8, 1, 35, 128])",torch.bfloat16,71680
expand_169,"torch.Size([1, 8, 8, 35, 128])",torch.bfloat16,573440
clone_162,"torch.Size([1, 8, 8, 35, 128])",torch.bfloat16,573440
_unsafe_view_160,"torch.Size([1, 64, 35, 128])",torch.bfloat16,573440
slice_1348,"torch.Size([1, 8, 35, 128])",torch.bfloat16,71680
slice_1349,"torch.Size([1, 8, 35, 128])",torch.bfloat16,71680
unsqueeze_304,"torch.Size([1, 8, 1, 35, 128])",torch.bfloat16,71680
slice_1350,"torch.Size([1, 8, 1, 35, 128])",torch.bfloat16,71680
slice_1351,"torch.Size([1, 8, 1, 35, 128])",torch.bfloat16,71680
expand_170,"torch.Size([1, 8, 8, 35, 128])",torch.bfloat16,573440
clone_163,"torch.Size([1, 8, 8, 35, 128])",torch.bfloat16,573440
_unsafe_view_161,"torch.Size([1, 64, 35, 128])",torch.bfloat16,573440
slice_1355,"torch.Size([1, 1, 35, 35])",torch.bfloat16,2450
slice_1356,"torch.Size([1, 1, 35, 35])",torch.bfloat16,2450
slice_1357,"torch.Size([1, 1, 35, 35])",torch.bfloat16,2450
getitem_486,"torch.Size([1, 64, 35, 128])",torch.bfloat16,573440
transpose_486,"torch.Size([1, 35, 64, 128])",torch.bfloat16,573440
view_2121,"torch.Size([1, 35, 8192])",torch.bfloat16,573440
t_804,"torch.Size([8192, 8192])",torch.bfloat16,134217728
view_2122,"torch.Size([35, 8192])",torch.bfloat16,573440
mm_723,"torch.Size([35, 8192])",torch.bfloat16,573440
view_2123,"torch.Size([1, 35, 8192])",torch.bfloat16,573440
add_568,"torch.Size([1, 35, 8192])",torch.bfloat16,573440
_to_copy_394,"torch.Size([1, 35, 8192])",torch.float32,1146880
pow_194,"torch.Size([1, 35, 8192])",torch.float32,1146880
mean_193,"torch.Size([1, 35, 1])",torch.float32,140
add_569,"torch.Size([1, 35, 1])",torch.float32,140
rsqrt_193,"torch.Size([1, 35, 1])",torch.float32,140
mul_799,"torch.Size([1, 35, 8192])",torch.float32,1146880
_to_copy_395,"torch.Size([1, 35, 8192])",torch.bfloat16,573440
mul_800,"torch.Size([1, 35, 8192])",torch.bfloat16,573440
t_805,"torch.Size([8192, 28672])",torch.bfloat16,469762048
view_2124,"torch.Size([35, 8192])",torch.bfloat16,573440
mm_724,"torch.Size([35, 28672])",torch.bfloat16,2007040
view_2125,"torch.Size([1, 35, 28672])",torch.bfloat16,2007040
silu_80,"torch.Size([1, 35, 28672])",torch.bfloat16,2007040
t_806,"torch.Size([8192, 28672])",torch.bfloat16,469762048
view_2126,"torch.Size([35, 8192])",torch.bfloat16,573440
mm_725,"torch.Size([35, 28672])",torch.bfloat16,2007040
view_2127,"torch.Size([1, 35, 28672])",torch.bfloat16,2007040
mul_801,"torch.Size([1, 35, 28672])",torch.bfloat16,2007040
t_807,"torch.Size([28672, 8192])",torch.bfloat16,469762048
view_2128,"torch.Size([35, 28672])",torch.bfloat16,2007040
mm_726,"torch.Size([35, 8192])",torch.bfloat16,573440
view_2129,"torch.Size([1, 35, 8192])",torch.bfloat16,573440
add_570,"torch.Size([1, 35, 8192])",torch.bfloat16,573440
_to_copy_396,"torch.Size([1, 35, 8192])",torch.float32,1146880
pow_195,"torch.Size([1, 35, 8192])",torch.float32,1146880
mean_194,"torch.Size([1, 35, 1])",torch.float32,140
add_571,"torch.Size([1, 35, 1])",torch.float32,140
rsqrt_194,"torch.Size([1, 35, 1])",torch.float32,140
mul_802,"torch.Size([1, 35, 8192])",torch.float32,1146880
_to_copy_397,"torch.Size([1, 35, 8192])",torch.bfloat16,573440
mul_803,"torch.Size([1, 35, 8192])",torch.bfloat16,573440
t_808,"torch.Size([8192, 8192])",torch.bfloat16,134217728
view_2130,"torch.Size([35, 8192])",torch.bfloat16,573440
mm_727,"torch.Size([35, 8192])",torch.bfloat16,573440
view_2131,"torch.Size([1, 35, 8192])",torch.bfloat16,573440
t_809,"torch.Size([8192, 1024])",torch.bfloat16,16777216
view_2132,"torch.Size([35, 8192])",torch.bfloat16,573440
mm_728,"torch.Size([35, 1024])",torch.bfloat16,71680
view_2133,"torch.Size([1, 35, 1024])",torch.bfloat16,71680
t_810,"torch.Size([8192, 1024])",torch.bfloat16,16777216
view_2134,"torch.Size([35, 8192])",torch.bfloat16,573440
mm_729,"torch.Size([35, 1024])",torch.bfloat16,71680
view_2135,"torch.Size([1, 35, 1024])",torch.bfloat16,71680
view_2136,"torch.Size([1, 35, 64, 128])",torch.bfloat16,573440
transpose_487,"torch.Size([1, 64, 35, 128])",torch.bfloat16,573440
view_2137,"torch.Size([1, 35, 8, 128])",torch.bfloat16,71680
transpose_488,"torch.Size([1, 8, 35, 128])",torch.bfloat16,71680
view_2138,"torch.Size([1, 35, 8, 128])",torch.bfloat16,71680
transpose_489,"torch.Size([1, 8, 35, 128])",torch.bfloat16,71680
unsqueeze_305,"torch.Size([1, 1, 35, 128])",torch.bfloat16,8960
unsqueeze_306,"torch.Size([1, 1, 35, 128])",torch.bfloat16,8960
mul_804,"torch.Size([1, 64, 35, 128])",torch.bfloat16,573440
slice_1358,"torch.Size([1, 64, 35, 64])",torch.bfloat16,286720
slice_1359,"torch.Size([1, 64, 35, 64])",torch.bfloat16,286720
neg_130,"torch.Size([1, 64, 35, 64])",torch.bfloat16,286720
cat_133,"torch.Size([1, 64, 35, 128])",torch.bfloat16,573440
mul_805,"torch.Size([1, 64, 35, 128])",torch.bfloat16,573440
add_572,"torch.Size([1, 64, 35, 128])",torch.bfloat16,573440
mul_806,"torch.Size([1, 8, 35, 128])",torch.bfloat16,71680
slice_1360,"torch.Size([1, 8, 35, 64])",torch.bfloat16,35840
slice_1361,"torch.Size([1, 8, 35, 64])",torch.bfloat16,35840
neg_131,"torch.Size([1, 8, 35, 64])",torch.bfloat16,35840
cat_134,"torch.Size([1, 8, 35, 128])",torch.bfloat16,71680
mul_807,"torch.Size([1, 8, 35, 128])",torch.bfloat16,71680
add_573,"torch.Size([1, 8, 35, 128])",torch.bfloat16,71680
slice_1362,"torch.Size([1, 8, 35, 128])",torch.bfloat16,71680
slice_1363,"torch.Size([1, 8, 35, 128])",torch.bfloat16,71680
unsqueeze_307,"torch.Size([1, 8, 1, 35, 128])",torch.bfloat16,71680
slice_1364,"torch.Size([1, 8, 1, 35, 128])",torch.bfloat16,71680
slice_1365,"torch.Size([1, 8, 1, 35, 128])",torch.bfloat16,71680
expand_171,"torch.Size([1, 8, 8, 35, 128])",torch.bfloat16,573440
clone_164,"torch.Size([1, 8, 8, 35, 128])",torch.bfloat16,573440
_unsafe_view_162,"torch.Size([1, 64, 35, 128])",torch.bfloat16,573440
slice_1366,"torch.Size([1, 8, 35, 128])",torch.bfloat16,71680
slice_1367,"torch.Size([1, 8, 35, 128])",torch.bfloat16,71680
unsqueeze_308,"torch.Size([1, 8, 1, 35, 128])",torch.bfloat16,71680
slice_1368,"torch.Size([1, 8, 1, 35, 128])",torch.bfloat16,71680
slice_1369,"torch.Size([1, 8, 1, 35, 128])",torch.bfloat16,71680
expand_172,"torch.Size([1, 8, 8, 35, 128])",torch.bfloat16,573440
clone_165,"torch.Size([1, 8, 8, 35, 128])",torch.bfloat16,573440
_unsafe_view_163,"torch.Size([1, 64, 35, 128])",torch.bfloat16,573440
slice_1373,"torch.Size([1, 1, 35, 35])",torch.bfloat16,2450
slice_1374,"torch.Size([1, 1, 35, 35])",torch.bfloat16,2450
slice_1375,"torch.Size([1, 1, 35, 35])",torch.bfloat16,2450
getitem_488,"torch.Size([1, 64, 35, 128])",torch.bfloat16,573440
transpose_490,"torch.Size([1, 35, 64, 128])",torch.bfloat16,573440
view_2139,"torch.Size([1, 35, 8192])",torch.bfloat16,573440
t_811,"torch.Size([8192, 8192])",torch.bfloat16,134217728
view_2140,"torch.Size([35, 8192])",torch.bfloat16,573440
mm_730,"torch.Size([35, 8192])",torch.bfloat16,573440
view_2141,"torch.Size([1, 35, 8192])",torch.bfloat16,573440
add_574,"torch.Size([1, 35, 8192])",torch.bfloat16,573440
_to_copy_398,"torch.Size([1, 35, 8192])",torch.float32,1146880
pow_196,"torch.Size([1, 35, 8192])",torch.float32,1146880
mean_195,"torch.Size([1, 35, 1])",torch.float32,140
add_575,"torch.Size([1, 35, 1])",torch.float32,140
rsqrt_195,"torch.Size([1, 35, 1])",torch.float32,140
mul_808,"torch.Size([1, 35, 8192])",torch.float32,1146880
_to_copy_399,"torch.Size([1, 35, 8192])",torch.bfloat16,573440
mul_809,"torch.Size([1, 35, 8192])",torch.bfloat16,573440
t_812,"torch.Size([8192, 28672])",torch.bfloat16,469762048
view_2142,"torch.Size([35, 8192])",torch.bfloat16,573440
mm_731,"torch.Size([35, 28672])",torch.bfloat16,2007040
view_2143,"torch.Size([1, 35, 28672])",torch.bfloat16,2007040
silu_81,"torch.Size([1, 35, 28672])",torch.bfloat16,2007040
t_813,"torch.Size([8192, 28672])",torch.bfloat16,469762048
view_2144,"torch.Size([35, 8192])",torch.bfloat16,573440
mm_732,"torch.Size([35, 28672])",torch.bfloat16,2007040
view_2145,"torch.Size([1, 35, 28672])",torch.bfloat16,2007040
mul_810,"torch.Size([1, 35, 28672])",torch.bfloat16,2007040
t_814,"torch.Size([28672, 8192])",torch.bfloat16,469762048
view_2146,"torch.Size([35, 28672])",torch.bfloat16,2007040
mm_733,"torch.Size([35, 8192])",torch.bfloat16,573440
view_2147,"torch.Size([1, 35, 8192])",torch.bfloat16,573440
add_576,"torch.Size([1, 35, 8192])",torch.bfloat16,573440
_to_copy_400,"torch.Size([1, 35, 8192])",torch.float32,1146880
pow_197,"torch.Size([1, 35, 8192])",torch.float32,1146880
mean_196,"torch.Size([1, 35, 1])",torch.float32,140
add_577,"torch.Size([1, 35, 1])",torch.float32,140
rsqrt_196,"torch.Size([1, 35, 1])",torch.float32,140
mul_811,"torch.Size([1, 35, 8192])",torch.float32,1146880
_to_copy_401,"torch.Size([1, 35, 8192])",torch.bfloat16,573440
mul_812,"torch.Size([1, 35, 8192])",torch.bfloat16,573440
t_815,"torch.Size([8192, 8192])",torch.bfloat16,134217728
view_2148,"torch.Size([35, 8192])",torch.bfloat16,573440
mm_734,"torch.Size([35, 8192])",torch.bfloat16,573440
view_2149,"torch.Size([1, 35, 8192])",torch.bfloat16,573440
t_816,"torch.Size([8192, 1024])",torch.bfloat16,16777216
view_2150,"torch.Size([35, 8192])",torch.bfloat16,573440
mm_735,"torch.Size([35, 1024])",torch.bfloat16,71680
view_2151,"torch.Size([1, 35, 1024])",torch.bfloat16,71680
t_817,"torch.Size([8192, 1024])",torch.bfloat16,16777216
view_2152,"torch.Size([35, 8192])",torch.bfloat16,573440
mm_736,"torch.Size([35, 1024])",torch.bfloat16,71680
view_2153,"torch.Size([1, 35, 1024])",torch.bfloat16,71680
view_2154,"torch.Size([1, 35, 64, 128])",torch.bfloat16,573440
transpose_491,"torch.Size([1, 64, 35, 128])",torch.bfloat16,573440
view_2155,"torch.Size([1, 35, 8, 128])",torch.bfloat16,71680
transpose_492,"torch.Size([1, 8, 35, 128])",torch.bfloat16,71680
view_2156,"torch.Size([1, 35, 8, 128])",torch.bfloat16,71680
transpose_493,"torch.Size([1, 8, 35, 128])",torch.bfloat16,71680
unsqueeze_309,"torch.Size([1, 1, 35, 128])",torch.bfloat16,8960
unsqueeze_310,"torch.Size([1, 1, 35, 128])",torch.bfloat16,8960
mul_813,"torch.Size([1, 64, 35, 128])",torch.bfloat16,573440
slice_1376,"torch.Size([1, 64, 35, 64])",torch.bfloat16,286720
slice_1377,"torch.Size([1, 64, 35, 64])",torch.bfloat16,286720
neg_132,"torch.Size([1, 64, 35, 64])",torch.bfloat16,286720
cat_135,"torch.Size([1, 64, 35, 128])",torch.bfloat16,573440
mul_814,"torch.Size([1, 64, 35, 128])",torch.bfloat16,573440
add_578,"torch.Size([1, 64, 35, 128])",torch.bfloat16,573440
mul_815,"torch.Size([1, 8, 35, 128])",torch.bfloat16,71680
slice_1378,"torch.Size([1, 8, 35, 64])",torch.bfloat16,35840
slice_1379,"torch.Size([1, 8, 35, 64])",torch.bfloat16,35840
neg_133,"torch.Size([1, 8, 35, 64])",torch.bfloat16,35840
cat_136,"torch.Size([1, 8, 35, 128])",torch.bfloat16,71680
mul_816,"torch.Size([1, 8, 35, 128])",torch.bfloat16,71680
add_579,"torch.Size([1, 8, 35, 128])",torch.bfloat16,71680
slice_1380,"torch.Size([1, 8, 35, 128])",torch.bfloat16,71680
slice_1381,"torch.Size([1, 8, 35, 128])",torch.bfloat16,71680
unsqueeze_311,"torch.Size([1, 8, 1, 35, 128])",torch.bfloat16,71680
slice_1382,"torch.Size([1, 8, 1, 35, 128])",torch.bfloat16,71680
slice_1383,"torch.Size([1, 8, 1, 35, 128])",torch.bfloat16,71680
expand_173,"torch.Size([1, 8, 8, 35, 128])",torch.bfloat16,573440
clone_166,"torch.Size([1, 8, 8, 35, 128])",torch.bfloat16,573440
_unsafe_view_164,"torch.Size([1, 64, 35, 128])",torch.bfloat16,573440
slice_1384,"torch.Size([1, 8, 35, 128])",torch.bfloat16,71680
slice_1385,"torch.Size([1, 8, 35, 128])",torch.bfloat16,71680
unsqueeze_312,"torch.Size([1, 8, 1, 35, 128])",torch.bfloat16,71680
slice_1386,"torch.Size([1, 8, 1, 35, 128])",torch.bfloat16,71680
slice_1387,"torch.Size([1, 8, 1, 35, 128])",torch.bfloat16,71680
expand_174,"torch.Size([1, 8, 8, 35, 128])",torch.bfloat16,573440
clone_167,"torch.Size([1, 8, 8, 35, 128])",torch.bfloat16,573440
_unsafe_view_165,"torch.Size([1, 64, 35, 128])",torch.bfloat16,573440
slice_1391,"torch.Size([1, 1, 35, 35])",torch.bfloat16,2450
slice_1392,"torch.Size([1, 1, 35, 35])",torch.bfloat16,2450
slice_1393,"torch.Size([1, 1, 35, 35])",torch.bfloat16,2450
getitem_490,"torch.Size([1, 64, 35, 128])",torch.bfloat16,573440
transpose_494,"torch.Size([1, 35, 64, 128])",torch.bfloat16,573440
view_2157,"torch.Size([1, 35, 8192])",torch.bfloat16,573440
t_818,"torch.Size([8192, 8192])",torch.bfloat16,134217728
view_2158,"torch.Size([35, 8192])",torch.bfloat16,573440
mm_737,"torch.Size([35, 8192])",torch.bfloat16,573440
view_2159,"torch.Size([1, 35, 8192])",torch.bfloat16,573440
add_580,"torch.Size([1, 35, 8192])",torch.bfloat16,573440
_to_copy_402,"torch.Size([1, 35, 8192])",torch.float32,1146880
pow_198,"torch.Size([1, 35, 8192])",torch.float32,1146880
mean_197,"torch.Size([1, 35, 1])",torch.float32,140
add_581,"torch.Size([1, 35, 1])",torch.float32,140
rsqrt_197,"torch.Size([1, 35, 1])",torch.float32,140
mul_817,"torch.Size([1, 35, 8192])",torch.float32,1146880
_to_copy_403,"torch.Size([1, 35, 8192])",torch.bfloat16,573440
mul_818,"torch.Size([1, 35, 8192])",torch.bfloat16,573440
t_819,"torch.Size([8192, 28672])",torch.bfloat16,469762048
view_2160,"torch.Size([35, 8192])",torch.bfloat16,573440
mm_738,"torch.Size([35, 28672])",torch.bfloat16,2007040
view_2161,"torch.Size([1, 35, 28672])",torch.bfloat16,2007040
silu_82,"torch.Size([1, 35, 28672])",torch.bfloat16,2007040
t_820,"torch.Size([8192, 28672])",torch.bfloat16,469762048
view_2162,"torch.Size([35, 8192])",torch.bfloat16,573440
mm_739,"torch.Size([35, 28672])",torch.bfloat16,2007040
view_2163,"torch.Size([1, 35, 28672])",torch.bfloat16,2007040
mul_819,"torch.Size([1, 35, 28672])",torch.bfloat16,2007040
t_821,"torch.Size([28672, 8192])",torch.bfloat16,469762048
view_2164,"torch.Size([35, 28672])",torch.bfloat16,2007040
mm_740,"torch.Size([35, 8192])",torch.bfloat16,573440
view_2165,"torch.Size([1, 35, 8192])",torch.bfloat16,573440
add_582,"torch.Size([1, 35, 8192])",torch.bfloat16,573440
_to_copy_404,"torch.Size([1, 35, 8192])",torch.float32,1146880
pow_199,"torch.Size([1, 35, 8192])",torch.float32,1146880
mean_198,"torch.Size([1, 35, 1])",torch.float32,140
add_583,"torch.Size([1, 35, 1])",torch.float32,140
rsqrt_198,"torch.Size([1, 35, 1])",torch.float32,140
mul_820,"torch.Size([1, 35, 8192])",torch.float32,1146880
_to_copy_405,"torch.Size([1, 35, 8192])",torch.bfloat16,573440
mul_821,"torch.Size([1, 35, 8192])",torch.bfloat16,573440
t_822,"torch.Size([8192, 8192])",torch.bfloat16,134217728
view_2166,"torch.Size([35, 8192])",torch.bfloat16,573440
mm_741,"torch.Size([35, 8192])",torch.bfloat16,573440
view_2167,"torch.Size([1, 35, 8192])",torch.bfloat16,573440
view_2168,"torch.Size([1, 35, 64, 128])",torch.bfloat16,573440
transpose_495,"torch.Size([1, 64, 35, 128])",torch.bfloat16,573440
_to_copy_406,"torch.Size([1, 64, 35, 128])",torch.float32,1146880
pow_200,"torch.Size([1, 64, 35, 128])",torch.float32,1146880
mean_199,"torch.Size([1, 64, 35, 1])",torch.float32,8960
add_584,"torch.Size([1, 64, 35, 1])",torch.float32,8960
rsqrt_199,"torch.Size([1, 64, 35, 1])",torch.float32,8960
mul_822,"torch.Size([1, 64, 35, 128])",torch.float32,1146880
_to_copy_407,"torch.Size([1, 64, 35, 128])",torch.bfloat16,573440
mul_823,"torch.Size([1, 64, 35, 128])",torch.bfloat16,573440
t_823,"torch.Size([8192, 1024])",torch.bfloat16,16777216
view_2169,"torch.Size([6404, 8192])",torch.bfloat16,104923136
mm_742,"torch.Size([6404, 1024])",torch.bfloat16,13115392
view_2170,"torch.Size([4, 1601, 1024])",torch.bfloat16,13115392
t_824,"torch.Size([8192, 1024])",torch.bfloat16,16777216
view_2171,"torch.Size([6404, 8192])",torch.bfloat16,104923136
mm_743,"torch.Size([6404, 1024])",torch.bfloat16,13115392
view_2172,"torch.Size([4, 1601, 1024])",torch.bfloat16,13115392
view_2173,"torch.Size([1, 6404, 8, 128])",torch.bfloat16,13115392
transpose_496,"torch.Size([1, 8, 6404, 128])",torch.bfloat16,13115392
view_2174,"torch.Size([1, 6404, 8, 128])",torch.bfloat16,13115392
transpose_497,"torch.Size([1, 8, 6404, 128])",torch.bfloat16,13115392
slice_1394,"torch.Size([1, 8, 6404, 128])",torch.bfloat16,13115392
slice_1395,"torch.Size([1, 8, 6404, 128])",torch.bfloat16,13115392
unsqueeze_313,"torch.Size([1, 8, 1, 6404, 128])",torch.bfloat16,13115392
slice_1396,"torch.Size([1, 8, 1, 6404, 128])",torch.bfloat16,13115392
slice_1397,"torch.Size([1, 8, 1, 6404, 128])",torch.bfloat16,13115392
expand_175,"torch.Size([1, 8, 8, 6404, 128])",torch.bfloat16,104923136
clone_168,"torch.Size([1, 8, 8, 6404, 128])",torch.bfloat16,104923136
_unsafe_view_166,"torch.Size([1, 64, 6404, 128])",torch.bfloat16,104923136
slice_1398,"torch.Size([1, 8, 6404, 128])",torch.bfloat16,13115392
slice_1399,"torch.Size([1, 8, 6404, 128])",torch.bfloat16,13115392
unsqueeze_314,"torch.Size([1, 8, 1, 6404, 128])",torch.bfloat16,13115392
slice_1400,"torch.Size([1, 8, 1, 6404, 128])",torch.bfloat16,13115392
slice_1401,"torch.Size([1, 8, 1, 6404, 128])",torch.bfloat16,13115392
expand_176,"torch.Size([1, 8, 8, 6404, 128])",torch.bfloat16,104923136
clone_169,"torch.Size([1, 8, 8, 6404, 128])",torch.bfloat16,104923136
_unsafe_view_167,"torch.Size([1, 64, 6404, 128])",torch.bfloat16,104923136
_to_copy_408,"torch.Size([1, 64, 6404, 128])",torch.float32,209846272
pow_201,"torch.Size([1, 64, 6404, 128])",torch.float32,209846272
mean_200,"torch.Size([1, 64, 6404, 1])",torch.float32,1639424
add_585,"torch.Size([1, 64, 6404, 1])",torch.float32,1639424
rsqrt_200,"torch.Size([1, 64, 6404, 1])",torch.float32,1639424
mul_824,"torch.Size([1, 64, 6404, 128])",torch.float32,209846272
_to_copy_409,"torch.Size([1, 64, 6404, 128])",torch.bfloat16,104923136
mul_825,"torch.Size([1, 64, 6404, 128])",torch.bfloat16,104923136
getitem_492,"torch.Size([1, 64, 35, 128])",torch.bfloat16,573440
transpose_498,"torch.Size([1, 35, 64, 128])",torch.bfloat16,573440
view_2175,"torch.Size([1, 35, 8192])",torch.bfloat16,573440
t_825,"torch.Size([8192, 8192])",torch.bfloat16,134217728
view_2176,"torch.Size([35, 8192])",torch.bfloat16,573440
mm_744,"torch.Size([35, 8192])",torch.bfloat16,573440
view_2177,"torch.Size([1, 35, 8192])",torch.bfloat16,573440
tanh_52,torch.Size([1]),torch.bfloat16,2
mul_826,"torch.Size([1, 35, 8192])",torch.bfloat16,573440
add_586,"torch.Size([1, 35, 8192])",torch.bfloat16,573440
_to_copy_410,"torch.Size([1, 35, 8192])",torch.float32,1146880
pow_202,"torch.Size([1, 35, 8192])",torch.float32,1146880
mean_201,"torch.Size([1, 35, 1])",torch.float32,140
add_587,"torch.Size([1, 35, 1])",torch.float32,140
rsqrt_201,"torch.Size([1, 35, 1])",torch.float32,140
mul_827,"torch.Size([1, 35, 8192])",torch.float32,1146880
_to_copy_411,"torch.Size([1, 35, 8192])",torch.bfloat16,573440
mul_828,"torch.Size([1, 35, 8192])",torch.bfloat16,573440
t_826,"torch.Size([8192, 28672])",torch.bfloat16,469762048
view_2178,"torch.Size([35, 8192])",torch.bfloat16,573440
mm_745,"torch.Size([35, 28672])",torch.bfloat16,2007040
view_2179,"torch.Size([1, 35, 28672])",torch.bfloat16,2007040
silu_83,"torch.Size([1, 35, 28672])",torch.bfloat16,2007040
t_827,"torch.Size([8192, 28672])",torch.bfloat16,469762048
view_2180,"torch.Size([35, 8192])",torch.bfloat16,573440
mm_746,"torch.Size([35, 28672])",torch.bfloat16,2007040
view_2181,"torch.Size([1, 35, 28672])",torch.bfloat16,2007040
mul_829,"torch.Size([1, 35, 28672])",torch.bfloat16,2007040
t_828,"torch.Size([28672, 8192])",torch.bfloat16,469762048
view_2182,"torch.Size([35, 28672])",torch.bfloat16,2007040
mm_747,"torch.Size([35, 8192])",torch.bfloat16,573440
view_2183,"torch.Size([1, 35, 8192])",torch.bfloat16,573440
slice_1402,"torch.Size([1, 1, 35, 1])",torch.bfloat16,70
select_16,"torch.Size([1, 35, 1])",torch.bfloat16,70
mul_830,"torch.Size([1, 35, 8192])",torch.bfloat16,573440
tanh_53,torch.Size([1]),torch.bfloat16,2
mul_831,"torch.Size([1, 35, 8192])",torch.bfloat16,573440
add_588,"torch.Size([1, 35, 8192])",torch.bfloat16,573440
_to_copy_412,"torch.Size([1, 35, 8192])",torch.float32,1146880
pow_203,"torch.Size([1, 35, 8192])",torch.float32,1146880
mean_202,"torch.Size([1, 35, 1])",torch.float32,140
add_589,"torch.Size([1, 35, 1])",torch.float32,140
rsqrt_202,"torch.Size([1, 35, 1])",torch.float32,140
mul_832,"torch.Size([1, 35, 8192])",torch.float32,1146880
_to_copy_413,"torch.Size([1, 35, 8192])",torch.bfloat16,573440
mul_833,"torch.Size([1, 35, 8192])",torch.bfloat16,573440
t_829,"torch.Size([8192, 8192])",torch.bfloat16,134217728
view_2184,"torch.Size([35, 8192])",torch.bfloat16,573440
mm_748,"torch.Size([35, 8192])",torch.bfloat16,573440
view_2185,"torch.Size([1, 35, 8192])",torch.bfloat16,573440
t_830,"torch.Size([8192, 1024])",torch.bfloat16,16777216
view_2186,"torch.Size([35, 8192])",torch.bfloat16,573440
mm_749,"torch.Size([35, 1024])",torch.bfloat16,71680
view_2187,"torch.Size([1, 35, 1024])",torch.bfloat16,71680
t_831,"torch.Size([8192, 1024])",torch.bfloat16,16777216
view_2188,"torch.Size([35, 8192])",torch.bfloat16,573440
mm_750,"torch.Size([35, 1024])",torch.bfloat16,71680
view_2189,"torch.Size([1, 35, 1024])",torch.bfloat16,71680
view_2190,"torch.Size([1, 35, 64, 128])",torch.bfloat16,573440
transpose_499,"torch.Size([1, 64, 35, 128])",torch.bfloat16,573440
view_2191,"torch.Size([1, 35, 8, 128])",torch.bfloat16,71680
transpose_500,"torch.Size([1, 8, 35, 128])",torch.bfloat16,71680
view_2192,"torch.Size([1, 35, 8, 128])",torch.bfloat16,71680
transpose_501,"torch.Size([1, 8, 35, 128])",torch.bfloat16,71680
unsqueeze_315,"torch.Size([1, 1, 35, 128])",torch.bfloat16,8960
unsqueeze_316,"torch.Size([1, 1, 35, 128])",torch.bfloat16,8960
mul_834,"torch.Size([1, 64, 35, 128])",torch.bfloat16,573440
slice_1403,"torch.Size([1, 64, 35, 64])",torch.bfloat16,286720
slice_1404,"torch.Size([1, 64, 35, 64])",torch.bfloat16,286720
neg_134,"torch.Size([1, 64, 35, 64])",torch.bfloat16,286720
cat_137,"torch.Size([1, 64, 35, 128])",torch.bfloat16,573440
mul_835,"torch.Size([1, 64, 35, 128])",torch.bfloat16,573440
add_590,"torch.Size([1, 64, 35, 128])",torch.bfloat16,573440
mul_836,"torch.Size([1, 8, 35, 128])",torch.bfloat16,71680
slice_1405,"torch.Size([1, 8, 35, 64])",torch.bfloat16,35840
slice_1406,"torch.Size([1, 8, 35, 64])",torch.bfloat16,35840
neg_135,"torch.Size([1, 8, 35, 64])",torch.bfloat16,35840
cat_138,"torch.Size([1, 8, 35, 128])",torch.bfloat16,71680
mul_837,"torch.Size([1, 8, 35, 128])",torch.bfloat16,71680
add_591,"torch.Size([1, 8, 35, 128])",torch.bfloat16,71680
slice_1407,"torch.Size([1, 8, 35, 128])",torch.bfloat16,71680
slice_1408,"torch.Size([1, 8, 35, 128])",torch.bfloat16,71680
unsqueeze_317,"torch.Size([1, 8, 1, 35, 128])",torch.bfloat16,71680
slice_1409,"torch.Size([1, 8, 1, 35, 128])",torch.bfloat16,71680
slice_1410,"torch.Size([1, 8, 1, 35, 128])",torch.bfloat16,71680
expand_177,"torch.Size([1, 8, 8, 35, 128])",torch.bfloat16,573440
clone_170,"torch.Size([1, 8, 8, 35, 128])",torch.bfloat16,573440
_unsafe_view_168,"torch.Size([1, 64, 35, 128])",torch.bfloat16,573440
slice_1411,"torch.Size([1, 8, 35, 128])",torch.bfloat16,71680
slice_1412,"torch.Size([1, 8, 35, 128])",torch.bfloat16,71680
unsqueeze_318,"torch.Size([1, 8, 1, 35, 128])",torch.bfloat16,71680
slice_1413,"torch.Size([1, 8, 1, 35, 128])",torch.bfloat16,71680
slice_1414,"torch.Size([1, 8, 1, 35, 128])",torch.bfloat16,71680
expand_178,"torch.Size([1, 8, 8, 35, 128])",torch.bfloat16,573440
clone_171,"torch.Size([1, 8, 8, 35, 128])",torch.bfloat16,573440
_unsafe_view_169,"torch.Size([1, 64, 35, 128])",torch.bfloat16,573440
slice_1418,"torch.Size([1, 1, 35, 35])",torch.bfloat16,2450
slice_1419,"torch.Size([1, 1, 35, 35])",torch.bfloat16,2450
slice_1420,"torch.Size([1, 1, 35, 35])",torch.bfloat16,2450
getitem_494,"torch.Size([1, 64, 35, 128])",torch.bfloat16,573440
transpose_502,"torch.Size([1, 35, 64, 128])",torch.bfloat16,573440
view_2193,"torch.Size([1, 35, 8192])",torch.bfloat16,573440
t_832,"torch.Size([8192, 8192])",torch.bfloat16,134217728
view_2194,"torch.Size([35, 8192])",torch.bfloat16,573440
mm_751,"torch.Size([35, 8192])",torch.bfloat16,573440
view_2195,"torch.Size([1, 35, 8192])",torch.bfloat16,573440
add_592,"torch.Size([1, 35, 8192])",torch.bfloat16,573440
_to_copy_414,"torch.Size([1, 35, 8192])",torch.float32,1146880
pow_204,"torch.Size([1, 35, 8192])",torch.float32,1146880
mean_203,"torch.Size([1, 35, 1])",torch.float32,140
add_593,"torch.Size([1, 35, 1])",torch.float32,140
rsqrt_203,"torch.Size([1, 35, 1])",torch.float32,140
mul_838,"torch.Size([1, 35, 8192])",torch.float32,1146880
_to_copy_415,"torch.Size([1, 35, 8192])",torch.bfloat16,573440
mul_839,"torch.Size([1, 35, 8192])",torch.bfloat16,573440
t_833,"torch.Size([8192, 28672])",torch.bfloat16,469762048
view_2196,"torch.Size([35, 8192])",torch.bfloat16,573440
mm_752,"torch.Size([35, 28672])",torch.bfloat16,2007040
view_2197,"torch.Size([1, 35, 28672])",torch.bfloat16,2007040
silu_84,"torch.Size([1, 35, 28672])",torch.bfloat16,2007040
t_834,"torch.Size([8192, 28672])",torch.bfloat16,469762048
view_2198,"torch.Size([35, 8192])",torch.bfloat16,573440
mm_753,"torch.Size([35, 28672])",torch.bfloat16,2007040
view_2199,"torch.Size([1, 35, 28672])",torch.bfloat16,2007040
mul_840,"torch.Size([1, 35, 28672])",torch.bfloat16,2007040
t_835,"torch.Size([28672, 8192])",torch.bfloat16,469762048
view_2200,"torch.Size([35, 28672])",torch.bfloat16,2007040
mm_754,"torch.Size([35, 8192])",torch.bfloat16,573440
view_2201,"torch.Size([1, 35, 8192])",torch.bfloat16,573440
add_594,"torch.Size([1, 35, 8192])",torch.bfloat16,573440
_to_copy_416,"torch.Size([1, 35, 8192])",torch.float32,1146880
pow_205,"torch.Size([1, 35, 8192])",torch.float32,1146880
mean_204,"torch.Size([1, 35, 1])",torch.float32,140
add_595,"torch.Size([1, 35, 1])",torch.float32,140
rsqrt_204,"torch.Size([1, 35, 1])",torch.float32,140
mul_841,"torch.Size([1, 35, 8192])",torch.float32,1146880
_to_copy_417,"torch.Size([1, 35, 8192])",torch.bfloat16,573440
mul_842,"torch.Size([1, 35, 8192])",torch.bfloat16,573440
t_836,"torch.Size([8192, 8192])",torch.bfloat16,134217728
view_2202,"torch.Size([35, 8192])",torch.bfloat16,573440
mm_755,"torch.Size([35, 8192])",torch.bfloat16,573440
view_2203,"torch.Size([1, 35, 8192])",torch.bfloat16,573440
t_837,"torch.Size([8192, 1024])",torch.bfloat16,16777216
view_2204,"torch.Size([35, 8192])",torch.bfloat16,573440
mm_756,"torch.Size([35, 1024])",torch.bfloat16,71680
view_2205,"torch.Size([1, 35, 1024])",torch.bfloat16,71680
t_838,"torch.Size([8192, 1024])",torch.bfloat16,16777216
view_2206,"torch.Size([35, 8192])",torch.bfloat16,573440
mm_757,"torch.Size([35, 1024])",torch.bfloat16,71680
view_2207,"torch.Size([1, 35, 1024])",torch.bfloat16,71680
view_2208,"torch.Size([1, 35, 64, 128])",torch.bfloat16,573440
transpose_503,"torch.Size([1, 64, 35, 128])",torch.bfloat16,573440
view_2209,"torch.Size([1, 35, 8, 128])",torch.bfloat16,71680
transpose_504,"torch.Size([1, 8, 35, 128])",torch.bfloat16,71680
view_2210,"torch.Size([1, 35, 8, 128])",torch.bfloat16,71680
transpose_505,"torch.Size([1, 8, 35, 128])",torch.bfloat16,71680
unsqueeze_319,"torch.Size([1, 1, 35, 128])",torch.bfloat16,8960
unsqueeze_320,"torch.Size([1, 1, 35, 128])",torch.bfloat16,8960
mul_843,"torch.Size([1, 64, 35, 128])",torch.bfloat16,573440
slice_1421,"torch.Size([1, 64, 35, 64])",torch.bfloat16,286720
slice_1422,"torch.Size([1, 64, 35, 64])",torch.bfloat16,286720
neg_136,"torch.Size([1, 64, 35, 64])",torch.bfloat16,286720
cat_139,"torch.Size([1, 64, 35, 128])",torch.bfloat16,573440
mul_844,"torch.Size([1, 64, 35, 128])",torch.bfloat16,573440
add_596,"torch.Size([1, 64, 35, 128])",torch.bfloat16,573440
mul_845,"torch.Size([1, 8, 35, 128])",torch.bfloat16,71680
slice_1423,"torch.Size([1, 8, 35, 64])",torch.bfloat16,35840
slice_1424,"torch.Size([1, 8, 35, 64])",torch.bfloat16,35840
neg_137,"torch.Size([1, 8, 35, 64])",torch.bfloat16,35840
cat_140,"torch.Size([1, 8, 35, 128])",torch.bfloat16,71680
mul_846,"torch.Size([1, 8, 35, 128])",torch.bfloat16,71680
add_597,"torch.Size([1, 8, 35, 128])",torch.bfloat16,71680
slice_1425,"torch.Size([1, 8, 35, 128])",torch.bfloat16,71680
slice_1426,"torch.Size([1, 8, 35, 128])",torch.bfloat16,71680
unsqueeze_321,"torch.Size([1, 8, 1, 35, 128])",torch.bfloat16,71680
slice_1427,"torch.Size([1, 8, 1, 35, 128])",torch.bfloat16,71680
slice_1428,"torch.Size([1, 8, 1, 35, 128])",torch.bfloat16,71680
expand_179,"torch.Size([1, 8, 8, 35, 128])",torch.bfloat16,573440
clone_172,"torch.Size([1, 8, 8, 35, 128])",torch.bfloat16,573440
_unsafe_view_170,"torch.Size([1, 64, 35, 128])",torch.bfloat16,573440
slice_1429,"torch.Size([1, 8, 35, 128])",torch.bfloat16,71680
slice_1430,"torch.Size([1, 8, 35, 128])",torch.bfloat16,71680
unsqueeze_322,"torch.Size([1, 8, 1, 35, 128])",torch.bfloat16,71680
slice_1431,"torch.Size([1, 8, 1, 35, 128])",torch.bfloat16,71680
slice_1432,"torch.Size([1, 8, 1, 35, 128])",torch.bfloat16,71680
expand_180,"torch.Size([1, 8, 8, 35, 128])",torch.bfloat16,573440
clone_173,"torch.Size([1, 8, 8, 35, 128])",torch.bfloat16,573440
_unsafe_view_171,"torch.Size([1, 64, 35, 128])",torch.bfloat16,573440
slice_1436,"torch.Size([1, 1, 35, 35])",torch.bfloat16,2450
slice_1437,"torch.Size([1, 1, 35, 35])",torch.bfloat16,2450
slice_1438,"torch.Size([1, 1, 35, 35])",torch.bfloat16,2450
getitem_496,"torch.Size([1, 64, 35, 128])",torch.bfloat16,573440
transpose_506,"torch.Size([1, 35, 64, 128])",torch.bfloat16,573440
view_2211,"torch.Size([1, 35, 8192])",torch.bfloat16,573440
t_839,"torch.Size([8192, 8192])",torch.bfloat16,134217728
view_2212,"torch.Size([35, 8192])",torch.bfloat16,573440
mm_758,"torch.Size([35, 8192])",torch.bfloat16,573440
view_2213,"torch.Size([1, 35, 8192])",torch.bfloat16,573440
add_598,"torch.Size([1, 35, 8192])",torch.bfloat16,573440
_to_copy_418,"torch.Size([1, 35, 8192])",torch.float32,1146880
pow_206,"torch.Size([1, 35, 8192])",torch.float32,1146880
mean_205,"torch.Size([1, 35, 1])",torch.float32,140
add_599,"torch.Size([1, 35, 1])",torch.float32,140
rsqrt_205,"torch.Size([1, 35, 1])",torch.float32,140
mul_847,"torch.Size([1, 35, 8192])",torch.float32,1146880
_to_copy_419,"torch.Size([1, 35, 8192])",torch.bfloat16,573440
mul_848,"torch.Size([1, 35, 8192])",torch.bfloat16,573440
t_840,"torch.Size([8192, 28672])",torch.bfloat16,469762048
view_2214,"torch.Size([35, 8192])",torch.bfloat16,573440
mm_759,"torch.Size([35, 28672])",torch.bfloat16,2007040
view_2215,"torch.Size([1, 35, 28672])",torch.bfloat16,2007040
silu_85,"torch.Size([1, 35, 28672])",torch.bfloat16,2007040
t_841,"torch.Size([8192, 28672])",torch.bfloat16,469762048
view_2216,"torch.Size([35, 8192])",torch.bfloat16,573440
mm_760,"torch.Size([35, 28672])",torch.bfloat16,2007040
view_2217,"torch.Size([1, 35, 28672])",torch.bfloat16,2007040
mul_849,"torch.Size([1, 35, 28672])",torch.bfloat16,2007040
t_842,"torch.Size([28672, 8192])",torch.bfloat16,469762048
view_2218,"torch.Size([35, 28672])",torch.bfloat16,2007040
mm_761,"torch.Size([35, 8192])",torch.bfloat16,573440
view_2219,"torch.Size([1, 35, 8192])",torch.bfloat16,573440
add_600,"torch.Size([1, 35, 8192])",torch.bfloat16,573440
_to_copy_420,"torch.Size([1, 35, 8192])",torch.float32,1146880
pow_207,"torch.Size([1, 35, 8192])",torch.float32,1146880
mean_206,"torch.Size([1, 35, 1])",torch.float32,140
add_601,"torch.Size([1, 35, 1])",torch.float32,140
rsqrt_206,"torch.Size([1, 35, 1])",torch.float32,140
mul_850,"torch.Size([1, 35, 8192])",torch.float32,1146880
_to_copy_421,"torch.Size([1, 35, 8192])",torch.bfloat16,573440
mul_851,"torch.Size([1, 35, 8192])",torch.bfloat16,573440
t_843,"torch.Size([8192, 8192])",torch.bfloat16,134217728
view_2220,"torch.Size([35, 8192])",torch.bfloat16,573440
mm_762,"torch.Size([35, 8192])",torch.bfloat16,573440
view_2221,"torch.Size([1, 35, 8192])",torch.bfloat16,573440
t_844,"torch.Size([8192, 1024])",torch.bfloat16,16777216
view_2222,"torch.Size([35, 8192])",torch.bfloat16,573440
mm_763,"torch.Size([35, 1024])",torch.bfloat16,71680
view_2223,"torch.Size([1, 35, 1024])",torch.bfloat16,71680
t_845,"torch.Size([8192, 1024])",torch.bfloat16,16777216
view_2224,"torch.Size([35, 8192])",torch.bfloat16,573440
mm_764,"torch.Size([35, 1024])",torch.bfloat16,71680
view_2225,"torch.Size([1, 35, 1024])",torch.bfloat16,71680
view_2226,"torch.Size([1, 35, 64, 128])",torch.bfloat16,573440
transpose_507,"torch.Size([1, 64, 35, 128])",torch.bfloat16,573440
view_2227,"torch.Size([1, 35, 8, 128])",torch.bfloat16,71680
transpose_508,"torch.Size([1, 8, 35, 128])",torch.bfloat16,71680
view_2228,"torch.Size([1, 35, 8, 128])",torch.bfloat16,71680
transpose_509,"torch.Size([1, 8, 35, 128])",torch.bfloat16,71680
unsqueeze_323,"torch.Size([1, 1, 35, 128])",torch.bfloat16,8960
unsqueeze_324,"torch.Size([1, 1, 35, 128])",torch.bfloat16,8960
mul_852,"torch.Size([1, 64, 35, 128])",torch.bfloat16,573440
slice_1439,"torch.Size([1, 64, 35, 64])",torch.bfloat16,286720
slice_1440,"torch.Size([1, 64, 35, 64])",torch.bfloat16,286720
neg_138,"torch.Size([1, 64, 35, 64])",torch.bfloat16,286720
cat_141,"torch.Size([1, 64, 35, 128])",torch.bfloat16,573440
mul_853,"torch.Size([1, 64, 35, 128])",torch.bfloat16,573440
add_602,"torch.Size([1, 64, 35, 128])",torch.bfloat16,573440
mul_854,"torch.Size([1, 8, 35, 128])",torch.bfloat16,71680
slice_1441,"torch.Size([1, 8, 35, 64])",torch.bfloat16,35840
slice_1442,"torch.Size([1, 8, 35, 64])",torch.bfloat16,35840
neg_139,"torch.Size([1, 8, 35, 64])",torch.bfloat16,35840
cat_142,"torch.Size([1, 8, 35, 128])",torch.bfloat16,71680
mul_855,"torch.Size([1, 8, 35, 128])",torch.bfloat16,71680
add_603,"torch.Size([1, 8, 35, 128])",torch.bfloat16,71680
slice_1443,"torch.Size([1, 8, 35, 128])",torch.bfloat16,71680
slice_1444,"torch.Size([1, 8, 35, 128])",torch.bfloat16,71680
unsqueeze_325,"torch.Size([1, 8, 1, 35, 128])",torch.bfloat16,71680
slice_1445,"torch.Size([1, 8, 1, 35, 128])",torch.bfloat16,71680
slice_1446,"torch.Size([1, 8, 1, 35, 128])",torch.bfloat16,71680
expand_181,"torch.Size([1, 8, 8, 35, 128])",torch.bfloat16,573440
clone_174,"torch.Size([1, 8, 8, 35, 128])",torch.bfloat16,573440
_unsafe_view_172,"torch.Size([1, 64, 35, 128])",torch.bfloat16,573440
slice_1447,"torch.Size([1, 8, 35, 128])",torch.bfloat16,71680
slice_1448,"torch.Size([1, 8, 35, 128])",torch.bfloat16,71680
unsqueeze_326,"torch.Size([1, 8, 1, 35, 128])",torch.bfloat16,71680
slice_1449,"torch.Size([1, 8, 1, 35, 128])",torch.bfloat16,71680
slice_1450,"torch.Size([1, 8, 1, 35, 128])",torch.bfloat16,71680
expand_182,"torch.Size([1, 8, 8, 35, 128])",torch.bfloat16,573440
clone_175,"torch.Size([1, 8, 8, 35, 128])",torch.bfloat16,573440
_unsafe_view_173,"torch.Size([1, 64, 35, 128])",torch.bfloat16,573440
slice_1454,"torch.Size([1, 1, 35, 35])",torch.bfloat16,2450
slice_1455,"torch.Size([1, 1, 35, 35])",torch.bfloat16,2450
slice_1456,"torch.Size([1, 1, 35, 35])",torch.bfloat16,2450
getitem_498,"torch.Size([1, 64, 35, 128])",torch.bfloat16,573440
transpose_510,"torch.Size([1, 35, 64, 128])",torch.bfloat16,573440
view_2229,"torch.Size([1, 35, 8192])",torch.bfloat16,573440
t_846,"torch.Size([8192, 8192])",torch.bfloat16,134217728
view_2230,"torch.Size([35, 8192])",torch.bfloat16,573440
mm_765,"torch.Size([35, 8192])",torch.bfloat16,573440
view_2231,"torch.Size([1, 35, 8192])",torch.bfloat16,573440
add_604,"torch.Size([1, 35, 8192])",torch.bfloat16,573440
_to_copy_422,"torch.Size([1, 35, 8192])",torch.float32,1146880
pow_208,"torch.Size([1, 35, 8192])",torch.float32,1146880
mean_207,"torch.Size([1, 35, 1])",torch.float32,140
add_605,"torch.Size([1, 35, 1])",torch.float32,140
rsqrt_207,"torch.Size([1, 35, 1])",torch.float32,140
mul_856,"torch.Size([1, 35, 8192])",torch.float32,1146880
_to_copy_423,"torch.Size([1, 35, 8192])",torch.bfloat16,573440
mul_857,"torch.Size([1, 35, 8192])",torch.bfloat16,573440
t_847,"torch.Size([8192, 28672])",torch.bfloat16,469762048
view_2232,"torch.Size([35, 8192])",torch.bfloat16,573440
mm_766,"torch.Size([35, 28672])",torch.bfloat16,2007040
view_2233,"torch.Size([1, 35, 28672])",torch.bfloat16,2007040
silu_86,"torch.Size([1, 35, 28672])",torch.bfloat16,2007040
t_848,"torch.Size([8192, 28672])",torch.bfloat16,469762048
view_2234,"torch.Size([35, 8192])",torch.bfloat16,573440
mm_767,"torch.Size([35, 28672])",torch.bfloat16,2007040
view_2235,"torch.Size([1, 35, 28672])",torch.bfloat16,2007040
mul_858,"torch.Size([1, 35, 28672])",torch.bfloat16,2007040
t_849,"torch.Size([28672, 8192])",torch.bfloat16,469762048
view_2236,"torch.Size([35, 28672])",torch.bfloat16,2007040
mm_768,"torch.Size([35, 8192])",torch.bfloat16,573440
view_2237,"torch.Size([1, 35, 8192])",torch.bfloat16,573440
add_606,"torch.Size([1, 35, 8192])",torch.bfloat16,573440
_to_copy_424,"torch.Size([1, 35, 8192])",torch.float32,1146880
pow_209,"torch.Size([1, 35, 8192])",torch.float32,1146880
mean_208,"torch.Size([1, 35, 1])",torch.float32,140
add_607,"torch.Size([1, 35, 1])",torch.float32,140
rsqrt_208,"torch.Size([1, 35, 1])",torch.float32,140
mul_859,"torch.Size([1, 35, 8192])",torch.float32,1146880
_to_copy_425,"torch.Size([1, 35, 8192])",torch.bfloat16,573440
mul_860,"torch.Size([1, 35, 8192])",torch.bfloat16,573440
t_850,"torch.Size([8192, 8192])",torch.bfloat16,134217728
view_2238,"torch.Size([35, 8192])",torch.bfloat16,573440
mm_769,"torch.Size([35, 8192])",torch.bfloat16,573440
view_2239,"torch.Size([1, 35, 8192])",torch.bfloat16,573440
t_851,"torch.Size([8192, 1024])",torch.bfloat16,16777216
view_2240,"torch.Size([35, 8192])",torch.bfloat16,573440
mm_770,"torch.Size([35, 1024])",torch.bfloat16,71680
view_2241,"torch.Size([1, 35, 1024])",torch.bfloat16,71680
t_852,"torch.Size([8192, 1024])",torch.bfloat16,16777216
view_2242,"torch.Size([35, 8192])",torch.bfloat16,573440
mm_771,"torch.Size([35, 1024])",torch.bfloat16,71680
view_2243,"torch.Size([1, 35, 1024])",torch.bfloat16,71680
view_2244,"torch.Size([1, 35, 64, 128])",torch.bfloat16,573440
transpose_511,"torch.Size([1, 64, 35, 128])",torch.bfloat16,573440
view_2245,"torch.Size([1, 35, 8, 128])",torch.bfloat16,71680
transpose_512,"torch.Size([1, 8, 35, 128])",torch.bfloat16,71680
view_2246,"torch.Size([1, 35, 8, 128])",torch.bfloat16,71680
transpose_513,"torch.Size([1, 8, 35, 128])",torch.bfloat16,71680
unsqueeze_327,"torch.Size([1, 1, 35, 128])",torch.bfloat16,8960
unsqueeze_328,"torch.Size([1, 1, 35, 128])",torch.bfloat16,8960
mul_861,"torch.Size([1, 64, 35, 128])",torch.bfloat16,573440
slice_1457,"torch.Size([1, 64, 35, 64])",torch.bfloat16,286720
slice_1458,"torch.Size([1, 64, 35, 64])",torch.bfloat16,286720
neg_140,"torch.Size([1, 64, 35, 64])",torch.bfloat16,286720
cat_143,"torch.Size([1, 64, 35, 128])",torch.bfloat16,573440
mul_862,"torch.Size([1, 64, 35, 128])",torch.bfloat16,573440
add_608,"torch.Size([1, 64, 35, 128])",torch.bfloat16,573440
mul_863,"torch.Size([1, 8, 35, 128])",torch.bfloat16,71680
slice_1459,"torch.Size([1, 8, 35, 64])",torch.bfloat16,35840
slice_1460,"torch.Size([1, 8, 35, 64])",torch.bfloat16,35840
neg_141,"torch.Size([1, 8, 35, 64])",torch.bfloat16,35840
cat_144,"torch.Size([1, 8, 35, 128])",torch.bfloat16,71680
mul_864,"torch.Size([1, 8, 35, 128])",torch.bfloat16,71680
add_609,"torch.Size([1, 8, 35, 128])",torch.bfloat16,71680
slice_1461,"torch.Size([1, 8, 35, 128])",torch.bfloat16,71680
slice_1462,"torch.Size([1, 8, 35, 128])",torch.bfloat16,71680
unsqueeze_329,"torch.Size([1, 8, 1, 35, 128])",torch.bfloat16,71680
slice_1463,"torch.Size([1, 8, 1, 35, 128])",torch.bfloat16,71680
slice_1464,"torch.Size([1, 8, 1, 35, 128])",torch.bfloat16,71680
expand_183,"torch.Size([1, 8, 8, 35, 128])",torch.bfloat16,573440
clone_176,"torch.Size([1, 8, 8, 35, 128])",torch.bfloat16,573440
_unsafe_view_174,"torch.Size([1, 64, 35, 128])",torch.bfloat16,573440
slice_1465,"torch.Size([1, 8, 35, 128])",torch.bfloat16,71680
slice_1466,"torch.Size([1, 8, 35, 128])",torch.bfloat16,71680
unsqueeze_330,"torch.Size([1, 8, 1, 35, 128])",torch.bfloat16,71680
slice_1467,"torch.Size([1, 8, 1, 35, 128])",torch.bfloat16,71680
slice_1468,"torch.Size([1, 8, 1, 35, 128])",torch.bfloat16,71680
expand_184,"torch.Size([1, 8, 8, 35, 128])",torch.bfloat16,573440
clone_177,"torch.Size([1, 8, 8, 35, 128])",torch.bfloat16,573440
_unsafe_view_175,"torch.Size([1, 64, 35, 128])",torch.bfloat16,573440
slice_1472,"torch.Size([1, 1, 35, 35])",torch.bfloat16,2450
slice_1473,"torch.Size([1, 1, 35, 35])",torch.bfloat16,2450
slice_1474,"torch.Size([1, 1, 35, 35])",torch.bfloat16,2450
getitem_500,"torch.Size([1, 64, 35, 128])",torch.bfloat16,573440
transpose_514,"torch.Size([1, 35, 64, 128])",torch.bfloat16,573440
view_2247,"torch.Size([1, 35, 8192])",torch.bfloat16,573440
t_853,"torch.Size([8192, 8192])",torch.bfloat16,134217728
view_2248,"torch.Size([35, 8192])",torch.bfloat16,573440
mm_772,"torch.Size([35, 8192])",torch.bfloat16,573440
view_2249,"torch.Size([1, 35, 8192])",torch.bfloat16,573440
add_610,"torch.Size([1, 35, 8192])",torch.bfloat16,573440
_to_copy_426,"torch.Size([1, 35, 8192])",torch.float32,1146880
pow_210,"torch.Size([1, 35, 8192])",torch.float32,1146880
mean_209,"torch.Size([1, 35, 1])",torch.float32,140
add_611,"torch.Size([1, 35, 1])",torch.float32,140
rsqrt_209,"torch.Size([1, 35, 1])",torch.float32,140
mul_865,"torch.Size([1, 35, 8192])",torch.float32,1146880
_to_copy_427,"torch.Size([1, 35, 8192])",torch.bfloat16,573440
mul_866,"torch.Size([1, 35, 8192])",torch.bfloat16,573440
t_854,"torch.Size([8192, 28672])",torch.bfloat16,469762048
view_2250,"torch.Size([35, 8192])",torch.bfloat16,573440
mm_773,"torch.Size([35, 28672])",torch.bfloat16,2007040
view_2251,"torch.Size([1, 35, 28672])",torch.bfloat16,2007040
silu_87,"torch.Size([1, 35, 28672])",torch.bfloat16,2007040
t_855,"torch.Size([8192, 28672])",torch.bfloat16,469762048
view_2252,"torch.Size([35, 8192])",torch.bfloat16,573440
mm_774,"torch.Size([35, 28672])",torch.bfloat16,2007040
view_2253,"torch.Size([1, 35, 28672])",torch.bfloat16,2007040
mul_867,"torch.Size([1, 35, 28672])",torch.bfloat16,2007040
t_856,"torch.Size([28672, 8192])",torch.bfloat16,469762048
view_2254,"torch.Size([35, 28672])",torch.bfloat16,2007040
mm_775,"torch.Size([35, 8192])",torch.bfloat16,573440
view_2255,"torch.Size([1, 35, 8192])",torch.bfloat16,573440
add_612,"torch.Size([1, 35, 8192])",torch.bfloat16,573440
_to_copy_428,"torch.Size([1, 35, 8192])",torch.float32,1146880
pow_211,"torch.Size([1, 35, 8192])",torch.float32,1146880
mean_210,"torch.Size([1, 35, 1])",torch.float32,140
add_613,"torch.Size([1, 35, 1])",torch.float32,140
rsqrt_210,"torch.Size([1, 35, 1])",torch.float32,140
mul_868,"torch.Size([1, 35, 8192])",torch.float32,1146880
_to_copy_429,"torch.Size([1, 35, 8192])",torch.bfloat16,573440
mul_869,"torch.Size([1, 35, 8192])",torch.bfloat16,573440
t_857,"torch.Size([8192, 8192])",torch.bfloat16,134217728
view_2256,"torch.Size([35, 8192])",torch.bfloat16,573440
mm_776,"torch.Size([35, 8192])",torch.bfloat16,573440
view_2257,"torch.Size([1, 35, 8192])",torch.bfloat16,573440
view_2258,"torch.Size([1, 35, 64, 128])",torch.bfloat16,573440
transpose_515,"torch.Size([1, 64, 35, 128])",torch.bfloat16,573440
_to_copy_430,"torch.Size([1, 64, 35, 128])",torch.float32,1146880
pow_212,"torch.Size([1, 64, 35, 128])",torch.float32,1146880
mean_211,"torch.Size([1, 64, 35, 1])",torch.float32,8960
add_614,"torch.Size([1, 64, 35, 1])",torch.float32,8960
rsqrt_211,"torch.Size([1, 64, 35, 1])",torch.float32,8960
mul_870,"torch.Size([1, 64, 35, 128])",torch.float32,1146880
_to_copy_431,"torch.Size([1, 64, 35, 128])",torch.bfloat16,573440
mul_871,"torch.Size([1, 64, 35, 128])",torch.bfloat16,573440
t_858,"torch.Size([8192, 1024])",torch.bfloat16,16777216
view_2259,"torch.Size([6404, 8192])",torch.bfloat16,104923136
mm_777,"torch.Size([6404, 1024])",torch.bfloat16,13115392
view_2260,"torch.Size([4, 1601, 1024])",torch.bfloat16,13115392
t_859,"torch.Size([8192, 1024])",torch.bfloat16,16777216
view_2261,"torch.Size([6404, 8192])",torch.bfloat16,104923136
mm_778,"torch.Size([6404, 1024])",torch.bfloat16,13115392
view_2262,"torch.Size([4, 1601, 1024])",torch.bfloat16,13115392
view_2263,"torch.Size([1, 6404, 8, 128])",torch.bfloat16,13115392
transpose_516,"torch.Size([1, 8, 6404, 128])",torch.bfloat16,13115392
view_2264,"torch.Size([1, 6404, 8, 128])",torch.bfloat16,13115392
transpose_517,"torch.Size([1, 8, 6404, 128])",torch.bfloat16,13115392
slice_1475,"torch.Size([1, 8, 6404, 128])",torch.bfloat16,13115392
slice_1476,"torch.Size([1, 8, 6404, 128])",torch.bfloat16,13115392
unsqueeze_331,"torch.Size([1, 8, 1, 6404, 128])",torch.bfloat16,13115392
slice_1477,"torch.Size([1, 8, 1, 6404, 128])",torch.bfloat16,13115392
slice_1478,"torch.Size([1, 8, 1, 6404, 128])",torch.bfloat16,13115392
expand_185,"torch.Size([1, 8, 8, 6404, 128])",torch.bfloat16,104923136
clone_178,"torch.Size([1, 8, 8, 6404, 128])",torch.bfloat16,104923136
_unsafe_view_176,"torch.Size([1, 64, 6404, 128])",torch.bfloat16,104923136
slice_1479,"torch.Size([1, 8, 6404, 128])",torch.bfloat16,13115392
slice_1480,"torch.Size([1, 8, 6404, 128])",torch.bfloat16,13115392
unsqueeze_332,"torch.Size([1, 8, 1, 6404, 128])",torch.bfloat16,13115392
slice_1481,"torch.Size([1, 8, 1, 6404, 128])",torch.bfloat16,13115392
slice_1482,"torch.Size([1, 8, 1, 6404, 128])",torch.bfloat16,13115392
expand_186,"torch.Size([1, 8, 8, 6404, 128])",torch.bfloat16,104923136
clone_179,"torch.Size([1, 8, 8, 6404, 128])",torch.bfloat16,104923136
_unsafe_view_177,"torch.Size([1, 64, 6404, 128])",torch.bfloat16,104923136
_to_copy_432,"torch.Size([1, 64, 6404, 128])",torch.float32,209846272
pow_213,"torch.Size([1, 64, 6404, 128])",torch.float32,209846272
mean_212,"torch.Size([1, 64, 6404, 1])",torch.float32,1639424
add_615,"torch.Size([1, 64, 6404, 1])",torch.float32,1639424
rsqrt_212,"torch.Size([1, 64, 6404, 1])",torch.float32,1639424
mul_872,"torch.Size([1, 64, 6404, 128])",torch.float32,209846272
_to_copy_433,"torch.Size([1, 64, 6404, 128])",torch.bfloat16,104923136
mul_873,"torch.Size([1, 64, 6404, 128])",torch.bfloat16,104923136
getitem_502,"torch.Size([1, 64, 35, 128])",torch.bfloat16,573440
transpose_518,"torch.Size([1, 35, 64, 128])",torch.bfloat16,573440
view_2265,"torch.Size([1, 35, 8192])",torch.bfloat16,573440
t_860,"torch.Size([8192, 8192])",torch.bfloat16,134217728
view_2266,"torch.Size([35, 8192])",torch.bfloat16,573440
mm_779,"torch.Size([35, 8192])",torch.bfloat16,573440
view_2267,"torch.Size([1, 35, 8192])",torch.bfloat16,573440
tanh_54,torch.Size([1]),torch.bfloat16,2
mul_874,"torch.Size([1, 35, 8192])",torch.bfloat16,573440
add_616,"torch.Size([1, 35, 8192])",torch.bfloat16,573440
_to_copy_434,"torch.Size([1, 35, 8192])",torch.float32,1146880
pow_214,"torch.Size([1, 35, 8192])",torch.float32,1146880
mean_213,"torch.Size([1, 35, 1])",torch.float32,140
add_617,"torch.Size([1, 35, 1])",torch.float32,140
rsqrt_213,"torch.Size([1, 35, 1])",torch.float32,140
mul_875,"torch.Size([1, 35, 8192])",torch.float32,1146880
_to_copy_435,"torch.Size([1, 35, 8192])",torch.bfloat16,573440
mul_876,"torch.Size([1, 35, 8192])",torch.bfloat16,573440
t_861,"torch.Size([8192, 28672])",torch.bfloat16,469762048
view_2268,"torch.Size([35, 8192])",torch.bfloat16,573440
mm_780,"torch.Size([35, 28672])",torch.bfloat16,2007040
view_2269,"torch.Size([1, 35, 28672])",torch.bfloat16,2007040
silu_88,"torch.Size([1, 35, 28672])",torch.bfloat16,2007040
t_862,"torch.Size([8192, 28672])",torch.bfloat16,469762048
view_2270,"torch.Size([35, 8192])",torch.bfloat16,573440
mm_781,"torch.Size([35, 28672])",torch.bfloat16,2007040
view_2271,"torch.Size([1, 35, 28672])",torch.bfloat16,2007040
mul_877,"torch.Size([1, 35, 28672])",torch.bfloat16,2007040
t_863,"torch.Size([28672, 8192])",torch.bfloat16,469762048
view_2272,"torch.Size([35, 28672])",torch.bfloat16,2007040
mm_782,"torch.Size([35, 8192])",torch.bfloat16,573440
view_2273,"torch.Size([1, 35, 8192])",torch.bfloat16,573440
slice_1483,"torch.Size([1, 1, 35, 1])",torch.bfloat16,70
select_17,"torch.Size([1, 35, 1])",torch.bfloat16,70
mul_878,"torch.Size([1, 35, 8192])",torch.bfloat16,573440
tanh_55,torch.Size([1]),torch.bfloat16,2
mul_879,"torch.Size([1, 35, 8192])",torch.bfloat16,573440
add_618,"torch.Size([1, 35, 8192])",torch.bfloat16,573440
_to_copy_436,"torch.Size([1, 35, 8192])",torch.float32,1146880
pow_215,"torch.Size([1, 35, 8192])",torch.float32,1146880
mean_214,"torch.Size([1, 35, 1])",torch.float32,140
add_619,"torch.Size([1, 35, 1])",torch.float32,140
rsqrt_214,"torch.Size([1, 35, 1])",torch.float32,140
mul_880,"torch.Size([1, 35, 8192])",torch.float32,1146880
_to_copy_437,"torch.Size([1, 35, 8192])",torch.bfloat16,573440
mul_881,"torch.Size([1, 35, 8192])",torch.bfloat16,573440
t_864,"torch.Size([8192, 8192])",torch.bfloat16,134217728
view_2274,"torch.Size([35, 8192])",torch.bfloat16,573440
mm_783,"torch.Size([35, 8192])",torch.bfloat16,573440
view_2275,"torch.Size([1, 35, 8192])",torch.bfloat16,573440
t_865,"torch.Size([8192, 1024])",torch.bfloat16,16777216
view_2276,"torch.Size([35, 8192])",torch.bfloat16,573440
mm_784,"torch.Size([35, 1024])",torch.bfloat16,71680
view_2277,"torch.Size([1, 35, 1024])",torch.bfloat16,71680
t_866,"torch.Size([8192, 1024])",torch.bfloat16,16777216
view_2278,"torch.Size([35, 8192])",torch.bfloat16,573440
mm_785,"torch.Size([35, 1024])",torch.bfloat16,71680
view_2279,"torch.Size([1, 35, 1024])",torch.bfloat16,71680
view_2280,"torch.Size([1, 35, 64, 128])",torch.bfloat16,573440
transpose_519,"torch.Size([1, 64, 35, 128])",torch.bfloat16,573440
view_2281,"torch.Size([1, 35, 8, 128])",torch.bfloat16,71680
transpose_520,"torch.Size([1, 8, 35, 128])",torch.bfloat16,71680
view_2282,"torch.Size([1, 35, 8, 128])",torch.bfloat16,71680
transpose_521,"torch.Size([1, 8, 35, 128])",torch.bfloat16,71680
unsqueeze_333,"torch.Size([1, 1, 35, 128])",torch.bfloat16,8960
unsqueeze_334,"torch.Size([1, 1, 35, 128])",torch.bfloat16,8960
mul_882,"torch.Size([1, 64, 35, 128])",torch.bfloat16,573440
slice_1484,"torch.Size([1, 64, 35, 64])",torch.bfloat16,286720
slice_1485,"torch.Size([1, 64, 35, 64])",torch.bfloat16,286720
neg_142,"torch.Size([1, 64, 35, 64])",torch.bfloat16,286720
cat_145,"torch.Size([1, 64, 35, 128])",torch.bfloat16,573440
mul_883,"torch.Size([1, 64, 35, 128])",torch.bfloat16,573440
add_620,"torch.Size([1, 64, 35, 128])",torch.bfloat16,573440
mul_884,"torch.Size([1, 8, 35, 128])",torch.bfloat16,71680
slice_1486,"torch.Size([1, 8, 35, 64])",torch.bfloat16,35840
slice_1487,"torch.Size([1, 8, 35, 64])",torch.bfloat16,35840
neg_143,"torch.Size([1, 8, 35, 64])",torch.bfloat16,35840
cat_146,"torch.Size([1, 8, 35, 128])",torch.bfloat16,71680
mul_885,"torch.Size([1, 8, 35, 128])",torch.bfloat16,71680
add_621,"torch.Size([1, 8, 35, 128])",torch.bfloat16,71680
slice_1488,"torch.Size([1, 8, 35, 128])",torch.bfloat16,71680
slice_1489,"torch.Size([1, 8, 35, 128])",torch.bfloat16,71680
unsqueeze_335,"torch.Size([1, 8, 1, 35, 128])",torch.bfloat16,71680
slice_1490,"torch.Size([1, 8, 1, 35, 128])",torch.bfloat16,71680
slice_1491,"torch.Size([1, 8, 1, 35, 128])",torch.bfloat16,71680
expand_187,"torch.Size([1, 8, 8, 35, 128])",torch.bfloat16,573440
clone_180,"torch.Size([1, 8, 8, 35, 128])",torch.bfloat16,573440
_unsafe_view_178,"torch.Size([1, 64, 35, 128])",torch.bfloat16,573440
slice_1492,"torch.Size([1, 8, 35, 128])",torch.bfloat16,71680
slice_1493,"torch.Size([1, 8, 35, 128])",torch.bfloat16,71680
unsqueeze_336,"torch.Size([1, 8, 1, 35, 128])",torch.bfloat16,71680
slice_1494,"torch.Size([1, 8, 1, 35, 128])",torch.bfloat16,71680
slice_1495,"torch.Size([1, 8, 1, 35, 128])",torch.bfloat16,71680
expand_188,"torch.Size([1, 8, 8, 35, 128])",torch.bfloat16,573440
clone_181,"torch.Size([1, 8, 8, 35, 128])",torch.bfloat16,573440
_unsafe_view_179,"torch.Size([1, 64, 35, 128])",torch.bfloat16,573440
slice_1499,"torch.Size([1, 1, 35, 35])",torch.bfloat16,2450
slice_1500,"torch.Size([1, 1, 35, 35])",torch.bfloat16,2450
slice_1501,"torch.Size([1, 1, 35, 35])",torch.bfloat16,2450
getitem_504,"torch.Size([1, 64, 35, 128])",torch.bfloat16,573440
transpose_522,"torch.Size([1, 35, 64, 128])",torch.bfloat16,573440
view_2283,"torch.Size([1, 35, 8192])",torch.bfloat16,573440
t_867,"torch.Size([8192, 8192])",torch.bfloat16,134217728
view_2284,"torch.Size([35, 8192])",torch.bfloat16,573440
mm_786,"torch.Size([35, 8192])",torch.bfloat16,573440
view_2285,"torch.Size([1, 35, 8192])",torch.bfloat16,573440
add_622,"torch.Size([1, 35, 8192])",torch.bfloat16,573440
_to_copy_438,"torch.Size([1, 35, 8192])",torch.float32,1146880
pow_216,"torch.Size([1, 35, 8192])",torch.float32,1146880
mean_215,"torch.Size([1, 35, 1])",torch.float32,140
add_623,"torch.Size([1, 35, 1])",torch.float32,140
rsqrt_215,"torch.Size([1, 35, 1])",torch.float32,140
mul_886,"torch.Size([1, 35, 8192])",torch.float32,1146880
_to_copy_439,"torch.Size([1, 35, 8192])",torch.bfloat16,573440
mul_887,"torch.Size([1, 35, 8192])",torch.bfloat16,573440
t_868,"torch.Size([8192, 28672])",torch.bfloat16,469762048
view_2286,"torch.Size([35, 8192])",torch.bfloat16,573440
mm_787,"torch.Size([35, 28672])",torch.bfloat16,2007040
view_2287,"torch.Size([1, 35, 28672])",torch.bfloat16,2007040
silu_89,"torch.Size([1, 35, 28672])",torch.bfloat16,2007040
t_869,"torch.Size([8192, 28672])",torch.bfloat16,469762048
view_2288,"torch.Size([35, 8192])",torch.bfloat16,573440
mm_788,"torch.Size([35, 28672])",torch.bfloat16,2007040
view_2289,"torch.Size([1, 35, 28672])",torch.bfloat16,2007040
mul_888,"torch.Size([1, 35, 28672])",torch.bfloat16,2007040
t_870,"torch.Size([28672, 8192])",torch.bfloat16,469762048
view_2290,"torch.Size([35, 28672])",torch.bfloat16,2007040
mm_789,"torch.Size([35, 8192])",torch.bfloat16,573440
view_2291,"torch.Size([1, 35, 8192])",torch.bfloat16,573440
add_624,"torch.Size([1, 35, 8192])",torch.bfloat16,573440
_to_copy_440,"torch.Size([1, 35, 8192])",torch.float32,1146880
pow_217,"torch.Size([1, 35, 8192])",torch.float32,1146880
mean_216,"torch.Size([1, 35, 1])",torch.float32,140
add_625,"torch.Size([1, 35, 1])",torch.float32,140
rsqrt_216,"torch.Size([1, 35, 1])",torch.float32,140
mul_889,"torch.Size([1, 35, 8192])",torch.float32,1146880
_to_copy_441,"torch.Size([1, 35, 8192])",torch.bfloat16,573440
mul_890,"torch.Size([1, 35, 8192])",torch.bfloat16,573440
t_871,"torch.Size([8192, 8192])",torch.bfloat16,134217728
view_2292,"torch.Size([35, 8192])",torch.bfloat16,573440
mm_790,"torch.Size([35, 8192])",torch.bfloat16,573440
view_2293,"torch.Size([1, 35, 8192])",torch.bfloat16,573440
t_872,"torch.Size([8192, 1024])",torch.bfloat16,16777216
view_2294,"torch.Size([35, 8192])",torch.bfloat16,573440
mm_791,"torch.Size([35, 1024])",torch.bfloat16,71680
view_2295,"torch.Size([1, 35, 1024])",torch.bfloat16,71680
t_873,"torch.Size([8192, 1024])",torch.bfloat16,16777216
view_2296,"torch.Size([35, 8192])",torch.bfloat16,573440
mm_792,"torch.Size([35, 1024])",torch.bfloat16,71680
view_2297,"torch.Size([1, 35, 1024])",torch.bfloat16,71680
view_2298,"torch.Size([1, 35, 64, 128])",torch.bfloat16,573440
transpose_523,"torch.Size([1, 64, 35, 128])",torch.bfloat16,573440
view_2299,"torch.Size([1, 35, 8, 128])",torch.bfloat16,71680
transpose_524,"torch.Size([1, 8, 35, 128])",torch.bfloat16,71680
view_2300,"torch.Size([1, 35, 8, 128])",torch.bfloat16,71680
transpose_525,"torch.Size([1, 8, 35, 128])",torch.bfloat16,71680
unsqueeze_337,"torch.Size([1, 1, 35, 128])",torch.bfloat16,8960
unsqueeze_338,"torch.Size([1, 1, 35, 128])",torch.bfloat16,8960
mul_891,"torch.Size([1, 64, 35, 128])",torch.bfloat16,573440
slice_1502,"torch.Size([1, 64, 35, 64])",torch.bfloat16,286720
slice_1503,"torch.Size([1, 64, 35, 64])",torch.bfloat16,286720
neg_144,"torch.Size([1, 64, 35, 64])",torch.bfloat16,286720
cat_147,"torch.Size([1, 64, 35, 128])",torch.bfloat16,573440
mul_892,"torch.Size([1, 64, 35, 128])",torch.bfloat16,573440
add_626,"torch.Size([1, 64, 35, 128])",torch.bfloat16,573440
mul_893,"torch.Size([1, 8, 35, 128])",torch.bfloat16,71680
slice_1504,"torch.Size([1, 8, 35, 64])",torch.bfloat16,35840
slice_1505,"torch.Size([1, 8, 35, 64])",torch.bfloat16,35840
neg_145,"torch.Size([1, 8, 35, 64])",torch.bfloat16,35840
cat_148,"torch.Size([1, 8, 35, 128])",torch.bfloat16,71680
mul_894,"torch.Size([1, 8, 35, 128])",torch.bfloat16,71680
add_627,"torch.Size([1, 8, 35, 128])",torch.bfloat16,71680
slice_1506,"torch.Size([1, 8, 35, 128])",torch.bfloat16,71680
slice_1507,"torch.Size([1, 8, 35, 128])",torch.bfloat16,71680
unsqueeze_339,"torch.Size([1, 8, 1, 35, 128])",torch.bfloat16,71680
slice_1508,"torch.Size([1, 8, 1, 35, 128])",torch.bfloat16,71680
slice_1509,"torch.Size([1, 8, 1, 35, 128])",torch.bfloat16,71680
expand_189,"torch.Size([1, 8, 8, 35, 128])",torch.bfloat16,573440
clone_182,"torch.Size([1, 8, 8, 35, 128])",torch.bfloat16,573440
_unsafe_view_180,"torch.Size([1, 64, 35, 128])",torch.bfloat16,573440
slice_1510,"torch.Size([1, 8, 35, 128])",torch.bfloat16,71680
slice_1511,"torch.Size([1, 8, 35, 128])",torch.bfloat16,71680
unsqueeze_340,"torch.Size([1, 8, 1, 35, 128])",torch.bfloat16,71680
slice_1512,"torch.Size([1, 8, 1, 35, 128])",torch.bfloat16,71680
slice_1513,"torch.Size([1, 8, 1, 35, 128])",torch.bfloat16,71680
expand_190,"torch.Size([1, 8, 8, 35, 128])",torch.bfloat16,573440
clone_183,"torch.Size([1, 8, 8, 35, 128])",torch.bfloat16,573440
_unsafe_view_181,"torch.Size([1, 64, 35, 128])",torch.bfloat16,573440
slice_1517,"torch.Size([1, 1, 35, 35])",torch.bfloat16,2450
slice_1518,"torch.Size([1, 1, 35, 35])",torch.bfloat16,2450
slice_1519,"torch.Size([1, 1, 35, 35])",torch.bfloat16,2450
getitem_506,"torch.Size([1, 64, 35, 128])",torch.bfloat16,573440
transpose_526,"torch.Size([1, 35, 64, 128])",torch.bfloat16,573440
view_2301,"torch.Size([1, 35, 8192])",torch.bfloat16,573440
t_874,"torch.Size([8192, 8192])",torch.bfloat16,134217728
view_2302,"torch.Size([35, 8192])",torch.bfloat16,573440
mm_793,"torch.Size([35, 8192])",torch.bfloat16,573440
view_2303,"torch.Size([1, 35, 8192])",torch.bfloat16,573440
add_628,"torch.Size([1, 35, 8192])",torch.bfloat16,573440
_to_copy_442,"torch.Size([1, 35, 8192])",torch.float32,1146880
pow_218,"torch.Size([1, 35, 8192])",torch.float32,1146880
mean_217,"torch.Size([1, 35, 1])",torch.float32,140
add_629,"torch.Size([1, 35, 1])",torch.float32,140
rsqrt_217,"torch.Size([1, 35, 1])",torch.float32,140
mul_895,"torch.Size([1, 35, 8192])",torch.float32,1146880
_to_copy_443,"torch.Size([1, 35, 8192])",torch.bfloat16,573440
mul_896,"torch.Size([1, 35, 8192])",torch.bfloat16,573440
t_875,"torch.Size([8192, 28672])",torch.bfloat16,469762048
view_2304,"torch.Size([35, 8192])",torch.bfloat16,573440
mm_794,"torch.Size([35, 28672])",torch.bfloat16,2007040
view_2305,"torch.Size([1, 35, 28672])",torch.bfloat16,2007040
silu_90,"torch.Size([1, 35, 28672])",torch.bfloat16,2007040
t_876,"torch.Size([8192, 28672])",torch.bfloat16,469762048
view_2306,"torch.Size([35, 8192])",torch.bfloat16,573440
mm_795,"torch.Size([35, 28672])",torch.bfloat16,2007040
view_2307,"torch.Size([1, 35, 28672])",torch.bfloat16,2007040
mul_897,"torch.Size([1, 35, 28672])",torch.bfloat16,2007040
t_877,"torch.Size([28672, 8192])",torch.bfloat16,469762048
view_2308,"torch.Size([35, 28672])",torch.bfloat16,2007040
mm_796,"torch.Size([35, 8192])",torch.bfloat16,573440
view_2309,"torch.Size([1, 35, 8192])",torch.bfloat16,573440
add_630,"torch.Size([1, 35, 8192])",torch.bfloat16,573440
_to_copy_444,"torch.Size([1, 35, 8192])",torch.float32,1146880
pow_219,"torch.Size([1, 35, 8192])",torch.float32,1146880
mean_218,"torch.Size([1, 35, 1])",torch.float32,140
add_631,"torch.Size([1, 35, 1])",torch.float32,140
rsqrt_218,"torch.Size([1, 35, 1])",torch.float32,140
mul_898,"torch.Size([1, 35, 8192])",torch.float32,1146880
_to_copy_445,"torch.Size([1, 35, 8192])",torch.bfloat16,573440
mul_899,"torch.Size([1, 35, 8192])",torch.bfloat16,573440
t_878,"torch.Size([8192, 8192])",torch.bfloat16,134217728
view_2310,"torch.Size([35, 8192])",torch.bfloat16,573440
mm_797,"torch.Size([35, 8192])",torch.bfloat16,573440
view_2311,"torch.Size([1, 35, 8192])",torch.bfloat16,573440
t_879,"torch.Size([8192, 1024])",torch.bfloat16,16777216
view_2312,"torch.Size([35, 8192])",torch.bfloat16,573440
mm_798,"torch.Size([35, 1024])",torch.bfloat16,71680
view_2313,"torch.Size([1, 35, 1024])",torch.bfloat16,71680
t_880,"torch.Size([8192, 1024])",torch.bfloat16,16777216
view_2314,"torch.Size([35, 8192])",torch.bfloat16,573440
mm_799,"torch.Size([35, 1024])",torch.bfloat16,71680
view_2315,"torch.Size([1, 35, 1024])",torch.bfloat16,71680
view_2316,"torch.Size([1, 35, 64, 128])",torch.bfloat16,573440
transpose_527,"torch.Size([1, 64, 35, 128])",torch.bfloat16,573440
view_2317,"torch.Size([1, 35, 8, 128])",torch.bfloat16,71680
transpose_528,"torch.Size([1, 8, 35, 128])",torch.bfloat16,71680
view_2318,"torch.Size([1, 35, 8, 128])",torch.bfloat16,71680
transpose_529,"torch.Size([1, 8, 35, 128])",torch.bfloat16,71680
unsqueeze_341,"torch.Size([1, 1, 35, 128])",torch.bfloat16,8960
unsqueeze_342,"torch.Size([1, 1, 35, 128])",torch.bfloat16,8960
mul_900,"torch.Size([1, 64, 35, 128])",torch.bfloat16,573440
slice_1520,"torch.Size([1, 64, 35, 64])",torch.bfloat16,286720
slice_1521,"torch.Size([1, 64, 35, 64])",torch.bfloat16,286720
neg_146,"torch.Size([1, 64, 35, 64])",torch.bfloat16,286720
cat_149,"torch.Size([1, 64, 35, 128])",torch.bfloat16,573440
mul_901,"torch.Size([1, 64, 35, 128])",torch.bfloat16,573440
add_632,"torch.Size([1, 64, 35, 128])",torch.bfloat16,573440
mul_902,"torch.Size([1, 8, 35, 128])",torch.bfloat16,71680
slice_1522,"torch.Size([1, 8, 35, 64])",torch.bfloat16,35840
slice_1523,"torch.Size([1, 8, 35, 64])",torch.bfloat16,35840
neg_147,"torch.Size([1, 8, 35, 64])",torch.bfloat16,35840
cat_150,"torch.Size([1, 8, 35, 128])",torch.bfloat16,71680
mul_903,"torch.Size([1, 8, 35, 128])",torch.bfloat16,71680
add_633,"torch.Size([1, 8, 35, 128])",torch.bfloat16,71680
slice_1524,"torch.Size([1, 8, 35, 128])",torch.bfloat16,71680
slice_1525,"torch.Size([1, 8, 35, 128])",torch.bfloat16,71680
unsqueeze_343,"torch.Size([1, 8, 1, 35, 128])",torch.bfloat16,71680
slice_1526,"torch.Size([1, 8, 1, 35, 128])",torch.bfloat16,71680
slice_1527,"torch.Size([1, 8, 1, 35, 128])",torch.bfloat16,71680
expand_191,"torch.Size([1, 8, 8, 35, 128])",torch.bfloat16,573440
clone_184,"torch.Size([1, 8, 8, 35, 128])",torch.bfloat16,573440
_unsafe_view_182,"torch.Size([1, 64, 35, 128])",torch.bfloat16,573440
slice_1528,"torch.Size([1, 8, 35, 128])",torch.bfloat16,71680
slice_1529,"torch.Size([1, 8, 35, 128])",torch.bfloat16,71680
unsqueeze_344,"torch.Size([1, 8, 1, 35, 128])",torch.bfloat16,71680
slice_1530,"torch.Size([1, 8, 1, 35, 128])",torch.bfloat16,71680
slice_1531,"torch.Size([1, 8, 1, 35, 128])",torch.bfloat16,71680
expand_192,"torch.Size([1, 8, 8, 35, 128])",torch.bfloat16,573440
clone_185,"torch.Size([1, 8, 8, 35, 128])",torch.bfloat16,573440
_unsafe_view_183,"torch.Size([1, 64, 35, 128])",torch.bfloat16,573440
slice_1535,"torch.Size([1, 1, 35, 35])",torch.bfloat16,2450
slice_1536,"torch.Size([1, 1, 35, 35])",torch.bfloat16,2450
slice_1537,"torch.Size([1, 1, 35, 35])",torch.bfloat16,2450
getitem_508,"torch.Size([1, 64, 35, 128])",torch.bfloat16,573440
transpose_530,"torch.Size([1, 35, 64, 128])",torch.bfloat16,573440
view_2319,"torch.Size([1, 35, 8192])",torch.bfloat16,573440
t_881,"torch.Size([8192, 8192])",torch.bfloat16,134217728
view_2320,"torch.Size([35, 8192])",torch.bfloat16,573440
mm_800,"torch.Size([35, 8192])",torch.bfloat16,573440
view_2321,"torch.Size([1, 35, 8192])",torch.bfloat16,573440
add_634,"torch.Size([1, 35, 8192])",torch.bfloat16,573440
_to_copy_446,"torch.Size([1, 35, 8192])",torch.float32,1146880
pow_220,"torch.Size([1, 35, 8192])",torch.float32,1146880
mean_219,"torch.Size([1, 35, 1])",torch.float32,140
add_635,"torch.Size([1, 35, 1])",torch.float32,140
rsqrt_219,"torch.Size([1, 35, 1])",torch.float32,140
mul_904,"torch.Size([1, 35, 8192])",torch.float32,1146880
_to_copy_447,"torch.Size([1, 35, 8192])",torch.bfloat16,573440
mul_905,"torch.Size([1, 35, 8192])",torch.bfloat16,573440
t_882,"torch.Size([8192, 28672])",torch.bfloat16,469762048
view_2322,"torch.Size([35, 8192])",torch.bfloat16,573440
mm_801,"torch.Size([35, 28672])",torch.bfloat16,2007040
view_2323,"torch.Size([1, 35, 28672])",torch.bfloat16,2007040
silu_91,"torch.Size([1, 35, 28672])",torch.bfloat16,2007040
t_883,"torch.Size([8192, 28672])",torch.bfloat16,469762048
view_2324,"torch.Size([35, 8192])",torch.bfloat16,573440
mm_802,"torch.Size([35, 28672])",torch.bfloat16,2007040
view_2325,"torch.Size([1, 35, 28672])",torch.bfloat16,2007040
mul_906,"torch.Size([1, 35, 28672])",torch.bfloat16,2007040
t_884,"torch.Size([28672, 8192])",torch.bfloat16,469762048
view_2326,"torch.Size([35, 28672])",torch.bfloat16,2007040
mm_803,"torch.Size([35, 8192])",torch.bfloat16,573440
view_2327,"torch.Size([1, 35, 8192])",torch.bfloat16,573440
add_636,"torch.Size([1, 35, 8192])",torch.bfloat16,573440
_to_copy_448,"torch.Size([1, 35, 8192])",torch.float32,1146880
pow_221,"torch.Size([1, 35, 8192])",torch.float32,1146880
mean_220,"torch.Size([1, 35, 1])",torch.float32,140
add_637,"torch.Size([1, 35, 1])",torch.float32,140
rsqrt_220,"torch.Size([1, 35, 1])",torch.float32,140
mul_907,"torch.Size([1, 35, 8192])",torch.float32,1146880
_to_copy_449,"torch.Size([1, 35, 8192])",torch.bfloat16,573440
mul_908,"torch.Size([1, 35, 8192])",torch.bfloat16,573440
t_885,"torch.Size([8192, 8192])",torch.bfloat16,134217728
view_2328,"torch.Size([35, 8192])",torch.bfloat16,573440
mm_804,"torch.Size([35, 8192])",torch.bfloat16,573440
view_2329,"torch.Size([1, 35, 8192])",torch.bfloat16,573440
t_886,"torch.Size([8192, 1024])",torch.bfloat16,16777216
view_2330,"torch.Size([35, 8192])",torch.bfloat16,573440
mm_805,"torch.Size([35, 1024])",torch.bfloat16,71680
view_2331,"torch.Size([1, 35, 1024])",torch.bfloat16,71680
t_887,"torch.Size([8192, 1024])",torch.bfloat16,16777216
view_2332,"torch.Size([35, 8192])",torch.bfloat16,573440
mm_806,"torch.Size([35, 1024])",torch.bfloat16,71680
view_2333,"torch.Size([1, 35, 1024])",torch.bfloat16,71680
view_2334,"torch.Size([1, 35, 64, 128])",torch.bfloat16,573440
transpose_531,"torch.Size([1, 64, 35, 128])",torch.bfloat16,573440
view_2335,"torch.Size([1, 35, 8, 128])",torch.bfloat16,71680
transpose_532,"torch.Size([1, 8, 35, 128])",torch.bfloat16,71680
view_2336,"torch.Size([1, 35, 8, 128])",torch.bfloat16,71680
transpose_533,"torch.Size([1, 8, 35, 128])",torch.bfloat16,71680
unsqueeze_345,"torch.Size([1, 1, 35, 128])",torch.bfloat16,8960
unsqueeze_346,"torch.Size([1, 1, 35, 128])",torch.bfloat16,8960
mul_909,"torch.Size([1, 64, 35, 128])",torch.bfloat16,573440
slice_1538,"torch.Size([1, 64, 35, 64])",torch.bfloat16,286720
slice_1539,"torch.Size([1, 64, 35, 64])",torch.bfloat16,286720
neg_148,"torch.Size([1, 64, 35, 64])",torch.bfloat16,286720
cat_151,"torch.Size([1, 64, 35, 128])",torch.bfloat16,573440
mul_910,"torch.Size([1, 64, 35, 128])",torch.bfloat16,573440
add_638,"torch.Size([1, 64, 35, 128])",torch.bfloat16,573440
mul_911,"torch.Size([1, 8, 35, 128])",torch.bfloat16,71680
slice_1540,"torch.Size([1, 8, 35, 64])",torch.bfloat16,35840
slice_1541,"torch.Size([1, 8, 35, 64])",torch.bfloat16,35840
neg_149,"torch.Size([1, 8, 35, 64])",torch.bfloat16,35840
cat_152,"torch.Size([1, 8, 35, 128])",torch.bfloat16,71680
mul_912,"torch.Size([1, 8, 35, 128])",torch.bfloat16,71680
add_639,"torch.Size([1, 8, 35, 128])",torch.bfloat16,71680
slice_1542,"torch.Size([1, 8, 35, 128])",torch.bfloat16,71680
slice_1543,"torch.Size([1, 8, 35, 128])",torch.bfloat16,71680
unsqueeze_347,"torch.Size([1, 8, 1, 35, 128])",torch.bfloat16,71680
slice_1544,"torch.Size([1, 8, 1, 35, 128])",torch.bfloat16,71680
slice_1545,"torch.Size([1, 8, 1, 35, 128])",torch.bfloat16,71680
expand_193,"torch.Size([1, 8, 8, 35, 128])",torch.bfloat16,573440
clone_186,"torch.Size([1, 8, 8, 35, 128])",torch.bfloat16,573440
_unsafe_view_184,"torch.Size([1, 64, 35, 128])",torch.bfloat16,573440
slice_1546,"torch.Size([1, 8, 35, 128])",torch.bfloat16,71680
slice_1547,"torch.Size([1, 8, 35, 128])",torch.bfloat16,71680
unsqueeze_348,"torch.Size([1, 8, 1, 35, 128])",torch.bfloat16,71680
slice_1548,"torch.Size([1, 8, 1, 35, 128])",torch.bfloat16,71680
slice_1549,"torch.Size([1, 8, 1, 35, 128])",torch.bfloat16,71680
expand_194,"torch.Size([1, 8, 8, 35, 128])",torch.bfloat16,573440
clone_187,"torch.Size([1, 8, 8, 35, 128])",torch.bfloat16,573440
_unsafe_view_185,"torch.Size([1, 64, 35, 128])",torch.bfloat16,573440
slice_1553,"torch.Size([1, 1, 35, 35])",torch.bfloat16,2450
slice_1554,"torch.Size([1, 1, 35, 35])",torch.bfloat16,2450
slice_1555,"torch.Size([1, 1, 35, 35])",torch.bfloat16,2450
getitem_510,"torch.Size([1, 64, 35, 128])",torch.bfloat16,573440
transpose_534,"torch.Size([1, 35, 64, 128])",torch.bfloat16,573440
view_2337,"torch.Size([1, 35, 8192])",torch.bfloat16,573440
t_888,"torch.Size([8192, 8192])",torch.bfloat16,134217728
view_2338,"torch.Size([35, 8192])",torch.bfloat16,573440
mm_807,"torch.Size([35, 8192])",torch.bfloat16,573440
view_2339,"torch.Size([1, 35, 8192])",torch.bfloat16,573440
add_640,"torch.Size([1, 35, 8192])",torch.bfloat16,573440
_to_copy_450,"torch.Size([1, 35, 8192])",torch.float32,1146880
pow_222,"torch.Size([1, 35, 8192])",torch.float32,1146880
mean_221,"torch.Size([1, 35, 1])",torch.float32,140
add_641,"torch.Size([1, 35, 1])",torch.float32,140
rsqrt_221,"torch.Size([1, 35, 1])",torch.float32,140
mul_913,"torch.Size([1, 35, 8192])",torch.float32,1146880
_to_copy_451,"torch.Size([1, 35, 8192])",torch.bfloat16,573440
mul_914,"torch.Size([1, 35, 8192])",torch.bfloat16,573440
t_889,"torch.Size([8192, 28672])",torch.bfloat16,469762048
view_2340,"torch.Size([35, 8192])",torch.bfloat16,573440
mm_808,"torch.Size([35, 28672])",torch.bfloat16,2007040
view_2341,"torch.Size([1, 35, 28672])",torch.bfloat16,2007040
silu_92,"torch.Size([1, 35, 28672])",torch.bfloat16,2007040
t_890,"torch.Size([8192, 28672])",torch.bfloat16,469762048
view_2342,"torch.Size([35, 8192])",torch.bfloat16,573440
mm_809,"torch.Size([35, 28672])",torch.bfloat16,2007040
view_2343,"torch.Size([1, 35, 28672])",torch.bfloat16,2007040
mul_915,"torch.Size([1, 35, 28672])",torch.bfloat16,2007040
t_891,"torch.Size([28672, 8192])",torch.bfloat16,469762048
view_2344,"torch.Size([35, 28672])",torch.bfloat16,2007040
mm_810,"torch.Size([35, 8192])",torch.bfloat16,573440
view_2345,"torch.Size([1, 35, 8192])",torch.bfloat16,573440
add_642,"torch.Size([1, 35, 8192])",torch.bfloat16,573440
_to_copy_452,"torch.Size([1, 35, 8192])",torch.float32,1146880
pow_223,"torch.Size([1, 35, 8192])",torch.float32,1146880
mean_222,"torch.Size([1, 35, 1])",torch.float32,140
add_643,"torch.Size([1, 35, 1])",torch.float32,140
rsqrt_222,"torch.Size([1, 35, 1])",torch.float32,140
mul_916,"torch.Size([1, 35, 8192])",torch.float32,1146880
_to_copy_453,"torch.Size([1, 35, 8192])",torch.bfloat16,573440
mul_917,"torch.Size([1, 35, 8192])",torch.bfloat16,573440
t_892,"torch.Size([8192, 8192])",torch.bfloat16,134217728
view_2346,"torch.Size([35, 8192])",torch.bfloat16,573440
mm_811,"torch.Size([35, 8192])",torch.bfloat16,573440
view_2347,"torch.Size([1, 35, 8192])",torch.bfloat16,573440
view_2348,"torch.Size([1, 35, 64, 128])",torch.bfloat16,573440
transpose_535,"torch.Size([1, 64, 35, 128])",torch.bfloat16,573440
_to_copy_454,"torch.Size([1, 64, 35, 128])",torch.float32,1146880
pow_224,"torch.Size([1, 64, 35, 128])",torch.float32,1146880
mean_223,"torch.Size([1, 64, 35, 1])",torch.float32,8960
add_644,"torch.Size([1, 64, 35, 1])",torch.float32,8960
rsqrt_223,"torch.Size([1, 64, 35, 1])",torch.float32,8960
mul_918,"torch.Size([1, 64, 35, 128])",torch.float32,1146880
_to_copy_455,"torch.Size([1, 64, 35, 128])",torch.bfloat16,573440
mul_919,"torch.Size([1, 64, 35, 128])",torch.bfloat16,573440
t_893,"torch.Size([8192, 1024])",torch.bfloat16,16777216
view_2349,"torch.Size([6404, 8192])",torch.bfloat16,104923136
mm_812,"torch.Size([6404, 1024])",torch.bfloat16,13115392
view_2350,"torch.Size([4, 1601, 1024])",torch.bfloat16,13115392
t_894,"torch.Size([8192, 1024])",torch.bfloat16,16777216
view_2351,"torch.Size([6404, 8192])",torch.bfloat16,104923136
mm_813,"torch.Size([6404, 1024])",torch.bfloat16,13115392
view_2352,"torch.Size([4, 1601, 1024])",torch.bfloat16,13115392
view_2353,"torch.Size([1, 6404, 8, 128])",torch.bfloat16,13115392
transpose_536,"torch.Size([1, 8, 6404, 128])",torch.bfloat16,13115392
view_2354,"torch.Size([1, 6404, 8, 128])",torch.bfloat16,13115392
transpose_537,"torch.Size([1, 8, 6404, 128])",torch.bfloat16,13115392
slice_1556,"torch.Size([1, 8, 6404, 128])",torch.bfloat16,13115392
slice_1557,"torch.Size([1, 8, 6404, 128])",torch.bfloat16,13115392
unsqueeze_349,"torch.Size([1, 8, 1, 6404, 128])",torch.bfloat16,13115392
slice_1558,"torch.Size([1, 8, 1, 6404, 128])",torch.bfloat16,13115392
slice_1559,"torch.Size([1, 8, 1, 6404, 128])",torch.bfloat16,13115392
expand_195,"torch.Size([1, 8, 8, 6404, 128])",torch.bfloat16,104923136
clone_188,"torch.Size([1, 8, 8, 6404, 128])",torch.bfloat16,104923136
_unsafe_view_186,"torch.Size([1, 64, 6404, 128])",torch.bfloat16,104923136
slice_1560,"torch.Size([1, 8, 6404, 128])",torch.bfloat16,13115392
slice_1561,"torch.Size([1, 8, 6404, 128])",torch.bfloat16,13115392
unsqueeze_350,"torch.Size([1, 8, 1, 6404, 128])",torch.bfloat16,13115392
slice_1562,"torch.Size([1, 8, 1, 6404, 128])",torch.bfloat16,13115392
slice_1563,"torch.Size([1, 8, 1, 6404, 128])",torch.bfloat16,13115392
expand_196,"torch.Size([1, 8, 8, 6404, 128])",torch.bfloat16,104923136
clone_189,"torch.Size([1, 8, 8, 6404, 128])",torch.bfloat16,104923136
_unsafe_view_187,"torch.Size([1, 64, 6404, 128])",torch.bfloat16,104923136
_to_copy_456,"torch.Size([1, 64, 6404, 128])",torch.float32,209846272
pow_225,"torch.Size([1, 64, 6404, 128])",torch.float32,209846272
mean_224,"torch.Size([1, 64, 6404, 1])",torch.float32,1639424
add_645,"torch.Size([1, 64, 6404, 1])",torch.float32,1639424
rsqrt_224,"torch.Size([1, 64, 6404, 1])",torch.float32,1639424
mul_920,"torch.Size([1, 64, 6404, 128])",torch.float32,209846272
_to_copy_457,"torch.Size([1, 64, 6404, 128])",torch.bfloat16,104923136
mul_921,"torch.Size([1, 64, 6404, 128])",torch.bfloat16,104923136
getitem_512,"torch.Size([1, 64, 35, 128])",torch.bfloat16,573440
transpose_538,"torch.Size([1, 35, 64, 128])",torch.bfloat16,573440
view_2355,"torch.Size([1, 35, 8192])",torch.bfloat16,573440
t_895,"torch.Size([8192, 8192])",torch.bfloat16,134217728
view_2356,"torch.Size([35, 8192])",torch.bfloat16,573440
mm_814,"torch.Size([35, 8192])",torch.bfloat16,573440
view_2357,"torch.Size([1, 35, 8192])",torch.bfloat16,573440
tanh_56,torch.Size([1]),torch.bfloat16,2
mul_922,"torch.Size([1, 35, 8192])",torch.bfloat16,573440
add_646,"torch.Size([1, 35, 8192])",torch.bfloat16,573440
_to_copy_458,"torch.Size([1, 35, 8192])",torch.float32,1146880
pow_226,"torch.Size([1, 35, 8192])",torch.float32,1146880
mean_225,"torch.Size([1, 35, 1])",torch.float32,140
add_647,"torch.Size([1, 35, 1])",torch.float32,140
rsqrt_225,"torch.Size([1, 35, 1])",torch.float32,140
mul_923,"torch.Size([1, 35, 8192])",torch.float32,1146880
_to_copy_459,"torch.Size([1, 35, 8192])",torch.bfloat16,573440
mul_924,"torch.Size([1, 35, 8192])",torch.bfloat16,573440
t_896,"torch.Size([8192, 28672])",torch.bfloat16,469762048
view_2358,"torch.Size([35, 8192])",torch.bfloat16,573440
mm_815,"torch.Size([35, 28672])",torch.bfloat16,2007040
view_2359,"torch.Size([1, 35, 28672])",torch.bfloat16,2007040
silu_93,"torch.Size([1, 35, 28672])",torch.bfloat16,2007040
t_897,"torch.Size([8192, 28672])",torch.bfloat16,469762048
view_2360,"torch.Size([35, 8192])",torch.bfloat16,573440
mm_816,"torch.Size([35, 28672])",torch.bfloat16,2007040
view_2361,"torch.Size([1, 35, 28672])",torch.bfloat16,2007040
mul_925,"torch.Size([1, 35, 28672])",torch.bfloat16,2007040
t_898,"torch.Size([28672, 8192])",torch.bfloat16,469762048
view_2362,"torch.Size([35, 28672])",torch.bfloat16,2007040
mm_817,"torch.Size([35, 8192])",torch.bfloat16,573440
view_2363,"torch.Size([1, 35, 8192])",torch.bfloat16,573440
slice_1564,"torch.Size([1, 1, 35, 1])",torch.bfloat16,70
select_18,"torch.Size([1, 35, 1])",torch.bfloat16,70
mul_926,"torch.Size([1, 35, 8192])",torch.bfloat16,573440
tanh_57,torch.Size([1]),torch.bfloat16,2
mul_927,"torch.Size([1, 35, 8192])",torch.bfloat16,573440
add_648,"torch.Size([1, 35, 8192])",torch.bfloat16,573440
_to_copy_460,"torch.Size([1, 35, 8192])",torch.float32,1146880
pow_227,"torch.Size([1, 35, 8192])",torch.float32,1146880
mean_226,"torch.Size([1, 35, 1])",torch.float32,140
add_649,"torch.Size([1, 35, 1])",torch.float32,140
rsqrt_226,"torch.Size([1, 35, 1])",torch.float32,140
mul_928,"torch.Size([1, 35, 8192])",torch.float32,1146880
_to_copy_461,"torch.Size([1, 35, 8192])",torch.bfloat16,573440
mul_929,"torch.Size([1, 35, 8192])",torch.bfloat16,573440
t_899,"torch.Size([8192, 8192])",torch.bfloat16,134217728
view_2364,"torch.Size([35, 8192])",torch.bfloat16,573440
mm_818,"torch.Size([35, 8192])",torch.bfloat16,573440
view_2365,"torch.Size([1, 35, 8192])",torch.bfloat16,573440
t_900,"torch.Size([8192, 1024])",torch.bfloat16,16777216
view_2366,"torch.Size([35, 8192])",torch.bfloat16,573440
mm_819,"torch.Size([35, 1024])",torch.bfloat16,71680
view_2367,"torch.Size([1, 35, 1024])",torch.bfloat16,71680
t_901,"torch.Size([8192, 1024])",torch.bfloat16,16777216
view_2368,"torch.Size([35, 8192])",torch.bfloat16,573440
mm_820,"torch.Size([35, 1024])",torch.bfloat16,71680
view_2369,"torch.Size([1, 35, 1024])",torch.bfloat16,71680
view_2370,"torch.Size([1, 35, 64, 128])",torch.bfloat16,573440
transpose_539,"torch.Size([1, 64, 35, 128])",torch.bfloat16,573440
view_2371,"torch.Size([1, 35, 8, 128])",torch.bfloat16,71680
transpose_540,"torch.Size([1, 8, 35, 128])",torch.bfloat16,71680
view_2372,"torch.Size([1, 35, 8, 128])",torch.bfloat16,71680
transpose_541,"torch.Size([1, 8, 35, 128])",torch.bfloat16,71680
unsqueeze_351,"torch.Size([1, 1, 35, 128])",torch.bfloat16,8960
unsqueeze_352,"torch.Size([1, 1, 35, 128])",torch.bfloat16,8960
mul_930,"torch.Size([1, 64, 35, 128])",torch.bfloat16,573440
slice_1565,"torch.Size([1, 64, 35, 64])",torch.bfloat16,286720
slice_1566,"torch.Size([1, 64, 35, 64])",torch.bfloat16,286720
neg_150,"torch.Size([1, 64, 35, 64])",torch.bfloat16,286720
cat_153,"torch.Size([1, 64, 35, 128])",torch.bfloat16,573440
mul_931,"torch.Size([1, 64, 35, 128])",torch.bfloat16,573440
add_650,"torch.Size([1, 64, 35, 128])",torch.bfloat16,573440
mul_932,"torch.Size([1, 8, 35, 128])",torch.bfloat16,71680
slice_1567,"torch.Size([1, 8, 35, 64])",torch.bfloat16,35840
slice_1568,"torch.Size([1, 8, 35, 64])",torch.bfloat16,35840
neg_151,"torch.Size([1, 8, 35, 64])",torch.bfloat16,35840
cat_154,"torch.Size([1, 8, 35, 128])",torch.bfloat16,71680
mul_933,"torch.Size([1, 8, 35, 128])",torch.bfloat16,71680
add_651,"torch.Size([1, 8, 35, 128])",torch.bfloat16,71680
slice_1569,"torch.Size([1, 8, 35, 128])",torch.bfloat16,71680
slice_1570,"torch.Size([1, 8, 35, 128])",torch.bfloat16,71680
unsqueeze_353,"torch.Size([1, 8, 1, 35, 128])",torch.bfloat16,71680
slice_1571,"torch.Size([1, 8, 1, 35, 128])",torch.bfloat16,71680
slice_1572,"torch.Size([1, 8, 1, 35, 128])",torch.bfloat16,71680
expand_197,"torch.Size([1, 8, 8, 35, 128])",torch.bfloat16,573440
clone_190,"torch.Size([1, 8, 8, 35, 128])",torch.bfloat16,573440
_unsafe_view_188,"torch.Size([1, 64, 35, 128])",torch.bfloat16,573440
slice_1573,"torch.Size([1, 8, 35, 128])",torch.bfloat16,71680
slice_1574,"torch.Size([1, 8, 35, 128])",torch.bfloat16,71680
unsqueeze_354,"torch.Size([1, 8, 1, 35, 128])",torch.bfloat16,71680
slice_1575,"torch.Size([1, 8, 1, 35, 128])",torch.bfloat16,71680
slice_1576,"torch.Size([1, 8, 1, 35, 128])",torch.bfloat16,71680
expand_198,"torch.Size([1, 8, 8, 35, 128])",torch.bfloat16,573440
clone_191,"torch.Size([1, 8, 8, 35, 128])",torch.bfloat16,573440
_unsafe_view_189,"torch.Size([1, 64, 35, 128])",torch.bfloat16,573440
slice_1580,"torch.Size([1, 1, 35, 35])",torch.bfloat16,2450
slice_1581,"torch.Size([1, 1, 35, 35])",torch.bfloat16,2450
slice_1582,"torch.Size([1, 1, 35, 35])",torch.bfloat16,2450
getitem_514,"torch.Size([1, 64, 35, 128])",torch.bfloat16,573440
transpose_542,"torch.Size([1, 35, 64, 128])",torch.bfloat16,573440
view_2373,"torch.Size([1, 35, 8192])",torch.bfloat16,573440
t_902,"torch.Size([8192, 8192])",torch.bfloat16,134217728
view_2374,"torch.Size([35, 8192])",torch.bfloat16,573440
mm_821,"torch.Size([35, 8192])",torch.bfloat16,573440
view_2375,"torch.Size([1, 35, 8192])",torch.bfloat16,573440
add_652,"torch.Size([1, 35, 8192])",torch.bfloat16,573440
_to_copy_462,"torch.Size([1, 35, 8192])",torch.float32,1146880
pow_228,"torch.Size([1, 35, 8192])",torch.float32,1146880
mean_227,"torch.Size([1, 35, 1])",torch.float32,140
add_653,"torch.Size([1, 35, 1])",torch.float32,140
rsqrt_227,"torch.Size([1, 35, 1])",torch.float32,140
mul_934,"torch.Size([1, 35, 8192])",torch.float32,1146880
_to_copy_463,"torch.Size([1, 35, 8192])",torch.bfloat16,573440
mul_935,"torch.Size([1, 35, 8192])",torch.bfloat16,573440
t_903,"torch.Size([8192, 28672])",torch.bfloat16,469762048
view_2376,"torch.Size([35, 8192])",torch.bfloat16,573440
mm_822,"torch.Size([35, 28672])",torch.bfloat16,2007040
view_2377,"torch.Size([1, 35, 28672])",torch.bfloat16,2007040
silu_94,"torch.Size([1, 35, 28672])",torch.bfloat16,2007040
t_904,"torch.Size([8192, 28672])",torch.bfloat16,469762048
view_2378,"torch.Size([35, 8192])",torch.bfloat16,573440
mm_823,"torch.Size([35, 28672])",torch.bfloat16,2007040
view_2379,"torch.Size([1, 35, 28672])",torch.bfloat16,2007040
mul_936,"torch.Size([1, 35, 28672])",torch.bfloat16,2007040
t_905,"torch.Size([28672, 8192])",torch.bfloat16,469762048
view_2380,"torch.Size([35, 28672])",torch.bfloat16,2007040
mm_824,"torch.Size([35, 8192])",torch.bfloat16,573440
view_2381,"torch.Size([1, 35, 8192])",torch.bfloat16,573440
add_654,"torch.Size([1, 35, 8192])",torch.bfloat16,573440
_to_copy_464,"torch.Size([1, 35, 8192])",torch.float32,1146880
pow_229,"torch.Size([1, 35, 8192])",torch.float32,1146880
mean_228,"torch.Size([1, 35, 1])",torch.float32,140
add_655,"torch.Size([1, 35, 1])",torch.float32,140
rsqrt_228,"torch.Size([1, 35, 1])",torch.float32,140
mul_937,"torch.Size([1, 35, 8192])",torch.float32,1146880
_to_copy_465,"torch.Size([1, 35, 8192])",torch.bfloat16,573440
mul_938,"torch.Size([1, 35, 8192])",torch.bfloat16,573440
t_906,"torch.Size([8192, 8192])",torch.bfloat16,134217728
view_2382,"torch.Size([35, 8192])",torch.bfloat16,573440
mm_825,"torch.Size([35, 8192])",torch.bfloat16,573440
view_2383,"torch.Size([1, 35, 8192])",torch.bfloat16,573440
t_907,"torch.Size([8192, 1024])",torch.bfloat16,16777216
view_2384,"torch.Size([35, 8192])",torch.bfloat16,573440
mm_826,"torch.Size([35, 1024])",torch.bfloat16,71680
view_2385,"torch.Size([1, 35, 1024])",torch.bfloat16,71680
t_908,"torch.Size([8192, 1024])",torch.bfloat16,16777216
view_2386,"torch.Size([35, 8192])",torch.bfloat16,573440
mm_827,"torch.Size([35, 1024])",torch.bfloat16,71680
view_2387,"torch.Size([1, 35, 1024])",torch.bfloat16,71680
view_2388,"torch.Size([1, 35, 64, 128])",torch.bfloat16,573440
transpose_543,"torch.Size([1, 64, 35, 128])",torch.bfloat16,573440
view_2389,"torch.Size([1, 35, 8, 128])",torch.bfloat16,71680
transpose_544,"torch.Size([1, 8, 35, 128])",torch.bfloat16,71680
view_2390,"torch.Size([1, 35, 8, 128])",torch.bfloat16,71680
transpose_545,"torch.Size([1, 8, 35, 128])",torch.bfloat16,71680
unsqueeze_355,"torch.Size([1, 1, 35, 128])",torch.bfloat16,8960
unsqueeze_356,"torch.Size([1, 1, 35, 128])",torch.bfloat16,8960
mul_939,"torch.Size([1, 64, 35, 128])",torch.bfloat16,573440
slice_1583,"torch.Size([1, 64, 35, 64])",torch.bfloat16,286720
slice_1584,"torch.Size([1, 64, 35, 64])",torch.bfloat16,286720
neg_152,"torch.Size([1, 64, 35, 64])",torch.bfloat16,286720
cat_155,"torch.Size([1, 64, 35, 128])",torch.bfloat16,573440
mul_940,"torch.Size([1, 64, 35, 128])",torch.bfloat16,573440
add_656,"torch.Size([1, 64, 35, 128])",torch.bfloat16,573440
mul_941,"torch.Size([1, 8, 35, 128])",torch.bfloat16,71680
slice_1585,"torch.Size([1, 8, 35, 64])",torch.bfloat16,35840
slice_1586,"torch.Size([1, 8, 35, 64])",torch.bfloat16,35840
neg_153,"torch.Size([1, 8, 35, 64])",torch.bfloat16,35840
cat_156,"torch.Size([1, 8, 35, 128])",torch.bfloat16,71680
mul_942,"torch.Size([1, 8, 35, 128])",torch.bfloat16,71680
add_657,"torch.Size([1, 8, 35, 128])",torch.bfloat16,71680
slice_1587,"torch.Size([1, 8, 35, 128])",torch.bfloat16,71680
slice_1588,"torch.Size([1, 8, 35, 128])",torch.bfloat16,71680
unsqueeze_357,"torch.Size([1, 8, 1, 35, 128])",torch.bfloat16,71680
slice_1589,"torch.Size([1, 8, 1, 35, 128])",torch.bfloat16,71680
slice_1590,"torch.Size([1, 8, 1, 35, 128])",torch.bfloat16,71680
expand_199,"torch.Size([1, 8, 8, 35, 128])",torch.bfloat16,573440
clone_192,"torch.Size([1, 8, 8, 35, 128])",torch.bfloat16,573440
_unsafe_view_190,"torch.Size([1, 64, 35, 128])",torch.bfloat16,573440
slice_1591,"torch.Size([1, 8, 35, 128])",torch.bfloat16,71680
slice_1592,"torch.Size([1, 8, 35, 128])",torch.bfloat16,71680
unsqueeze_358,"torch.Size([1, 8, 1, 35, 128])",torch.bfloat16,71680
slice_1593,"torch.Size([1, 8, 1, 35, 128])",torch.bfloat16,71680
slice_1594,"torch.Size([1, 8, 1, 35, 128])",torch.bfloat16,71680
expand_200,"torch.Size([1, 8, 8, 35, 128])",torch.bfloat16,573440
clone_193,"torch.Size([1, 8, 8, 35, 128])",torch.bfloat16,573440
_unsafe_view_191,"torch.Size([1, 64, 35, 128])",torch.bfloat16,573440
slice_1598,"torch.Size([1, 1, 35, 35])",torch.bfloat16,2450
slice_1599,"torch.Size([1, 1, 35, 35])",torch.bfloat16,2450
slice_1600,"torch.Size([1, 1, 35, 35])",torch.bfloat16,2450
getitem_516,"torch.Size([1, 64, 35, 128])",torch.bfloat16,573440
transpose_546,"torch.Size([1, 35, 64, 128])",torch.bfloat16,573440
view_2391,"torch.Size([1, 35, 8192])",torch.bfloat16,573440
t_909,"torch.Size([8192, 8192])",torch.bfloat16,134217728
view_2392,"torch.Size([35, 8192])",torch.bfloat16,573440
mm_828,"torch.Size([35, 8192])",torch.bfloat16,573440
view_2393,"torch.Size([1, 35, 8192])",torch.bfloat16,573440
add_658,"torch.Size([1, 35, 8192])",torch.bfloat16,573440
_to_copy_466,"torch.Size([1, 35, 8192])",torch.float32,1146880
pow_230,"torch.Size([1, 35, 8192])",torch.float32,1146880
mean_229,"torch.Size([1, 35, 1])",torch.float32,140
add_659,"torch.Size([1, 35, 1])",torch.float32,140
rsqrt_229,"torch.Size([1, 35, 1])",torch.float32,140
mul_943,"torch.Size([1, 35, 8192])",torch.float32,1146880
_to_copy_467,"torch.Size([1, 35, 8192])",torch.bfloat16,573440
mul_944,"torch.Size([1, 35, 8192])",torch.bfloat16,573440
t_910,"torch.Size([8192, 28672])",torch.bfloat16,469762048
view_2394,"torch.Size([35, 8192])",torch.bfloat16,573440
mm_829,"torch.Size([35, 28672])",torch.bfloat16,2007040
view_2395,"torch.Size([1, 35, 28672])",torch.bfloat16,2007040
silu_95,"torch.Size([1, 35, 28672])",torch.bfloat16,2007040
t_911,"torch.Size([8192, 28672])",torch.bfloat16,469762048
view_2396,"torch.Size([35, 8192])",torch.bfloat16,573440
mm_830,"torch.Size([35, 28672])",torch.bfloat16,2007040
view_2397,"torch.Size([1, 35, 28672])",torch.bfloat16,2007040
mul_945,"torch.Size([1, 35, 28672])",torch.bfloat16,2007040
t_912,"torch.Size([28672, 8192])",torch.bfloat16,469762048
view_2398,"torch.Size([35, 28672])",torch.bfloat16,2007040
mm_831,"torch.Size([35, 8192])",torch.bfloat16,573440
view_2399,"torch.Size([1, 35, 8192])",torch.bfloat16,573440
add_660,"torch.Size([1, 35, 8192])",torch.bfloat16,573440
_to_copy_468,"torch.Size([1, 35, 8192])",torch.float32,1146880
pow_231,"torch.Size([1, 35, 8192])",torch.float32,1146880
mean_230,"torch.Size([1, 35, 1])",torch.float32,140
add_661,"torch.Size([1, 35, 1])",torch.float32,140
rsqrt_230,"torch.Size([1, 35, 1])",torch.float32,140
mul_946,"torch.Size([1, 35, 8192])",torch.float32,1146880
_to_copy_469,"torch.Size([1, 35, 8192])",torch.bfloat16,573440
mul_947,"torch.Size([1, 35, 8192])",torch.bfloat16,573440
t_913,"torch.Size([8192, 8192])",torch.bfloat16,134217728
view_2400,"torch.Size([35, 8192])",torch.bfloat16,573440
mm_832,"torch.Size([35, 8192])",torch.bfloat16,573440
view_2401,"torch.Size([1, 35, 8192])",torch.bfloat16,573440
t_914,"torch.Size([8192, 1024])",torch.bfloat16,16777216
view_2402,"torch.Size([35, 8192])",torch.bfloat16,573440
mm_833,"torch.Size([35, 1024])",torch.bfloat16,71680
view_2403,"torch.Size([1, 35, 1024])",torch.bfloat16,71680
t_915,"torch.Size([8192, 1024])",torch.bfloat16,16777216
view_2404,"torch.Size([35, 8192])",torch.bfloat16,573440
mm_834,"torch.Size([35, 1024])",torch.bfloat16,71680
view_2405,"torch.Size([1, 35, 1024])",torch.bfloat16,71680
view_2406,"torch.Size([1, 35, 64, 128])",torch.bfloat16,573440
transpose_547,"torch.Size([1, 64, 35, 128])",torch.bfloat16,573440
view_2407,"torch.Size([1, 35, 8, 128])",torch.bfloat16,71680
transpose_548,"torch.Size([1, 8, 35, 128])",torch.bfloat16,71680
view_2408,"torch.Size([1, 35, 8, 128])",torch.bfloat16,71680
transpose_549,"torch.Size([1, 8, 35, 128])",torch.bfloat16,71680
unsqueeze_359,"torch.Size([1, 1, 35, 128])",torch.bfloat16,8960
unsqueeze_360,"torch.Size([1, 1, 35, 128])",torch.bfloat16,8960
mul_948,"torch.Size([1, 64, 35, 128])",torch.bfloat16,573440
slice_1601,"torch.Size([1, 64, 35, 64])",torch.bfloat16,286720
slice_1602,"torch.Size([1, 64, 35, 64])",torch.bfloat16,286720
neg_154,"torch.Size([1, 64, 35, 64])",torch.bfloat16,286720
cat_157,"torch.Size([1, 64, 35, 128])",torch.bfloat16,573440
mul_949,"torch.Size([1, 64, 35, 128])",torch.bfloat16,573440
add_662,"torch.Size([1, 64, 35, 128])",torch.bfloat16,573440
mul_950,"torch.Size([1, 8, 35, 128])",torch.bfloat16,71680
slice_1603,"torch.Size([1, 8, 35, 64])",torch.bfloat16,35840
slice_1604,"torch.Size([1, 8, 35, 64])",torch.bfloat16,35840
neg_155,"torch.Size([1, 8, 35, 64])",torch.bfloat16,35840
cat_158,"torch.Size([1, 8, 35, 128])",torch.bfloat16,71680
mul_951,"torch.Size([1, 8, 35, 128])",torch.bfloat16,71680
add_663,"torch.Size([1, 8, 35, 128])",torch.bfloat16,71680
slice_1605,"torch.Size([1, 8, 35, 128])",torch.bfloat16,71680
slice_1606,"torch.Size([1, 8, 35, 128])",torch.bfloat16,71680
unsqueeze_361,"torch.Size([1, 8, 1, 35, 128])",torch.bfloat16,71680
slice_1607,"torch.Size([1, 8, 1, 35, 128])",torch.bfloat16,71680
slice_1608,"torch.Size([1, 8, 1, 35, 128])",torch.bfloat16,71680
expand_201,"torch.Size([1, 8, 8, 35, 128])",torch.bfloat16,573440
clone_194,"torch.Size([1, 8, 8, 35, 128])",torch.bfloat16,573440
_unsafe_view_192,"torch.Size([1, 64, 35, 128])",torch.bfloat16,573440
slice_1609,"torch.Size([1, 8, 35, 128])",torch.bfloat16,71680
slice_1610,"torch.Size([1, 8, 35, 128])",torch.bfloat16,71680
unsqueeze_362,"torch.Size([1, 8, 1, 35, 128])",torch.bfloat16,71680
slice_1611,"torch.Size([1, 8, 1, 35, 128])",torch.bfloat16,71680
slice_1612,"torch.Size([1, 8, 1, 35, 128])",torch.bfloat16,71680
expand_202,"torch.Size([1, 8, 8, 35, 128])",torch.bfloat16,573440
clone_195,"torch.Size([1, 8, 8, 35, 128])",torch.bfloat16,573440
_unsafe_view_193,"torch.Size([1, 64, 35, 128])",torch.bfloat16,573440
slice_1616,"torch.Size([1, 1, 35, 35])",torch.bfloat16,2450
slice_1617,"torch.Size([1, 1, 35, 35])",torch.bfloat16,2450
slice_1618,"torch.Size([1, 1, 35, 35])",torch.bfloat16,2450
getitem_518,"torch.Size([1, 64, 35, 128])",torch.bfloat16,573440
transpose_550,"torch.Size([1, 35, 64, 128])",torch.bfloat16,573440
view_2409,"torch.Size([1, 35, 8192])",torch.bfloat16,573440
t_916,"torch.Size([8192, 8192])",torch.bfloat16,134217728
view_2410,"torch.Size([35, 8192])",torch.bfloat16,573440
mm_835,"torch.Size([35, 8192])",torch.bfloat16,573440
view_2411,"torch.Size([1, 35, 8192])",torch.bfloat16,573440
add_664,"torch.Size([1, 35, 8192])",torch.bfloat16,573440
_to_copy_470,"torch.Size([1, 35, 8192])",torch.float32,1146880
pow_232,"torch.Size([1, 35, 8192])",torch.float32,1146880
mean_231,"torch.Size([1, 35, 1])",torch.float32,140
add_665,"torch.Size([1, 35, 1])",torch.float32,140
rsqrt_231,"torch.Size([1, 35, 1])",torch.float32,140
mul_952,"torch.Size([1, 35, 8192])",torch.float32,1146880
_to_copy_471,"torch.Size([1, 35, 8192])",torch.bfloat16,573440
mul_953,"torch.Size([1, 35, 8192])",torch.bfloat16,573440
t_917,"torch.Size([8192, 28672])",torch.bfloat16,469762048
view_2412,"torch.Size([35, 8192])",torch.bfloat16,573440
mm_836,"torch.Size([35, 28672])",torch.bfloat16,2007040
view_2413,"torch.Size([1, 35, 28672])",torch.bfloat16,2007040
silu_96,"torch.Size([1, 35, 28672])",torch.bfloat16,2007040
t_918,"torch.Size([8192, 28672])",torch.bfloat16,469762048
view_2414,"torch.Size([35, 8192])",torch.bfloat16,573440
mm_837,"torch.Size([35, 28672])",torch.bfloat16,2007040
view_2415,"torch.Size([1, 35, 28672])",torch.bfloat16,2007040
mul_954,"torch.Size([1, 35, 28672])",torch.bfloat16,2007040
t_919,"torch.Size([28672, 8192])",torch.bfloat16,469762048
view_2416,"torch.Size([35, 28672])",torch.bfloat16,2007040
mm_838,"torch.Size([35, 8192])",torch.bfloat16,573440
view_2417,"torch.Size([1, 35, 8192])",torch.bfloat16,573440
add_666,"torch.Size([1, 35, 8192])",torch.bfloat16,573440
_to_copy_472,"torch.Size([1, 35, 8192])",torch.float32,1146880
pow_233,"torch.Size([1, 35, 8192])",torch.float32,1146880
mean_232,"torch.Size([1, 35, 1])",torch.float32,140
add_667,"torch.Size([1, 35, 1])",torch.float32,140
rsqrt_232,"torch.Size([1, 35, 1])",torch.float32,140
mul_955,"torch.Size([1, 35, 8192])",torch.float32,1146880
_to_copy_473,"torch.Size([1, 35, 8192])",torch.bfloat16,573440
mul_956,"torch.Size([1, 35, 8192])",torch.bfloat16,573440
t_920,"torch.Size([8192, 8192])",torch.bfloat16,134217728
view_2418,"torch.Size([35, 8192])",torch.bfloat16,573440
mm_839,"torch.Size([35, 8192])",torch.bfloat16,573440
view_2419,"torch.Size([1, 35, 8192])",torch.bfloat16,573440
t_921,"torch.Size([8192, 1024])",torch.bfloat16,16777216
view_2420,"torch.Size([35, 8192])",torch.bfloat16,573440
mm_840,"torch.Size([35, 1024])",torch.bfloat16,71680
view_2421,"torch.Size([1, 35, 1024])",torch.bfloat16,71680
t_922,"torch.Size([8192, 1024])",torch.bfloat16,16777216
view_2422,"torch.Size([35, 8192])",torch.bfloat16,573440
mm_841,"torch.Size([35, 1024])",torch.bfloat16,71680
view_2423,"torch.Size([1, 35, 1024])",torch.bfloat16,71680
view_2424,"torch.Size([1, 35, 64, 128])",torch.bfloat16,573440
transpose_551,"torch.Size([1, 64, 35, 128])",torch.bfloat16,573440
view_2425,"torch.Size([1, 35, 8, 128])",torch.bfloat16,71680
transpose_552,"torch.Size([1, 8, 35, 128])",torch.bfloat16,71680
view_2426,"torch.Size([1, 35, 8, 128])",torch.bfloat16,71680
transpose_553,"torch.Size([1, 8, 35, 128])",torch.bfloat16,71680
unsqueeze_363,"torch.Size([1, 1, 35, 128])",torch.bfloat16,8960
unsqueeze_364,"torch.Size([1, 1, 35, 128])",torch.bfloat16,8960
mul_957,"torch.Size([1, 64, 35, 128])",torch.bfloat16,573440
slice_1619,"torch.Size([1, 64, 35, 64])",torch.bfloat16,286720
slice_1620,"torch.Size([1, 64, 35, 64])",torch.bfloat16,286720
neg_156,"torch.Size([1, 64, 35, 64])",torch.bfloat16,286720
cat_159,"torch.Size([1, 64, 35, 128])",torch.bfloat16,573440
mul_958,"torch.Size([1, 64, 35, 128])",torch.bfloat16,573440
add_668,"torch.Size([1, 64, 35, 128])",torch.bfloat16,573440
mul_959,"torch.Size([1, 8, 35, 128])",torch.bfloat16,71680
slice_1621,"torch.Size([1, 8, 35, 64])",torch.bfloat16,35840
slice_1622,"torch.Size([1, 8, 35, 64])",torch.bfloat16,35840
neg_157,"torch.Size([1, 8, 35, 64])",torch.bfloat16,35840
cat_160,"torch.Size([1, 8, 35, 128])",torch.bfloat16,71680
mul_960,"torch.Size([1, 8, 35, 128])",torch.bfloat16,71680
add_669,"torch.Size([1, 8, 35, 128])",torch.bfloat16,71680
slice_1623,"torch.Size([1, 8, 35, 128])",torch.bfloat16,71680
slice_1624,"torch.Size([1, 8, 35, 128])",torch.bfloat16,71680
unsqueeze_365,"torch.Size([1, 8, 1, 35, 128])",torch.bfloat16,71680
slice_1625,"torch.Size([1, 8, 1, 35, 128])",torch.bfloat16,71680
slice_1626,"torch.Size([1, 8, 1, 35, 128])",torch.bfloat16,71680
expand_203,"torch.Size([1, 8, 8, 35, 128])",torch.bfloat16,573440
clone_196,"torch.Size([1, 8, 8, 35, 128])",torch.bfloat16,573440
_unsafe_view_194,"torch.Size([1, 64, 35, 128])",torch.bfloat16,573440
slice_1627,"torch.Size([1, 8, 35, 128])",torch.bfloat16,71680
slice_1628,"torch.Size([1, 8, 35, 128])",torch.bfloat16,71680
unsqueeze_366,"torch.Size([1, 8, 1, 35, 128])",torch.bfloat16,71680
slice_1629,"torch.Size([1, 8, 1, 35, 128])",torch.bfloat16,71680
slice_1630,"torch.Size([1, 8, 1, 35, 128])",torch.bfloat16,71680
expand_204,"torch.Size([1, 8, 8, 35, 128])",torch.bfloat16,573440
clone_197,"torch.Size([1, 8, 8, 35, 128])",torch.bfloat16,573440
_unsafe_view_195,"torch.Size([1, 64, 35, 128])",torch.bfloat16,573440
slice_1634,"torch.Size([1, 1, 35, 35])",torch.bfloat16,2450
slice_1635,"torch.Size([1, 1, 35, 35])",torch.bfloat16,2450
slice_1636,"torch.Size([1, 1, 35, 35])",torch.bfloat16,2450
getitem_520,"torch.Size([1, 64, 35, 128])",torch.bfloat16,573440
transpose_554,"torch.Size([1, 35, 64, 128])",torch.bfloat16,573440
view_2427,"torch.Size([1, 35, 8192])",torch.bfloat16,573440
t_923,"torch.Size([8192, 8192])",torch.bfloat16,134217728
view_2428,"torch.Size([35, 8192])",torch.bfloat16,573440
mm_842,"torch.Size([35, 8192])",torch.bfloat16,573440
view_2429,"torch.Size([1, 35, 8192])",torch.bfloat16,573440
add_670,"torch.Size([1, 35, 8192])",torch.bfloat16,573440
_to_copy_474,"torch.Size([1, 35, 8192])",torch.float32,1146880
pow_234,"torch.Size([1, 35, 8192])",torch.float32,1146880
mean_233,"torch.Size([1, 35, 1])",torch.float32,140
add_671,"torch.Size([1, 35, 1])",torch.float32,140
rsqrt_233,"torch.Size([1, 35, 1])",torch.float32,140
mul_961,"torch.Size([1, 35, 8192])",torch.float32,1146880
_to_copy_475,"torch.Size([1, 35, 8192])",torch.bfloat16,573440
mul_962,"torch.Size([1, 35, 8192])",torch.bfloat16,573440
t_924,"torch.Size([8192, 28672])",torch.bfloat16,469762048
view_2430,"torch.Size([35, 8192])",torch.bfloat16,573440
mm_843,"torch.Size([35, 28672])",torch.bfloat16,2007040
view_2431,"torch.Size([1, 35, 28672])",torch.bfloat16,2007040
silu_97,"torch.Size([1, 35, 28672])",torch.bfloat16,2007040
t_925,"torch.Size([8192, 28672])",torch.bfloat16,469762048
view_2432,"torch.Size([35, 8192])",torch.bfloat16,573440
mm_844,"torch.Size([35, 28672])",torch.bfloat16,2007040
view_2433,"torch.Size([1, 35, 28672])",torch.bfloat16,2007040
mul_963,"torch.Size([1, 35, 28672])",torch.bfloat16,2007040
t_926,"torch.Size([28672, 8192])",torch.bfloat16,469762048
view_2434,"torch.Size([35, 28672])",torch.bfloat16,2007040
mm_845,"torch.Size([35, 8192])",torch.bfloat16,573440
view_2435,"torch.Size([1, 35, 8192])",torch.bfloat16,573440
add_672,"torch.Size([1, 35, 8192])",torch.bfloat16,573440
_to_copy_476,"torch.Size([1, 35, 8192])",torch.float32,1146880
pow_235,"torch.Size([1, 35, 8192])",torch.float32,1146880
mean_234,"torch.Size([1, 35, 1])",torch.float32,140
add_673,"torch.Size([1, 35, 1])",torch.float32,140
rsqrt_234,"torch.Size([1, 35, 1])",torch.float32,140
mul_964,"torch.Size([1, 35, 8192])",torch.float32,1146880
_to_copy_477,"torch.Size([1, 35, 8192])",torch.bfloat16,573440
mul_965,"torch.Size([1, 35, 8192])",torch.bfloat16,573440
t_927,"torch.Size([8192, 8192])",torch.bfloat16,134217728
view_2436,"torch.Size([35, 8192])",torch.bfloat16,573440
mm_846,"torch.Size([35, 8192])",torch.bfloat16,573440
view_2437,"torch.Size([1, 35, 8192])",torch.bfloat16,573440
view_2438,"torch.Size([1, 35, 64, 128])",torch.bfloat16,573440
transpose_555,"torch.Size([1, 64, 35, 128])",torch.bfloat16,573440
_to_copy_478,"torch.Size([1, 64, 35, 128])",torch.float32,1146880
pow_236,"torch.Size([1, 64, 35, 128])",torch.float32,1146880
mean_235,"torch.Size([1, 64, 35, 1])",torch.float32,8960
add_674,"torch.Size([1, 64, 35, 1])",torch.float32,8960
rsqrt_235,"torch.Size([1, 64, 35, 1])",torch.float32,8960
mul_966,"torch.Size([1, 64, 35, 128])",torch.float32,1146880
_to_copy_479,"torch.Size([1, 64, 35, 128])",torch.bfloat16,573440
mul_967,"torch.Size([1, 64, 35, 128])",torch.bfloat16,573440
t_928,"torch.Size([8192, 1024])",torch.bfloat16,16777216
view_2439,"torch.Size([6404, 8192])",torch.bfloat16,104923136
mm_847,"torch.Size([6404, 1024])",torch.bfloat16,13115392
view_2440,"torch.Size([4, 1601, 1024])",torch.bfloat16,13115392
t_929,"torch.Size([8192, 1024])",torch.bfloat16,16777216
view_2441,"torch.Size([6404, 8192])",torch.bfloat16,104923136
mm_848,"torch.Size([6404, 1024])",torch.bfloat16,13115392
view_2442,"torch.Size([4, 1601, 1024])",torch.bfloat16,13115392
view_2443,"torch.Size([1, 6404, 8, 128])",torch.bfloat16,13115392
transpose_556,"torch.Size([1, 8, 6404, 128])",torch.bfloat16,13115392
view_2444,"torch.Size([1, 6404, 8, 128])",torch.bfloat16,13115392
transpose_557,"torch.Size([1, 8, 6404, 128])",torch.bfloat16,13115392
slice_1637,"torch.Size([1, 8, 6404, 128])",torch.bfloat16,13115392
slice_1638,"torch.Size([1, 8, 6404, 128])",torch.bfloat16,13115392
unsqueeze_367,"torch.Size([1, 8, 1, 6404, 128])",torch.bfloat16,13115392
slice_1639,"torch.Size([1, 8, 1, 6404, 128])",torch.bfloat16,13115392
slice_1640,"torch.Size([1, 8, 1, 6404, 128])",torch.bfloat16,13115392
expand_205,"torch.Size([1, 8, 8, 6404, 128])",torch.bfloat16,104923136
clone_198,"torch.Size([1, 8, 8, 6404, 128])",torch.bfloat16,104923136
_unsafe_view_196,"torch.Size([1, 64, 6404, 128])",torch.bfloat16,104923136
slice_1641,"torch.Size([1, 8, 6404, 128])",torch.bfloat16,13115392
slice_1642,"torch.Size([1, 8, 6404, 128])",torch.bfloat16,13115392
unsqueeze_368,"torch.Size([1, 8, 1, 6404, 128])",torch.bfloat16,13115392
slice_1643,"torch.Size([1, 8, 1, 6404, 128])",torch.bfloat16,13115392
slice_1644,"torch.Size([1, 8, 1, 6404, 128])",torch.bfloat16,13115392
expand_206,"torch.Size([1, 8, 8, 6404, 128])",torch.bfloat16,104923136
clone_199,"torch.Size([1, 8, 8, 6404, 128])",torch.bfloat16,104923136
_unsafe_view_197,"torch.Size([1, 64, 6404, 128])",torch.bfloat16,104923136
_to_copy_480,"torch.Size([1, 64, 6404, 128])",torch.float32,209846272
pow_237,"torch.Size([1, 64, 6404, 128])",torch.float32,209846272
mean_236,"torch.Size([1, 64, 6404, 1])",torch.float32,1639424
add_675,"torch.Size([1, 64, 6404, 1])",torch.float32,1639424
rsqrt_236,"torch.Size([1, 64, 6404, 1])",torch.float32,1639424
mul_968,"torch.Size([1, 64, 6404, 128])",torch.float32,209846272
_to_copy_481,"torch.Size([1, 64, 6404, 128])",torch.bfloat16,104923136
mul_969,"torch.Size([1, 64, 6404, 128])",torch.bfloat16,104923136
getitem_522,"torch.Size([1, 64, 35, 128])",torch.bfloat16,573440
transpose_558,"torch.Size([1, 35, 64, 128])",torch.bfloat16,573440
view_2445,"torch.Size([1, 35, 8192])",torch.bfloat16,573440
t_930,"torch.Size([8192, 8192])",torch.bfloat16,134217728
view_2446,"torch.Size([35, 8192])",torch.bfloat16,573440
mm_849,"torch.Size([35, 8192])",torch.bfloat16,573440
view_2447,"torch.Size([1, 35, 8192])",torch.bfloat16,573440
tanh_58,torch.Size([1]),torch.bfloat16,2
mul_970,"torch.Size([1, 35, 8192])",torch.bfloat16,573440
add_676,"torch.Size([1, 35, 8192])",torch.bfloat16,573440
_to_copy_482,"torch.Size([1, 35, 8192])",torch.float32,1146880
pow_238,"torch.Size([1, 35, 8192])",torch.float32,1146880
mean_237,"torch.Size([1, 35, 1])",torch.float32,140
add_677,"torch.Size([1, 35, 1])",torch.float32,140
rsqrt_237,"torch.Size([1, 35, 1])",torch.float32,140
mul_971,"torch.Size([1, 35, 8192])",torch.float32,1146880
_to_copy_483,"torch.Size([1, 35, 8192])",torch.bfloat16,573440
mul_972,"torch.Size([1, 35, 8192])",torch.bfloat16,573440
t_931,"torch.Size([8192, 28672])",torch.bfloat16,469762048
view_2448,"torch.Size([35, 8192])",torch.bfloat16,573440
mm_850,"torch.Size([35, 28672])",torch.bfloat16,2007040
view_2449,"torch.Size([1, 35, 28672])",torch.bfloat16,2007040
silu_98,"torch.Size([1, 35, 28672])",torch.bfloat16,2007040
t_932,"torch.Size([8192, 28672])",torch.bfloat16,469762048
view_2450,"torch.Size([35, 8192])",torch.bfloat16,573440
mm_851,"torch.Size([35, 28672])",torch.bfloat16,2007040
view_2451,"torch.Size([1, 35, 28672])",torch.bfloat16,2007040
mul_973,"torch.Size([1, 35, 28672])",torch.bfloat16,2007040
t_933,"torch.Size([28672, 8192])",torch.bfloat16,469762048
view_2452,"torch.Size([35, 28672])",torch.bfloat16,2007040
mm_852,"torch.Size([35, 8192])",torch.bfloat16,573440
view_2453,"torch.Size([1, 35, 8192])",torch.bfloat16,573440
slice_1645,"torch.Size([1, 1, 35, 1])",torch.bfloat16,70
select_19,"torch.Size([1, 35, 1])",torch.bfloat16,70
mul_974,"torch.Size([1, 35, 8192])",torch.bfloat16,573440
tanh_59,torch.Size([1]),torch.bfloat16,2
mul_975,"torch.Size([1, 35, 8192])",torch.bfloat16,573440
add_678,"torch.Size([1, 35, 8192])",torch.bfloat16,573440
_to_copy_484,"torch.Size([1, 35, 8192])",torch.float32,1146880
pow_239,"torch.Size([1, 35, 8192])",torch.float32,1146880
mean_238,"torch.Size([1, 35, 1])",torch.float32,140
add_679,"torch.Size([1, 35, 1])",torch.float32,140
rsqrt_238,"torch.Size([1, 35, 1])",torch.float32,140
mul_976,"torch.Size([1, 35, 8192])",torch.float32,1146880
_to_copy_485,"torch.Size([1, 35, 8192])",torch.bfloat16,573440
mul_977,"torch.Size([1, 35, 8192])",torch.bfloat16,573440
t_934,"torch.Size([8192, 8192])",torch.bfloat16,134217728
view_2454,"torch.Size([35, 8192])",torch.bfloat16,573440
mm_853,"torch.Size([35, 8192])",torch.bfloat16,573440
view_2455,"torch.Size([1, 35, 8192])",torch.bfloat16,573440
t_935,"torch.Size([8192, 1024])",torch.bfloat16,16777216
view_2456,"torch.Size([35, 8192])",torch.bfloat16,573440
mm_854,"torch.Size([35, 1024])",torch.bfloat16,71680
view_2457,"torch.Size([1, 35, 1024])",torch.bfloat16,71680
t_936,"torch.Size([8192, 1024])",torch.bfloat16,16777216
view_2458,"torch.Size([35, 8192])",torch.bfloat16,573440
mm_855,"torch.Size([35, 1024])",torch.bfloat16,71680
view_2459,"torch.Size([1, 35, 1024])",torch.bfloat16,71680
view_2460,"torch.Size([1, 35, 64, 128])",torch.bfloat16,573440
transpose_559,"torch.Size([1, 64, 35, 128])",torch.bfloat16,573440
view_2461,"torch.Size([1, 35, 8, 128])",torch.bfloat16,71680
transpose_560,"torch.Size([1, 8, 35, 128])",torch.bfloat16,71680
view_2462,"torch.Size([1, 35, 8, 128])",torch.bfloat16,71680
transpose_561,"torch.Size([1, 8, 35, 128])",torch.bfloat16,71680
unsqueeze_369,"torch.Size([1, 1, 35, 128])",torch.bfloat16,8960
unsqueeze_370,"torch.Size([1, 1, 35, 128])",torch.bfloat16,8960
mul_978,"torch.Size([1, 64, 35, 128])",torch.bfloat16,573440
slice_1646,"torch.Size([1, 64, 35, 64])",torch.bfloat16,286720
slice_1647,"torch.Size([1, 64, 35, 64])",torch.bfloat16,286720
neg_158,"torch.Size([1, 64, 35, 64])",torch.bfloat16,286720
cat_161,"torch.Size([1, 64, 35, 128])",torch.bfloat16,573440
mul_979,"torch.Size([1, 64, 35, 128])",torch.bfloat16,573440
add_680,"torch.Size([1, 64, 35, 128])",torch.bfloat16,573440
mul_980,"torch.Size([1, 8, 35, 128])",torch.bfloat16,71680
slice_1648,"torch.Size([1, 8, 35, 64])",torch.bfloat16,35840
slice_1649,"torch.Size([1, 8, 35, 64])",torch.bfloat16,35840
neg_159,"torch.Size([1, 8, 35, 64])",torch.bfloat16,35840
cat_162,"torch.Size([1, 8, 35, 128])",torch.bfloat16,71680
mul_981,"torch.Size([1, 8, 35, 128])",torch.bfloat16,71680
add_681,"torch.Size([1, 8, 35, 128])",torch.bfloat16,71680
slice_1650,"torch.Size([1, 8, 35, 128])",torch.bfloat16,71680
slice_1651,"torch.Size([1, 8, 35, 128])",torch.bfloat16,71680
unsqueeze_371,"torch.Size([1, 8, 1, 35, 128])",torch.bfloat16,71680
slice_1652,"torch.Size([1, 8, 1, 35, 128])",torch.bfloat16,71680
slice_1653,"torch.Size([1, 8, 1, 35, 128])",torch.bfloat16,71680
expand_207,"torch.Size([1, 8, 8, 35, 128])",torch.bfloat16,573440
clone_200,"torch.Size([1, 8, 8, 35, 128])",torch.bfloat16,573440
_unsafe_view_198,"torch.Size([1, 64, 35, 128])",torch.bfloat16,573440
slice_1654,"torch.Size([1, 8, 35, 128])",torch.bfloat16,71680
slice_1655,"torch.Size([1, 8, 35, 128])",torch.bfloat16,71680
unsqueeze_372,"torch.Size([1, 8, 1, 35, 128])",torch.bfloat16,71680
slice_1656,"torch.Size([1, 8, 1, 35, 128])",torch.bfloat16,71680
slice_1657,"torch.Size([1, 8, 1, 35, 128])",torch.bfloat16,71680
expand_208,"torch.Size([1, 8, 8, 35, 128])",torch.bfloat16,573440
clone_201,"torch.Size([1, 8, 8, 35, 128])",torch.bfloat16,573440
_unsafe_view_199,"torch.Size([1, 64, 35, 128])",torch.bfloat16,573440
slice_1661,"torch.Size([1, 1, 35, 35])",torch.bfloat16,2450
slice_1662,"torch.Size([1, 1, 35, 35])",torch.bfloat16,2450
slice_1663,"torch.Size([1, 1, 35, 35])",torch.bfloat16,2450
getitem_524,"torch.Size([1, 64, 35, 128])",torch.bfloat16,573440
transpose_562,"torch.Size([1, 35, 64, 128])",torch.bfloat16,573440
view_2463,"torch.Size([1, 35, 8192])",torch.bfloat16,573440
t_937,"torch.Size([8192, 8192])",torch.bfloat16,134217728
view_2464,"torch.Size([35, 8192])",torch.bfloat16,573440
mm_856,"torch.Size([35, 8192])",torch.bfloat16,573440
view_2465,"torch.Size([1, 35, 8192])",torch.bfloat16,573440
add_682,"torch.Size([1, 35, 8192])",torch.bfloat16,573440
_to_copy_486,"torch.Size([1, 35, 8192])",torch.float32,1146880
pow_240,"torch.Size([1, 35, 8192])",torch.float32,1146880
mean_239,"torch.Size([1, 35, 1])",torch.float32,140
add_683,"torch.Size([1, 35, 1])",torch.float32,140
rsqrt_239,"torch.Size([1, 35, 1])",torch.float32,140
mul_982,"torch.Size([1, 35, 8192])",torch.float32,1146880
_to_copy_487,"torch.Size([1, 35, 8192])",torch.bfloat16,573440
mul_983,"torch.Size([1, 35, 8192])",torch.bfloat16,573440
t_938,"torch.Size([8192, 28672])",torch.bfloat16,469762048
view_2466,"torch.Size([35, 8192])",torch.bfloat16,573440
mm_857,"torch.Size([35, 28672])",torch.bfloat16,2007040
view_2467,"torch.Size([1, 35, 28672])",torch.bfloat16,2007040
silu_99,"torch.Size([1, 35, 28672])",torch.bfloat16,2007040
t_939,"torch.Size([8192, 28672])",torch.bfloat16,469762048
view_2468,"torch.Size([35, 8192])",torch.bfloat16,573440
mm_858,"torch.Size([35, 28672])",torch.bfloat16,2007040
view_2469,"torch.Size([1, 35, 28672])",torch.bfloat16,2007040
mul_984,"torch.Size([1, 35, 28672])",torch.bfloat16,2007040
t_940,"torch.Size([28672, 8192])",torch.bfloat16,469762048
view_2470,"torch.Size([35, 28672])",torch.bfloat16,2007040
mm_859,"torch.Size([35, 8192])",torch.bfloat16,573440
view_2471,"torch.Size([1, 35, 8192])",torch.bfloat16,573440
add_684,"torch.Size([1, 35, 8192])",torch.bfloat16,573440
_to_copy_488,"torch.Size([1, 35, 8192])",torch.float32,1146880
pow_241,"torch.Size([1, 35, 8192])",torch.float32,1146880
mean_240,"torch.Size([1, 35, 1])",torch.float32,140
add_685,"torch.Size([1, 35, 1])",torch.float32,140
rsqrt_240,"torch.Size([1, 35, 1])",torch.float32,140
mul_985,"torch.Size([1, 35, 8192])",torch.float32,1146880
_to_copy_489,"torch.Size([1, 35, 8192])",torch.bfloat16,573440
mul_986,"torch.Size([1, 35, 8192])",torch.bfloat16,573440
slice_1664,"torch.Size([1, 35, 8192])",torch.bfloat16,573440
slice_1665,"torch.Size([1, 1, 8192])",torch.bfloat16,16384
slice_1666,"torch.Size([1, 1, 8192])",torch.bfloat16,16384
t_941,"torch.Size([8192, 128256])",torch.bfloat16,2101346304
view_2472,"torch.Size([1, 8192])",torch.bfloat16,16384
mm_860,"torch.Size([1, 128256])",torch.bfloat16,256512
view_2473,"torch.Size([1, 1, 128256])",torch.bfloat16,256512
_to_copy_490,"torch.Size([1, 1, 128256])",torch.float32,513024
