Node,Shape,Dtype,Memory (Bytes)
select,torch.Size([]),torch.int64,8.0
add,"torch.Size([1, 1])",torch.int64,8
arange,torch.Size([1]),torch.int64,8
view,"torch.Size([1, 1])",torch.int64,8
expand,"torch.Size([1, 1])",torch.int64,8
unsqueeze,"torch.Size([1, 1, 1])",torch.int64,8
expand_1,"torch.Size([1, 1, 1])",torch.int64,8
clone,"torch.Size([1, 1, 1])",torch.int64,8
view_1,"torch.Size([1, 1])",torch.int64,8
add_1,"torch.Size([1, 1])",torch.int64,8
unsqueeze_1,"torch.Size([1, 1, 1])",torch.int64,8
expand_2,"torch.Size([3, 1, 1])",torch.int64,24
full,"torch.Size([1, 3610])",torch.bfloat16,7220
arange_1,torch.Size([3610]),torch.int64,28880
view_2,"torch.Size([1, 1])",torch.int64,8
gt,"torch.Size([1, 3610])",torch.bool,3610
arange_2,torch.Size([3610]),torch.int64,28880
view_3,"torch.Size([1, 1])",torch.int64,8
sub,"torch.Size([1, 1])",torch.int64,8
le,"torch.Size([1, 3610])",torch.bool,3610
bitwise_or,"torch.Size([1, 3610])",torch.bool,3610
mul,"torch.Size([1, 3610])",torch.bfloat16,7220
unsqueeze_4,"torch.Size([1, 1, 3610])",torch.bfloat16,7220
unsqueeze_5,"torch.Size([1, 1, 1, 3610])",torch.bfloat16,7220
slice_3,"torch.Size([1, 1, 1, 3610])",torch.bfloat16,7220
slice_4,"torch.Size([1, 1, 1, 3610])",torch.bfloat16,7220
expand_4,"torch.Size([1, 1, 1, 3610])",torch.bfloat16,7220
clone_1,"torch.Size([1, 1, 1, 3610])",torch.bfloat16,7220
slice_5,"torch.Size([1, 1, 1, 3610])",torch.bfloat16,7220
slice_6,"torch.Size([1, 1, 1, 3610])",torch.bfloat16,7220
slice_7,"torch.Size([1, 1, 1, 3610])",torch.bfloat16,7220
slice_8,"torch.Size([1, 3610])",torch.int64,28880
unsqueeze_6,"torch.Size([1, 1, 3610])",torch.int64,28880
unsqueeze_7,"torch.Size([1, 1, 1, 3610])",torch.int64,28880
slice_9,"torch.Size([1, 1, 1, 3610])",torch.int64,28880
add_2,"torch.Size([1, 1, 1, 3610])",torch.bfloat16,7220
eq,"torch.Size([1, 1, 1, 3610])",torch.bool,3610
slice_10,"torch.Size([1, 1, 1, 3610])",torch.bfloat16,7220
slice_11,"torch.Size([1, 1, 1, 3610])",torch.bfloat16,7220
slice_12,"torch.Size([1, 1, 1, 3610])",torch.bfloat16,7220
masked_fill,"torch.Size([1, 1, 1, 3610])",torch.bfloat16,7220
slice_13,"torch.Size([1, 1, 1, 3610])",torch.bfloat16,7220
slice_14,"torch.Size([1, 1, 1, 3610])",torch.bfloat16,7220
slice_15,"torch.Size([1, 1, 1, 3610])",torch.bfloat16,7220
copy,"torch.Size([1, 1, 1, 3610])",torch.bfloat16,7220
slice_16,"torch.Size([1, 1, 1, 3610])",torch.bfloat16,7220
slice_17,"torch.Size([1, 1, 1, 3610])",torch.bfloat16,7220
slice_scatter,"torch.Size([1, 1, 1, 3610])",torch.bfloat16,7220
slice_scatter_1,"torch.Size([1, 1, 1, 3610])",torch.bfloat16,7220
slice_scatter_2,"torch.Size([1, 1, 1, 3610])",torch.bfloat16,7220
unsqueeze_8,"torch.Size([1, 64])",torch.float32,256
unsqueeze_9,"torch.Size([1, 1, 64])",torch.float32,256
slice_21,"torch.Size([1, 1, 64])",torch.float32,256
unsqueeze_10,"torch.Size([1, 1, 64, 1])",torch.float32,256
expand_5,"torch.Size([3, 1, 64, 1])",torch.float32,768
slice_22,"torch.Size([3, 1, 1])",torch.int64,24
slice_23,"torch.Size([3, 1, 1])",torch.int64,24
unsqueeze_11,"torch.Size([3, 1, 1, 1])",torch.int64,24
slice_24,"torch.Size([3, 1, 1, 1])",torch.int64,24
_to_copy,"torch.Size([3, 1, 1, 1])",torch.float32,12
expand_6,"torch.Size([3, 1, 64, 1])",torch.float32,768
view_4,"torch.Size([3, 64, 1])",torch.float32,768
expand_7,"torch.Size([3, 1, 1, 1])",torch.float32,12
view_5,"torch.Size([3, 1, 1])",torch.float32,12
bmm,"torch.Size([3, 64, 1])",torch.float32,768
view_6,"torch.Size([3, 1, 64, 1])",torch.float32,768
transpose,"torch.Size([3, 1, 1, 64])",torch.float32,768
cat,"torch.Size([3, 1, 1, 128])",torch.float32,1536
cos,"torch.Size([3, 1, 1, 128])",torch.float32,1536
sin,"torch.Size([3, 1, 1, 128])",torch.float32,1536
mul_1,"torch.Size([3, 1, 1, 128])",torch.float32,1536
mul_2,"torch.Size([3, 1, 1, 128])",torch.float32,1536
_to_copy_1,"torch.Size([3, 1, 1, 128])",torch.bfloat16,768
_to_copy_2,"torch.Size([3, 1, 1, 128])",torch.bfloat16,768
_to_copy_3,"torch.Size([1, 1, 3584])",torch.float32,14336
pow_1,"torch.Size([1, 1, 3584])",torch.float32,14336
mean,"torch.Size([1, 1, 1])",torch.float32,4
add_3,"torch.Size([1, 1, 1])",torch.float32,4
rsqrt,"torch.Size([1, 1, 1])",torch.float32,4
mul_3,"torch.Size([1, 1, 3584])",torch.float32,14336
_to_copy_4,"torch.Size([1, 1, 3584])",torch.bfloat16,7168
mul_4,"torch.Size([1, 1, 3584])",torch.bfloat16,7168
view_7,"torch.Size([1, 3584])",torch.bfloat16,7168
t,"torch.Size([3584, 3584])",torch.bfloat16,25690112
addmm,"torch.Size([1, 3584])",torch.bfloat16,7168
view_8,"torch.Size([1, 1, 3584])",torch.bfloat16,7168
view_9,"torch.Size([1, 3584])",torch.bfloat16,7168
t_1,"torch.Size([3584, 512])",torch.bfloat16,3670016
addmm_1,"torch.Size([1, 512])",torch.bfloat16,1024
view_10,"torch.Size([1, 1, 512])",torch.bfloat16,1024
view_11,"torch.Size([1, 3584])",torch.bfloat16,7168
t_2,"torch.Size([3584, 512])",torch.bfloat16,3670016
addmm_2,"torch.Size([1, 512])",torch.bfloat16,1024
view_12,"torch.Size([1, 1, 512])",torch.bfloat16,1024
view_13,"torch.Size([1, 1, 28, 128])",torch.bfloat16,7168
transpose_1,"torch.Size([1, 28, 1, 128])",torch.bfloat16,7168
view_14,"torch.Size([1, 1, 4, 128])",torch.bfloat16,1024
transpose_2,"torch.Size([1, 4, 1, 128])",torch.bfloat16,1024
view_15,"torch.Size([1, 1, 4, 128])",torch.bfloat16,1024
transpose_3,"torch.Size([1, 4, 1, 128])",torch.bfloat16,1024
getitem,"torch.Size([3, 1, 1, 16])",torch.bfloat16,96
getitem_1,"torch.Size([3, 1, 1, 24])",torch.bfloat16,144
getitem_2,"torch.Size([3, 1, 1, 24])",torch.bfloat16,144
getitem_3,"torch.Size([3, 1, 1, 16])",torch.bfloat16,96
getitem_4,"torch.Size([3, 1, 1, 24])",torch.bfloat16,144
getitem_5,"torch.Size([3, 1, 1, 24])",torch.bfloat16,144
select_1,"torch.Size([1, 1, 16])",torch.bfloat16,32
select_2,"torch.Size([1, 1, 24])",torch.bfloat16,48
select_3,"torch.Size([1, 1, 24])",torch.bfloat16,48
select_4,"torch.Size([1, 1, 16])",torch.bfloat16,32
select_5,"torch.Size([1, 1, 24])",torch.bfloat16,48
select_6,"torch.Size([1, 1, 24])",torch.bfloat16,48
cat_1,"torch.Size([1, 1, 128])",torch.bfloat16,256
unsqueeze_12,"torch.Size([1, 1, 1, 128])",torch.bfloat16,256
getitem_6,"torch.Size([3, 1, 1, 16])",torch.bfloat16,96
getitem_7,"torch.Size([3, 1, 1, 24])",torch.bfloat16,144
getitem_8,"torch.Size([3, 1, 1, 24])",torch.bfloat16,144
getitem_9,"torch.Size([3, 1, 1, 16])",torch.bfloat16,96
getitem_10,"torch.Size([3, 1, 1, 24])",torch.bfloat16,144
getitem_11,"torch.Size([3, 1, 1, 24])",torch.bfloat16,144
select_7,"torch.Size([1, 1, 16])",torch.bfloat16,32
select_8,"torch.Size([1, 1, 24])",torch.bfloat16,48
select_9,"torch.Size([1, 1, 24])",torch.bfloat16,48
select_10,"torch.Size([1, 1, 16])",torch.bfloat16,32
select_11,"torch.Size([1, 1, 24])",torch.bfloat16,48
select_12,"torch.Size([1, 1, 24])",torch.bfloat16,48
cat_2,"torch.Size([1, 1, 128])",torch.bfloat16,256
unsqueeze_13,"torch.Size([1, 1, 1, 128])",torch.bfloat16,256
mul_5,"torch.Size([1, 28, 1, 128])",torch.bfloat16,7168
slice_25,"torch.Size([1, 28, 1, 64])",torch.bfloat16,3584
slice_26,"torch.Size([1, 28, 1, 64])",torch.bfloat16,3584
neg,"torch.Size([1, 28, 1, 64])",torch.bfloat16,3584
cat_3,"torch.Size([1, 28, 1, 128])",torch.bfloat16,7168
mul_6,"torch.Size([1, 28, 1, 128])",torch.bfloat16,7168
add_4,"torch.Size([1, 28, 1, 128])",torch.bfloat16,7168
mul_7,"torch.Size([1, 4, 1, 128])",torch.bfloat16,1024
slice_27,"torch.Size([1, 4, 1, 64])",torch.bfloat16,512
slice_28,"torch.Size([1, 4, 1, 64])",torch.bfloat16,512
neg_1,"torch.Size([1, 4, 1, 64])",torch.bfloat16,512
cat_4,"torch.Size([1, 4, 1, 128])",torch.bfloat16,1024
mul_8,"torch.Size([1, 4, 1, 128])",torch.bfloat16,1024
add_5,"torch.Size([1, 4, 1, 128])",torch.bfloat16,1024
cat_5,"torch.Size([1, 4, 3610, 128])",torch.bfloat16,3696640
cat_6,"torch.Size([1, 4, 3610, 128])",torch.bfloat16,3696640
slice_29,"torch.Size([1, 4, 3610, 128])",torch.bfloat16,3696640
slice_30,"torch.Size([1, 4, 3610, 128])",torch.bfloat16,3696640
unsqueeze_14,"torch.Size([1, 4, 1, 3610, 128])",torch.bfloat16,3696640
slice_31,"torch.Size([1, 4, 1, 3610, 128])",torch.bfloat16,3696640
slice_32,"torch.Size([1, 4, 1, 3610, 128])",torch.bfloat16,3696640
expand_8,"torch.Size([1, 4, 7, 3610, 128])",torch.bfloat16,25876480
clone_2,"torch.Size([1, 4, 7, 3610, 128])",torch.bfloat16,25876480
_unsafe_view,"torch.Size([1, 28, 3610, 128])",torch.bfloat16,25876480
slice_33,"torch.Size([1, 4, 3610, 128])",torch.bfloat16,3696640
slice_34,"torch.Size([1, 4, 3610, 128])",torch.bfloat16,3696640
unsqueeze_15,"torch.Size([1, 4, 1, 3610, 128])",torch.bfloat16,3696640
slice_35,"torch.Size([1, 4, 1, 3610, 128])",torch.bfloat16,3696640
slice_36,"torch.Size([1, 4, 1, 3610, 128])",torch.bfloat16,3696640
expand_9,"torch.Size([1, 4, 7, 3610, 128])",torch.bfloat16,25876480
clone_3,"torch.Size([1, 4, 7, 3610, 128])",torch.bfloat16,25876480
_unsafe_view_1,"torch.Size([1, 28, 3610, 128])",torch.bfloat16,25876480
slice_40,"torch.Size([1, 1, 1, 3610])",torch.bfloat16,7220
slice_41,"torch.Size([1, 1, 1, 3610])",torch.bfloat16,7220
slice_42,"torch.Size([1, 1, 1, 3610])",torch.bfloat16,7220
getitem_12,"torch.Size([1, 28, 1, 128])",torch.bfloat16,7168
transpose_4,"torch.Size([1, 1, 28, 128])",torch.bfloat16,7168
view_16,"torch.Size([1, 1, 3584])",torch.bfloat16,7168
t_3,"torch.Size([3584, 3584])",torch.bfloat16,25690112
view_17,"torch.Size([1, 3584])",torch.bfloat16,7168
mm,"torch.Size([1, 3584])",torch.bfloat16,7168
view_18,"torch.Size([1, 1, 3584])",torch.bfloat16,7168
add_6,"torch.Size([1, 1, 3584])",torch.bfloat16,7168
_to_copy_5,"torch.Size([1, 1, 3584])",torch.float32,14336
pow_2,"torch.Size([1, 1, 3584])",torch.float32,14336
mean_1,"torch.Size([1, 1, 1])",torch.float32,4
add_7,"torch.Size([1, 1, 1])",torch.float32,4
rsqrt_1,"torch.Size([1, 1, 1])",torch.float32,4
mul_9,"torch.Size([1, 1, 3584])",torch.float32,14336
_to_copy_6,"torch.Size([1, 1, 3584])",torch.bfloat16,7168
mul_10,"torch.Size([1, 1, 3584])",torch.bfloat16,7168
t_4,"torch.Size([3584, 18944])",torch.bfloat16,135790592
view_19,"torch.Size([1, 3584])",torch.bfloat16,7168
mm_1,"torch.Size([1, 18944])",torch.bfloat16,37888
view_20,"torch.Size([1, 1, 18944])",torch.bfloat16,37888
silu,"torch.Size([1, 1, 18944])",torch.bfloat16,37888
t_5,"torch.Size([3584, 18944])",torch.bfloat16,135790592
view_21,"torch.Size([1, 3584])",torch.bfloat16,7168
mm_2,"torch.Size([1, 18944])",torch.bfloat16,37888
view_22,"torch.Size([1, 1, 18944])",torch.bfloat16,37888
mul_11,"torch.Size([1, 1, 18944])",torch.bfloat16,37888
t_6,"torch.Size([18944, 3584])",torch.bfloat16,135790592
view_23,"torch.Size([1, 18944])",torch.bfloat16,37888
mm_3,"torch.Size([1, 3584])",torch.bfloat16,7168
view_24,"torch.Size([1, 1, 3584])",torch.bfloat16,7168
add_8,"torch.Size([1, 1, 3584])",torch.bfloat16,7168
_to_copy_7,"torch.Size([1, 1, 3584])",torch.float32,14336
pow_3,"torch.Size([1, 1, 3584])",torch.float32,14336
mean_2,"torch.Size([1, 1, 1])",torch.float32,4
add_9,"torch.Size([1, 1, 1])",torch.float32,4
rsqrt_2,"torch.Size([1, 1, 1])",torch.float32,4
mul_12,"torch.Size([1, 1, 3584])",torch.float32,14336
_to_copy_8,"torch.Size([1, 1, 3584])",torch.bfloat16,7168
mul_13,"torch.Size([1, 1, 3584])",torch.bfloat16,7168
view_25,"torch.Size([1, 3584])",torch.bfloat16,7168
t_7,"torch.Size([3584, 3584])",torch.bfloat16,25690112
addmm_3,"torch.Size([1, 3584])",torch.bfloat16,7168
view_26,"torch.Size([1, 1, 3584])",torch.bfloat16,7168
view_27,"torch.Size([1, 3584])",torch.bfloat16,7168
t_8,"torch.Size([3584, 512])",torch.bfloat16,3670016
addmm_4,"torch.Size([1, 512])",torch.bfloat16,1024
view_28,"torch.Size([1, 1, 512])",torch.bfloat16,1024
view_29,"torch.Size([1, 3584])",torch.bfloat16,7168
t_9,"torch.Size([3584, 512])",torch.bfloat16,3670016
addmm_5,"torch.Size([1, 512])",torch.bfloat16,1024
view_30,"torch.Size([1, 1, 512])",torch.bfloat16,1024
view_31,"torch.Size([1, 1, 28, 128])",torch.bfloat16,7168
transpose_5,"torch.Size([1, 28, 1, 128])",torch.bfloat16,7168
view_32,"torch.Size([1, 1, 4, 128])",torch.bfloat16,1024
transpose_6,"torch.Size([1, 4, 1, 128])",torch.bfloat16,1024
view_33,"torch.Size([1, 1, 4, 128])",torch.bfloat16,1024
transpose_7,"torch.Size([1, 4, 1, 128])",torch.bfloat16,1024
getitem_14,"torch.Size([3, 1, 1, 16])",torch.bfloat16,96
getitem_15,"torch.Size([3, 1, 1, 24])",torch.bfloat16,144
getitem_16,"torch.Size([3, 1, 1, 24])",torch.bfloat16,144
getitem_17,"torch.Size([3, 1, 1, 16])",torch.bfloat16,96
getitem_18,"torch.Size([3, 1, 1, 24])",torch.bfloat16,144
getitem_19,"torch.Size([3, 1, 1, 24])",torch.bfloat16,144
select_13,"torch.Size([1, 1, 16])",torch.bfloat16,32
select_14,"torch.Size([1, 1, 24])",torch.bfloat16,48
select_15,"torch.Size([1, 1, 24])",torch.bfloat16,48
select_16,"torch.Size([1, 1, 16])",torch.bfloat16,32
select_17,"torch.Size([1, 1, 24])",torch.bfloat16,48
select_18,"torch.Size([1, 1, 24])",torch.bfloat16,48
cat_7,"torch.Size([1, 1, 128])",torch.bfloat16,256
unsqueeze_16,"torch.Size([1, 1, 1, 128])",torch.bfloat16,256
getitem_20,"torch.Size([3, 1, 1, 16])",torch.bfloat16,96
getitem_21,"torch.Size([3, 1, 1, 24])",torch.bfloat16,144
getitem_22,"torch.Size([3, 1, 1, 24])",torch.bfloat16,144
getitem_23,"torch.Size([3, 1, 1, 16])",torch.bfloat16,96
getitem_24,"torch.Size([3, 1, 1, 24])",torch.bfloat16,144
getitem_25,"torch.Size([3, 1, 1, 24])",torch.bfloat16,144
select_19,"torch.Size([1, 1, 16])",torch.bfloat16,32
select_20,"torch.Size([1, 1, 24])",torch.bfloat16,48
select_21,"torch.Size([1, 1, 24])",torch.bfloat16,48
select_22,"torch.Size([1, 1, 16])",torch.bfloat16,32
select_23,"torch.Size([1, 1, 24])",torch.bfloat16,48
select_24,"torch.Size([1, 1, 24])",torch.bfloat16,48
cat_8,"torch.Size([1, 1, 128])",torch.bfloat16,256
unsqueeze_17,"torch.Size([1, 1, 1, 128])",torch.bfloat16,256
mul_14,"torch.Size([1, 28, 1, 128])",torch.bfloat16,7168
slice_43,"torch.Size([1, 28, 1, 64])",torch.bfloat16,3584
slice_44,"torch.Size([1, 28, 1, 64])",torch.bfloat16,3584
neg_2,"torch.Size([1, 28, 1, 64])",torch.bfloat16,3584
cat_9,"torch.Size([1, 28, 1, 128])",torch.bfloat16,7168
mul_15,"torch.Size([1, 28, 1, 128])",torch.bfloat16,7168
add_10,"torch.Size([1, 28, 1, 128])",torch.bfloat16,7168
mul_16,"torch.Size([1, 4, 1, 128])",torch.bfloat16,1024
slice_45,"torch.Size([1, 4, 1, 64])",torch.bfloat16,512
slice_46,"torch.Size([1, 4, 1, 64])",torch.bfloat16,512
neg_3,"torch.Size([1, 4, 1, 64])",torch.bfloat16,512
cat_10,"torch.Size([1, 4, 1, 128])",torch.bfloat16,1024
mul_17,"torch.Size([1, 4, 1, 128])",torch.bfloat16,1024
add_11,"torch.Size([1, 4, 1, 128])",torch.bfloat16,1024
cat_11,"torch.Size([1, 4, 3610, 128])",torch.bfloat16,3696640
cat_12,"torch.Size([1, 4, 3610, 128])",torch.bfloat16,3696640
slice_47,"torch.Size([1, 4, 3610, 128])",torch.bfloat16,3696640
slice_48,"torch.Size([1, 4, 3610, 128])",torch.bfloat16,3696640
unsqueeze_18,"torch.Size([1, 4, 1, 3610, 128])",torch.bfloat16,3696640
slice_49,"torch.Size([1, 4, 1, 3610, 128])",torch.bfloat16,3696640
slice_50,"torch.Size([1, 4, 1, 3610, 128])",torch.bfloat16,3696640
expand_10,"torch.Size([1, 4, 7, 3610, 128])",torch.bfloat16,25876480
clone_4,"torch.Size([1, 4, 7, 3610, 128])",torch.bfloat16,25876480
_unsafe_view_2,"torch.Size([1, 28, 3610, 128])",torch.bfloat16,25876480
slice_51,"torch.Size([1, 4, 3610, 128])",torch.bfloat16,3696640
slice_52,"torch.Size([1, 4, 3610, 128])",torch.bfloat16,3696640
unsqueeze_19,"torch.Size([1, 4, 1, 3610, 128])",torch.bfloat16,3696640
slice_53,"torch.Size([1, 4, 1, 3610, 128])",torch.bfloat16,3696640
slice_54,"torch.Size([1, 4, 1, 3610, 128])",torch.bfloat16,3696640
expand_11,"torch.Size([1, 4, 7, 3610, 128])",torch.bfloat16,25876480
clone_5,"torch.Size([1, 4, 7, 3610, 128])",torch.bfloat16,25876480
_unsafe_view_3,"torch.Size([1, 28, 3610, 128])",torch.bfloat16,25876480
slice_58,"torch.Size([1, 1, 1, 3610])",torch.bfloat16,7220
slice_59,"torch.Size([1, 1, 1, 3610])",torch.bfloat16,7220
slice_60,"torch.Size([1, 1, 1, 3610])",torch.bfloat16,7220
getitem_26,"torch.Size([1, 28, 1, 128])",torch.bfloat16,7168
transpose_8,"torch.Size([1, 1, 28, 128])",torch.bfloat16,7168
view_34,"torch.Size([1, 1, 3584])",torch.bfloat16,7168
t_10,"torch.Size([3584, 3584])",torch.bfloat16,25690112
view_35,"torch.Size([1, 3584])",torch.bfloat16,7168
mm_4,"torch.Size([1, 3584])",torch.bfloat16,7168
view_36,"torch.Size([1, 1, 3584])",torch.bfloat16,7168
add_12,"torch.Size([1, 1, 3584])",torch.bfloat16,7168
_to_copy_9,"torch.Size([1, 1, 3584])",torch.float32,14336
pow_4,"torch.Size([1, 1, 3584])",torch.float32,14336
mean_3,"torch.Size([1, 1, 1])",torch.float32,4
add_13,"torch.Size([1, 1, 1])",torch.float32,4
rsqrt_3,"torch.Size([1, 1, 1])",torch.float32,4
mul_18,"torch.Size([1, 1, 3584])",torch.float32,14336
_to_copy_10,"torch.Size([1, 1, 3584])",torch.bfloat16,7168
mul_19,"torch.Size([1, 1, 3584])",torch.bfloat16,7168
t_11,"torch.Size([3584, 18944])",torch.bfloat16,135790592
view_37,"torch.Size([1, 3584])",torch.bfloat16,7168
mm_5,"torch.Size([1, 18944])",torch.bfloat16,37888
view_38,"torch.Size([1, 1, 18944])",torch.bfloat16,37888
silu_1,"torch.Size([1, 1, 18944])",torch.bfloat16,37888
t_12,"torch.Size([3584, 18944])",torch.bfloat16,135790592
view_39,"torch.Size([1, 3584])",torch.bfloat16,7168
mm_6,"torch.Size([1, 18944])",torch.bfloat16,37888
view_40,"torch.Size([1, 1, 18944])",torch.bfloat16,37888
mul_20,"torch.Size([1, 1, 18944])",torch.bfloat16,37888
t_13,"torch.Size([18944, 3584])",torch.bfloat16,135790592
view_41,"torch.Size([1, 18944])",torch.bfloat16,37888
mm_7,"torch.Size([1, 3584])",torch.bfloat16,7168
view_42,"torch.Size([1, 1, 3584])",torch.bfloat16,7168
add_14,"torch.Size([1, 1, 3584])",torch.bfloat16,7168
_to_copy_11,"torch.Size([1, 1, 3584])",torch.float32,14336
pow_5,"torch.Size([1, 1, 3584])",torch.float32,14336
mean_4,"torch.Size([1, 1, 1])",torch.float32,4
add_15,"torch.Size([1, 1, 1])",torch.float32,4
rsqrt_4,"torch.Size([1, 1, 1])",torch.float32,4
mul_21,"torch.Size([1, 1, 3584])",torch.float32,14336
_to_copy_12,"torch.Size([1, 1, 3584])",torch.bfloat16,7168
mul_22,"torch.Size([1, 1, 3584])",torch.bfloat16,7168
view_43,"torch.Size([1, 3584])",torch.bfloat16,7168
t_14,"torch.Size([3584, 3584])",torch.bfloat16,25690112
addmm_6,"torch.Size([1, 3584])",torch.bfloat16,7168
view_44,"torch.Size([1, 1, 3584])",torch.bfloat16,7168
view_45,"torch.Size([1, 3584])",torch.bfloat16,7168
t_15,"torch.Size([3584, 512])",torch.bfloat16,3670016
addmm_7,"torch.Size([1, 512])",torch.bfloat16,1024
view_46,"torch.Size([1, 1, 512])",torch.bfloat16,1024
view_47,"torch.Size([1, 3584])",torch.bfloat16,7168
t_16,"torch.Size([3584, 512])",torch.bfloat16,3670016
addmm_8,"torch.Size([1, 512])",torch.bfloat16,1024
view_48,"torch.Size([1, 1, 512])",torch.bfloat16,1024
view_49,"torch.Size([1, 1, 28, 128])",torch.bfloat16,7168
transpose_9,"torch.Size([1, 28, 1, 128])",torch.bfloat16,7168
view_50,"torch.Size([1, 1, 4, 128])",torch.bfloat16,1024
transpose_10,"torch.Size([1, 4, 1, 128])",torch.bfloat16,1024
view_51,"torch.Size([1, 1, 4, 128])",torch.bfloat16,1024
transpose_11,"torch.Size([1, 4, 1, 128])",torch.bfloat16,1024
getitem_28,"torch.Size([3, 1, 1, 16])",torch.bfloat16,96
getitem_29,"torch.Size([3, 1, 1, 24])",torch.bfloat16,144
getitem_30,"torch.Size([3, 1, 1, 24])",torch.bfloat16,144
getitem_31,"torch.Size([3, 1, 1, 16])",torch.bfloat16,96
getitem_32,"torch.Size([3, 1, 1, 24])",torch.bfloat16,144
getitem_33,"torch.Size([3, 1, 1, 24])",torch.bfloat16,144
select_25,"torch.Size([1, 1, 16])",torch.bfloat16,32
select_26,"torch.Size([1, 1, 24])",torch.bfloat16,48
select_27,"torch.Size([1, 1, 24])",torch.bfloat16,48
select_28,"torch.Size([1, 1, 16])",torch.bfloat16,32
select_29,"torch.Size([1, 1, 24])",torch.bfloat16,48
select_30,"torch.Size([1, 1, 24])",torch.bfloat16,48
cat_13,"torch.Size([1, 1, 128])",torch.bfloat16,256
unsqueeze_20,"torch.Size([1, 1, 1, 128])",torch.bfloat16,256
getitem_34,"torch.Size([3, 1, 1, 16])",torch.bfloat16,96
getitem_35,"torch.Size([3, 1, 1, 24])",torch.bfloat16,144
getitem_36,"torch.Size([3, 1, 1, 24])",torch.bfloat16,144
getitem_37,"torch.Size([3, 1, 1, 16])",torch.bfloat16,96
getitem_38,"torch.Size([3, 1, 1, 24])",torch.bfloat16,144
getitem_39,"torch.Size([3, 1, 1, 24])",torch.bfloat16,144
select_31,"torch.Size([1, 1, 16])",torch.bfloat16,32
select_32,"torch.Size([1, 1, 24])",torch.bfloat16,48
select_33,"torch.Size([1, 1, 24])",torch.bfloat16,48
select_34,"torch.Size([1, 1, 16])",torch.bfloat16,32
select_35,"torch.Size([1, 1, 24])",torch.bfloat16,48
select_36,"torch.Size([1, 1, 24])",torch.bfloat16,48
cat_14,"torch.Size([1, 1, 128])",torch.bfloat16,256
unsqueeze_21,"torch.Size([1, 1, 1, 128])",torch.bfloat16,256
mul_23,"torch.Size([1, 28, 1, 128])",torch.bfloat16,7168
slice_61,"torch.Size([1, 28, 1, 64])",torch.bfloat16,3584
slice_62,"torch.Size([1, 28, 1, 64])",torch.bfloat16,3584
neg_4,"torch.Size([1, 28, 1, 64])",torch.bfloat16,3584
cat_15,"torch.Size([1, 28, 1, 128])",torch.bfloat16,7168
mul_24,"torch.Size([1, 28, 1, 128])",torch.bfloat16,7168
add_16,"torch.Size([1, 28, 1, 128])",torch.bfloat16,7168
mul_25,"torch.Size([1, 4, 1, 128])",torch.bfloat16,1024
slice_63,"torch.Size([1, 4, 1, 64])",torch.bfloat16,512
slice_64,"torch.Size([1, 4, 1, 64])",torch.bfloat16,512
neg_5,"torch.Size([1, 4, 1, 64])",torch.bfloat16,512
cat_16,"torch.Size([1, 4, 1, 128])",torch.bfloat16,1024
mul_26,"torch.Size([1, 4, 1, 128])",torch.bfloat16,1024
add_17,"torch.Size([1, 4, 1, 128])",torch.bfloat16,1024
cat_17,"torch.Size([1, 4, 3610, 128])",torch.bfloat16,3696640
cat_18,"torch.Size([1, 4, 3610, 128])",torch.bfloat16,3696640
slice_65,"torch.Size([1, 4, 3610, 128])",torch.bfloat16,3696640
slice_66,"torch.Size([1, 4, 3610, 128])",torch.bfloat16,3696640
unsqueeze_22,"torch.Size([1, 4, 1, 3610, 128])",torch.bfloat16,3696640
slice_67,"torch.Size([1, 4, 1, 3610, 128])",torch.bfloat16,3696640
slice_68,"torch.Size([1, 4, 1, 3610, 128])",torch.bfloat16,3696640
expand_12,"torch.Size([1, 4, 7, 3610, 128])",torch.bfloat16,25876480
clone_6,"torch.Size([1, 4, 7, 3610, 128])",torch.bfloat16,25876480
_unsafe_view_4,"torch.Size([1, 28, 3610, 128])",torch.bfloat16,25876480
slice_69,"torch.Size([1, 4, 3610, 128])",torch.bfloat16,3696640
slice_70,"torch.Size([1, 4, 3610, 128])",torch.bfloat16,3696640
unsqueeze_23,"torch.Size([1, 4, 1, 3610, 128])",torch.bfloat16,3696640
slice_71,"torch.Size([1, 4, 1, 3610, 128])",torch.bfloat16,3696640
slice_72,"torch.Size([1, 4, 1, 3610, 128])",torch.bfloat16,3696640
expand_13,"torch.Size([1, 4, 7, 3610, 128])",torch.bfloat16,25876480
clone_7,"torch.Size([1, 4, 7, 3610, 128])",torch.bfloat16,25876480
_unsafe_view_5,"torch.Size([1, 28, 3610, 128])",torch.bfloat16,25876480
slice_76,"torch.Size([1, 1, 1, 3610])",torch.bfloat16,7220
slice_77,"torch.Size([1, 1, 1, 3610])",torch.bfloat16,7220
slice_78,"torch.Size([1, 1, 1, 3610])",torch.bfloat16,7220
getitem_40,"torch.Size([1, 28, 1, 128])",torch.bfloat16,7168
transpose_12,"torch.Size([1, 1, 28, 128])",torch.bfloat16,7168
view_52,"torch.Size([1, 1, 3584])",torch.bfloat16,7168
t_17,"torch.Size([3584, 3584])",torch.bfloat16,25690112
view_53,"torch.Size([1, 3584])",torch.bfloat16,7168
mm_8,"torch.Size([1, 3584])",torch.bfloat16,7168
view_54,"torch.Size([1, 1, 3584])",torch.bfloat16,7168
add_18,"torch.Size([1, 1, 3584])",torch.bfloat16,7168
_to_copy_13,"torch.Size([1, 1, 3584])",torch.float32,14336
pow_6,"torch.Size([1, 1, 3584])",torch.float32,14336
mean_5,"torch.Size([1, 1, 1])",torch.float32,4
add_19,"torch.Size([1, 1, 1])",torch.float32,4
rsqrt_5,"torch.Size([1, 1, 1])",torch.float32,4
mul_27,"torch.Size([1, 1, 3584])",torch.float32,14336
_to_copy_14,"torch.Size([1, 1, 3584])",torch.bfloat16,7168
mul_28,"torch.Size([1, 1, 3584])",torch.bfloat16,7168
t_18,"torch.Size([3584, 18944])",torch.bfloat16,135790592
view_55,"torch.Size([1, 3584])",torch.bfloat16,7168
mm_9,"torch.Size([1, 18944])",torch.bfloat16,37888
view_56,"torch.Size([1, 1, 18944])",torch.bfloat16,37888
silu_2,"torch.Size([1, 1, 18944])",torch.bfloat16,37888
t_19,"torch.Size([3584, 18944])",torch.bfloat16,135790592
view_57,"torch.Size([1, 3584])",torch.bfloat16,7168
mm_10,"torch.Size([1, 18944])",torch.bfloat16,37888
view_58,"torch.Size([1, 1, 18944])",torch.bfloat16,37888
mul_29,"torch.Size([1, 1, 18944])",torch.bfloat16,37888
t_20,"torch.Size([18944, 3584])",torch.bfloat16,135790592
view_59,"torch.Size([1, 18944])",torch.bfloat16,37888
mm_11,"torch.Size([1, 3584])",torch.bfloat16,7168
view_60,"torch.Size([1, 1, 3584])",torch.bfloat16,7168
add_20,"torch.Size([1, 1, 3584])",torch.bfloat16,7168
_to_copy_15,"torch.Size([1, 1, 3584])",torch.float32,14336
pow_7,"torch.Size([1, 1, 3584])",torch.float32,14336
mean_6,"torch.Size([1, 1, 1])",torch.float32,4
add_21,"torch.Size([1, 1, 1])",torch.float32,4
rsqrt_6,"torch.Size([1, 1, 1])",torch.float32,4
mul_30,"torch.Size([1, 1, 3584])",torch.float32,14336
_to_copy_16,"torch.Size([1, 1, 3584])",torch.bfloat16,7168
mul_31,"torch.Size([1, 1, 3584])",torch.bfloat16,7168
view_61,"torch.Size([1, 3584])",torch.bfloat16,7168
t_21,"torch.Size([3584, 3584])",torch.bfloat16,25690112
addmm_9,"torch.Size([1, 3584])",torch.bfloat16,7168
view_62,"torch.Size([1, 1, 3584])",torch.bfloat16,7168
view_63,"torch.Size([1, 3584])",torch.bfloat16,7168
t_22,"torch.Size([3584, 512])",torch.bfloat16,3670016
addmm_10,"torch.Size([1, 512])",torch.bfloat16,1024
view_64,"torch.Size([1, 1, 512])",torch.bfloat16,1024
view_65,"torch.Size([1, 3584])",torch.bfloat16,7168
t_23,"torch.Size([3584, 512])",torch.bfloat16,3670016
addmm_11,"torch.Size([1, 512])",torch.bfloat16,1024
view_66,"torch.Size([1, 1, 512])",torch.bfloat16,1024
view_67,"torch.Size([1, 1, 28, 128])",torch.bfloat16,7168
transpose_13,"torch.Size([1, 28, 1, 128])",torch.bfloat16,7168
view_68,"torch.Size([1, 1, 4, 128])",torch.bfloat16,1024
transpose_14,"torch.Size([1, 4, 1, 128])",torch.bfloat16,1024
view_69,"torch.Size([1, 1, 4, 128])",torch.bfloat16,1024
transpose_15,"torch.Size([1, 4, 1, 128])",torch.bfloat16,1024
getitem_42,"torch.Size([3, 1, 1, 16])",torch.bfloat16,96
getitem_43,"torch.Size([3, 1, 1, 24])",torch.bfloat16,144
getitem_44,"torch.Size([3, 1, 1, 24])",torch.bfloat16,144
getitem_45,"torch.Size([3, 1, 1, 16])",torch.bfloat16,96
getitem_46,"torch.Size([3, 1, 1, 24])",torch.bfloat16,144
getitem_47,"torch.Size([3, 1, 1, 24])",torch.bfloat16,144
select_37,"torch.Size([1, 1, 16])",torch.bfloat16,32
select_38,"torch.Size([1, 1, 24])",torch.bfloat16,48
select_39,"torch.Size([1, 1, 24])",torch.bfloat16,48
select_40,"torch.Size([1, 1, 16])",torch.bfloat16,32
select_41,"torch.Size([1, 1, 24])",torch.bfloat16,48
select_42,"torch.Size([1, 1, 24])",torch.bfloat16,48
cat_19,"torch.Size([1, 1, 128])",torch.bfloat16,256
unsqueeze_24,"torch.Size([1, 1, 1, 128])",torch.bfloat16,256
getitem_48,"torch.Size([3, 1, 1, 16])",torch.bfloat16,96
getitem_49,"torch.Size([3, 1, 1, 24])",torch.bfloat16,144
getitem_50,"torch.Size([3, 1, 1, 24])",torch.bfloat16,144
getitem_51,"torch.Size([3, 1, 1, 16])",torch.bfloat16,96
getitem_52,"torch.Size([3, 1, 1, 24])",torch.bfloat16,144
getitem_53,"torch.Size([3, 1, 1, 24])",torch.bfloat16,144
select_43,"torch.Size([1, 1, 16])",torch.bfloat16,32
select_44,"torch.Size([1, 1, 24])",torch.bfloat16,48
select_45,"torch.Size([1, 1, 24])",torch.bfloat16,48
select_46,"torch.Size([1, 1, 16])",torch.bfloat16,32
select_47,"torch.Size([1, 1, 24])",torch.bfloat16,48
select_48,"torch.Size([1, 1, 24])",torch.bfloat16,48
cat_20,"torch.Size([1, 1, 128])",torch.bfloat16,256
unsqueeze_25,"torch.Size([1, 1, 1, 128])",torch.bfloat16,256
mul_32,"torch.Size([1, 28, 1, 128])",torch.bfloat16,7168
slice_79,"torch.Size([1, 28, 1, 64])",torch.bfloat16,3584
slice_80,"torch.Size([1, 28, 1, 64])",torch.bfloat16,3584
neg_6,"torch.Size([1, 28, 1, 64])",torch.bfloat16,3584
cat_21,"torch.Size([1, 28, 1, 128])",torch.bfloat16,7168
mul_33,"torch.Size([1, 28, 1, 128])",torch.bfloat16,7168
add_22,"torch.Size([1, 28, 1, 128])",torch.bfloat16,7168
mul_34,"torch.Size([1, 4, 1, 128])",torch.bfloat16,1024
slice_81,"torch.Size([1, 4, 1, 64])",torch.bfloat16,512
slice_82,"torch.Size([1, 4, 1, 64])",torch.bfloat16,512
neg_7,"torch.Size([1, 4, 1, 64])",torch.bfloat16,512
cat_22,"torch.Size([1, 4, 1, 128])",torch.bfloat16,1024
mul_35,"torch.Size([1, 4, 1, 128])",torch.bfloat16,1024
add_23,"torch.Size([1, 4, 1, 128])",torch.bfloat16,1024
cat_23,"torch.Size([1, 4, 3610, 128])",torch.bfloat16,3696640
cat_24,"torch.Size([1, 4, 3610, 128])",torch.bfloat16,3696640
slice_83,"torch.Size([1, 4, 3610, 128])",torch.bfloat16,3696640
slice_84,"torch.Size([1, 4, 3610, 128])",torch.bfloat16,3696640
unsqueeze_26,"torch.Size([1, 4, 1, 3610, 128])",torch.bfloat16,3696640
slice_85,"torch.Size([1, 4, 1, 3610, 128])",torch.bfloat16,3696640
slice_86,"torch.Size([1, 4, 1, 3610, 128])",torch.bfloat16,3696640
expand_14,"torch.Size([1, 4, 7, 3610, 128])",torch.bfloat16,25876480
clone_8,"torch.Size([1, 4, 7, 3610, 128])",torch.bfloat16,25876480
_unsafe_view_6,"torch.Size([1, 28, 3610, 128])",torch.bfloat16,25876480
slice_87,"torch.Size([1, 4, 3610, 128])",torch.bfloat16,3696640
slice_88,"torch.Size([1, 4, 3610, 128])",torch.bfloat16,3696640
unsqueeze_27,"torch.Size([1, 4, 1, 3610, 128])",torch.bfloat16,3696640
slice_89,"torch.Size([1, 4, 1, 3610, 128])",torch.bfloat16,3696640
slice_90,"torch.Size([1, 4, 1, 3610, 128])",torch.bfloat16,3696640
expand_15,"torch.Size([1, 4, 7, 3610, 128])",torch.bfloat16,25876480
clone_9,"torch.Size([1, 4, 7, 3610, 128])",torch.bfloat16,25876480
_unsafe_view_7,"torch.Size([1, 28, 3610, 128])",torch.bfloat16,25876480
slice_94,"torch.Size([1, 1, 1, 3610])",torch.bfloat16,7220
slice_95,"torch.Size([1, 1, 1, 3610])",torch.bfloat16,7220
slice_96,"torch.Size([1, 1, 1, 3610])",torch.bfloat16,7220
getitem_54,"torch.Size([1, 28, 1, 128])",torch.bfloat16,7168
transpose_16,"torch.Size([1, 1, 28, 128])",torch.bfloat16,7168
view_70,"torch.Size([1, 1, 3584])",torch.bfloat16,7168
t_24,"torch.Size([3584, 3584])",torch.bfloat16,25690112
view_71,"torch.Size([1, 3584])",torch.bfloat16,7168
mm_12,"torch.Size([1, 3584])",torch.bfloat16,7168
view_72,"torch.Size([1, 1, 3584])",torch.bfloat16,7168
add_24,"torch.Size([1, 1, 3584])",torch.bfloat16,7168
_to_copy_17,"torch.Size([1, 1, 3584])",torch.float32,14336
pow_8,"torch.Size([1, 1, 3584])",torch.float32,14336
mean_7,"torch.Size([1, 1, 1])",torch.float32,4
add_25,"torch.Size([1, 1, 1])",torch.float32,4
rsqrt_7,"torch.Size([1, 1, 1])",torch.float32,4
mul_36,"torch.Size([1, 1, 3584])",torch.float32,14336
_to_copy_18,"torch.Size([1, 1, 3584])",torch.bfloat16,7168
mul_37,"torch.Size([1, 1, 3584])",torch.bfloat16,7168
t_25,"torch.Size([3584, 18944])",torch.bfloat16,135790592
view_73,"torch.Size([1, 3584])",torch.bfloat16,7168
mm_13,"torch.Size([1, 18944])",torch.bfloat16,37888
view_74,"torch.Size([1, 1, 18944])",torch.bfloat16,37888
silu_3,"torch.Size([1, 1, 18944])",torch.bfloat16,37888
t_26,"torch.Size([3584, 18944])",torch.bfloat16,135790592
view_75,"torch.Size([1, 3584])",torch.bfloat16,7168
mm_14,"torch.Size([1, 18944])",torch.bfloat16,37888
view_76,"torch.Size([1, 1, 18944])",torch.bfloat16,37888
mul_38,"torch.Size([1, 1, 18944])",torch.bfloat16,37888
t_27,"torch.Size([18944, 3584])",torch.bfloat16,135790592
view_77,"torch.Size([1, 18944])",torch.bfloat16,37888
mm_15,"torch.Size([1, 3584])",torch.bfloat16,7168
view_78,"torch.Size([1, 1, 3584])",torch.bfloat16,7168
add_26,"torch.Size([1, 1, 3584])",torch.bfloat16,7168
_to_copy_19,"torch.Size([1, 1, 3584])",torch.float32,14336
pow_9,"torch.Size([1, 1, 3584])",torch.float32,14336
mean_8,"torch.Size([1, 1, 1])",torch.float32,4
add_27,"torch.Size([1, 1, 1])",torch.float32,4
rsqrt_8,"torch.Size([1, 1, 1])",torch.float32,4
mul_39,"torch.Size([1, 1, 3584])",torch.float32,14336
_to_copy_20,"torch.Size([1, 1, 3584])",torch.bfloat16,7168
mul_40,"torch.Size([1, 1, 3584])",torch.bfloat16,7168
view_79,"torch.Size([1, 3584])",torch.bfloat16,7168
t_28,"torch.Size([3584, 3584])",torch.bfloat16,25690112
addmm_12,"torch.Size([1, 3584])",torch.bfloat16,7168
view_80,"torch.Size([1, 1, 3584])",torch.bfloat16,7168
view_81,"torch.Size([1, 3584])",torch.bfloat16,7168
t_29,"torch.Size([3584, 512])",torch.bfloat16,3670016
addmm_13,"torch.Size([1, 512])",torch.bfloat16,1024
view_82,"torch.Size([1, 1, 512])",torch.bfloat16,1024
view_83,"torch.Size([1, 3584])",torch.bfloat16,7168
t_30,"torch.Size([3584, 512])",torch.bfloat16,3670016
addmm_14,"torch.Size([1, 512])",torch.bfloat16,1024
view_84,"torch.Size([1, 1, 512])",torch.bfloat16,1024
view_85,"torch.Size([1, 1, 28, 128])",torch.bfloat16,7168
transpose_17,"torch.Size([1, 28, 1, 128])",torch.bfloat16,7168
view_86,"torch.Size([1, 1, 4, 128])",torch.bfloat16,1024
transpose_18,"torch.Size([1, 4, 1, 128])",torch.bfloat16,1024
view_87,"torch.Size([1, 1, 4, 128])",torch.bfloat16,1024
transpose_19,"torch.Size([1, 4, 1, 128])",torch.bfloat16,1024
getitem_56,"torch.Size([3, 1, 1, 16])",torch.bfloat16,96
getitem_57,"torch.Size([3, 1, 1, 24])",torch.bfloat16,144
getitem_58,"torch.Size([3, 1, 1, 24])",torch.bfloat16,144
getitem_59,"torch.Size([3, 1, 1, 16])",torch.bfloat16,96
getitem_60,"torch.Size([3, 1, 1, 24])",torch.bfloat16,144
getitem_61,"torch.Size([3, 1, 1, 24])",torch.bfloat16,144
select_49,"torch.Size([1, 1, 16])",torch.bfloat16,32
select_50,"torch.Size([1, 1, 24])",torch.bfloat16,48
select_51,"torch.Size([1, 1, 24])",torch.bfloat16,48
select_52,"torch.Size([1, 1, 16])",torch.bfloat16,32
select_53,"torch.Size([1, 1, 24])",torch.bfloat16,48
select_54,"torch.Size([1, 1, 24])",torch.bfloat16,48
cat_25,"torch.Size([1, 1, 128])",torch.bfloat16,256
unsqueeze_28,"torch.Size([1, 1, 1, 128])",torch.bfloat16,256
getitem_62,"torch.Size([3, 1, 1, 16])",torch.bfloat16,96
getitem_63,"torch.Size([3, 1, 1, 24])",torch.bfloat16,144
getitem_64,"torch.Size([3, 1, 1, 24])",torch.bfloat16,144
getitem_65,"torch.Size([3, 1, 1, 16])",torch.bfloat16,96
getitem_66,"torch.Size([3, 1, 1, 24])",torch.bfloat16,144
getitem_67,"torch.Size([3, 1, 1, 24])",torch.bfloat16,144
select_55,"torch.Size([1, 1, 16])",torch.bfloat16,32
select_56,"torch.Size([1, 1, 24])",torch.bfloat16,48
select_57,"torch.Size([1, 1, 24])",torch.bfloat16,48
select_58,"torch.Size([1, 1, 16])",torch.bfloat16,32
select_59,"torch.Size([1, 1, 24])",torch.bfloat16,48
select_60,"torch.Size([1, 1, 24])",torch.bfloat16,48
cat_26,"torch.Size([1, 1, 128])",torch.bfloat16,256
unsqueeze_29,"torch.Size([1, 1, 1, 128])",torch.bfloat16,256
mul_41,"torch.Size([1, 28, 1, 128])",torch.bfloat16,7168
slice_97,"torch.Size([1, 28, 1, 64])",torch.bfloat16,3584
slice_98,"torch.Size([1, 28, 1, 64])",torch.bfloat16,3584
neg_8,"torch.Size([1, 28, 1, 64])",torch.bfloat16,3584
cat_27,"torch.Size([1, 28, 1, 128])",torch.bfloat16,7168
mul_42,"torch.Size([1, 28, 1, 128])",torch.bfloat16,7168
add_28,"torch.Size([1, 28, 1, 128])",torch.bfloat16,7168
mul_43,"torch.Size([1, 4, 1, 128])",torch.bfloat16,1024
slice_99,"torch.Size([1, 4, 1, 64])",torch.bfloat16,512
slice_100,"torch.Size([1, 4, 1, 64])",torch.bfloat16,512
neg_9,"torch.Size([1, 4, 1, 64])",torch.bfloat16,512
cat_28,"torch.Size([1, 4, 1, 128])",torch.bfloat16,1024
mul_44,"torch.Size([1, 4, 1, 128])",torch.bfloat16,1024
add_29,"torch.Size([1, 4, 1, 128])",torch.bfloat16,1024
cat_29,"torch.Size([1, 4, 3610, 128])",torch.bfloat16,3696640
cat_30,"torch.Size([1, 4, 3610, 128])",torch.bfloat16,3696640
slice_101,"torch.Size([1, 4, 3610, 128])",torch.bfloat16,3696640
slice_102,"torch.Size([1, 4, 3610, 128])",torch.bfloat16,3696640
unsqueeze_30,"torch.Size([1, 4, 1, 3610, 128])",torch.bfloat16,3696640
slice_103,"torch.Size([1, 4, 1, 3610, 128])",torch.bfloat16,3696640
slice_104,"torch.Size([1, 4, 1, 3610, 128])",torch.bfloat16,3696640
expand_16,"torch.Size([1, 4, 7, 3610, 128])",torch.bfloat16,25876480
clone_10,"torch.Size([1, 4, 7, 3610, 128])",torch.bfloat16,25876480
_unsafe_view_8,"torch.Size([1, 28, 3610, 128])",torch.bfloat16,25876480
slice_105,"torch.Size([1, 4, 3610, 128])",torch.bfloat16,3696640
slice_106,"torch.Size([1, 4, 3610, 128])",torch.bfloat16,3696640
unsqueeze_31,"torch.Size([1, 4, 1, 3610, 128])",torch.bfloat16,3696640
slice_107,"torch.Size([1, 4, 1, 3610, 128])",torch.bfloat16,3696640
slice_108,"torch.Size([1, 4, 1, 3610, 128])",torch.bfloat16,3696640
expand_17,"torch.Size([1, 4, 7, 3610, 128])",torch.bfloat16,25876480
clone_11,"torch.Size([1, 4, 7, 3610, 128])",torch.bfloat16,25876480
_unsafe_view_9,"torch.Size([1, 28, 3610, 128])",torch.bfloat16,25876480
slice_112,"torch.Size([1, 1, 1, 3610])",torch.bfloat16,7220
slice_113,"torch.Size([1, 1, 1, 3610])",torch.bfloat16,7220
slice_114,"torch.Size([1, 1, 1, 3610])",torch.bfloat16,7220
getitem_68,"torch.Size([1, 28, 1, 128])",torch.bfloat16,7168
transpose_20,"torch.Size([1, 1, 28, 128])",torch.bfloat16,7168
view_88,"torch.Size([1, 1, 3584])",torch.bfloat16,7168
t_31,"torch.Size([3584, 3584])",torch.bfloat16,25690112
view_89,"torch.Size([1, 3584])",torch.bfloat16,7168
mm_16,"torch.Size([1, 3584])",torch.bfloat16,7168
view_90,"torch.Size([1, 1, 3584])",torch.bfloat16,7168
add_30,"torch.Size([1, 1, 3584])",torch.bfloat16,7168
_to_copy_21,"torch.Size([1, 1, 3584])",torch.float32,14336
pow_10,"torch.Size([1, 1, 3584])",torch.float32,14336
mean_9,"torch.Size([1, 1, 1])",torch.float32,4
add_31,"torch.Size([1, 1, 1])",torch.float32,4
rsqrt_9,"torch.Size([1, 1, 1])",torch.float32,4
mul_45,"torch.Size([1, 1, 3584])",torch.float32,14336
_to_copy_22,"torch.Size([1, 1, 3584])",torch.bfloat16,7168
mul_46,"torch.Size([1, 1, 3584])",torch.bfloat16,7168
t_32,"torch.Size([3584, 18944])",torch.bfloat16,135790592
view_91,"torch.Size([1, 3584])",torch.bfloat16,7168
mm_17,"torch.Size([1, 18944])",torch.bfloat16,37888
view_92,"torch.Size([1, 1, 18944])",torch.bfloat16,37888
silu_4,"torch.Size([1, 1, 18944])",torch.bfloat16,37888
t_33,"torch.Size([3584, 18944])",torch.bfloat16,135790592
view_93,"torch.Size([1, 3584])",torch.bfloat16,7168
mm_18,"torch.Size([1, 18944])",torch.bfloat16,37888
view_94,"torch.Size([1, 1, 18944])",torch.bfloat16,37888
mul_47,"torch.Size([1, 1, 18944])",torch.bfloat16,37888
t_34,"torch.Size([18944, 3584])",torch.bfloat16,135790592
view_95,"torch.Size([1, 18944])",torch.bfloat16,37888
mm_19,"torch.Size([1, 3584])",torch.bfloat16,7168
view_96,"torch.Size([1, 1, 3584])",torch.bfloat16,7168
add_32,"torch.Size([1, 1, 3584])",torch.bfloat16,7168
_to_copy_23,"torch.Size([1, 1, 3584])",torch.float32,14336
pow_11,"torch.Size([1, 1, 3584])",torch.float32,14336
mean_10,"torch.Size([1, 1, 1])",torch.float32,4
add_33,"torch.Size([1, 1, 1])",torch.float32,4
rsqrt_10,"torch.Size([1, 1, 1])",torch.float32,4
mul_48,"torch.Size([1, 1, 3584])",torch.float32,14336
_to_copy_24,"torch.Size([1, 1, 3584])",torch.bfloat16,7168
mul_49,"torch.Size([1, 1, 3584])",torch.bfloat16,7168
view_97,"torch.Size([1, 3584])",torch.bfloat16,7168
t_35,"torch.Size([3584, 3584])",torch.bfloat16,25690112
addmm_15,"torch.Size([1, 3584])",torch.bfloat16,7168
view_98,"torch.Size([1, 1, 3584])",torch.bfloat16,7168
view_99,"torch.Size([1, 3584])",torch.bfloat16,7168
t_36,"torch.Size([3584, 512])",torch.bfloat16,3670016
addmm_16,"torch.Size([1, 512])",torch.bfloat16,1024
view_100,"torch.Size([1, 1, 512])",torch.bfloat16,1024
view_101,"torch.Size([1, 3584])",torch.bfloat16,7168
t_37,"torch.Size([3584, 512])",torch.bfloat16,3670016
addmm_17,"torch.Size([1, 512])",torch.bfloat16,1024
view_102,"torch.Size([1, 1, 512])",torch.bfloat16,1024
view_103,"torch.Size([1, 1, 28, 128])",torch.bfloat16,7168
transpose_21,"torch.Size([1, 28, 1, 128])",torch.bfloat16,7168
view_104,"torch.Size([1, 1, 4, 128])",torch.bfloat16,1024
transpose_22,"torch.Size([1, 4, 1, 128])",torch.bfloat16,1024
view_105,"torch.Size([1, 1, 4, 128])",torch.bfloat16,1024
transpose_23,"torch.Size([1, 4, 1, 128])",torch.bfloat16,1024
getitem_70,"torch.Size([3, 1, 1, 16])",torch.bfloat16,96
getitem_71,"torch.Size([3, 1, 1, 24])",torch.bfloat16,144
getitem_72,"torch.Size([3, 1, 1, 24])",torch.bfloat16,144
getitem_73,"torch.Size([3, 1, 1, 16])",torch.bfloat16,96
getitem_74,"torch.Size([3, 1, 1, 24])",torch.bfloat16,144
getitem_75,"torch.Size([3, 1, 1, 24])",torch.bfloat16,144
select_61,"torch.Size([1, 1, 16])",torch.bfloat16,32
select_62,"torch.Size([1, 1, 24])",torch.bfloat16,48
select_63,"torch.Size([1, 1, 24])",torch.bfloat16,48
select_64,"torch.Size([1, 1, 16])",torch.bfloat16,32
select_65,"torch.Size([1, 1, 24])",torch.bfloat16,48
select_66,"torch.Size([1, 1, 24])",torch.bfloat16,48
cat_31,"torch.Size([1, 1, 128])",torch.bfloat16,256
unsqueeze_32,"torch.Size([1, 1, 1, 128])",torch.bfloat16,256
getitem_76,"torch.Size([3, 1, 1, 16])",torch.bfloat16,96
getitem_77,"torch.Size([3, 1, 1, 24])",torch.bfloat16,144
getitem_78,"torch.Size([3, 1, 1, 24])",torch.bfloat16,144
getitem_79,"torch.Size([3, 1, 1, 16])",torch.bfloat16,96
getitem_80,"torch.Size([3, 1, 1, 24])",torch.bfloat16,144
getitem_81,"torch.Size([3, 1, 1, 24])",torch.bfloat16,144
select_67,"torch.Size([1, 1, 16])",torch.bfloat16,32
select_68,"torch.Size([1, 1, 24])",torch.bfloat16,48
select_69,"torch.Size([1, 1, 24])",torch.bfloat16,48
select_70,"torch.Size([1, 1, 16])",torch.bfloat16,32
select_71,"torch.Size([1, 1, 24])",torch.bfloat16,48
select_72,"torch.Size([1, 1, 24])",torch.bfloat16,48
cat_32,"torch.Size([1, 1, 128])",torch.bfloat16,256
unsqueeze_33,"torch.Size([1, 1, 1, 128])",torch.bfloat16,256
mul_50,"torch.Size([1, 28, 1, 128])",torch.bfloat16,7168
slice_115,"torch.Size([1, 28, 1, 64])",torch.bfloat16,3584
slice_116,"torch.Size([1, 28, 1, 64])",torch.bfloat16,3584
neg_10,"torch.Size([1, 28, 1, 64])",torch.bfloat16,3584
cat_33,"torch.Size([1, 28, 1, 128])",torch.bfloat16,7168
mul_51,"torch.Size([1, 28, 1, 128])",torch.bfloat16,7168
add_34,"torch.Size([1, 28, 1, 128])",torch.bfloat16,7168
mul_52,"torch.Size([1, 4, 1, 128])",torch.bfloat16,1024
slice_117,"torch.Size([1, 4, 1, 64])",torch.bfloat16,512
slice_118,"torch.Size([1, 4, 1, 64])",torch.bfloat16,512
neg_11,"torch.Size([1, 4, 1, 64])",torch.bfloat16,512
cat_34,"torch.Size([1, 4, 1, 128])",torch.bfloat16,1024
mul_53,"torch.Size([1, 4, 1, 128])",torch.bfloat16,1024
add_35,"torch.Size([1, 4, 1, 128])",torch.bfloat16,1024
cat_35,"torch.Size([1, 4, 3610, 128])",torch.bfloat16,3696640
cat_36,"torch.Size([1, 4, 3610, 128])",torch.bfloat16,3696640
slice_119,"torch.Size([1, 4, 3610, 128])",torch.bfloat16,3696640
slice_120,"torch.Size([1, 4, 3610, 128])",torch.bfloat16,3696640
unsqueeze_34,"torch.Size([1, 4, 1, 3610, 128])",torch.bfloat16,3696640
slice_121,"torch.Size([1, 4, 1, 3610, 128])",torch.bfloat16,3696640
slice_122,"torch.Size([1, 4, 1, 3610, 128])",torch.bfloat16,3696640
expand_18,"torch.Size([1, 4, 7, 3610, 128])",torch.bfloat16,25876480
clone_12,"torch.Size([1, 4, 7, 3610, 128])",torch.bfloat16,25876480
_unsafe_view_10,"torch.Size([1, 28, 3610, 128])",torch.bfloat16,25876480
slice_123,"torch.Size([1, 4, 3610, 128])",torch.bfloat16,3696640
slice_124,"torch.Size([1, 4, 3610, 128])",torch.bfloat16,3696640
unsqueeze_35,"torch.Size([1, 4, 1, 3610, 128])",torch.bfloat16,3696640
slice_125,"torch.Size([1, 4, 1, 3610, 128])",torch.bfloat16,3696640
slice_126,"torch.Size([1, 4, 1, 3610, 128])",torch.bfloat16,3696640
expand_19,"torch.Size([1, 4, 7, 3610, 128])",torch.bfloat16,25876480
clone_13,"torch.Size([1, 4, 7, 3610, 128])",torch.bfloat16,25876480
_unsafe_view_11,"torch.Size([1, 28, 3610, 128])",torch.bfloat16,25876480
slice_130,"torch.Size([1, 1, 1, 3610])",torch.bfloat16,7220
slice_131,"torch.Size([1, 1, 1, 3610])",torch.bfloat16,7220
slice_132,"torch.Size([1, 1, 1, 3610])",torch.bfloat16,7220
getitem_82,"torch.Size([1, 28, 1, 128])",torch.bfloat16,7168
transpose_24,"torch.Size([1, 1, 28, 128])",torch.bfloat16,7168
view_106,"torch.Size([1, 1, 3584])",torch.bfloat16,7168
t_38,"torch.Size([3584, 3584])",torch.bfloat16,25690112
view_107,"torch.Size([1, 3584])",torch.bfloat16,7168
mm_20,"torch.Size([1, 3584])",torch.bfloat16,7168
view_108,"torch.Size([1, 1, 3584])",torch.bfloat16,7168
add_36,"torch.Size([1, 1, 3584])",torch.bfloat16,7168
_to_copy_25,"torch.Size([1, 1, 3584])",torch.float32,14336
pow_12,"torch.Size([1, 1, 3584])",torch.float32,14336
mean_11,"torch.Size([1, 1, 1])",torch.float32,4
add_37,"torch.Size([1, 1, 1])",torch.float32,4
rsqrt_11,"torch.Size([1, 1, 1])",torch.float32,4
mul_54,"torch.Size([1, 1, 3584])",torch.float32,14336
_to_copy_26,"torch.Size([1, 1, 3584])",torch.bfloat16,7168
mul_55,"torch.Size([1, 1, 3584])",torch.bfloat16,7168
t_39,"torch.Size([3584, 18944])",torch.bfloat16,135790592
view_109,"torch.Size([1, 3584])",torch.bfloat16,7168
mm_21,"torch.Size([1, 18944])",torch.bfloat16,37888
view_110,"torch.Size([1, 1, 18944])",torch.bfloat16,37888
silu_5,"torch.Size([1, 1, 18944])",torch.bfloat16,37888
t_40,"torch.Size([3584, 18944])",torch.bfloat16,135790592
view_111,"torch.Size([1, 3584])",torch.bfloat16,7168
mm_22,"torch.Size([1, 18944])",torch.bfloat16,37888
view_112,"torch.Size([1, 1, 18944])",torch.bfloat16,37888
mul_56,"torch.Size([1, 1, 18944])",torch.bfloat16,37888
t_41,"torch.Size([18944, 3584])",torch.bfloat16,135790592
view_113,"torch.Size([1, 18944])",torch.bfloat16,37888
mm_23,"torch.Size([1, 3584])",torch.bfloat16,7168
view_114,"torch.Size([1, 1, 3584])",torch.bfloat16,7168
add_38,"torch.Size([1, 1, 3584])",torch.bfloat16,7168
_to_copy_27,"torch.Size([1, 1, 3584])",torch.float32,14336
pow_13,"torch.Size([1, 1, 3584])",torch.float32,14336
mean_12,"torch.Size([1, 1, 1])",torch.float32,4
add_39,"torch.Size([1, 1, 1])",torch.float32,4
rsqrt_12,"torch.Size([1, 1, 1])",torch.float32,4
mul_57,"torch.Size([1, 1, 3584])",torch.float32,14336
_to_copy_28,"torch.Size([1, 1, 3584])",torch.bfloat16,7168
mul_58,"torch.Size([1, 1, 3584])",torch.bfloat16,7168
view_115,"torch.Size([1, 3584])",torch.bfloat16,7168
t_42,"torch.Size([3584, 3584])",torch.bfloat16,25690112
addmm_18,"torch.Size([1, 3584])",torch.bfloat16,7168
view_116,"torch.Size([1, 1, 3584])",torch.bfloat16,7168
view_117,"torch.Size([1, 3584])",torch.bfloat16,7168
t_43,"torch.Size([3584, 512])",torch.bfloat16,3670016
addmm_19,"torch.Size([1, 512])",torch.bfloat16,1024
view_118,"torch.Size([1, 1, 512])",torch.bfloat16,1024
view_119,"torch.Size([1, 3584])",torch.bfloat16,7168
t_44,"torch.Size([3584, 512])",torch.bfloat16,3670016
addmm_20,"torch.Size([1, 512])",torch.bfloat16,1024
view_120,"torch.Size([1, 1, 512])",torch.bfloat16,1024
view_121,"torch.Size([1, 1, 28, 128])",torch.bfloat16,7168
transpose_25,"torch.Size([1, 28, 1, 128])",torch.bfloat16,7168
view_122,"torch.Size([1, 1, 4, 128])",torch.bfloat16,1024
transpose_26,"torch.Size([1, 4, 1, 128])",torch.bfloat16,1024
view_123,"torch.Size([1, 1, 4, 128])",torch.bfloat16,1024
transpose_27,"torch.Size([1, 4, 1, 128])",torch.bfloat16,1024
getitem_84,"torch.Size([3, 1, 1, 16])",torch.bfloat16,96
getitem_85,"torch.Size([3, 1, 1, 24])",torch.bfloat16,144
getitem_86,"torch.Size([3, 1, 1, 24])",torch.bfloat16,144
getitem_87,"torch.Size([3, 1, 1, 16])",torch.bfloat16,96
getitem_88,"torch.Size([3, 1, 1, 24])",torch.bfloat16,144
getitem_89,"torch.Size([3, 1, 1, 24])",torch.bfloat16,144
select_73,"torch.Size([1, 1, 16])",torch.bfloat16,32
select_74,"torch.Size([1, 1, 24])",torch.bfloat16,48
select_75,"torch.Size([1, 1, 24])",torch.bfloat16,48
select_76,"torch.Size([1, 1, 16])",torch.bfloat16,32
select_77,"torch.Size([1, 1, 24])",torch.bfloat16,48
select_78,"torch.Size([1, 1, 24])",torch.bfloat16,48
cat_37,"torch.Size([1, 1, 128])",torch.bfloat16,256
unsqueeze_36,"torch.Size([1, 1, 1, 128])",torch.bfloat16,256
getitem_90,"torch.Size([3, 1, 1, 16])",torch.bfloat16,96
getitem_91,"torch.Size([3, 1, 1, 24])",torch.bfloat16,144
getitem_92,"torch.Size([3, 1, 1, 24])",torch.bfloat16,144
getitem_93,"torch.Size([3, 1, 1, 16])",torch.bfloat16,96
getitem_94,"torch.Size([3, 1, 1, 24])",torch.bfloat16,144
getitem_95,"torch.Size([3, 1, 1, 24])",torch.bfloat16,144
select_79,"torch.Size([1, 1, 16])",torch.bfloat16,32
select_80,"torch.Size([1, 1, 24])",torch.bfloat16,48
select_81,"torch.Size([1, 1, 24])",torch.bfloat16,48
select_82,"torch.Size([1, 1, 16])",torch.bfloat16,32
select_83,"torch.Size([1, 1, 24])",torch.bfloat16,48
select_84,"torch.Size([1, 1, 24])",torch.bfloat16,48
cat_38,"torch.Size([1, 1, 128])",torch.bfloat16,256
unsqueeze_37,"torch.Size([1, 1, 1, 128])",torch.bfloat16,256
mul_59,"torch.Size([1, 28, 1, 128])",torch.bfloat16,7168
slice_133,"torch.Size([1, 28, 1, 64])",torch.bfloat16,3584
slice_134,"torch.Size([1, 28, 1, 64])",torch.bfloat16,3584
neg_12,"torch.Size([1, 28, 1, 64])",torch.bfloat16,3584
cat_39,"torch.Size([1, 28, 1, 128])",torch.bfloat16,7168
mul_60,"torch.Size([1, 28, 1, 128])",torch.bfloat16,7168
add_40,"torch.Size([1, 28, 1, 128])",torch.bfloat16,7168
mul_61,"torch.Size([1, 4, 1, 128])",torch.bfloat16,1024
slice_135,"torch.Size([1, 4, 1, 64])",torch.bfloat16,512
slice_136,"torch.Size([1, 4, 1, 64])",torch.bfloat16,512
neg_13,"torch.Size([1, 4, 1, 64])",torch.bfloat16,512
cat_40,"torch.Size([1, 4, 1, 128])",torch.bfloat16,1024
mul_62,"torch.Size([1, 4, 1, 128])",torch.bfloat16,1024
add_41,"torch.Size([1, 4, 1, 128])",torch.bfloat16,1024
cat_41,"torch.Size([1, 4, 3610, 128])",torch.bfloat16,3696640
cat_42,"torch.Size([1, 4, 3610, 128])",torch.bfloat16,3696640
slice_137,"torch.Size([1, 4, 3610, 128])",torch.bfloat16,3696640
slice_138,"torch.Size([1, 4, 3610, 128])",torch.bfloat16,3696640
unsqueeze_38,"torch.Size([1, 4, 1, 3610, 128])",torch.bfloat16,3696640
slice_139,"torch.Size([1, 4, 1, 3610, 128])",torch.bfloat16,3696640
slice_140,"torch.Size([1, 4, 1, 3610, 128])",torch.bfloat16,3696640
expand_20,"torch.Size([1, 4, 7, 3610, 128])",torch.bfloat16,25876480
clone_14,"torch.Size([1, 4, 7, 3610, 128])",torch.bfloat16,25876480
_unsafe_view_12,"torch.Size([1, 28, 3610, 128])",torch.bfloat16,25876480
slice_141,"torch.Size([1, 4, 3610, 128])",torch.bfloat16,3696640
slice_142,"torch.Size([1, 4, 3610, 128])",torch.bfloat16,3696640
unsqueeze_39,"torch.Size([1, 4, 1, 3610, 128])",torch.bfloat16,3696640
slice_143,"torch.Size([1, 4, 1, 3610, 128])",torch.bfloat16,3696640
slice_144,"torch.Size([1, 4, 1, 3610, 128])",torch.bfloat16,3696640
expand_21,"torch.Size([1, 4, 7, 3610, 128])",torch.bfloat16,25876480
clone_15,"torch.Size([1, 4, 7, 3610, 128])",torch.bfloat16,25876480
_unsafe_view_13,"torch.Size([1, 28, 3610, 128])",torch.bfloat16,25876480
slice_148,"torch.Size([1, 1, 1, 3610])",torch.bfloat16,7220
slice_149,"torch.Size([1, 1, 1, 3610])",torch.bfloat16,7220
slice_150,"torch.Size([1, 1, 1, 3610])",torch.bfloat16,7220
getitem_96,"torch.Size([1, 28, 1, 128])",torch.bfloat16,7168
transpose_28,"torch.Size([1, 1, 28, 128])",torch.bfloat16,7168
view_124,"torch.Size([1, 1, 3584])",torch.bfloat16,7168
t_45,"torch.Size([3584, 3584])",torch.bfloat16,25690112
view_125,"torch.Size([1, 3584])",torch.bfloat16,7168
mm_24,"torch.Size([1, 3584])",torch.bfloat16,7168
view_126,"torch.Size([1, 1, 3584])",torch.bfloat16,7168
add_42,"torch.Size([1, 1, 3584])",torch.bfloat16,7168
_to_copy_29,"torch.Size([1, 1, 3584])",torch.float32,14336
pow_14,"torch.Size([1, 1, 3584])",torch.float32,14336
mean_13,"torch.Size([1, 1, 1])",torch.float32,4
add_43,"torch.Size([1, 1, 1])",torch.float32,4
rsqrt_13,"torch.Size([1, 1, 1])",torch.float32,4
mul_63,"torch.Size([1, 1, 3584])",torch.float32,14336
_to_copy_30,"torch.Size([1, 1, 3584])",torch.bfloat16,7168
mul_64,"torch.Size([1, 1, 3584])",torch.bfloat16,7168
t_46,"torch.Size([3584, 18944])",torch.bfloat16,135790592
view_127,"torch.Size([1, 3584])",torch.bfloat16,7168
mm_25,"torch.Size([1, 18944])",torch.bfloat16,37888
view_128,"torch.Size([1, 1, 18944])",torch.bfloat16,37888
silu_6,"torch.Size([1, 1, 18944])",torch.bfloat16,37888
t_47,"torch.Size([3584, 18944])",torch.bfloat16,135790592
view_129,"torch.Size([1, 3584])",torch.bfloat16,7168
mm_26,"torch.Size([1, 18944])",torch.bfloat16,37888
view_130,"torch.Size([1, 1, 18944])",torch.bfloat16,37888
mul_65,"torch.Size([1, 1, 18944])",torch.bfloat16,37888
t_48,"torch.Size([18944, 3584])",torch.bfloat16,135790592
view_131,"torch.Size([1, 18944])",torch.bfloat16,37888
mm_27,"torch.Size([1, 3584])",torch.bfloat16,7168
view_132,"torch.Size([1, 1, 3584])",torch.bfloat16,7168
add_44,"torch.Size([1, 1, 3584])",torch.bfloat16,7168
_to_copy_31,"torch.Size([1, 1, 3584])",torch.float32,14336
pow_15,"torch.Size([1, 1, 3584])",torch.float32,14336
mean_14,"torch.Size([1, 1, 1])",torch.float32,4
add_45,"torch.Size([1, 1, 1])",torch.float32,4
rsqrt_14,"torch.Size([1, 1, 1])",torch.float32,4
mul_66,"torch.Size([1, 1, 3584])",torch.float32,14336
_to_copy_32,"torch.Size([1, 1, 3584])",torch.bfloat16,7168
mul_67,"torch.Size([1, 1, 3584])",torch.bfloat16,7168
view_133,"torch.Size([1, 3584])",torch.bfloat16,7168
t_49,"torch.Size([3584, 3584])",torch.bfloat16,25690112
addmm_21,"torch.Size([1, 3584])",torch.bfloat16,7168
view_134,"torch.Size([1, 1, 3584])",torch.bfloat16,7168
view_135,"torch.Size([1, 3584])",torch.bfloat16,7168
t_50,"torch.Size([3584, 512])",torch.bfloat16,3670016
addmm_22,"torch.Size([1, 512])",torch.bfloat16,1024
view_136,"torch.Size([1, 1, 512])",torch.bfloat16,1024
view_137,"torch.Size([1, 3584])",torch.bfloat16,7168
t_51,"torch.Size([3584, 512])",torch.bfloat16,3670016
addmm_23,"torch.Size([1, 512])",torch.bfloat16,1024
view_138,"torch.Size([1, 1, 512])",torch.bfloat16,1024
view_139,"torch.Size([1, 1, 28, 128])",torch.bfloat16,7168
transpose_29,"torch.Size([1, 28, 1, 128])",torch.bfloat16,7168
view_140,"torch.Size([1, 1, 4, 128])",torch.bfloat16,1024
transpose_30,"torch.Size([1, 4, 1, 128])",torch.bfloat16,1024
view_141,"torch.Size([1, 1, 4, 128])",torch.bfloat16,1024
transpose_31,"torch.Size([1, 4, 1, 128])",torch.bfloat16,1024
getitem_98,"torch.Size([3, 1, 1, 16])",torch.bfloat16,96
getitem_99,"torch.Size([3, 1, 1, 24])",torch.bfloat16,144
getitem_100,"torch.Size([3, 1, 1, 24])",torch.bfloat16,144
getitem_101,"torch.Size([3, 1, 1, 16])",torch.bfloat16,96
getitem_102,"torch.Size([3, 1, 1, 24])",torch.bfloat16,144
getitem_103,"torch.Size([3, 1, 1, 24])",torch.bfloat16,144
select_85,"torch.Size([1, 1, 16])",torch.bfloat16,32
select_86,"torch.Size([1, 1, 24])",torch.bfloat16,48
select_87,"torch.Size([1, 1, 24])",torch.bfloat16,48
select_88,"torch.Size([1, 1, 16])",torch.bfloat16,32
select_89,"torch.Size([1, 1, 24])",torch.bfloat16,48
select_90,"torch.Size([1, 1, 24])",torch.bfloat16,48
cat_43,"torch.Size([1, 1, 128])",torch.bfloat16,256
unsqueeze_40,"torch.Size([1, 1, 1, 128])",torch.bfloat16,256
getitem_104,"torch.Size([3, 1, 1, 16])",torch.bfloat16,96
getitem_105,"torch.Size([3, 1, 1, 24])",torch.bfloat16,144
getitem_106,"torch.Size([3, 1, 1, 24])",torch.bfloat16,144
getitem_107,"torch.Size([3, 1, 1, 16])",torch.bfloat16,96
getitem_108,"torch.Size([3, 1, 1, 24])",torch.bfloat16,144
getitem_109,"torch.Size([3, 1, 1, 24])",torch.bfloat16,144
select_91,"torch.Size([1, 1, 16])",torch.bfloat16,32
select_92,"torch.Size([1, 1, 24])",torch.bfloat16,48
select_93,"torch.Size([1, 1, 24])",torch.bfloat16,48
select_94,"torch.Size([1, 1, 16])",torch.bfloat16,32
select_95,"torch.Size([1, 1, 24])",torch.bfloat16,48
select_96,"torch.Size([1, 1, 24])",torch.bfloat16,48
cat_44,"torch.Size([1, 1, 128])",torch.bfloat16,256
unsqueeze_41,"torch.Size([1, 1, 1, 128])",torch.bfloat16,256
mul_68,"torch.Size([1, 28, 1, 128])",torch.bfloat16,7168
slice_151,"torch.Size([1, 28, 1, 64])",torch.bfloat16,3584
slice_152,"torch.Size([1, 28, 1, 64])",torch.bfloat16,3584
neg_14,"torch.Size([1, 28, 1, 64])",torch.bfloat16,3584
cat_45,"torch.Size([1, 28, 1, 128])",torch.bfloat16,7168
mul_69,"torch.Size([1, 28, 1, 128])",torch.bfloat16,7168
add_46,"torch.Size([1, 28, 1, 128])",torch.bfloat16,7168
mul_70,"torch.Size([1, 4, 1, 128])",torch.bfloat16,1024
slice_153,"torch.Size([1, 4, 1, 64])",torch.bfloat16,512
slice_154,"torch.Size([1, 4, 1, 64])",torch.bfloat16,512
neg_15,"torch.Size([1, 4, 1, 64])",torch.bfloat16,512
cat_46,"torch.Size([1, 4, 1, 128])",torch.bfloat16,1024
mul_71,"torch.Size([1, 4, 1, 128])",torch.bfloat16,1024
add_47,"torch.Size([1, 4, 1, 128])",torch.bfloat16,1024
cat_47,"torch.Size([1, 4, 3610, 128])",torch.bfloat16,3696640
cat_48,"torch.Size([1, 4, 3610, 128])",torch.bfloat16,3696640
slice_155,"torch.Size([1, 4, 3610, 128])",torch.bfloat16,3696640
slice_156,"torch.Size([1, 4, 3610, 128])",torch.bfloat16,3696640
unsqueeze_42,"torch.Size([1, 4, 1, 3610, 128])",torch.bfloat16,3696640
slice_157,"torch.Size([1, 4, 1, 3610, 128])",torch.bfloat16,3696640
slice_158,"torch.Size([1, 4, 1, 3610, 128])",torch.bfloat16,3696640
expand_22,"torch.Size([1, 4, 7, 3610, 128])",torch.bfloat16,25876480
clone_16,"torch.Size([1, 4, 7, 3610, 128])",torch.bfloat16,25876480
_unsafe_view_14,"torch.Size([1, 28, 3610, 128])",torch.bfloat16,25876480
slice_159,"torch.Size([1, 4, 3610, 128])",torch.bfloat16,3696640
slice_160,"torch.Size([1, 4, 3610, 128])",torch.bfloat16,3696640
unsqueeze_43,"torch.Size([1, 4, 1, 3610, 128])",torch.bfloat16,3696640
slice_161,"torch.Size([1, 4, 1, 3610, 128])",torch.bfloat16,3696640
slice_162,"torch.Size([1, 4, 1, 3610, 128])",torch.bfloat16,3696640
expand_23,"torch.Size([1, 4, 7, 3610, 128])",torch.bfloat16,25876480
clone_17,"torch.Size([1, 4, 7, 3610, 128])",torch.bfloat16,25876480
_unsafe_view_15,"torch.Size([1, 28, 3610, 128])",torch.bfloat16,25876480
slice_166,"torch.Size([1, 1, 1, 3610])",torch.bfloat16,7220
slice_167,"torch.Size([1, 1, 1, 3610])",torch.bfloat16,7220
slice_168,"torch.Size([1, 1, 1, 3610])",torch.bfloat16,7220
getitem_110,"torch.Size([1, 28, 1, 128])",torch.bfloat16,7168
transpose_32,"torch.Size([1, 1, 28, 128])",torch.bfloat16,7168
view_142,"torch.Size([1, 1, 3584])",torch.bfloat16,7168
t_52,"torch.Size([3584, 3584])",torch.bfloat16,25690112
view_143,"torch.Size([1, 3584])",torch.bfloat16,7168
mm_28,"torch.Size([1, 3584])",torch.bfloat16,7168
view_144,"torch.Size([1, 1, 3584])",torch.bfloat16,7168
add_48,"torch.Size([1, 1, 3584])",torch.bfloat16,7168
_to_copy_33,"torch.Size([1, 1, 3584])",torch.float32,14336
pow_16,"torch.Size([1, 1, 3584])",torch.float32,14336
mean_15,"torch.Size([1, 1, 1])",torch.float32,4
add_49,"torch.Size([1, 1, 1])",torch.float32,4
rsqrt_15,"torch.Size([1, 1, 1])",torch.float32,4
mul_72,"torch.Size([1, 1, 3584])",torch.float32,14336
_to_copy_34,"torch.Size([1, 1, 3584])",torch.bfloat16,7168
mul_73,"torch.Size([1, 1, 3584])",torch.bfloat16,7168
t_53,"torch.Size([3584, 18944])",torch.bfloat16,135790592
view_145,"torch.Size([1, 3584])",torch.bfloat16,7168
mm_29,"torch.Size([1, 18944])",torch.bfloat16,37888
view_146,"torch.Size([1, 1, 18944])",torch.bfloat16,37888
silu_7,"torch.Size([1, 1, 18944])",torch.bfloat16,37888
t_54,"torch.Size([3584, 18944])",torch.bfloat16,135790592
view_147,"torch.Size([1, 3584])",torch.bfloat16,7168
mm_30,"torch.Size([1, 18944])",torch.bfloat16,37888
view_148,"torch.Size([1, 1, 18944])",torch.bfloat16,37888
mul_74,"torch.Size([1, 1, 18944])",torch.bfloat16,37888
t_55,"torch.Size([18944, 3584])",torch.bfloat16,135790592
view_149,"torch.Size([1, 18944])",torch.bfloat16,37888
mm_31,"torch.Size([1, 3584])",torch.bfloat16,7168
view_150,"torch.Size([1, 1, 3584])",torch.bfloat16,7168
add_50,"torch.Size([1, 1, 3584])",torch.bfloat16,7168
_to_copy_35,"torch.Size([1, 1, 3584])",torch.float32,14336
pow_17,"torch.Size([1, 1, 3584])",torch.float32,14336
mean_16,"torch.Size([1, 1, 1])",torch.float32,4
add_51,"torch.Size([1, 1, 1])",torch.float32,4
rsqrt_16,"torch.Size([1, 1, 1])",torch.float32,4
mul_75,"torch.Size([1, 1, 3584])",torch.float32,14336
_to_copy_36,"torch.Size([1, 1, 3584])",torch.bfloat16,7168
mul_76,"torch.Size([1, 1, 3584])",torch.bfloat16,7168
view_151,"torch.Size([1, 3584])",torch.bfloat16,7168
t_56,"torch.Size([3584, 3584])",torch.bfloat16,25690112
addmm_24,"torch.Size([1, 3584])",torch.bfloat16,7168
view_152,"torch.Size([1, 1, 3584])",torch.bfloat16,7168
view_153,"torch.Size([1, 3584])",torch.bfloat16,7168
t_57,"torch.Size([3584, 512])",torch.bfloat16,3670016
addmm_25,"torch.Size([1, 512])",torch.bfloat16,1024
view_154,"torch.Size([1, 1, 512])",torch.bfloat16,1024
view_155,"torch.Size([1, 3584])",torch.bfloat16,7168
t_58,"torch.Size([3584, 512])",torch.bfloat16,3670016
addmm_26,"torch.Size([1, 512])",torch.bfloat16,1024
view_156,"torch.Size([1, 1, 512])",torch.bfloat16,1024
view_157,"torch.Size([1, 1, 28, 128])",torch.bfloat16,7168
transpose_33,"torch.Size([1, 28, 1, 128])",torch.bfloat16,7168
view_158,"torch.Size([1, 1, 4, 128])",torch.bfloat16,1024
transpose_34,"torch.Size([1, 4, 1, 128])",torch.bfloat16,1024
view_159,"torch.Size([1, 1, 4, 128])",torch.bfloat16,1024
transpose_35,"torch.Size([1, 4, 1, 128])",torch.bfloat16,1024
getitem_112,"torch.Size([3, 1, 1, 16])",torch.bfloat16,96
getitem_113,"torch.Size([3, 1, 1, 24])",torch.bfloat16,144
getitem_114,"torch.Size([3, 1, 1, 24])",torch.bfloat16,144
getitem_115,"torch.Size([3, 1, 1, 16])",torch.bfloat16,96
getitem_116,"torch.Size([3, 1, 1, 24])",torch.bfloat16,144
getitem_117,"torch.Size([3, 1, 1, 24])",torch.bfloat16,144
select_97,"torch.Size([1, 1, 16])",torch.bfloat16,32
select_98,"torch.Size([1, 1, 24])",torch.bfloat16,48
select_99,"torch.Size([1, 1, 24])",torch.bfloat16,48
select_100,"torch.Size([1, 1, 16])",torch.bfloat16,32
select_101,"torch.Size([1, 1, 24])",torch.bfloat16,48
select_102,"torch.Size([1, 1, 24])",torch.bfloat16,48
cat_49,"torch.Size([1, 1, 128])",torch.bfloat16,256
unsqueeze_44,"torch.Size([1, 1, 1, 128])",torch.bfloat16,256
getitem_118,"torch.Size([3, 1, 1, 16])",torch.bfloat16,96
getitem_119,"torch.Size([3, 1, 1, 24])",torch.bfloat16,144
getitem_120,"torch.Size([3, 1, 1, 24])",torch.bfloat16,144
getitem_121,"torch.Size([3, 1, 1, 16])",torch.bfloat16,96
getitem_122,"torch.Size([3, 1, 1, 24])",torch.bfloat16,144
getitem_123,"torch.Size([3, 1, 1, 24])",torch.bfloat16,144
select_103,"torch.Size([1, 1, 16])",torch.bfloat16,32
select_104,"torch.Size([1, 1, 24])",torch.bfloat16,48
select_105,"torch.Size([1, 1, 24])",torch.bfloat16,48
select_106,"torch.Size([1, 1, 16])",torch.bfloat16,32
select_107,"torch.Size([1, 1, 24])",torch.bfloat16,48
select_108,"torch.Size([1, 1, 24])",torch.bfloat16,48
cat_50,"torch.Size([1, 1, 128])",torch.bfloat16,256
unsqueeze_45,"torch.Size([1, 1, 1, 128])",torch.bfloat16,256
mul_77,"torch.Size([1, 28, 1, 128])",torch.bfloat16,7168
slice_169,"torch.Size([1, 28, 1, 64])",torch.bfloat16,3584
slice_170,"torch.Size([1, 28, 1, 64])",torch.bfloat16,3584
neg_16,"torch.Size([1, 28, 1, 64])",torch.bfloat16,3584
cat_51,"torch.Size([1, 28, 1, 128])",torch.bfloat16,7168
mul_78,"torch.Size([1, 28, 1, 128])",torch.bfloat16,7168
add_52,"torch.Size([1, 28, 1, 128])",torch.bfloat16,7168
mul_79,"torch.Size([1, 4, 1, 128])",torch.bfloat16,1024
slice_171,"torch.Size([1, 4, 1, 64])",torch.bfloat16,512
slice_172,"torch.Size([1, 4, 1, 64])",torch.bfloat16,512
neg_17,"torch.Size([1, 4, 1, 64])",torch.bfloat16,512
cat_52,"torch.Size([1, 4, 1, 128])",torch.bfloat16,1024
mul_80,"torch.Size([1, 4, 1, 128])",torch.bfloat16,1024
add_53,"torch.Size([1, 4, 1, 128])",torch.bfloat16,1024
cat_53,"torch.Size([1, 4, 3610, 128])",torch.bfloat16,3696640
cat_54,"torch.Size([1, 4, 3610, 128])",torch.bfloat16,3696640
slice_173,"torch.Size([1, 4, 3610, 128])",torch.bfloat16,3696640
slice_174,"torch.Size([1, 4, 3610, 128])",torch.bfloat16,3696640
unsqueeze_46,"torch.Size([1, 4, 1, 3610, 128])",torch.bfloat16,3696640
slice_175,"torch.Size([1, 4, 1, 3610, 128])",torch.bfloat16,3696640
slice_176,"torch.Size([1, 4, 1, 3610, 128])",torch.bfloat16,3696640
expand_24,"torch.Size([1, 4, 7, 3610, 128])",torch.bfloat16,25876480
clone_18,"torch.Size([1, 4, 7, 3610, 128])",torch.bfloat16,25876480
_unsafe_view_16,"torch.Size([1, 28, 3610, 128])",torch.bfloat16,25876480
slice_177,"torch.Size([1, 4, 3610, 128])",torch.bfloat16,3696640
slice_178,"torch.Size([1, 4, 3610, 128])",torch.bfloat16,3696640
unsqueeze_47,"torch.Size([1, 4, 1, 3610, 128])",torch.bfloat16,3696640
slice_179,"torch.Size([1, 4, 1, 3610, 128])",torch.bfloat16,3696640
slice_180,"torch.Size([1, 4, 1, 3610, 128])",torch.bfloat16,3696640
expand_25,"torch.Size([1, 4, 7, 3610, 128])",torch.bfloat16,25876480
clone_19,"torch.Size([1, 4, 7, 3610, 128])",torch.bfloat16,25876480
_unsafe_view_17,"torch.Size([1, 28, 3610, 128])",torch.bfloat16,25876480
slice_184,"torch.Size([1, 1, 1, 3610])",torch.bfloat16,7220
slice_185,"torch.Size([1, 1, 1, 3610])",torch.bfloat16,7220
slice_186,"torch.Size([1, 1, 1, 3610])",torch.bfloat16,7220
getitem_124,"torch.Size([1, 28, 1, 128])",torch.bfloat16,7168
transpose_36,"torch.Size([1, 1, 28, 128])",torch.bfloat16,7168
view_160,"torch.Size([1, 1, 3584])",torch.bfloat16,7168
t_59,"torch.Size([3584, 3584])",torch.bfloat16,25690112
view_161,"torch.Size([1, 3584])",torch.bfloat16,7168
mm_32,"torch.Size([1, 3584])",torch.bfloat16,7168
view_162,"torch.Size([1, 1, 3584])",torch.bfloat16,7168
add_54,"torch.Size([1, 1, 3584])",torch.bfloat16,7168
_to_copy_37,"torch.Size([1, 1, 3584])",torch.float32,14336
pow_18,"torch.Size([1, 1, 3584])",torch.float32,14336
mean_17,"torch.Size([1, 1, 1])",torch.float32,4
add_55,"torch.Size([1, 1, 1])",torch.float32,4
rsqrt_17,"torch.Size([1, 1, 1])",torch.float32,4
mul_81,"torch.Size([1, 1, 3584])",torch.float32,14336
_to_copy_38,"torch.Size([1, 1, 3584])",torch.bfloat16,7168
mul_82,"torch.Size([1, 1, 3584])",torch.bfloat16,7168
t_60,"torch.Size([3584, 18944])",torch.bfloat16,135790592
view_163,"torch.Size([1, 3584])",torch.bfloat16,7168
mm_33,"torch.Size([1, 18944])",torch.bfloat16,37888
view_164,"torch.Size([1, 1, 18944])",torch.bfloat16,37888
silu_8,"torch.Size([1, 1, 18944])",torch.bfloat16,37888
t_61,"torch.Size([3584, 18944])",torch.bfloat16,135790592
view_165,"torch.Size([1, 3584])",torch.bfloat16,7168
mm_34,"torch.Size([1, 18944])",torch.bfloat16,37888
view_166,"torch.Size([1, 1, 18944])",torch.bfloat16,37888
mul_83,"torch.Size([1, 1, 18944])",torch.bfloat16,37888
t_62,"torch.Size([18944, 3584])",torch.bfloat16,135790592
view_167,"torch.Size([1, 18944])",torch.bfloat16,37888
mm_35,"torch.Size([1, 3584])",torch.bfloat16,7168
view_168,"torch.Size([1, 1, 3584])",torch.bfloat16,7168
add_56,"torch.Size([1, 1, 3584])",torch.bfloat16,7168
_to_copy_39,"torch.Size([1, 1, 3584])",torch.float32,14336
pow_19,"torch.Size([1, 1, 3584])",torch.float32,14336
mean_18,"torch.Size([1, 1, 1])",torch.float32,4
add_57,"torch.Size([1, 1, 1])",torch.float32,4
rsqrt_18,"torch.Size([1, 1, 1])",torch.float32,4
mul_84,"torch.Size([1, 1, 3584])",torch.float32,14336
_to_copy_40,"torch.Size([1, 1, 3584])",torch.bfloat16,7168
mul_85,"torch.Size([1, 1, 3584])",torch.bfloat16,7168
view_169,"torch.Size([1, 3584])",torch.bfloat16,7168
t_63,"torch.Size([3584, 3584])",torch.bfloat16,25690112
addmm_27,"torch.Size([1, 3584])",torch.bfloat16,7168
view_170,"torch.Size([1, 1, 3584])",torch.bfloat16,7168
view_171,"torch.Size([1, 3584])",torch.bfloat16,7168
t_64,"torch.Size([3584, 512])",torch.bfloat16,3670016
addmm_28,"torch.Size([1, 512])",torch.bfloat16,1024
view_172,"torch.Size([1, 1, 512])",torch.bfloat16,1024
view_173,"torch.Size([1, 3584])",torch.bfloat16,7168
t_65,"torch.Size([3584, 512])",torch.bfloat16,3670016
addmm_29,"torch.Size([1, 512])",torch.bfloat16,1024
view_174,"torch.Size([1, 1, 512])",torch.bfloat16,1024
view_175,"torch.Size([1, 1, 28, 128])",torch.bfloat16,7168
transpose_37,"torch.Size([1, 28, 1, 128])",torch.bfloat16,7168
view_176,"torch.Size([1, 1, 4, 128])",torch.bfloat16,1024
transpose_38,"torch.Size([1, 4, 1, 128])",torch.bfloat16,1024
view_177,"torch.Size([1, 1, 4, 128])",torch.bfloat16,1024
transpose_39,"torch.Size([1, 4, 1, 128])",torch.bfloat16,1024
getitem_126,"torch.Size([3, 1, 1, 16])",torch.bfloat16,96
getitem_127,"torch.Size([3, 1, 1, 24])",torch.bfloat16,144
getitem_128,"torch.Size([3, 1, 1, 24])",torch.bfloat16,144
getitem_129,"torch.Size([3, 1, 1, 16])",torch.bfloat16,96
getitem_130,"torch.Size([3, 1, 1, 24])",torch.bfloat16,144
getitem_131,"torch.Size([3, 1, 1, 24])",torch.bfloat16,144
select_109,"torch.Size([1, 1, 16])",torch.bfloat16,32
select_110,"torch.Size([1, 1, 24])",torch.bfloat16,48
select_111,"torch.Size([1, 1, 24])",torch.bfloat16,48
select_112,"torch.Size([1, 1, 16])",torch.bfloat16,32
select_113,"torch.Size([1, 1, 24])",torch.bfloat16,48
select_114,"torch.Size([1, 1, 24])",torch.bfloat16,48
cat_55,"torch.Size([1, 1, 128])",torch.bfloat16,256
unsqueeze_48,"torch.Size([1, 1, 1, 128])",torch.bfloat16,256
getitem_132,"torch.Size([3, 1, 1, 16])",torch.bfloat16,96
getitem_133,"torch.Size([3, 1, 1, 24])",torch.bfloat16,144
getitem_134,"torch.Size([3, 1, 1, 24])",torch.bfloat16,144
getitem_135,"torch.Size([3, 1, 1, 16])",torch.bfloat16,96
getitem_136,"torch.Size([3, 1, 1, 24])",torch.bfloat16,144
getitem_137,"torch.Size([3, 1, 1, 24])",torch.bfloat16,144
select_115,"torch.Size([1, 1, 16])",torch.bfloat16,32
select_116,"torch.Size([1, 1, 24])",torch.bfloat16,48
select_117,"torch.Size([1, 1, 24])",torch.bfloat16,48
select_118,"torch.Size([1, 1, 16])",torch.bfloat16,32
select_119,"torch.Size([1, 1, 24])",torch.bfloat16,48
select_120,"torch.Size([1, 1, 24])",torch.bfloat16,48
cat_56,"torch.Size([1, 1, 128])",torch.bfloat16,256
unsqueeze_49,"torch.Size([1, 1, 1, 128])",torch.bfloat16,256
mul_86,"torch.Size([1, 28, 1, 128])",torch.bfloat16,7168
slice_187,"torch.Size([1, 28, 1, 64])",torch.bfloat16,3584
slice_188,"torch.Size([1, 28, 1, 64])",torch.bfloat16,3584
neg_18,"torch.Size([1, 28, 1, 64])",torch.bfloat16,3584
cat_57,"torch.Size([1, 28, 1, 128])",torch.bfloat16,7168
mul_87,"torch.Size([1, 28, 1, 128])",torch.bfloat16,7168
add_58,"torch.Size([1, 28, 1, 128])",torch.bfloat16,7168
mul_88,"torch.Size([1, 4, 1, 128])",torch.bfloat16,1024
slice_189,"torch.Size([1, 4, 1, 64])",torch.bfloat16,512
slice_190,"torch.Size([1, 4, 1, 64])",torch.bfloat16,512
neg_19,"torch.Size([1, 4, 1, 64])",torch.bfloat16,512
cat_58,"torch.Size([1, 4, 1, 128])",torch.bfloat16,1024
mul_89,"torch.Size([1, 4, 1, 128])",torch.bfloat16,1024
add_59,"torch.Size([1, 4, 1, 128])",torch.bfloat16,1024
cat_59,"torch.Size([1, 4, 3610, 128])",torch.bfloat16,3696640
cat_60,"torch.Size([1, 4, 3610, 128])",torch.bfloat16,3696640
slice_191,"torch.Size([1, 4, 3610, 128])",torch.bfloat16,3696640
slice_192,"torch.Size([1, 4, 3610, 128])",torch.bfloat16,3696640
unsqueeze_50,"torch.Size([1, 4, 1, 3610, 128])",torch.bfloat16,3696640
slice_193,"torch.Size([1, 4, 1, 3610, 128])",torch.bfloat16,3696640
slice_194,"torch.Size([1, 4, 1, 3610, 128])",torch.bfloat16,3696640
expand_26,"torch.Size([1, 4, 7, 3610, 128])",torch.bfloat16,25876480
clone_20,"torch.Size([1, 4, 7, 3610, 128])",torch.bfloat16,25876480
_unsafe_view_18,"torch.Size([1, 28, 3610, 128])",torch.bfloat16,25876480
slice_195,"torch.Size([1, 4, 3610, 128])",torch.bfloat16,3696640
slice_196,"torch.Size([1, 4, 3610, 128])",torch.bfloat16,3696640
unsqueeze_51,"torch.Size([1, 4, 1, 3610, 128])",torch.bfloat16,3696640
slice_197,"torch.Size([1, 4, 1, 3610, 128])",torch.bfloat16,3696640
slice_198,"torch.Size([1, 4, 1, 3610, 128])",torch.bfloat16,3696640
expand_27,"torch.Size([1, 4, 7, 3610, 128])",torch.bfloat16,25876480
clone_21,"torch.Size([1, 4, 7, 3610, 128])",torch.bfloat16,25876480
_unsafe_view_19,"torch.Size([1, 28, 3610, 128])",torch.bfloat16,25876480
slice_202,"torch.Size([1, 1, 1, 3610])",torch.bfloat16,7220
slice_203,"torch.Size([1, 1, 1, 3610])",torch.bfloat16,7220
slice_204,"torch.Size([1, 1, 1, 3610])",torch.bfloat16,7220
getitem_138,"torch.Size([1, 28, 1, 128])",torch.bfloat16,7168
transpose_40,"torch.Size([1, 1, 28, 128])",torch.bfloat16,7168
view_178,"torch.Size([1, 1, 3584])",torch.bfloat16,7168
t_66,"torch.Size([3584, 3584])",torch.bfloat16,25690112
view_179,"torch.Size([1, 3584])",torch.bfloat16,7168
mm_36,"torch.Size([1, 3584])",torch.bfloat16,7168
view_180,"torch.Size([1, 1, 3584])",torch.bfloat16,7168
add_60,"torch.Size([1, 1, 3584])",torch.bfloat16,7168
_to_copy_41,"torch.Size([1, 1, 3584])",torch.float32,14336
pow_20,"torch.Size([1, 1, 3584])",torch.float32,14336
mean_19,"torch.Size([1, 1, 1])",torch.float32,4
add_61,"torch.Size([1, 1, 1])",torch.float32,4
rsqrt_19,"torch.Size([1, 1, 1])",torch.float32,4
mul_90,"torch.Size([1, 1, 3584])",torch.float32,14336
_to_copy_42,"torch.Size([1, 1, 3584])",torch.bfloat16,7168
mul_91,"torch.Size([1, 1, 3584])",torch.bfloat16,7168
t_67,"torch.Size([3584, 18944])",torch.bfloat16,135790592
view_181,"torch.Size([1, 3584])",torch.bfloat16,7168
mm_37,"torch.Size([1, 18944])",torch.bfloat16,37888
view_182,"torch.Size([1, 1, 18944])",torch.bfloat16,37888
silu_9,"torch.Size([1, 1, 18944])",torch.bfloat16,37888
t_68,"torch.Size([3584, 18944])",torch.bfloat16,135790592
view_183,"torch.Size([1, 3584])",torch.bfloat16,7168
mm_38,"torch.Size([1, 18944])",torch.bfloat16,37888
view_184,"torch.Size([1, 1, 18944])",torch.bfloat16,37888
mul_92,"torch.Size([1, 1, 18944])",torch.bfloat16,37888
t_69,"torch.Size([18944, 3584])",torch.bfloat16,135790592
view_185,"torch.Size([1, 18944])",torch.bfloat16,37888
mm_39,"torch.Size([1, 3584])",torch.bfloat16,7168
view_186,"torch.Size([1, 1, 3584])",torch.bfloat16,7168
add_62,"torch.Size([1, 1, 3584])",torch.bfloat16,7168
_to_copy_43,"torch.Size([1, 1, 3584])",torch.float32,14336
pow_21,"torch.Size([1, 1, 3584])",torch.float32,14336
mean_20,"torch.Size([1, 1, 1])",torch.float32,4
add_63,"torch.Size([1, 1, 1])",torch.float32,4
rsqrt_20,"torch.Size([1, 1, 1])",torch.float32,4
mul_93,"torch.Size([1, 1, 3584])",torch.float32,14336
_to_copy_44,"torch.Size([1, 1, 3584])",torch.bfloat16,7168
mul_94,"torch.Size([1, 1, 3584])",torch.bfloat16,7168
view_187,"torch.Size([1, 3584])",torch.bfloat16,7168
t_70,"torch.Size([3584, 3584])",torch.bfloat16,25690112
addmm_30,"torch.Size([1, 3584])",torch.bfloat16,7168
view_188,"torch.Size([1, 1, 3584])",torch.bfloat16,7168
view_189,"torch.Size([1, 3584])",torch.bfloat16,7168
t_71,"torch.Size([3584, 512])",torch.bfloat16,3670016
addmm_31,"torch.Size([1, 512])",torch.bfloat16,1024
view_190,"torch.Size([1, 1, 512])",torch.bfloat16,1024
view_191,"torch.Size([1, 3584])",torch.bfloat16,7168
t_72,"torch.Size([3584, 512])",torch.bfloat16,3670016
addmm_32,"torch.Size([1, 512])",torch.bfloat16,1024
view_192,"torch.Size([1, 1, 512])",torch.bfloat16,1024
view_193,"torch.Size([1, 1, 28, 128])",torch.bfloat16,7168
transpose_41,"torch.Size([1, 28, 1, 128])",torch.bfloat16,7168
view_194,"torch.Size([1, 1, 4, 128])",torch.bfloat16,1024
transpose_42,"torch.Size([1, 4, 1, 128])",torch.bfloat16,1024
view_195,"torch.Size([1, 1, 4, 128])",torch.bfloat16,1024
transpose_43,"torch.Size([1, 4, 1, 128])",torch.bfloat16,1024
getitem_140,"torch.Size([3, 1, 1, 16])",torch.bfloat16,96
getitem_141,"torch.Size([3, 1, 1, 24])",torch.bfloat16,144
getitem_142,"torch.Size([3, 1, 1, 24])",torch.bfloat16,144
getitem_143,"torch.Size([3, 1, 1, 16])",torch.bfloat16,96
getitem_144,"torch.Size([3, 1, 1, 24])",torch.bfloat16,144
getitem_145,"torch.Size([3, 1, 1, 24])",torch.bfloat16,144
select_121,"torch.Size([1, 1, 16])",torch.bfloat16,32
select_122,"torch.Size([1, 1, 24])",torch.bfloat16,48
select_123,"torch.Size([1, 1, 24])",torch.bfloat16,48
select_124,"torch.Size([1, 1, 16])",torch.bfloat16,32
select_125,"torch.Size([1, 1, 24])",torch.bfloat16,48
select_126,"torch.Size([1, 1, 24])",torch.bfloat16,48
cat_61,"torch.Size([1, 1, 128])",torch.bfloat16,256
unsqueeze_52,"torch.Size([1, 1, 1, 128])",torch.bfloat16,256
getitem_146,"torch.Size([3, 1, 1, 16])",torch.bfloat16,96
getitem_147,"torch.Size([3, 1, 1, 24])",torch.bfloat16,144
getitem_148,"torch.Size([3, 1, 1, 24])",torch.bfloat16,144
getitem_149,"torch.Size([3, 1, 1, 16])",torch.bfloat16,96
getitem_150,"torch.Size([3, 1, 1, 24])",torch.bfloat16,144
getitem_151,"torch.Size([3, 1, 1, 24])",torch.bfloat16,144
select_127,"torch.Size([1, 1, 16])",torch.bfloat16,32
select_128,"torch.Size([1, 1, 24])",torch.bfloat16,48
select_129,"torch.Size([1, 1, 24])",torch.bfloat16,48
select_130,"torch.Size([1, 1, 16])",torch.bfloat16,32
select_131,"torch.Size([1, 1, 24])",torch.bfloat16,48
select_132,"torch.Size([1, 1, 24])",torch.bfloat16,48
cat_62,"torch.Size([1, 1, 128])",torch.bfloat16,256
unsqueeze_53,"torch.Size([1, 1, 1, 128])",torch.bfloat16,256
mul_95,"torch.Size([1, 28, 1, 128])",torch.bfloat16,7168
slice_205,"torch.Size([1, 28, 1, 64])",torch.bfloat16,3584
slice_206,"torch.Size([1, 28, 1, 64])",torch.bfloat16,3584
neg_20,"torch.Size([1, 28, 1, 64])",torch.bfloat16,3584
cat_63,"torch.Size([1, 28, 1, 128])",torch.bfloat16,7168
mul_96,"torch.Size([1, 28, 1, 128])",torch.bfloat16,7168
add_64,"torch.Size([1, 28, 1, 128])",torch.bfloat16,7168
mul_97,"torch.Size([1, 4, 1, 128])",torch.bfloat16,1024
slice_207,"torch.Size([1, 4, 1, 64])",torch.bfloat16,512
slice_208,"torch.Size([1, 4, 1, 64])",torch.bfloat16,512
neg_21,"torch.Size([1, 4, 1, 64])",torch.bfloat16,512
cat_64,"torch.Size([1, 4, 1, 128])",torch.bfloat16,1024
mul_98,"torch.Size([1, 4, 1, 128])",torch.bfloat16,1024
add_65,"torch.Size([1, 4, 1, 128])",torch.bfloat16,1024
cat_65,"torch.Size([1, 4, 3610, 128])",torch.bfloat16,3696640
cat_66,"torch.Size([1, 4, 3610, 128])",torch.bfloat16,3696640
slice_209,"torch.Size([1, 4, 3610, 128])",torch.bfloat16,3696640
slice_210,"torch.Size([1, 4, 3610, 128])",torch.bfloat16,3696640
unsqueeze_54,"torch.Size([1, 4, 1, 3610, 128])",torch.bfloat16,3696640
slice_211,"torch.Size([1, 4, 1, 3610, 128])",torch.bfloat16,3696640
slice_212,"torch.Size([1, 4, 1, 3610, 128])",torch.bfloat16,3696640
expand_28,"torch.Size([1, 4, 7, 3610, 128])",torch.bfloat16,25876480
clone_22,"torch.Size([1, 4, 7, 3610, 128])",torch.bfloat16,25876480
_unsafe_view_20,"torch.Size([1, 28, 3610, 128])",torch.bfloat16,25876480
slice_213,"torch.Size([1, 4, 3610, 128])",torch.bfloat16,3696640
slice_214,"torch.Size([1, 4, 3610, 128])",torch.bfloat16,3696640
unsqueeze_55,"torch.Size([1, 4, 1, 3610, 128])",torch.bfloat16,3696640
slice_215,"torch.Size([1, 4, 1, 3610, 128])",torch.bfloat16,3696640
slice_216,"torch.Size([1, 4, 1, 3610, 128])",torch.bfloat16,3696640
expand_29,"torch.Size([1, 4, 7, 3610, 128])",torch.bfloat16,25876480
clone_23,"torch.Size([1, 4, 7, 3610, 128])",torch.bfloat16,25876480
_unsafe_view_21,"torch.Size([1, 28, 3610, 128])",torch.bfloat16,25876480
slice_220,"torch.Size([1, 1, 1, 3610])",torch.bfloat16,7220
slice_221,"torch.Size([1, 1, 1, 3610])",torch.bfloat16,7220
slice_222,"torch.Size([1, 1, 1, 3610])",torch.bfloat16,7220
getitem_152,"torch.Size([1, 28, 1, 128])",torch.bfloat16,7168
transpose_44,"torch.Size([1, 1, 28, 128])",torch.bfloat16,7168
view_196,"torch.Size([1, 1, 3584])",torch.bfloat16,7168
t_73,"torch.Size([3584, 3584])",torch.bfloat16,25690112
view_197,"torch.Size([1, 3584])",torch.bfloat16,7168
mm_40,"torch.Size([1, 3584])",torch.bfloat16,7168
view_198,"torch.Size([1, 1, 3584])",torch.bfloat16,7168
add_66,"torch.Size([1, 1, 3584])",torch.bfloat16,7168
_to_copy_45,"torch.Size([1, 1, 3584])",torch.float32,14336
pow_22,"torch.Size([1, 1, 3584])",torch.float32,14336
mean_21,"torch.Size([1, 1, 1])",torch.float32,4
add_67,"torch.Size([1, 1, 1])",torch.float32,4
rsqrt_21,"torch.Size([1, 1, 1])",torch.float32,4
mul_99,"torch.Size([1, 1, 3584])",torch.float32,14336
_to_copy_46,"torch.Size([1, 1, 3584])",torch.bfloat16,7168
mul_100,"torch.Size([1, 1, 3584])",torch.bfloat16,7168
t_74,"torch.Size([3584, 18944])",torch.bfloat16,135790592
view_199,"torch.Size([1, 3584])",torch.bfloat16,7168
mm_41,"torch.Size([1, 18944])",torch.bfloat16,37888
view_200,"torch.Size([1, 1, 18944])",torch.bfloat16,37888
silu_10,"torch.Size([1, 1, 18944])",torch.bfloat16,37888
t_75,"torch.Size([3584, 18944])",torch.bfloat16,135790592
view_201,"torch.Size([1, 3584])",torch.bfloat16,7168
mm_42,"torch.Size([1, 18944])",torch.bfloat16,37888
view_202,"torch.Size([1, 1, 18944])",torch.bfloat16,37888
mul_101,"torch.Size([1, 1, 18944])",torch.bfloat16,37888
t_76,"torch.Size([18944, 3584])",torch.bfloat16,135790592
view_203,"torch.Size([1, 18944])",torch.bfloat16,37888
mm_43,"torch.Size([1, 3584])",torch.bfloat16,7168
view_204,"torch.Size([1, 1, 3584])",torch.bfloat16,7168
add_68,"torch.Size([1, 1, 3584])",torch.bfloat16,7168
_to_copy_47,"torch.Size([1, 1, 3584])",torch.float32,14336
pow_23,"torch.Size([1, 1, 3584])",torch.float32,14336
mean_22,"torch.Size([1, 1, 1])",torch.float32,4
add_69,"torch.Size([1, 1, 1])",torch.float32,4
rsqrt_22,"torch.Size([1, 1, 1])",torch.float32,4
mul_102,"torch.Size([1, 1, 3584])",torch.float32,14336
_to_copy_48,"torch.Size([1, 1, 3584])",torch.bfloat16,7168
mul_103,"torch.Size([1, 1, 3584])",torch.bfloat16,7168
view_205,"torch.Size([1, 3584])",torch.bfloat16,7168
t_77,"torch.Size([3584, 3584])",torch.bfloat16,25690112
addmm_33,"torch.Size([1, 3584])",torch.bfloat16,7168
view_206,"torch.Size([1, 1, 3584])",torch.bfloat16,7168
view_207,"torch.Size([1, 3584])",torch.bfloat16,7168
t_78,"torch.Size([3584, 512])",torch.bfloat16,3670016
addmm_34,"torch.Size([1, 512])",torch.bfloat16,1024
view_208,"torch.Size([1, 1, 512])",torch.bfloat16,1024
view_209,"torch.Size([1, 3584])",torch.bfloat16,7168
t_79,"torch.Size([3584, 512])",torch.bfloat16,3670016
addmm_35,"torch.Size([1, 512])",torch.bfloat16,1024
view_210,"torch.Size([1, 1, 512])",torch.bfloat16,1024
view_211,"torch.Size([1, 1, 28, 128])",torch.bfloat16,7168
transpose_45,"torch.Size([1, 28, 1, 128])",torch.bfloat16,7168
view_212,"torch.Size([1, 1, 4, 128])",torch.bfloat16,1024
transpose_46,"torch.Size([1, 4, 1, 128])",torch.bfloat16,1024
view_213,"torch.Size([1, 1, 4, 128])",torch.bfloat16,1024
transpose_47,"torch.Size([1, 4, 1, 128])",torch.bfloat16,1024
getitem_154,"torch.Size([3, 1, 1, 16])",torch.bfloat16,96
getitem_155,"torch.Size([3, 1, 1, 24])",torch.bfloat16,144
getitem_156,"torch.Size([3, 1, 1, 24])",torch.bfloat16,144
getitem_157,"torch.Size([3, 1, 1, 16])",torch.bfloat16,96
getitem_158,"torch.Size([3, 1, 1, 24])",torch.bfloat16,144
getitem_159,"torch.Size([3, 1, 1, 24])",torch.bfloat16,144
select_133,"torch.Size([1, 1, 16])",torch.bfloat16,32
select_134,"torch.Size([1, 1, 24])",torch.bfloat16,48
select_135,"torch.Size([1, 1, 24])",torch.bfloat16,48
select_136,"torch.Size([1, 1, 16])",torch.bfloat16,32
select_137,"torch.Size([1, 1, 24])",torch.bfloat16,48
select_138,"torch.Size([1, 1, 24])",torch.bfloat16,48
cat_67,"torch.Size([1, 1, 128])",torch.bfloat16,256
unsqueeze_56,"torch.Size([1, 1, 1, 128])",torch.bfloat16,256
getitem_160,"torch.Size([3, 1, 1, 16])",torch.bfloat16,96
getitem_161,"torch.Size([3, 1, 1, 24])",torch.bfloat16,144
getitem_162,"torch.Size([3, 1, 1, 24])",torch.bfloat16,144
getitem_163,"torch.Size([3, 1, 1, 16])",torch.bfloat16,96
getitem_164,"torch.Size([3, 1, 1, 24])",torch.bfloat16,144
getitem_165,"torch.Size([3, 1, 1, 24])",torch.bfloat16,144
select_139,"torch.Size([1, 1, 16])",torch.bfloat16,32
select_140,"torch.Size([1, 1, 24])",torch.bfloat16,48
select_141,"torch.Size([1, 1, 24])",torch.bfloat16,48
select_142,"torch.Size([1, 1, 16])",torch.bfloat16,32
select_143,"torch.Size([1, 1, 24])",torch.bfloat16,48
select_144,"torch.Size([1, 1, 24])",torch.bfloat16,48
cat_68,"torch.Size([1, 1, 128])",torch.bfloat16,256
unsqueeze_57,"torch.Size([1, 1, 1, 128])",torch.bfloat16,256
mul_104,"torch.Size([1, 28, 1, 128])",torch.bfloat16,7168
slice_223,"torch.Size([1, 28, 1, 64])",torch.bfloat16,3584
slice_224,"torch.Size([1, 28, 1, 64])",torch.bfloat16,3584
neg_22,"torch.Size([1, 28, 1, 64])",torch.bfloat16,3584
cat_69,"torch.Size([1, 28, 1, 128])",torch.bfloat16,7168
mul_105,"torch.Size([1, 28, 1, 128])",torch.bfloat16,7168
add_70,"torch.Size([1, 28, 1, 128])",torch.bfloat16,7168
mul_106,"torch.Size([1, 4, 1, 128])",torch.bfloat16,1024
slice_225,"torch.Size([1, 4, 1, 64])",torch.bfloat16,512
slice_226,"torch.Size([1, 4, 1, 64])",torch.bfloat16,512
neg_23,"torch.Size([1, 4, 1, 64])",torch.bfloat16,512
cat_70,"torch.Size([1, 4, 1, 128])",torch.bfloat16,1024
mul_107,"torch.Size([1, 4, 1, 128])",torch.bfloat16,1024
add_71,"torch.Size([1, 4, 1, 128])",torch.bfloat16,1024
cat_71,"torch.Size([1, 4, 3610, 128])",torch.bfloat16,3696640
cat_72,"torch.Size([1, 4, 3610, 128])",torch.bfloat16,3696640
slice_227,"torch.Size([1, 4, 3610, 128])",torch.bfloat16,3696640
slice_228,"torch.Size([1, 4, 3610, 128])",torch.bfloat16,3696640
unsqueeze_58,"torch.Size([1, 4, 1, 3610, 128])",torch.bfloat16,3696640
slice_229,"torch.Size([1, 4, 1, 3610, 128])",torch.bfloat16,3696640
slice_230,"torch.Size([1, 4, 1, 3610, 128])",torch.bfloat16,3696640
expand_30,"torch.Size([1, 4, 7, 3610, 128])",torch.bfloat16,25876480
clone_24,"torch.Size([1, 4, 7, 3610, 128])",torch.bfloat16,25876480
_unsafe_view_22,"torch.Size([1, 28, 3610, 128])",torch.bfloat16,25876480
slice_231,"torch.Size([1, 4, 3610, 128])",torch.bfloat16,3696640
slice_232,"torch.Size([1, 4, 3610, 128])",torch.bfloat16,3696640
unsqueeze_59,"torch.Size([1, 4, 1, 3610, 128])",torch.bfloat16,3696640
slice_233,"torch.Size([1, 4, 1, 3610, 128])",torch.bfloat16,3696640
slice_234,"torch.Size([1, 4, 1, 3610, 128])",torch.bfloat16,3696640
expand_31,"torch.Size([1, 4, 7, 3610, 128])",torch.bfloat16,25876480
clone_25,"torch.Size([1, 4, 7, 3610, 128])",torch.bfloat16,25876480
_unsafe_view_23,"torch.Size([1, 28, 3610, 128])",torch.bfloat16,25876480
slice_238,"torch.Size([1, 1, 1, 3610])",torch.bfloat16,7220
slice_239,"torch.Size([1, 1, 1, 3610])",torch.bfloat16,7220
slice_240,"torch.Size([1, 1, 1, 3610])",torch.bfloat16,7220
getitem_166,"torch.Size([1, 28, 1, 128])",torch.bfloat16,7168
transpose_48,"torch.Size([1, 1, 28, 128])",torch.bfloat16,7168
view_214,"torch.Size([1, 1, 3584])",torch.bfloat16,7168
t_80,"torch.Size([3584, 3584])",torch.bfloat16,25690112
view_215,"torch.Size([1, 3584])",torch.bfloat16,7168
mm_44,"torch.Size([1, 3584])",torch.bfloat16,7168
view_216,"torch.Size([1, 1, 3584])",torch.bfloat16,7168
add_72,"torch.Size([1, 1, 3584])",torch.bfloat16,7168
_to_copy_49,"torch.Size([1, 1, 3584])",torch.float32,14336
pow_24,"torch.Size([1, 1, 3584])",torch.float32,14336
mean_23,"torch.Size([1, 1, 1])",torch.float32,4
add_73,"torch.Size([1, 1, 1])",torch.float32,4
rsqrt_23,"torch.Size([1, 1, 1])",torch.float32,4
mul_108,"torch.Size([1, 1, 3584])",torch.float32,14336
_to_copy_50,"torch.Size([1, 1, 3584])",torch.bfloat16,7168
mul_109,"torch.Size([1, 1, 3584])",torch.bfloat16,7168
t_81,"torch.Size([3584, 18944])",torch.bfloat16,135790592
view_217,"torch.Size([1, 3584])",torch.bfloat16,7168
mm_45,"torch.Size([1, 18944])",torch.bfloat16,37888
view_218,"torch.Size([1, 1, 18944])",torch.bfloat16,37888
silu_11,"torch.Size([1, 1, 18944])",torch.bfloat16,37888
t_82,"torch.Size([3584, 18944])",torch.bfloat16,135790592
view_219,"torch.Size([1, 3584])",torch.bfloat16,7168
mm_46,"torch.Size([1, 18944])",torch.bfloat16,37888
view_220,"torch.Size([1, 1, 18944])",torch.bfloat16,37888
mul_110,"torch.Size([1, 1, 18944])",torch.bfloat16,37888
t_83,"torch.Size([18944, 3584])",torch.bfloat16,135790592
view_221,"torch.Size([1, 18944])",torch.bfloat16,37888
mm_47,"torch.Size([1, 3584])",torch.bfloat16,7168
view_222,"torch.Size([1, 1, 3584])",torch.bfloat16,7168
add_74,"torch.Size([1, 1, 3584])",torch.bfloat16,7168
_to_copy_51,"torch.Size([1, 1, 3584])",torch.float32,14336
pow_25,"torch.Size([1, 1, 3584])",torch.float32,14336
mean_24,"torch.Size([1, 1, 1])",torch.float32,4
add_75,"torch.Size([1, 1, 1])",torch.float32,4
rsqrt_24,"torch.Size([1, 1, 1])",torch.float32,4
mul_111,"torch.Size([1, 1, 3584])",torch.float32,14336
_to_copy_52,"torch.Size([1, 1, 3584])",torch.bfloat16,7168
mul_112,"torch.Size([1, 1, 3584])",torch.bfloat16,7168
view_223,"torch.Size([1, 3584])",torch.bfloat16,7168
t_84,"torch.Size([3584, 3584])",torch.bfloat16,25690112
addmm_36,"torch.Size([1, 3584])",torch.bfloat16,7168
view_224,"torch.Size([1, 1, 3584])",torch.bfloat16,7168
view_225,"torch.Size([1, 3584])",torch.bfloat16,7168
t_85,"torch.Size([3584, 512])",torch.bfloat16,3670016
addmm_37,"torch.Size([1, 512])",torch.bfloat16,1024
view_226,"torch.Size([1, 1, 512])",torch.bfloat16,1024
view_227,"torch.Size([1, 3584])",torch.bfloat16,7168
t_86,"torch.Size([3584, 512])",torch.bfloat16,3670016
addmm_38,"torch.Size([1, 512])",torch.bfloat16,1024
view_228,"torch.Size([1, 1, 512])",torch.bfloat16,1024
view_229,"torch.Size([1, 1, 28, 128])",torch.bfloat16,7168
transpose_49,"torch.Size([1, 28, 1, 128])",torch.bfloat16,7168
view_230,"torch.Size([1, 1, 4, 128])",torch.bfloat16,1024
transpose_50,"torch.Size([1, 4, 1, 128])",torch.bfloat16,1024
view_231,"torch.Size([1, 1, 4, 128])",torch.bfloat16,1024
transpose_51,"torch.Size([1, 4, 1, 128])",torch.bfloat16,1024
getitem_168,"torch.Size([3, 1, 1, 16])",torch.bfloat16,96
getitem_169,"torch.Size([3, 1, 1, 24])",torch.bfloat16,144
getitem_170,"torch.Size([3, 1, 1, 24])",torch.bfloat16,144
getitem_171,"torch.Size([3, 1, 1, 16])",torch.bfloat16,96
getitem_172,"torch.Size([3, 1, 1, 24])",torch.bfloat16,144
getitem_173,"torch.Size([3, 1, 1, 24])",torch.bfloat16,144
select_145,"torch.Size([1, 1, 16])",torch.bfloat16,32
select_146,"torch.Size([1, 1, 24])",torch.bfloat16,48
select_147,"torch.Size([1, 1, 24])",torch.bfloat16,48
select_148,"torch.Size([1, 1, 16])",torch.bfloat16,32
select_149,"torch.Size([1, 1, 24])",torch.bfloat16,48
select_150,"torch.Size([1, 1, 24])",torch.bfloat16,48
cat_73,"torch.Size([1, 1, 128])",torch.bfloat16,256
unsqueeze_60,"torch.Size([1, 1, 1, 128])",torch.bfloat16,256
getitem_174,"torch.Size([3, 1, 1, 16])",torch.bfloat16,96
getitem_175,"torch.Size([3, 1, 1, 24])",torch.bfloat16,144
getitem_176,"torch.Size([3, 1, 1, 24])",torch.bfloat16,144
getitem_177,"torch.Size([3, 1, 1, 16])",torch.bfloat16,96
getitem_178,"torch.Size([3, 1, 1, 24])",torch.bfloat16,144
getitem_179,"torch.Size([3, 1, 1, 24])",torch.bfloat16,144
select_151,"torch.Size([1, 1, 16])",torch.bfloat16,32
select_152,"torch.Size([1, 1, 24])",torch.bfloat16,48
select_153,"torch.Size([1, 1, 24])",torch.bfloat16,48
select_154,"torch.Size([1, 1, 16])",torch.bfloat16,32
select_155,"torch.Size([1, 1, 24])",torch.bfloat16,48
select_156,"torch.Size([1, 1, 24])",torch.bfloat16,48
cat_74,"torch.Size([1, 1, 128])",torch.bfloat16,256
unsqueeze_61,"torch.Size([1, 1, 1, 128])",torch.bfloat16,256
mul_113,"torch.Size([1, 28, 1, 128])",torch.bfloat16,7168
slice_241,"torch.Size([1, 28, 1, 64])",torch.bfloat16,3584
slice_242,"torch.Size([1, 28, 1, 64])",torch.bfloat16,3584
neg_24,"torch.Size([1, 28, 1, 64])",torch.bfloat16,3584
cat_75,"torch.Size([1, 28, 1, 128])",torch.bfloat16,7168
mul_114,"torch.Size([1, 28, 1, 128])",torch.bfloat16,7168
add_76,"torch.Size([1, 28, 1, 128])",torch.bfloat16,7168
mul_115,"torch.Size([1, 4, 1, 128])",torch.bfloat16,1024
slice_243,"torch.Size([1, 4, 1, 64])",torch.bfloat16,512
slice_244,"torch.Size([1, 4, 1, 64])",torch.bfloat16,512
neg_25,"torch.Size([1, 4, 1, 64])",torch.bfloat16,512
cat_76,"torch.Size([1, 4, 1, 128])",torch.bfloat16,1024
mul_116,"torch.Size([1, 4, 1, 128])",torch.bfloat16,1024
add_77,"torch.Size([1, 4, 1, 128])",torch.bfloat16,1024
cat_77,"torch.Size([1, 4, 3610, 128])",torch.bfloat16,3696640
cat_78,"torch.Size([1, 4, 3610, 128])",torch.bfloat16,3696640
slice_245,"torch.Size([1, 4, 3610, 128])",torch.bfloat16,3696640
slice_246,"torch.Size([1, 4, 3610, 128])",torch.bfloat16,3696640
unsqueeze_62,"torch.Size([1, 4, 1, 3610, 128])",torch.bfloat16,3696640
slice_247,"torch.Size([1, 4, 1, 3610, 128])",torch.bfloat16,3696640
slice_248,"torch.Size([1, 4, 1, 3610, 128])",torch.bfloat16,3696640
expand_32,"torch.Size([1, 4, 7, 3610, 128])",torch.bfloat16,25876480
clone_26,"torch.Size([1, 4, 7, 3610, 128])",torch.bfloat16,25876480
_unsafe_view_24,"torch.Size([1, 28, 3610, 128])",torch.bfloat16,25876480
slice_249,"torch.Size([1, 4, 3610, 128])",torch.bfloat16,3696640
slice_250,"torch.Size([1, 4, 3610, 128])",torch.bfloat16,3696640
unsqueeze_63,"torch.Size([1, 4, 1, 3610, 128])",torch.bfloat16,3696640
slice_251,"torch.Size([1, 4, 1, 3610, 128])",torch.bfloat16,3696640
slice_252,"torch.Size([1, 4, 1, 3610, 128])",torch.bfloat16,3696640
expand_33,"torch.Size([1, 4, 7, 3610, 128])",torch.bfloat16,25876480
clone_27,"torch.Size([1, 4, 7, 3610, 128])",torch.bfloat16,25876480
_unsafe_view_25,"torch.Size([1, 28, 3610, 128])",torch.bfloat16,25876480
slice_256,"torch.Size([1, 1, 1, 3610])",torch.bfloat16,7220
slice_257,"torch.Size([1, 1, 1, 3610])",torch.bfloat16,7220
slice_258,"torch.Size([1, 1, 1, 3610])",torch.bfloat16,7220
getitem_180,"torch.Size([1, 28, 1, 128])",torch.bfloat16,7168
transpose_52,"torch.Size([1, 1, 28, 128])",torch.bfloat16,7168
view_232,"torch.Size([1, 1, 3584])",torch.bfloat16,7168
t_87,"torch.Size([3584, 3584])",torch.bfloat16,25690112
view_233,"torch.Size([1, 3584])",torch.bfloat16,7168
mm_48,"torch.Size([1, 3584])",torch.bfloat16,7168
view_234,"torch.Size([1, 1, 3584])",torch.bfloat16,7168
add_78,"torch.Size([1, 1, 3584])",torch.bfloat16,7168
_to_copy_53,"torch.Size([1, 1, 3584])",torch.float32,14336
pow_26,"torch.Size([1, 1, 3584])",torch.float32,14336
mean_25,"torch.Size([1, 1, 1])",torch.float32,4
add_79,"torch.Size([1, 1, 1])",torch.float32,4
rsqrt_25,"torch.Size([1, 1, 1])",torch.float32,4
mul_117,"torch.Size([1, 1, 3584])",torch.float32,14336
_to_copy_54,"torch.Size([1, 1, 3584])",torch.bfloat16,7168
mul_118,"torch.Size([1, 1, 3584])",torch.bfloat16,7168
t_88,"torch.Size([3584, 18944])",torch.bfloat16,135790592
view_235,"torch.Size([1, 3584])",torch.bfloat16,7168
mm_49,"torch.Size([1, 18944])",torch.bfloat16,37888
view_236,"torch.Size([1, 1, 18944])",torch.bfloat16,37888
silu_12,"torch.Size([1, 1, 18944])",torch.bfloat16,37888
t_89,"torch.Size([3584, 18944])",torch.bfloat16,135790592
view_237,"torch.Size([1, 3584])",torch.bfloat16,7168
mm_50,"torch.Size([1, 18944])",torch.bfloat16,37888
view_238,"torch.Size([1, 1, 18944])",torch.bfloat16,37888
mul_119,"torch.Size([1, 1, 18944])",torch.bfloat16,37888
t_90,"torch.Size([18944, 3584])",torch.bfloat16,135790592
view_239,"torch.Size([1, 18944])",torch.bfloat16,37888
mm_51,"torch.Size([1, 3584])",torch.bfloat16,7168
view_240,"torch.Size([1, 1, 3584])",torch.bfloat16,7168
add_80,"torch.Size([1, 1, 3584])",torch.bfloat16,7168
_to_copy_55,"torch.Size([1, 1, 3584])",torch.float32,14336
pow_27,"torch.Size([1, 1, 3584])",torch.float32,14336
mean_26,"torch.Size([1, 1, 1])",torch.float32,4
add_81,"torch.Size([1, 1, 1])",torch.float32,4
rsqrt_26,"torch.Size([1, 1, 1])",torch.float32,4
mul_120,"torch.Size([1, 1, 3584])",torch.float32,14336
_to_copy_56,"torch.Size([1, 1, 3584])",torch.bfloat16,7168
mul_121,"torch.Size([1, 1, 3584])",torch.bfloat16,7168
view_241,"torch.Size([1, 3584])",torch.bfloat16,7168
t_91,"torch.Size([3584, 3584])",torch.bfloat16,25690112
addmm_39,"torch.Size([1, 3584])",torch.bfloat16,7168
view_242,"torch.Size([1, 1, 3584])",torch.bfloat16,7168
view_243,"torch.Size([1, 3584])",torch.bfloat16,7168
t_92,"torch.Size([3584, 512])",torch.bfloat16,3670016
addmm_40,"torch.Size([1, 512])",torch.bfloat16,1024
view_244,"torch.Size([1, 1, 512])",torch.bfloat16,1024
view_245,"torch.Size([1, 3584])",torch.bfloat16,7168
t_93,"torch.Size([3584, 512])",torch.bfloat16,3670016
addmm_41,"torch.Size([1, 512])",torch.bfloat16,1024
view_246,"torch.Size([1, 1, 512])",torch.bfloat16,1024
view_247,"torch.Size([1, 1, 28, 128])",torch.bfloat16,7168
transpose_53,"torch.Size([1, 28, 1, 128])",torch.bfloat16,7168
view_248,"torch.Size([1, 1, 4, 128])",torch.bfloat16,1024
transpose_54,"torch.Size([1, 4, 1, 128])",torch.bfloat16,1024
view_249,"torch.Size([1, 1, 4, 128])",torch.bfloat16,1024
transpose_55,"torch.Size([1, 4, 1, 128])",torch.bfloat16,1024
getitem_182,"torch.Size([3, 1, 1, 16])",torch.bfloat16,96
getitem_183,"torch.Size([3, 1, 1, 24])",torch.bfloat16,144
getitem_184,"torch.Size([3, 1, 1, 24])",torch.bfloat16,144
getitem_185,"torch.Size([3, 1, 1, 16])",torch.bfloat16,96
getitem_186,"torch.Size([3, 1, 1, 24])",torch.bfloat16,144
getitem_187,"torch.Size([3, 1, 1, 24])",torch.bfloat16,144
select_157,"torch.Size([1, 1, 16])",torch.bfloat16,32
select_158,"torch.Size([1, 1, 24])",torch.bfloat16,48
select_159,"torch.Size([1, 1, 24])",torch.bfloat16,48
select_160,"torch.Size([1, 1, 16])",torch.bfloat16,32
select_161,"torch.Size([1, 1, 24])",torch.bfloat16,48
select_162,"torch.Size([1, 1, 24])",torch.bfloat16,48
cat_79,"torch.Size([1, 1, 128])",torch.bfloat16,256
unsqueeze_64,"torch.Size([1, 1, 1, 128])",torch.bfloat16,256
getitem_188,"torch.Size([3, 1, 1, 16])",torch.bfloat16,96
getitem_189,"torch.Size([3, 1, 1, 24])",torch.bfloat16,144
getitem_190,"torch.Size([3, 1, 1, 24])",torch.bfloat16,144
getitem_191,"torch.Size([3, 1, 1, 16])",torch.bfloat16,96
getitem_192,"torch.Size([3, 1, 1, 24])",torch.bfloat16,144
getitem_193,"torch.Size([3, 1, 1, 24])",torch.bfloat16,144
select_163,"torch.Size([1, 1, 16])",torch.bfloat16,32
select_164,"torch.Size([1, 1, 24])",torch.bfloat16,48
select_165,"torch.Size([1, 1, 24])",torch.bfloat16,48
select_166,"torch.Size([1, 1, 16])",torch.bfloat16,32
select_167,"torch.Size([1, 1, 24])",torch.bfloat16,48
select_168,"torch.Size([1, 1, 24])",torch.bfloat16,48
cat_80,"torch.Size([1, 1, 128])",torch.bfloat16,256
unsqueeze_65,"torch.Size([1, 1, 1, 128])",torch.bfloat16,256
mul_122,"torch.Size([1, 28, 1, 128])",torch.bfloat16,7168
slice_259,"torch.Size([1, 28, 1, 64])",torch.bfloat16,3584
slice_260,"torch.Size([1, 28, 1, 64])",torch.bfloat16,3584
neg_26,"torch.Size([1, 28, 1, 64])",torch.bfloat16,3584
cat_81,"torch.Size([1, 28, 1, 128])",torch.bfloat16,7168
mul_123,"torch.Size([1, 28, 1, 128])",torch.bfloat16,7168
add_82,"torch.Size([1, 28, 1, 128])",torch.bfloat16,7168
mul_124,"torch.Size([1, 4, 1, 128])",torch.bfloat16,1024
slice_261,"torch.Size([1, 4, 1, 64])",torch.bfloat16,512
slice_262,"torch.Size([1, 4, 1, 64])",torch.bfloat16,512
neg_27,"torch.Size([1, 4, 1, 64])",torch.bfloat16,512
cat_82,"torch.Size([1, 4, 1, 128])",torch.bfloat16,1024
mul_125,"torch.Size([1, 4, 1, 128])",torch.bfloat16,1024
add_83,"torch.Size([1, 4, 1, 128])",torch.bfloat16,1024
cat_83,"torch.Size([1, 4, 3610, 128])",torch.bfloat16,3696640
cat_84,"torch.Size([1, 4, 3610, 128])",torch.bfloat16,3696640
slice_263,"torch.Size([1, 4, 3610, 128])",torch.bfloat16,3696640
slice_264,"torch.Size([1, 4, 3610, 128])",torch.bfloat16,3696640
unsqueeze_66,"torch.Size([1, 4, 1, 3610, 128])",torch.bfloat16,3696640
slice_265,"torch.Size([1, 4, 1, 3610, 128])",torch.bfloat16,3696640
slice_266,"torch.Size([1, 4, 1, 3610, 128])",torch.bfloat16,3696640
expand_34,"torch.Size([1, 4, 7, 3610, 128])",torch.bfloat16,25876480
clone_28,"torch.Size([1, 4, 7, 3610, 128])",torch.bfloat16,25876480
_unsafe_view_26,"torch.Size([1, 28, 3610, 128])",torch.bfloat16,25876480
slice_267,"torch.Size([1, 4, 3610, 128])",torch.bfloat16,3696640
slice_268,"torch.Size([1, 4, 3610, 128])",torch.bfloat16,3696640
unsqueeze_67,"torch.Size([1, 4, 1, 3610, 128])",torch.bfloat16,3696640
slice_269,"torch.Size([1, 4, 1, 3610, 128])",torch.bfloat16,3696640
slice_270,"torch.Size([1, 4, 1, 3610, 128])",torch.bfloat16,3696640
expand_35,"torch.Size([1, 4, 7, 3610, 128])",torch.bfloat16,25876480
clone_29,"torch.Size([1, 4, 7, 3610, 128])",torch.bfloat16,25876480
_unsafe_view_27,"torch.Size([1, 28, 3610, 128])",torch.bfloat16,25876480
slice_274,"torch.Size([1, 1, 1, 3610])",torch.bfloat16,7220
slice_275,"torch.Size([1, 1, 1, 3610])",torch.bfloat16,7220
slice_276,"torch.Size([1, 1, 1, 3610])",torch.bfloat16,7220
getitem_194,"torch.Size([1, 28, 1, 128])",torch.bfloat16,7168
transpose_56,"torch.Size([1, 1, 28, 128])",torch.bfloat16,7168
view_250,"torch.Size([1, 1, 3584])",torch.bfloat16,7168
t_94,"torch.Size([3584, 3584])",torch.bfloat16,25690112
view_251,"torch.Size([1, 3584])",torch.bfloat16,7168
mm_52,"torch.Size([1, 3584])",torch.bfloat16,7168
view_252,"torch.Size([1, 1, 3584])",torch.bfloat16,7168
add_84,"torch.Size([1, 1, 3584])",torch.bfloat16,7168
_to_copy_57,"torch.Size([1, 1, 3584])",torch.float32,14336
pow_28,"torch.Size([1, 1, 3584])",torch.float32,14336
mean_27,"torch.Size([1, 1, 1])",torch.float32,4
add_85,"torch.Size([1, 1, 1])",torch.float32,4
rsqrt_27,"torch.Size([1, 1, 1])",torch.float32,4
mul_126,"torch.Size([1, 1, 3584])",torch.float32,14336
_to_copy_58,"torch.Size([1, 1, 3584])",torch.bfloat16,7168
mul_127,"torch.Size([1, 1, 3584])",torch.bfloat16,7168
t_95,"torch.Size([3584, 18944])",torch.bfloat16,135790592
view_253,"torch.Size([1, 3584])",torch.bfloat16,7168
mm_53,"torch.Size([1, 18944])",torch.bfloat16,37888
view_254,"torch.Size([1, 1, 18944])",torch.bfloat16,37888
silu_13,"torch.Size([1, 1, 18944])",torch.bfloat16,37888
t_96,"torch.Size([3584, 18944])",torch.bfloat16,135790592
view_255,"torch.Size([1, 3584])",torch.bfloat16,7168
mm_54,"torch.Size([1, 18944])",torch.bfloat16,37888
view_256,"torch.Size([1, 1, 18944])",torch.bfloat16,37888
mul_128,"torch.Size([1, 1, 18944])",torch.bfloat16,37888
t_97,"torch.Size([18944, 3584])",torch.bfloat16,135790592
view_257,"torch.Size([1, 18944])",torch.bfloat16,37888
mm_55,"torch.Size([1, 3584])",torch.bfloat16,7168
view_258,"torch.Size([1, 1, 3584])",torch.bfloat16,7168
add_86,"torch.Size([1, 1, 3584])",torch.bfloat16,7168
_to_copy_59,"torch.Size([1, 1, 3584])",torch.float32,14336
pow_29,"torch.Size([1, 1, 3584])",torch.float32,14336
mean_28,"torch.Size([1, 1, 1])",torch.float32,4
add_87,"torch.Size([1, 1, 1])",torch.float32,4
rsqrt_28,"torch.Size([1, 1, 1])",torch.float32,4
mul_129,"torch.Size([1, 1, 3584])",torch.float32,14336
_to_copy_60,"torch.Size([1, 1, 3584])",torch.bfloat16,7168
mul_130,"torch.Size([1, 1, 3584])",torch.bfloat16,7168
view_259,"torch.Size([1, 3584])",torch.bfloat16,7168
t_98,"torch.Size([3584, 3584])",torch.bfloat16,25690112
addmm_42,"torch.Size([1, 3584])",torch.bfloat16,7168
view_260,"torch.Size([1, 1, 3584])",torch.bfloat16,7168
view_261,"torch.Size([1, 3584])",torch.bfloat16,7168
t_99,"torch.Size([3584, 512])",torch.bfloat16,3670016
addmm_43,"torch.Size([1, 512])",torch.bfloat16,1024
view_262,"torch.Size([1, 1, 512])",torch.bfloat16,1024
view_263,"torch.Size([1, 3584])",torch.bfloat16,7168
t_100,"torch.Size([3584, 512])",torch.bfloat16,3670016
addmm_44,"torch.Size([1, 512])",torch.bfloat16,1024
view_264,"torch.Size([1, 1, 512])",torch.bfloat16,1024
view_265,"torch.Size([1, 1, 28, 128])",torch.bfloat16,7168
transpose_57,"torch.Size([1, 28, 1, 128])",torch.bfloat16,7168
view_266,"torch.Size([1, 1, 4, 128])",torch.bfloat16,1024
transpose_58,"torch.Size([1, 4, 1, 128])",torch.bfloat16,1024
view_267,"torch.Size([1, 1, 4, 128])",torch.bfloat16,1024
transpose_59,"torch.Size([1, 4, 1, 128])",torch.bfloat16,1024
getitem_196,"torch.Size([3, 1, 1, 16])",torch.bfloat16,96
getitem_197,"torch.Size([3, 1, 1, 24])",torch.bfloat16,144
getitem_198,"torch.Size([3, 1, 1, 24])",torch.bfloat16,144
getitem_199,"torch.Size([3, 1, 1, 16])",torch.bfloat16,96
getitem_200,"torch.Size([3, 1, 1, 24])",torch.bfloat16,144
getitem_201,"torch.Size([3, 1, 1, 24])",torch.bfloat16,144
select_169,"torch.Size([1, 1, 16])",torch.bfloat16,32
select_170,"torch.Size([1, 1, 24])",torch.bfloat16,48
select_171,"torch.Size([1, 1, 24])",torch.bfloat16,48
select_172,"torch.Size([1, 1, 16])",torch.bfloat16,32
select_173,"torch.Size([1, 1, 24])",torch.bfloat16,48
select_174,"torch.Size([1, 1, 24])",torch.bfloat16,48
cat_85,"torch.Size([1, 1, 128])",torch.bfloat16,256
unsqueeze_68,"torch.Size([1, 1, 1, 128])",torch.bfloat16,256
getitem_202,"torch.Size([3, 1, 1, 16])",torch.bfloat16,96
getitem_203,"torch.Size([3, 1, 1, 24])",torch.bfloat16,144
getitem_204,"torch.Size([3, 1, 1, 24])",torch.bfloat16,144
getitem_205,"torch.Size([3, 1, 1, 16])",torch.bfloat16,96
getitem_206,"torch.Size([3, 1, 1, 24])",torch.bfloat16,144
getitem_207,"torch.Size([3, 1, 1, 24])",torch.bfloat16,144
select_175,"torch.Size([1, 1, 16])",torch.bfloat16,32
select_176,"torch.Size([1, 1, 24])",torch.bfloat16,48
select_177,"torch.Size([1, 1, 24])",torch.bfloat16,48
select_178,"torch.Size([1, 1, 16])",torch.bfloat16,32
select_179,"torch.Size([1, 1, 24])",torch.bfloat16,48
select_180,"torch.Size([1, 1, 24])",torch.bfloat16,48
cat_86,"torch.Size([1, 1, 128])",torch.bfloat16,256
unsqueeze_69,"torch.Size([1, 1, 1, 128])",torch.bfloat16,256
mul_131,"torch.Size([1, 28, 1, 128])",torch.bfloat16,7168
slice_277,"torch.Size([1, 28, 1, 64])",torch.bfloat16,3584
slice_278,"torch.Size([1, 28, 1, 64])",torch.bfloat16,3584
neg_28,"torch.Size([1, 28, 1, 64])",torch.bfloat16,3584
cat_87,"torch.Size([1, 28, 1, 128])",torch.bfloat16,7168
mul_132,"torch.Size([1, 28, 1, 128])",torch.bfloat16,7168
add_88,"torch.Size([1, 28, 1, 128])",torch.bfloat16,7168
mul_133,"torch.Size([1, 4, 1, 128])",torch.bfloat16,1024
slice_279,"torch.Size([1, 4, 1, 64])",torch.bfloat16,512
slice_280,"torch.Size([1, 4, 1, 64])",torch.bfloat16,512
neg_29,"torch.Size([1, 4, 1, 64])",torch.bfloat16,512
cat_88,"torch.Size([1, 4, 1, 128])",torch.bfloat16,1024
mul_134,"torch.Size([1, 4, 1, 128])",torch.bfloat16,1024
add_89,"torch.Size([1, 4, 1, 128])",torch.bfloat16,1024
cat_89,"torch.Size([1, 4, 3610, 128])",torch.bfloat16,3696640
cat_90,"torch.Size([1, 4, 3610, 128])",torch.bfloat16,3696640
slice_281,"torch.Size([1, 4, 3610, 128])",torch.bfloat16,3696640
slice_282,"torch.Size([1, 4, 3610, 128])",torch.bfloat16,3696640
unsqueeze_70,"torch.Size([1, 4, 1, 3610, 128])",torch.bfloat16,3696640
slice_283,"torch.Size([1, 4, 1, 3610, 128])",torch.bfloat16,3696640
slice_284,"torch.Size([1, 4, 1, 3610, 128])",torch.bfloat16,3696640
expand_36,"torch.Size([1, 4, 7, 3610, 128])",torch.bfloat16,25876480
clone_30,"torch.Size([1, 4, 7, 3610, 128])",torch.bfloat16,25876480
_unsafe_view_28,"torch.Size([1, 28, 3610, 128])",torch.bfloat16,25876480
slice_285,"torch.Size([1, 4, 3610, 128])",torch.bfloat16,3696640
slice_286,"torch.Size([1, 4, 3610, 128])",torch.bfloat16,3696640
unsqueeze_71,"torch.Size([1, 4, 1, 3610, 128])",torch.bfloat16,3696640
slice_287,"torch.Size([1, 4, 1, 3610, 128])",torch.bfloat16,3696640
slice_288,"torch.Size([1, 4, 1, 3610, 128])",torch.bfloat16,3696640
expand_37,"torch.Size([1, 4, 7, 3610, 128])",torch.bfloat16,25876480
clone_31,"torch.Size([1, 4, 7, 3610, 128])",torch.bfloat16,25876480
_unsafe_view_29,"torch.Size([1, 28, 3610, 128])",torch.bfloat16,25876480
slice_292,"torch.Size([1, 1, 1, 3610])",torch.bfloat16,7220
slice_293,"torch.Size([1, 1, 1, 3610])",torch.bfloat16,7220
slice_294,"torch.Size([1, 1, 1, 3610])",torch.bfloat16,7220
getitem_208,"torch.Size([1, 28, 1, 128])",torch.bfloat16,7168
transpose_60,"torch.Size([1, 1, 28, 128])",torch.bfloat16,7168
view_268,"torch.Size([1, 1, 3584])",torch.bfloat16,7168
t_101,"torch.Size([3584, 3584])",torch.bfloat16,25690112
view_269,"torch.Size([1, 3584])",torch.bfloat16,7168
mm_56,"torch.Size([1, 3584])",torch.bfloat16,7168
view_270,"torch.Size([1, 1, 3584])",torch.bfloat16,7168
add_90,"torch.Size([1, 1, 3584])",torch.bfloat16,7168
_to_copy_61,"torch.Size([1, 1, 3584])",torch.float32,14336
pow_30,"torch.Size([1, 1, 3584])",torch.float32,14336
mean_29,"torch.Size([1, 1, 1])",torch.float32,4
add_91,"torch.Size([1, 1, 1])",torch.float32,4
rsqrt_29,"torch.Size([1, 1, 1])",torch.float32,4
mul_135,"torch.Size([1, 1, 3584])",torch.float32,14336
_to_copy_62,"torch.Size([1, 1, 3584])",torch.bfloat16,7168
mul_136,"torch.Size([1, 1, 3584])",torch.bfloat16,7168
t_102,"torch.Size([3584, 18944])",torch.bfloat16,135790592
view_271,"torch.Size([1, 3584])",torch.bfloat16,7168
mm_57,"torch.Size([1, 18944])",torch.bfloat16,37888
view_272,"torch.Size([1, 1, 18944])",torch.bfloat16,37888
silu_14,"torch.Size([1, 1, 18944])",torch.bfloat16,37888
t_103,"torch.Size([3584, 18944])",torch.bfloat16,135790592
view_273,"torch.Size([1, 3584])",torch.bfloat16,7168
mm_58,"torch.Size([1, 18944])",torch.bfloat16,37888
view_274,"torch.Size([1, 1, 18944])",torch.bfloat16,37888
mul_137,"torch.Size([1, 1, 18944])",torch.bfloat16,37888
t_104,"torch.Size([18944, 3584])",torch.bfloat16,135790592
view_275,"torch.Size([1, 18944])",torch.bfloat16,37888
mm_59,"torch.Size([1, 3584])",torch.bfloat16,7168
view_276,"torch.Size([1, 1, 3584])",torch.bfloat16,7168
add_92,"torch.Size([1, 1, 3584])",torch.bfloat16,7168
_to_copy_63,"torch.Size([1, 1, 3584])",torch.float32,14336
pow_31,"torch.Size([1, 1, 3584])",torch.float32,14336
mean_30,"torch.Size([1, 1, 1])",torch.float32,4
add_93,"torch.Size([1, 1, 1])",torch.float32,4
rsqrt_30,"torch.Size([1, 1, 1])",torch.float32,4
mul_138,"torch.Size([1, 1, 3584])",torch.float32,14336
_to_copy_64,"torch.Size([1, 1, 3584])",torch.bfloat16,7168
mul_139,"torch.Size([1, 1, 3584])",torch.bfloat16,7168
view_277,"torch.Size([1, 3584])",torch.bfloat16,7168
t_105,"torch.Size([3584, 3584])",torch.bfloat16,25690112
addmm_45,"torch.Size([1, 3584])",torch.bfloat16,7168
view_278,"torch.Size([1, 1, 3584])",torch.bfloat16,7168
view_279,"torch.Size([1, 3584])",torch.bfloat16,7168
t_106,"torch.Size([3584, 512])",torch.bfloat16,3670016
addmm_46,"torch.Size([1, 512])",torch.bfloat16,1024
view_280,"torch.Size([1, 1, 512])",torch.bfloat16,1024
view_281,"torch.Size([1, 3584])",torch.bfloat16,7168
t_107,"torch.Size([3584, 512])",torch.bfloat16,3670016
addmm_47,"torch.Size([1, 512])",torch.bfloat16,1024
view_282,"torch.Size([1, 1, 512])",torch.bfloat16,1024
view_283,"torch.Size([1, 1, 28, 128])",torch.bfloat16,7168
transpose_61,"torch.Size([1, 28, 1, 128])",torch.bfloat16,7168
view_284,"torch.Size([1, 1, 4, 128])",torch.bfloat16,1024
transpose_62,"torch.Size([1, 4, 1, 128])",torch.bfloat16,1024
view_285,"torch.Size([1, 1, 4, 128])",torch.bfloat16,1024
transpose_63,"torch.Size([1, 4, 1, 128])",torch.bfloat16,1024
getitem_210,"torch.Size([3, 1, 1, 16])",torch.bfloat16,96
getitem_211,"torch.Size([3, 1, 1, 24])",torch.bfloat16,144
getitem_212,"torch.Size([3, 1, 1, 24])",torch.bfloat16,144
getitem_213,"torch.Size([3, 1, 1, 16])",torch.bfloat16,96
getitem_214,"torch.Size([3, 1, 1, 24])",torch.bfloat16,144
getitem_215,"torch.Size([3, 1, 1, 24])",torch.bfloat16,144
select_181,"torch.Size([1, 1, 16])",torch.bfloat16,32
select_182,"torch.Size([1, 1, 24])",torch.bfloat16,48
select_183,"torch.Size([1, 1, 24])",torch.bfloat16,48
select_184,"torch.Size([1, 1, 16])",torch.bfloat16,32
select_185,"torch.Size([1, 1, 24])",torch.bfloat16,48
select_186,"torch.Size([1, 1, 24])",torch.bfloat16,48
cat_91,"torch.Size([1, 1, 128])",torch.bfloat16,256
unsqueeze_72,"torch.Size([1, 1, 1, 128])",torch.bfloat16,256
getitem_216,"torch.Size([3, 1, 1, 16])",torch.bfloat16,96
getitem_217,"torch.Size([3, 1, 1, 24])",torch.bfloat16,144
getitem_218,"torch.Size([3, 1, 1, 24])",torch.bfloat16,144
getitem_219,"torch.Size([3, 1, 1, 16])",torch.bfloat16,96
getitem_220,"torch.Size([3, 1, 1, 24])",torch.bfloat16,144
getitem_221,"torch.Size([3, 1, 1, 24])",torch.bfloat16,144
select_187,"torch.Size([1, 1, 16])",torch.bfloat16,32
select_188,"torch.Size([1, 1, 24])",torch.bfloat16,48
select_189,"torch.Size([1, 1, 24])",torch.bfloat16,48
select_190,"torch.Size([1, 1, 16])",torch.bfloat16,32
select_191,"torch.Size([1, 1, 24])",torch.bfloat16,48
select_192,"torch.Size([1, 1, 24])",torch.bfloat16,48
cat_92,"torch.Size([1, 1, 128])",torch.bfloat16,256
unsqueeze_73,"torch.Size([1, 1, 1, 128])",torch.bfloat16,256
mul_140,"torch.Size([1, 28, 1, 128])",torch.bfloat16,7168
slice_295,"torch.Size([1, 28, 1, 64])",torch.bfloat16,3584
slice_296,"torch.Size([1, 28, 1, 64])",torch.bfloat16,3584
neg_30,"torch.Size([1, 28, 1, 64])",torch.bfloat16,3584
cat_93,"torch.Size([1, 28, 1, 128])",torch.bfloat16,7168
mul_141,"torch.Size([1, 28, 1, 128])",torch.bfloat16,7168
add_94,"torch.Size([1, 28, 1, 128])",torch.bfloat16,7168
mul_142,"torch.Size([1, 4, 1, 128])",torch.bfloat16,1024
slice_297,"torch.Size([1, 4, 1, 64])",torch.bfloat16,512
slice_298,"torch.Size([1, 4, 1, 64])",torch.bfloat16,512
neg_31,"torch.Size([1, 4, 1, 64])",torch.bfloat16,512
cat_94,"torch.Size([1, 4, 1, 128])",torch.bfloat16,1024
mul_143,"torch.Size([1, 4, 1, 128])",torch.bfloat16,1024
add_95,"torch.Size([1, 4, 1, 128])",torch.bfloat16,1024
cat_95,"torch.Size([1, 4, 3610, 128])",torch.bfloat16,3696640
cat_96,"torch.Size([1, 4, 3610, 128])",torch.bfloat16,3696640
slice_299,"torch.Size([1, 4, 3610, 128])",torch.bfloat16,3696640
slice_300,"torch.Size([1, 4, 3610, 128])",torch.bfloat16,3696640
unsqueeze_74,"torch.Size([1, 4, 1, 3610, 128])",torch.bfloat16,3696640
slice_301,"torch.Size([1, 4, 1, 3610, 128])",torch.bfloat16,3696640
slice_302,"torch.Size([1, 4, 1, 3610, 128])",torch.bfloat16,3696640
expand_38,"torch.Size([1, 4, 7, 3610, 128])",torch.bfloat16,25876480
clone_32,"torch.Size([1, 4, 7, 3610, 128])",torch.bfloat16,25876480
_unsafe_view_30,"torch.Size([1, 28, 3610, 128])",torch.bfloat16,25876480
slice_303,"torch.Size([1, 4, 3610, 128])",torch.bfloat16,3696640
slice_304,"torch.Size([1, 4, 3610, 128])",torch.bfloat16,3696640
unsqueeze_75,"torch.Size([1, 4, 1, 3610, 128])",torch.bfloat16,3696640
slice_305,"torch.Size([1, 4, 1, 3610, 128])",torch.bfloat16,3696640
slice_306,"torch.Size([1, 4, 1, 3610, 128])",torch.bfloat16,3696640
expand_39,"torch.Size([1, 4, 7, 3610, 128])",torch.bfloat16,25876480
clone_33,"torch.Size([1, 4, 7, 3610, 128])",torch.bfloat16,25876480
_unsafe_view_31,"torch.Size([1, 28, 3610, 128])",torch.bfloat16,25876480
slice_310,"torch.Size([1, 1, 1, 3610])",torch.bfloat16,7220
slice_311,"torch.Size([1, 1, 1, 3610])",torch.bfloat16,7220
slice_312,"torch.Size([1, 1, 1, 3610])",torch.bfloat16,7220
getitem_222,"torch.Size([1, 28, 1, 128])",torch.bfloat16,7168
transpose_64,"torch.Size([1, 1, 28, 128])",torch.bfloat16,7168
view_286,"torch.Size([1, 1, 3584])",torch.bfloat16,7168
t_108,"torch.Size([3584, 3584])",torch.bfloat16,25690112
view_287,"torch.Size([1, 3584])",torch.bfloat16,7168
mm_60,"torch.Size([1, 3584])",torch.bfloat16,7168
view_288,"torch.Size([1, 1, 3584])",torch.bfloat16,7168
add_96,"torch.Size([1, 1, 3584])",torch.bfloat16,7168
_to_copy_65,"torch.Size([1, 1, 3584])",torch.float32,14336
pow_32,"torch.Size([1, 1, 3584])",torch.float32,14336
mean_31,"torch.Size([1, 1, 1])",torch.float32,4
add_97,"torch.Size([1, 1, 1])",torch.float32,4
rsqrt_31,"torch.Size([1, 1, 1])",torch.float32,4
mul_144,"torch.Size([1, 1, 3584])",torch.float32,14336
_to_copy_66,"torch.Size([1, 1, 3584])",torch.bfloat16,7168
mul_145,"torch.Size([1, 1, 3584])",torch.bfloat16,7168
t_109,"torch.Size([3584, 18944])",torch.bfloat16,135790592
view_289,"torch.Size([1, 3584])",torch.bfloat16,7168
mm_61,"torch.Size([1, 18944])",torch.bfloat16,37888
view_290,"torch.Size([1, 1, 18944])",torch.bfloat16,37888
silu_15,"torch.Size([1, 1, 18944])",torch.bfloat16,37888
t_110,"torch.Size([3584, 18944])",torch.bfloat16,135790592
view_291,"torch.Size([1, 3584])",torch.bfloat16,7168
mm_62,"torch.Size([1, 18944])",torch.bfloat16,37888
view_292,"torch.Size([1, 1, 18944])",torch.bfloat16,37888
mul_146,"torch.Size([1, 1, 18944])",torch.bfloat16,37888
t_111,"torch.Size([18944, 3584])",torch.bfloat16,135790592
view_293,"torch.Size([1, 18944])",torch.bfloat16,37888
mm_63,"torch.Size([1, 3584])",torch.bfloat16,7168
view_294,"torch.Size([1, 1, 3584])",torch.bfloat16,7168
add_98,"torch.Size([1, 1, 3584])",torch.bfloat16,7168
_to_copy_67,"torch.Size([1, 1, 3584])",torch.float32,14336
pow_33,"torch.Size([1, 1, 3584])",torch.float32,14336
mean_32,"torch.Size([1, 1, 1])",torch.float32,4
add_99,"torch.Size([1, 1, 1])",torch.float32,4
rsqrt_32,"torch.Size([1, 1, 1])",torch.float32,4
mul_147,"torch.Size([1, 1, 3584])",torch.float32,14336
_to_copy_68,"torch.Size([1, 1, 3584])",torch.bfloat16,7168
mul_148,"torch.Size([1, 1, 3584])",torch.bfloat16,7168
view_295,"torch.Size([1, 3584])",torch.bfloat16,7168
t_112,"torch.Size([3584, 3584])",torch.bfloat16,25690112
addmm_48,"torch.Size([1, 3584])",torch.bfloat16,7168
view_296,"torch.Size([1, 1, 3584])",torch.bfloat16,7168
view_297,"torch.Size([1, 3584])",torch.bfloat16,7168
t_113,"torch.Size([3584, 512])",torch.bfloat16,3670016
addmm_49,"torch.Size([1, 512])",torch.bfloat16,1024
view_298,"torch.Size([1, 1, 512])",torch.bfloat16,1024
view_299,"torch.Size([1, 3584])",torch.bfloat16,7168
t_114,"torch.Size([3584, 512])",torch.bfloat16,3670016
addmm_50,"torch.Size([1, 512])",torch.bfloat16,1024
view_300,"torch.Size([1, 1, 512])",torch.bfloat16,1024
view_301,"torch.Size([1, 1, 28, 128])",torch.bfloat16,7168
transpose_65,"torch.Size([1, 28, 1, 128])",torch.bfloat16,7168
view_302,"torch.Size([1, 1, 4, 128])",torch.bfloat16,1024
transpose_66,"torch.Size([1, 4, 1, 128])",torch.bfloat16,1024
view_303,"torch.Size([1, 1, 4, 128])",torch.bfloat16,1024
transpose_67,"torch.Size([1, 4, 1, 128])",torch.bfloat16,1024
getitem_224,"torch.Size([3, 1, 1, 16])",torch.bfloat16,96
getitem_225,"torch.Size([3, 1, 1, 24])",torch.bfloat16,144
getitem_226,"torch.Size([3, 1, 1, 24])",torch.bfloat16,144
getitem_227,"torch.Size([3, 1, 1, 16])",torch.bfloat16,96
getitem_228,"torch.Size([3, 1, 1, 24])",torch.bfloat16,144
getitem_229,"torch.Size([3, 1, 1, 24])",torch.bfloat16,144
select_193,"torch.Size([1, 1, 16])",torch.bfloat16,32
select_194,"torch.Size([1, 1, 24])",torch.bfloat16,48
select_195,"torch.Size([1, 1, 24])",torch.bfloat16,48
select_196,"torch.Size([1, 1, 16])",torch.bfloat16,32
select_197,"torch.Size([1, 1, 24])",torch.bfloat16,48
select_198,"torch.Size([1, 1, 24])",torch.bfloat16,48
cat_97,"torch.Size([1, 1, 128])",torch.bfloat16,256
unsqueeze_76,"torch.Size([1, 1, 1, 128])",torch.bfloat16,256
getitem_230,"torch.Size([3, 1, 1, 16])",torch.bfloat16,96
getitem_231,"torch.Size([3, 1, 1, 24])",torch.bfloat16,144
getitem_232,"torch.Size([3, 1, 1, 24])",torch.bfloat16,144
getitem_233,"torch.Size([3, 1, 1, 16])",torch.bfloat16,96
getitem_234,"torch.Size([3, 1, 1, 24])",torch.bfloat16,144
getitem_235,"torch.Size([3, 1, 1, 24])",torch.bfloat16,144
select_199,"torch.Size([1, 1, 16])",torch.bfloat16,32
select_200,"torch.Size([1, 1, 24])",torch.bfloat16,48
select_201,"torch.Size([1, 1, 24])",torch.bfloat16,48
select_202,"torch.Size([1, 1, 16])",torch.bfloat16,32
select_203,"torch.Size([1, 1, 24])",torch.bfloat16,48
select_204,"torch.Size([1, 1, 24])",torch.bfloat16,48
cat_98,"torch.Size([1, 1, 128])",torch.bfloat16,256
unsqueeze_77,"torch.Size([1, 1, 1, 128])",torch.bfloat16,256
mul_149,"torch.Size([1, 28, 1, 128])",torch.bfloat16,7168
slice_313,"torch.Size([1, 28, 1, 64])",torch.bfloat16,3584
slice_314,"torch.Size([1, 28, 1, 64])",torch.bfloat16,3584
neg_32,"torch.Size([1, 28, 1, 64])",torch.bfloat16,3584
cat_99,"torch.Size([1, 28, 1, 128])",torch.bfloat16,7168
mul_150,"torch.Size([1, 28, 1, 128])",torch.bfloat16,7168
add_100,"torch.Size([1, 28, 1, 128])",torch.bfloat16,7168
mul_151,"torch.Size([1, 4, 1, 128])",torch.bfloat16,1024
slice_315,"torch.Size([1, 4, 1, 64])",torch.bfloat16,512
slice_316,"torch.Size([1, 4, 1, 64])",torch.bfloat16,512
neg_33,"torch.Size([1, 4, 1, 64])",torch.bfloat16,512
cat_100,"torch.Size([1, 4, 1, 128])",torch.bfloat16,1024
mul_152,"torch.Size([1, 4, 1, 128])",torch.bfloat16,1024
add_101,"torch.Size([1, 4, 1, 128])",torch.bfloat16,1024
cat_101,"torch.Size([1, 4, 3610, 128])",torch.bfloat16,3696640
cat_102,"torch.Size([1, 4, 3610, 128])",torch.bfloat16,3696640
slice_317,"torch.Size([1, 4, 3610, 128])",torch.bfloat16,3696640
slice_318,"torch.Size([1, 4, 3610, 128])",torch.bfloat16,3696640
unsqueeze_78,"torch.Size([1, 4, 1, 3610, 128])",torch.bfloat16,3696640
slice_319,"torch.Size([1, 4, 1, 3610, 128])",torch.bfloat16,3696640
slice_320,"torch.Size([1, 4, 1, 3610, 128])",torch.bfloat16,3696640
expand_40,"torch.Size([1, 4, 7, 3610, 128])",torch.bfloat16,25876480
clone_34,"torch.Size([1, 4, 7, 3610, 128])",torch.bfloat16,25876480
_unsafe_view_32,"torch.Size([1, 28, 3610, 128])",torch.bfloat16,25876480
slice_321,"torch.Size([1, 4, 3610, 128])",torch.bfloat16,3696640
slice_322,"torch.Size([1, 4, 3610, 128])",torch.bfloat16,3696640
unsqueeze_79,"torch.Size([1, 4, 1, 3610, 128])",torch.bfloat16,3696640
slice_323,"torch.Size([1, 4, 1, 3610, 128])",torch.bfloat16,3696640
slice_324,"torch.Size([1, 4, 1, 3610, 128])",torch.bfloat16,3696640
expand_41,"torch.Size([1, 4, 7, 3610, 128])",torch.bfloat16,25876480
clone_35,"torch.Size([1, 4, 7, 3610, 128])",torch.bfloat16,25876480
_unsafe_view_33,"torch.Size([1, 28, 3610, 128])",torch.bfloat16,25876480
slice_328,"torch.Size([1, 1, 1, 3610])",torch.bfloat16,7220
slice_329,"torch.Size([1, 1, 1, 3610])",torch.bfloat16,7220
slice_330,"torch.Size([1, 1, 1, 3610])",torch.bfloat16,7220
getitem_236,"torch.Size([1, 28, 1, 128])",torch.bfloat16,7168
transpose_68,"torch.Size([1, 1, 28, 128])",torch.bfloat16,7168
view_304,"torch.Size([1, 1, 3584])",torch.bfloat16,7168
t_115,"torch.Size([3584, 3584])",torch.bfloat16,25690112
view_305,"torch.Size([1, 3584])",torch.bfloat16,7168
mm_64,"torch.Size([1, 3584])",torch.bfloat16,7168
view_306,"torch.Size([1, 1, 3584])",torch.bfloat16,7168
add_102,"torch.Size([1, 1, 3584])",torch.bfloat16,7168
_to_copy_69,"torch.Size([1, 1, 3584])",torch.float32,14336
pow_34,"torch.Size([1, 1, 3584])",torch.float32,14336
mean_33,"torch.Size([1, 1, 1])",torch.float32,4
add_103,"torch.Size([1, 1, 1])",torch.float32,4
rsqrt_33,"torch.Size([1, 1, 1])",torch.float32,4
mul_153,"torch.Size([1, 1, 3584])",torch.float32,14336
_to_copy_70,"torch.Size([1, 1, 3584])",torch.bfloat16,7168
mul_154,"torch.Size([1, 1, 3584])",torch.bfloat16,7168
t_116,"torch.Size([3584, 18944])",torch.bfloat16,135790592
view_307,"torch.Size([1, 3584])",torch.bfloat16,7168
mm_65,"torch.Size([1, 18944])",torch.bfloat16,37888
view_308,"torch.Size([1, 1, 18944])",torch.bfloat16,37888
silu_16,"torch.Size([1, 1, 18944])",torch.bfloat16,37888
t_117,"torch.Size([3584, 18944])",torch.bfloat16,135790592
view_309,"torch.Size([1, 3584])",torch.bfloat16,7168
mm_66,"torch.Size([1, 18944])",torch.bfloat16,37888
view_310,"torch.Size([1, 1, 18944])",torch.bfloat16,37888
mul_155,"torch.Size([1, 1, 18944])",torch.bfloat16,37888
t_118,"torch.Size([18944, 3584])",torch.bfloat16,135790592
view_311,"torch.Size([1, 18944])",torch.bfloat16,37888
mm_67,"torch.Size([1, 3584])",torch.bfloat16,7168
view_312,"torch.Size([1, 1, 3584])",torch.bfloat16,7168
add_104,"torch.Size([1, 1, 3584])",torch.bfloat16,7168
_to_copy_71,"torch.Size([1, 1, 3584])",torch.float32,14336
pow_35,"torch.Size([1, 1, 3584])",torch.float32,14336
mean_34,"torch.Size([1, 1, 1])",torch.float32,4
add_105,"torch.Size([1, 1, 1])",torch.float32,4
rsqrt_34,"torch.Size([1, 1, 1])",torch.float32,4
mul_156,"torch.Size([1, 1, 3584])",torch.float32,14336
_to_copy_72,"torch.Size([1, 1, 3584])",torch.bfloat16,7168
mul_157,"torch.Size([1, 1, 3584])",torch.bfloat16,7168
view_313,"torch.Size([1, 3584])",torch.bfloat16,7168
t_119,"torch.Size([3584, 3584])",torch.bfloat16,25690112
addmm_51,"torch.Size([1, 3584])",torch.bfloat16,7168
view_314,"torch.Size([1, 1, 3584])",torch.bfloat16,7168
view_315,"torch.Size([1, 3584])",torch.bfloat16,7168
t_120,"torch.Size([3584, 512])",torch.bfloat16,3670016
addmm_52,"torch.Size([1, 512])",torch.bfloat16,1024
view_316,"torch.Size([1, 1, 512])",torch.bfloat16,1024
view_317,"torch.Size([1, 3584])",torch.bfloat16,7168
t_121,"torch.Size([3584, 512])",torch.bfloat16,3670016
addmm_53,"torch.Size([1, 512])",torch.bfloat16,1024
view_318,"torch.Size([1, 1, 512])",torch.bfloat16,1024
view_319,"torch.Size([1, 1, 28, 128])",torch.bfloat16,7168
transpose_69,"torch.Size([1, 28, 1, 128])",torch.bfloat16,7168
view_320,"torch.Size([1, 1, 4, 128])",torch.bfloat16,1024
transpose_70,"torch.Size([1, 4, 1, 128])",torch.bfloat16,1024
view_321,"torch.Size([1, 1, 4, 128])",torch.bfloat16,1024
transpose_71,"torch.Size([1, 4, 1, 128])",torch.bfloat16,1024
getitem_238,"torch.Size([3, 1, 1, 16])",torch.bfloat16,96
getitem_239,"torch.Size([3, 1, 1, 24])",torch.bfloat16,144
getitem_240,"torch.Size([3, 1, 1, 24])",torch.bfloat16,144
getitem_241,"torch.Size([3, 1, 1, 16])",torch.bfloat16,96
getitem_242,"torch.Size([3, 1, 1, 24])",torch.bfloat16,144
getitem_243,"torch.Size([3, 1, 1, 24])",torch.bfloat16,144
select_205,"torch.Size([1, 1, 16])",torch.bfloat16,32
select_206,"torch.Size([1, 1, 24])",torch.bfloat16,48
select_207,"torch.Size([1, 1, 24])",torch.bfloat16,48
select_208,"torch.Size([1, 1, 16])",torch.bfloat16,32
select_209,"torch.Size([1, 1, 24])",torch.bfloat16,48
select_210,"torch.Size([1, 1, 24])",torch.bfloat16,48
cat_103,"torch.Size([1, 1, 128])",torch.bfloat16,256
unsqueeze_80,"torch.Size([1, 1, 1, 128])",torch.bfloat16,256
getitem_244,"torch.Size([3, 1, 1, 16])",torch.bfloat16,96
getitem_245,"torch.Size([3, 1, 1, 24])",torch.bfloat16,144
getitem_246,"torch.Size([3, 1, 1, 24])",torch.bfloat16,144
getitem_247,"torch.Size([3, 1, 1, 16])",torch.bfloat16,96
getitem_248,"torch.Size([3, 1, 1, 24])",torch.bfloat16,144
getitem_249,"torch.Size([3, 1, 1, 24])",torch.bfloat16,144
select_211,"torch.Size([1, 1, 16])",torch.bfloat16,32
select_212,"torch.Size([1, 1, 24])",torch.bfloat16,48
select_213,"torch.Size([1, 1, 24])",torch.bfloat16,48
select_214,"torch.Size([1, 1, 16])",torch.bfloat16,32
select_215,"torch.Size([1, 1, 24])",torch.bfloat16,48
select_216,"torch.Size([1, 1, 24])",torch.bfloat16,48
cat_104,"torch.Size([1, 1, 128])",torch.bfloat16,256
unsqueeze_81,"torch.Size([1, 1, 1, 128])",torch.bfloat16,256
mul_158,"torch.Size([1, 28, 1, 128])",torch.bfloat16,7168
slice_331,"torch.Size([1, 28, 1, 64])",torch.bfloat16,3584
slice_332,"torch.Size([1, 28, 1, 64])",torch.bfloat16,3584
neg_34,"torch.Size([1, 28, 1, 64])",torch.bfloat16,3584
cat_105,"torch.Size([1, 28, 1, 128])",torch.bfloat16,7168
mul_159,"torch.Size([1, 28, 1, 128])",torch.bfloat16,7168
add_106,"torch.Size([1, 28, 1, 128])",torch.bfloat16,7168
mul_160,"torch.Size([1, 4, 1, 128])",torch.bfloat16,1024
slice_333,"torch.Size([1, 4, 1, 64])",torch.bfloat16,512
slice_334,"torch.Size([1, 4, 1, 64])",torch.bfloat16,512
neg_35,"torch.Size([1, 4, 1, 64])",torch.bfloat16,512
cat_106,"torch.Size([1, 4, 1, 128])",torch.bfloat16,1024
mul_161,"torch.Size([1, 4, 1, 128])",torch.bfloat16,1024
add_107,"torch.Size([1, 4, 1, 128])",torch.bfloat16,1024
cat_107,"torch.Size([1, 4, 3610, 128])",torch.bfloat16,3696640
cat_108,"torch.Size([1, 4, 3610, 128])",torch.bfloat16,3696640
slice_335,"torch.Size([1, 4, 3610, 128])",torch.bfloat16,3696640
slice_336,"torch.Size([1, 4, 3610, 128])",torch.bfloat16,3696640
unsqueeze_82,"torch.Size([1, 4, 1, 3610, 128])",torch.bfloat16,3696640
slice_337,"torch.Size([1, 4, 1, 3610, 128])",torch.bfloat16,3696640
slice_338,"torch.Size([1, 4, 1, 3610, 128])",torch.bfloat16,3696640
expand_42,"torch.Size([1, 4, 7, 3610, 128])",torch.bfloat16,25876480
clone_36,"torch.Size([1, 4, 7, 3610, 128])",torch.bfloat16,25876480
_unsafe_view_34,"torch.Size([1, 28, 3610, 128])",torch.bfloat16,25876480
slice_339,"torch.Size([1, 4, 3610, 128])",torch.bfloat16,3696640
slice_340,"torch.Size([1, 4, 3610, 128])",torch.bfloat16,3696640
unsqueeze_83,"torch.Size([1, 4, 1, 3610, 128])",torch.bfloat16,3696640
slice_341,"torch.Size([1, 4, 1, 3610, 128])",torch.bfloat16,3696640
slice_342,"torch.Size([1, 4, 1, 3610, 128])",torch.bfloat16,3696640
expand_43,"torch.Size([1, 4, 7, 3610, 128])",torch.bfloat16,25876480
clone_37,"torch.Size([1, 4, 7, 3610, 128])",torch.bfloat16,25876480
_unsafe_view_35,"torch.Size([1, 28, 3610, 128])",torch.bfloat16,25876480
slice_346,"torch.Size([1, 1, 1, 3610])",torch.bfloat16,7220
slice_347,"torch.Size([1, 1, 1, 3610])",torch.bfloat16,7220
slice_348,"torch.Size([1, 1, 1, 3610])",torch.bfloat16,7220
getitem_250,"torch.Size([1, 28, 1, 128])",torch.bfloat16,7168
transpose_72,"torch.Size([1, 1, 28, 128])",torch.bfloat16,7168
view_322,"torch.Size([1, 1, 3584])",torch.bfloat16,7168
t_122,"torch.Size([3584, 3584])",torch.bfloat16,25690112
view_323,"torch.Size([1, 3584])",torch.bfloat16,7168
mm_68,"torch.Size([1, 3584])",torch.bfloat16,7168
view_324,"torch.Size([1, 1, 3584])",torch.bfloat16,7168
add_108,"torch.Size([1, 1, 3584])",torch.bfloat16,7168
_to_copy_73,"torch.Size([1, 1, 3584])",torch.float32,14336
pow_36,"torch.Size([1, 1, 3584])",torch.float32,14336
mean_35,"torch.Size([1, 1, 1])",torch.float32,4
add_109,"torch.Size([1, 1, 1])",torch.float32,4
rsqrt_35,"torch.Size([1, 1, 1])",torch.float32,4
mul_162,"torch.Size([1, 1, 3584])",torch.float32,14336
_to_copy_74,"torch.Size([1, 1, 3584])",torch.bfloat16,7168
mul_163,"torch.Size([1, 1, 3584])",torch.bfloat16,7168
t_123,"torch.Size([3584, 18944])",torch.bfloat16,135790592
view_325,"torch.Size([1, 3584])",torch.bfloat16,7168
mm_69,"torch.Size([1, 18944])",torch.bfloat16,37888
view_326,"torch.Size([1, 1, 18944])",torch.bfloat16,37888
silu_17,"torch.Size([1, 1, 18944])",torch.bfloat16,37888
t_124,"torch.Size([3584, 18944])",torch.bfloat16,135790592
view_327,"torch.Size([1, 3584])",torch.bfloat16,7168
mm_70,"torch.Size([1, 18944])",torch.bfloat16,37888
view_328,"torch.Size([1, 1, 18944])",torch.bfloat16,37888
mul_164,"torch.Size([1, 1, 18944])",torch.bfloat16,37888
t_125,"torch.Size([18944, 3584])",torch.bfloat16,135790592
view_329,"torch.Size([1, 18944])",torch.bfloat16,37888
mm_71,"torch.Size([1, 3584])",torch.bfloat16,7168
view_330,"torch.Size([1, 1, 3584])",torch.bfloat16,7168
add_110,"torch.Size([1, 1, 3584])",torch.bfloat16,7168
_to_copy_75,"torch.Size([1, 1, 3584])",torch.float32,14336
pow_37,"torch.Size([1, 1, 3584])",torch.float32,14336
mean_36,"torch.Size([1, 1, 1])",torch.float32,4
add_111,"torch.Size([1, 1, 1])",torch.float32,4
rsqrt_36,"torch.Size([1, 1, 1])",torch.float32,4
mul_165,"torch.Size([1, 1, 3584])",torch.float32,14336
_to_copy_76,"torch.Size([1, 1, 3584])",torch.bfloat16,7168
mul_166,"torch.Size([1, 1, 3584])",torch.bfloat16,7168
view_331,"torch.Size([1, 3584])",torch.bfloat16,7168
t_126,"torch.Size([3584, 3584])",torch.bfloat16,25690112
addmm_54,"torch.Size([1, 3584])",torch.bfloat16,7168
view_332,"torch.Size([1, 1, 3584])",torch.bfloat16,7168
view_333,"torch.Size([1, 3584])",torch.bfloat16,7168
t_127,"torch.Size([3584, 512])",torch.bfloat16,3670016
addmm_55,"torch.Size([1, 512])",torch.bfloat16,1024
view_334,"torch.Size([1, 1, 512])",torch.bfloat16,1024
view_335,"torch.Size([1, 3584])",torch.bfloat16,7168
t_128,"torch.Size([3584, 512])",torch.bfloat16,3670016
addmm_56,"torch.Size([1, 512])",torch.bfloat16,1024
view_336,"torch.Size([1, 1, 512])",torch.bfloat16,1024
view_337,"torch.Size([1, 1, 28, 128])",torch.bfloat16,7168
transpose_73,"torch.Size([1, 28, 1, 128])",torch.bfloat16,7168
view_338,"torch.Size([1, 1, 4, 128])",torch.bfloat16,1024
transpose_74,"torch.Size([1, 4, 1, 128])",torch.bfloat16,1024
view_339,"torch.Size([1, 1, 4, 128])",torch.bfloat16,1024
transpose_75,"torch.Size([1, 4, 1, 128])",torch.bfloat16,1024
getitem_252,"torch.Size([3, 1, 1, 16])",torch.bfloat16,96
getitem_253,"torch.Size([3, 1, 1, 24])",torch.bfloat16,144
getitem_254,"torch.Size([3, 1, 1, 24])",torch.bfloat16,144
getitem_255,"torch.Size([3, 1, 1, 16])",torch.bfloat16,96
getitem_256,"torch.Size([3, 1, 1, 24])",torch.bfloat16,144
getitem_257,"torch.Size([3, 1, 1, 24])",torch.bfloat16,144
select_217,"torch.Size([1, 1, 16])",torch.bfloat16,32
select_218,"torch.Size([1, 1, 24])",torch.bfloat16,48
select_219,"torch.Size([1, 1, 24])",torch.bfloat16,48
select_220,"torch.Size([1, 1, 16])",torch.bfloat16,32
select_221,"torch.Size([1, 1, 24])",torch.bfloat16,48
select_222,"torch.Size([1, 1, 24])",torch.bfloat16,48
cat_109,"torch.Size([1, 1, 128])",torch.bfloat16,256
unsqueeze_84,"torch.Size([1, 1, 1, 128])",torch.bfloat16,256
getitem_258,"torch.Size([3, 1, 1, 16])",torch.bfloat16,96
getitem_259,"torch.Size([3, 1, 1, 24])",torch.bfloat16,144
getitem_260,"torch.Size([3, 1, 1, 24])",torch.bfloat16,144
getitem_261,"torch.Size([3, 1, 1, 16])",torch.bfloat16,96
getitem_262,"torch.Size([3, 1, 1, 24])",torch.bfloat16,144
getitem_263,"torch.Size([3, 1, 1, 24])",torch.bfloat16,144
select_223,"torch.Size([1, 1, 16])",torch.bfloat16,32
select_224,"torch.Size([1, 1, 24])",torch.bfloat16,48
select_225,"torch.Size([1, 1, 24])",torch.bfloat16,48
select_226,"torch.Size([1, 1, 16])",torch.bfloat16,32
select_227,"torch.Size([1, 1, 24])",torch.bfloat16,48
select_228,"torch.Size([1, 1, 24])",torch.bfloat16,48
cat_110,"torch.Size([1, 1, 128])",torch.bfloat16,256
unsqueeze_85,"torch.Size([1, 1, 1, 128])",torch.bfloat16,256
mul_167,"torch.Size([1, 28, 1, 128])",torch.bfloat16,7168
slice_349,"torch.Size([1, 28, 1, 64])",torch.bfloat16,3584
slice_350,"torch.Size([1, 28, 1, 64])",torch.bfloat16,3584
neg_36,"torch.Size([1, 28, 1, 64])",torch.bfloat16,3584
cat_111,"torch.Size([1, 28, 1, 128])",torch.bfloat16,7168
mul_168,"torch.Size([1, 28, 1, 128])",torch.bfloat16,7168
add_112,"torch.Size([1, 28, 1, 128])",torch.bfloat16,7168
mul_169,"torch.Size([1, 4, 1, 128])",torch.bfloat16,1024
slice_351,"torch.Size([1, 4, 1, 64])",torch.bfloat16,512
slice_352,"torch.Size([1, 4, 1, 64])",torch.bfloat16,512
neg_37,"torch.Size([1, 4, 1, 64])",torch.bfloat16,512
cat_112,"torch.Size([1, 4, 1, 128])",torch.bfloat16,1024
mul_170,"torch.Size([1, 4, 1, 128])",torch.bfloat16,1024
add_113,"torch.Size([1, 4, 1, 128])",torch.bfloat16,1024
cat_113,"torch.Size([1, 4, 3610, 128])",torch.bfloat16,3696640
cat_114,"torch.Size([1, 4, 3610, 128])",torch.bfloat16,3696640
slice_353,"torch.Size([1, 4, 3610, 128])",torch.bfloat16,3696640
slice_354,"torch.Size([1, 4, 3610, 128])",torch.bfloat16,3696640
unsqueeze_86,"torch.Size([1, 4, 1, 3610, 128])",torch.bfloat16,3696640
slice_355,"torch.Size([1, 4, 1, 3610, 128])",torch.bfloat16,3696640
slice_356,"torch.Size([1, 4, 1, 3610, 128])",torch.bfloat16,3696640
expand_44,"torch.Size([1, 4, 7, 3610, 128])",torch.bfloat16,25876480
clone_38,"torch.Size([1, 4, 7, 3610, 128])",torch.bfloat16,25876480
_unsafe_view_36,"torch.Size([1, 28, 3610, 128])",torch.bfloat16,25876480
slice_357,"torch.Size([1, 4, 3610, 128])",torch.bfloat16,3696640
slice_358,"torch.Size([1, 4, 3610, 128])",torch.bfloat16,3696640
unsqueeze_87,"torch.Size([1, 4, 1, 3610, 128])",torch.bfloat16,3696640
slice_359,"torch.Size([1, 4, 1, 3610, 128])",torch.bfloat16,3696640
slice_360,"torch.Size([1, 4, 1, 3610, 128])",torch.bfloat16,3696640
expand_45,"torch.Size([1, 4, 7, 3610, 128])",torch.bfloat16,25876480
clone_39,"torch.Size([1, 4, 7, 3610, 128])",torch.bfloat16,25876480
_unsafe_view_37,"torch.Size([1, 28, 3610, 128])",torch.bfloat16,25876480
slice_364,"torch.Size([1, 1, 1, 3610])",torch.bfloat16,7220
slice_365,"torch.Size([1, 1, 1, 3610])",torch.bfloat16,7220
slice_366,"torch.Size([1, 1, 1, 3610])",torch.bfloat16,7220
getitem_264,"torch.Size([1, 28, 1, 128])",torch.bfloat16,7168
transpose_76,"torch.Size([1, 1, 28, 128])",torch.bfloat16,7168
view_340,"torch.Size([1, 1, 3584])",torch.bfloat16,7168
t_129,"torch.Size([3584, 3584])",torch.bfloat16,25690112
view_341,"torch.Size([1, 3584])",torch.bfloat16,7168
mm_72,"torch.Size([1, 3584])",torch.bfloat16,7168
view_342,"torch.Size([1, 1, 3584])",torch.bfloat16,7168
add_114,"torch.Size([1, 1, 3584])",torch.bfloat16,7168
_to_copy_77,"torch.Size([1, 1, 3584])",torch.float32,14336
pow_38,"torch.Size([1, 1, 3584])",torch.float32,14336
mean_37,"torch.Size([1, 1, 1])",torch.float32,4
add_115,"torch.Size([1, 1, 1])",torch.float32,4
rsqrt_37,"torch.Size([1, 1, 1])",torch.float32,4
mul_171,"torch.Size([1, 1, 3584])",torch.float32,14336
_to_copy_78,"torch.Size([1, 1, 3584])",torch.bfloat16,7168
mul_172,"torch.Size([1, 1, 3584])",torch.bfloat16,7168
t_130,"torch.Size([3584, 18944])",torch.bfloat16,135790592
view_343,"torch.Size([1, 3584])",torch.bfloat16,7168
mm_73,"torch.Size([1, 18944])",torch.bfloat16,37888
view_344,"torch.Size([1, 1, 18944])",torch.bfloat16,37888
silu_18,"torch.Size([1, 1, 18944])",torch.bfloat16,37888
t_131,"torch.Size([3584, 18944])",torch.bfloat16,135790592
view_345,"torch.Size([1, 3584])",torch.bfloat16,7168
mm_74,"torch.Size([1, 18944])",torch.bfloat16,37888
view_346,"torch.Size([1, 1, 18944])",torch.bfloat16,37888
mul_173,"torch.Size([1, 1, 18944])",torch.bfloat16,37888
t_132,"torch.Size([18944, 3584])",torch.bfloat16,135790592
view_347,"torch.Size([1, 18944])",torch.bfloat16,37888
mm_75,"torch.Size([1, 3584])",torch.bfloat16,7168
view_348,"torch.Size([1, 1, 3584])",torch.bfloat16,7168
add_116,"torch.Size([1, 1, 3584])",torch.bfloat16,7168
_to_copy_79,"torch.Size([1, 1, 3584])",torch.float32,14336
pow_39,"torch.Size([1, 1, 3584])",torch.float32,14336
mean_38,"torch.Size([1, 1, 1])",torch.float32,4
add_117,"torch.Size([1, 1, 1])",torch.float32,4
rsqrt_38,"torch.Size([1, 1, 1])",torch.float32,4
mul_174,"torch.Size([1, 1, 3584])",torch.float32,14336
_to_copy_80,"torch.Size([1, 1, 3584])",torch.bfloat16,7168
mul_175,"torch.Size([1, 1, 3584])",torch.bfloat16,7168
view_349,"torch.Size([1, 3584])",torch.bfloat16,7168
t_133,"torch.Size([3584, 3584])",torch.bfloat16,25690112
addmm_57,"torch.Size([1, 3584])",torch.bfloat16,7168
view_350,"torch.Size([1, 1, 3584])",torch.bfloat16,7168
view_351,"torch.Size([1, 3584])",torch.bfloat16,7168
t_134,"torch.Size([3584, 512])",torch.bfloat16,3670016
addmm_58,"torch.Size([1, 512])",torch.bfloat16,1024
view_352,"torch.Size([1, 1, 512])",torch.bfloat16,1024
view_353,"torch.Size([1, 3584])",torch.bfloat16,7168
t_135,"torch.Size([3584, 512])",torch.bfloat16,3670016
addmm_59,"torch.Size([1, 512])",torch.bfloat16,1024
view_354,"torch.Size([1, 1, 512])",torch.bfloat16,1024
view_355,"torch.Size([1, 1, 28, 128])",torch.bfloat16,7168
transpose_77,"torch.Size([1, 28, 1, 128])",torch.bfloat16,7168
view_356,"torch.Size([1, 1, 4, 128])",torch.bfloat16,1024
transpose_78,"torch.Size([1, 4, 1, 128])",torch.bfloat16,1024
view_357,"torch.Size([1, 1, 4, 128])",torch.bfloat16,1024
transpose_79,"torch.Size([1, 4, 1, 128])",torch.bfloat16,1024
getitem_266,"torch.Size([3, 1, 1, 16])",torch.bfloat16,96
getitem_267,"torch.Size([3, 1, 1, 24])",torch.bfloat16,144
getitem_268,"torch.Size([3, 1, 1, 24])",torch.bfloat16,144
getitem_269,"torch.Size([3, 1, 1, 16])",torch.bfloat16,96
getitem_270,"torch.Size([3, 1, 1, 24])",torch.bfloat16,144
getitem_271,"torch.Size([3, 1, 1, 24])",torch.bfloat16,144
select_229,"torch.Size([1, 1, 16])",torch.bfloat16,32
select_230,"torch.Size([1, 1, 24])",torch.bfloat16,48
select_231,"torch.Size([1, 1, 24])",torch.bfloat16,48
select_232,"torch.Size([1, 1, 16])",torch.bfloat16,32
select_233,"torch.Size([1, 1, 24])",torch.bfloat16,48
select_234,"torch.Size([1, 1, 24])",torch.bfloat16,48
cat_115,"torch.Size([1, 1, 128])",torch.bfloat16,256
unsqueeze_88,"torch.Size([1, 1, 1, 128])",torch.bfloat16,256
getitem_272,"torch.Size([3, 1, 1, 16])",torch.bfloat16,96
getitem_273,"torch.Size([3, 1, 1, 24])",torch.bfloat16,144
getitem_274,"torch.Size([3, 1, 1, 24])",torch.bfloat16,144
getitem_275,"torch.Size([3, 1, 1, 16])",torch.bfloat16,96
getitem_276,"torch.Size([3, 1, 1, 24])",torch.bfloat16,144
getitem_277,"torch.Size([3, 1, 1, 24])",torch.bfloat16,144
select_235,"torch.Size([1, 1, 16])",torch.bfloat16,32
select_236,"torch.Size([1, 1, 24])",torch.bfloat16,48
select_237,"torch.Size([1, 1, 24])",torch.bfloat16,48
select_238,"torch.Size([1, 1, 16])",torch.bfloat16,32
select_239,"torch.Size([1, 1, 24])",torch.bfloat16,48
select_240,"torch.Size([1, 1, 24])",torch.bfloat16,48
cat_116,"torch.Size([1, 1, 128])",torch.bfloat16,256
unsqueeze_89,"torch.Size([1, 1, 1, 128])",torch.bfloat16,256
mul_176,"torch.Size([1, 28, 1, 128])",torch.bfloat16,7168
slice_367,"torch.Size([1, 28, 1, 64])",torch.bfloat16,3584
slice_368,"torch.Size([1, 28, 1, 64])",torch.bfloat16,3584
neg_38,"torch.Size([1, 28, 1, 64])",torch.bfloat16,3584
cat_117,"torch.Size([1, 28, 1, 128])",torch.bfloat16,7168
mul_177,"torch.Size([1, 28, 1, 128])",torch.bfloat16,7168
add_118,"torch.Size([1, 28, 1, 128])",torch.bfloat16,7168
mul_178,"torch.Size([1, 4, 1, 128])",torch.bfloat16,1024
slice_369,"torch.Size([1, 4, 1, 64])",torch.bfloat16,512
slice_370,"torch.Size([1, 4, 1, 64])",torch.bfloat16,512
neg_39,"torch.Size([1, 4, 1, 64])",torch.bfloat16,512
cat_118,"torch.Size([1, 4, 1, 128])",torch.bfloat16,1024
mul_179,"torch.Size([1, 4, 1, 128])",torch.bfloat16,1024
add_119,"torch.Size([1, 4, 1, 128])",torch.bfloat16,1024
cat_119,"torch.Size([1, 4, 3610, 128])",torch.bfloat16,3696640
cat_120,"torch.Size([1, 4, 3610, 128])",torch.bfloat16,3696640
slice_371,"torch.Size([1, 4, 3610, 128])",torch.bfloat16,3696640
slice_372,"torch.Size([1, 4, 3610, 128])",torch.bfloat16,3696640
unsqueeze_90,"torch.Size([1, 4, 1, 3610, 128])",torch.bfloat16,3696640
slice_373,"torch.Size([1, 4, 1, 3610, 128])",torch.bfloat16,3696640
slice_374,"torch.Size([1, 4, 1, 3610, 128])",torch.bfloat16,3696640
expand_46,"torch.Size([1, 4, 7, 3610, 128])",torch.bfloat16,25876480
clone_40,"torch.Size([1, 4, 7, 3610, 128])",torch.bfloat16,25876480
_unsafe_view_38,"torch.Size([1, 28, 3610, 128])",torch.bfloat16,25876480
slice_375,"torch.Size([1, 4, 3610, 128])",torch.bfloat16,3696640
slice_376,"torch.Size([1, 4, 3610, 128])",torch.bfloat16,3696640
unsqueeze_91,"torch.Size([1, 4, 1, 3610, 128])",torch.bfloat16,3696640
slice_377,"torch.Size([1, 4, 1, 3610, 128])",torch.bfloat16,3696640
slice_378,"torch.Size([1, 4, 1, 3610, 128])",torch.bfloat16,3696640
expand_47,"torch.Size([1, 4, 7, 3610, 128])",torch.bfloat16,25876480
clone_41,"torch.Size([1, 4, 7, 3610, 128])",torch.bfloat16,25876480
_unsafe_view_39,"torch.Size([1, 28, 3610, 128])",torch.bfloat16,25876480
slice_382,"torch.Size([1, 1, 1, 3610])",torch.bfloat16,7220
slice_383,"torch.Size([1, 1, 1, 3610])",torch.bfloat16,7220
slice_384,"torch.Size([1, 1, 1, 3610])",torch.bfloat16,7220
getitem_278,"torch.Size([1, 28, 1, 128])",torch.bfloat16,7168
transpose_80,"torch.Size([1, 1, 28, 128])",torch.bfloat16,7168
view_358,"torch.Size([1, 1, 3584])",torch.bfloat16,7168
t_136,"torch.Size([3584, 3584])",torch.bfloat16,25690112
view_359,"torch.Size([1, 3584])",torch.bfloat16,7168
mm_76,"torch.Size([1, 3584])",torch.bfloat16,7168
view_360,"torch.Size([1, 1, 3584])",torch.bfloat16,7168
add_120,"torch.Size([1, 1, 3584])",torch.bfloat16,7168
_to_copy_81,"torch.Size([1, 1, 3584])",torch.float32,14336
pow_40,"torch.Size([1, 1, 3584])",torch.float32,14336
mean_39,"torch.Size([1, 1, 1])",torch.float32,4
add_121,"torch.Size([1, 1, 1])",torch.float32,4
rsqrt_39,"torch.Size([1, 1, 1])",torch.float32,4
mul_180,"torch.Size([1, 1, 3584])",torch.float32,14336
_to_copy_82,"torch.Size([1, 1, 3584])",torch.bfloat16,7168
mul_181,"torch.Size([1, 1, 3584])",torch.bfloat16,7168
t_137,"torch.Size([3584, 18944])",torch.bfloat16,135790592
view_361,"torch.Size([1, 3584])",torch.bfloat16,7168
mm_77,"torch.Size([1, 18944])",torch.bfloat16,37888
view_362,"torch.Size([1, 1, 18944])",torch.bfloat16,37888
silu_19,"torch.Size([1, 1, 18944])",torch.bfloat16,37888
t_138,"torch.Size([3584, 18944])",torch.bfloat16,135790592
view_363,"torch.Size([1, 3584])",torch.bfloat16,7168
mm_78,"torch.Size([1, 18944])",torch.bfloat16,37888
view_364,"torch.Size([1, 1, 18944])",torch.bfloat16,37888
mul_182,"torch.Size([1, 1, 18944])",torch.bfloat16,37888
t_139,"torch.Size([18944, 3584])",torch.bfloat16,135790592
view_365,"torch.Size([1, 18944])",torch.bfloat16,37888
mm_79,"torch.Size([1, 3584])",torch.bfloat16,7168
view_366,"torch.Size([1, 1, 3584])",torch.bfloat16,7168
add_122,"torch.Size([1, 1, 3584])",torch.bfloat16,7168
_to_copy_83,"torch.Size([1, 1, 3584])",torch.float32,14336
pow_41,"torch.Size([1, 1, 3584])",torch.float32,14336
mean_40,"torch.Size([1, 1, 1])",torch.float32,4
add_123,"torch.Size([1, 1, 1])",torch.float32,4
rsqrt_40,"torch.Size([1, 1, 1])",torch.float32,4
mul_183,"torch.Size([1, 1, 3584])",torch.float32,14336
_to_copy_84,"torch.Size([1, 1, 3584])",torch.bfloat16,7168
mul_184,"torch.Size([1, 1, 3584])",torch.bfloat16,7168
view_367,"torch.Size([1, 3584])",torch.bfloat16,7168
t_140,"torch.Size([3584, 3584])",torch.bfloat16,25690112
addmm_60,"torch.Size([1, 3584])",torch.bfloat16,7168
view_368,"torch.Size([1, 1, 3584])",torch.bfloat16,7168
view_369,"torch.Size([1, 3584])",torch.bfloat16,7168
t_141,"torch.Size([3584, 512])",torch.bfloat16,3670016
addmm_61,"torch.Size([1, 512])",torch.bfloat16,1024
view_370,"torch.Size([1, 1, 512])",torch.bfloat16,1024
view_371,"torch.Size([1, 3584])",torch.bfloat16,7168
t_142,"torch.Size([3584, 512])",torch.bfloat16,3670016
addmm_62,"torch.Size([1, 512])",torch.bfloat16,1024
view_372,"torch.Size([1, 1, 512])",torch.bfloat16,1024
view_373,"torch.Size([1, 1, 28, 128])",torch.bfloat16,7168
transpose_81,"torch.Size([1, 28, 1, 128])",torch.bfloat16,7168
view_374,"torch.Size([1, 1, 4, 128])",torch.bfloat16,1024
transpose_82,"torch.Size([1, 4, 1, 128])",torch.bfloat16,1024
view_375,"torch.Size([1, 1, 4, 128])",torch.bfloat16,1024
transpose_83,"torch.Size([1, 4, 1, 128])",torch.bfloat16,1024
getitem_280,"torch.Size([3, 1, 1, 16])",torch.bfloat16,96
getitem_281,"torch.Size([3, 1, 1, 24])",torch.bfloat16,144
getitem_282,"torch.Size([3, 1, 1, 24])",torch.bfloat16,144
getitem_283,"torch.Size([3, 1, 1, 16])",torch.bfloat16,96
getitem_284,"torch.Size([3, 1, 1, 24])",torch.bfloat16,144
getitem_285,"torch.Size([3, 1, 1, 24])",torch.bfloat16,144
select_241,"torch.Size([1, 1, 16])",torch.bfloat16,32
select_242,"torch.Size([1, 1, 24])",torch.bfloat16,48
select_243,"torch.Size([1, 1, 24])",torch.bfloat16,48
select_244,"torch.Size([1, 1, 16])",torch.bfloat16,32
select_245,"torch.Size([1, 1, 24])",torch.bfloat16,48
select_246,"torch.Size([1, 1, 24])",torch.bfloat16,48
cat_121,"torch.Size([1, 1, 128])",torch.bfloat16,256
unsqueeze_92,"torch.Size([1, 1, 1, 128])",torch.bfloat16,256
getitem_286,"torch.Size([3, 1, 1, 16])",torch.bfloat16,96
getitem_287,"torch.Size([3, 1, 1, 24])",torch.bfloat16,144
getitem_288,"torch.Size([3, 1, 1, 24])",torch.bfloat16,144
getitem_289,"torch.Size([3, 1, 1, 16])",torch.bfloat16,96
getitem_290,"torch.Size([3, 1, 1, 24])",torch.bfloat16,144
getitem_291,"torch.Size([3, 1, 1, 24])",torch.bfloat16,144
select_247,"torch.Size([1, 1, 16])",torch.bfloat16,32
select_248,"torch.Size([1, 1, 24])",torch.bfloat16,48
select_249,"torch.Size([1, 1, 24])",torch.bfloat16,48
select_250,"torch.Size([1, 1, 16])",torch.bfloat16,32
select_251,"torch.Size([1, 1, 24])",torch.bfloat16,48
select_252,"torch.Size([1, 1, 24])",torch.bfloat16,48
cat_122,"torch.Size([1, 1, 128])",torch.bfloat16,256
unsqueeze_93,"torch.Size([1, 1, 1, 128])",torch.bfloat16,256
mul_185,"torch.Size([1, 28, 1, 128])",torch.bfloat16,7168
slice_385,"torch.Size([1, 28, 1, 64])",torch.bfloat16,3584
slice_386,"torch.Size([1, 28, 1, 64])",torch.bfloat16,3584
neg_40,"torch.Size([1, 28, 1, 64])",torch.bfloat16,3584
cat_123,"torch.Size([1, 28, 1, 128])",torch.bfloat16,7168
mul_186,"torch.Size([1, 28, 1, 128])",torch.bfloat16,7168
add_124,"torch.Size([1, 28, 1, 128])",torch.bfloat16,7168
mul_187,"torch.Size([1, 4, 1, 128])",torch.bfloat16,1024
slice_387,"torch.Size([1, 4, 1, 64])",torch.bfloat16,512
slice_388,"torch.Size([1, 4, 1, 64])",torch.bfloat16,512
neg_41,"torch.Size([1, 4, 1, 64])",torch.bfloat16,512
cat_124,"torch.Size([1, 4, 1, 128])",torch.bfloat16,1024
mul_188,"torch.Size([1, 4, 1, 128])",torch.bfloat16,1024
add_125,"torch.Size([1, 4, 1, 128])",torch.bfloat16,1024
cat_125,"torch.Size([1, 4, 3610, 128])",torch.bfloat16,3696640
cat_126,"torch.Size([1, 4, 3610, 128])",torch.bfloat16,3696640
slice_389,"torch.Size([1, 4, 3610, 128])",torch.bfloat16,3696640
slice_390,"torch.Size([1, 4, 3610, 128])",torch.bfloat16,3696640
unsqueeze_94,"torch.Size([1, 4, 1, 3610, 128])",torch.bfloat16,3696640
slice_391,"torch.Size([1, 4, 1, 3610, 128])",torch.bfloat16,3696640
slice_392,"torch.Size([1, 4, 1, 3610, 128])",torch.bfloat16,3696640
expand_48,"torch.Size([1, 4, 7, 3610, 128])",torch.bfloat16,25876480
clone_42,"torch.Size([1, 4, 7, 3610, 128])",torch.bfloat16,25876480
_unsafe_view_40,"torch.Size([1, 28, 3610, 128])",torch.bfloat16,25876480
slice_393,"torch.Size([1, 4, 3610, 128])",torch.bfloat16,3696640
slice_394,"torch.Size([1, 4, 3610, 128])",torch.bfloat16,3696640
unsqueeze_95,"torch.Size([1, 4, 1, 3610, 128])",torch.bfloat16,3696640
slice_395,"torch.Size([1, 4, 1, 3610, 128])",torch.bfloat16,3696640
slice_396,"torch.Size([1, 4, 1, 3610, 128])",torch.bfloat16,3696640
expand_49,"torch.Size([1, 4, 7, 3610, 128])",torch.bfloat16,25876480
clone_43,"torch.Size([1, 4, 7, 3610, 128])",torch.bfloat16,25876480
_unsafe_view_41,"torch.Size([1, 28, 3610, 128])",torch.bfloat16,25876480
slice_400,"torch.Size([1, 1, 1, 3610])",torch.bfloat16,7220
slice_401,"torch.Size([1, 1, 1, 3610])",torch.bfloat16,7220
slice_402,"torch.Size([1, 1, 1, 3610])",torch.bfloat16,7220
getitem_292,"torch.Size([1, 28, 1, 128])",torch.bfloat16,7168
transpose_84,"torch.Size([1, 1, 28, 128])",torch.bfloat16,7168
view_376,"torch.Size([1, 1, 3584])",torch.bfloat16,7168
t_143,"torch.Size([3584, 3584])",torch.bfloat16,25690112
view_377,"torch.Size([1, 3584])",torch.bfloat16,7168
mm_80,"torch.Size([1, 3584])",torch.bfloat16,7168
view_378,"torch.Size([1, 1, 3584])",torch.bfloat16,7168
add_126,"torch.Size([1, 1, 3584])",torch.bfloat16,7168
_to_copy_85,"torch.Size([1, 1, 3584])",torch.float32,14336
pow_42,"torch.Size([1, 1, 3584])",torch.float32,14336
mean_41,"torch.Size([1, 1, 1])",torch.float32,4
add_127,"torch.Size([1, 1, 1])",torch.float32,4
rsqrt_41,"torch.Size([1, 1, 1])",torch.float32,4
mul_189,"torch.Size([1, 1, 3584])",torch.float32,14336
_to_copy_86,"torch.Size([1, 1, 3584])",torch.bfloat16,7168
mul_190,"torch.Size([1, 1, 3584])",torch.bfloat16,7168
t_144,"torch.Size([3584, 18944])",torch.bfloat16,135790592
view_379,"torch.Size([1, 3584])",torch.bfloat16,7168
mm_81,"torch.Size([1, 18944])",torch.bfloat16,37888
view_380,"torch.Size([1, 1, 18944])",torch.bfloat16,37888
silu_20,"torch.Size([1, 1, 18944])",torch.bfloat16,37888
t_145,"torch.Size([3584, 18944])",torch.bfloat16,135790592
view_381,"torch.Size([1, 3584])",torch.bfloat16,7168
mm_82,"torch.Size([1, 18944])",torch.bfloat16,37888
view_382,"torch.Size([1, 1, 18944])",torch.bfloat16,37888
mul_191,"torch.Size([1, 1, 18944])",torch.bfloat16,37888
t_146,"torch.Size([18944, 3584])",torch.bfloat16,135790592
view_383,"torch.Size([1, 18944])",torch.bfloat16,37888
mm_83,"torch.Size([1, 3584])",torch.bfloat16,7168
view_384,"torch.Size([1, 1, 3584])",torch.bfloat16,7168
add_128,"torch.Size([1, 1, 3584])",torch.bfloat16,7168
_to_copy_87,"torch.Size([1, 1, 3584])",torch.float32,14336
pow_43,"torch.Size([1, 1, 3584])",torch.float32,14336
mean_42,"torch.Size([1, 1, 1])",torch.float32,4
add_129,"torch.Size([1, 1, 1])",torch.float32,4
rsqrt_42,"torch.Size([1, 1, 1])",torch.float32,4
mul_192,"torch.Size([1, 1, 3584])",torch.float32,14336
_to_copy_88,"torch.Size([1, 1, 3584])",torch.bfloat16,7168
mul_193,"torch.Size([1, 1, 3584])",torch.bfloat16,7168
view_385,"torch.Size([1, 3584])",torch.bfloat16,7168
t_147,"torch.Size([3584, 3584])",torch.bfloat16,25690112
addmm_63,"torch.Size([1, 3584])",torch.bfloat16,7168
view_386,"torch.Size([1, 1, 3584])",torch.bfloat16,7168
view_387,"torch.Size([1, 3584])",torch.bfloat16,7168
t_148,"torch.Size([3584, 512])",torch.bfloat16,3670016
addmm_64,"torch.Size([1, 512])",torch.bfloat16,1024
view_388,"torch.Size([1, 1, 512])",torch.bfloat16,1024
view_389,"torch.Size([1, 3584])",torch.bfloat16,7168
t_149,"torch.Size([3584, 512])",torch.bfloat16,3670016
addmm_65,"torch.Size([1, 512])",torch.bfloat16,1024
view_390,"torch.Size([1, 1, 512])",torch.bfloat16,1024
view_391,"torch.Size([1, 1, 28, 128])",torch.bfloat16,7168
transpose_85,"torch.Size([1, 28, 1, 128])",torch.bfloat16,7168
view_392,"torch.Size([1, 1, 4, 128])",torch.bfloat16,1024
transpose_86,"torch.Size([1, 4, 1, 128])",torch.bfloat16,1024
view_393,"torch.Size([1, 1, 4, 128])",torch.bfloat16,1024
transpose_87,"torch.Size([1, 4, 1, 128])",torch.bfloat16,1024
getitem_294,"torch.Size([3, 1, 1, 16])",torch.bfloat16,96
getitem_295,"torch.Size([3, 1, 1, 24])",torch.bfloat16,144
getitem_296,"torch.Size([3, 1, 1, 24])",torch.bfloat16,144
getitem_297,"torch.Size([3, 1, 1, 16])",torch.bfloat16,96
getitem_298,"torch.Size([3, 1, 1, 24])",torch.bfloat16,144
getitem_299,"torch.Size([3, 1, 1, 24])",torch.bfloat16,144
select_253,"torch.Size([1, 1, 16])",torch.bfloat16,32
select_254,"torch.Size([1, 1, 24])",torch.bfloat16,48
select_255,"torch.Size([1, 1, 24])",torch.bfloat16,48
select_256,"torch.Size([1, 1, 16])",torch.bfloat16,32
select_257,"torch.Size([1, 1, 24])",torch.bfloat16,48
select_258,"torch.Size([1, 1, 24])",torch.bfloat16,48
cat_127,"torch.Size([1, 1, 128])",torch.bfloat16,256
unsqueeze_96,"torch.Size([1, 1, 1, 128])",torch.bfloat16,256
getitem_300,"torch.Size([3, 1, 1, 16])",torch.bfloat16,96
getitem_301,"torch.Size([3, 1, 1, 24])",torch.bfloat16,144
getitem_302,"torch.Size([3, 1, 1, 24])",torch.bfloat16,144
getitem_303,"torch.Size([3, 1, 1, 16])",torch.bfloat16,96
getitem_304,"torch.Size([3, 1, 1, 24])",torch.bfloat16,144
getitem_305,"torch.Size([3, 1, 1, 24])",torch.bfloat16,144
select_259,"torch.Size([1, 1, 16])",torch.bfloat16,32
select_260,"torch.Size([1, 1, 24])",torch.bfloat16,48
select_261,"torch.Size([1, 1, 24])",torch.bfloat16,48
select_262,"torch.Size([1, 1, 16])",torch.bfloat16,32
select_263,"torch.Size([1, 1, 24])",torch.bfloat16,48
select_264,"torch.Size([1, 1, 24])",torch.bfloat16,48
cat_128,"torch.Size([1, 1, 128])",torch.bfloat16,256
unsqueeze_97,"torch.Size([1, 1, 1, 128])",torch.bfloat16,256
mul_194,"torch.Size([1, 28, 1, 128])",torch.bfloat16,7168
slice_403,"torch.Size([1, 28, 1, 64])",torch.bfloat16,3584
slice_404,"torch.Size([1, 28, 1, 64])",torch.bfloat16,3584
neg_42,"torch.Size([1, 28, 1, 64])",torch.bfloat16,3584
cat_129,"torch.Size([1, 28, 1, 128])",torch.bfloat16,7168
mul_195,"torch.Size([1, 28, 1, 128])",torch.bfloat16,7168
add_130,"torch.Size([1, 28, 1, 128])",torch.bfloat16,7168
mul_196,"torch.Size([1, 4, 1, 128])",torch.bfloat16,1024
slice_405,"torch.Size([1, 4, 1, 64])",torch.bfloat16,512
slice_406,"torch.Size([1, 4, 1, 64])",torch.bfloat16,512
neg_43,"torch.Size([1, 4, 1, 64])",torch.bfloat16,512
cat_130,"torch.Size([1, 4, 1, 128])",torch.bfloat16,1024
mul_197,"torch.Size([1, 4, 1, 128])",torch.bfloat16,1024
add_131,"torch.Size([1, 4, 1, 128])",torch.bfloat16,1024
cat_131,"torch.Size([1, 4, 3610, 128])",torch.bfloat16,3696640
cat_132,"torch.Size([1, 4, 3610, 128])",torch.bfloat16,3696640
slice_407,"torch.Size([1, 4, 3610, 128])",torch.bfloat16,3696640
slice_408,"torch.Size([1, 4, 3610, 128])",torch.bfloat16,3696640
unsqueeze_98,"torch.Size([1, 4, 1, 3610, 128])",torch.bfloat16,3696640
slice_409,"torch.Size([1, 4, 1, 3610, 128])",torch.bfloat16,3696640
slice_410,"torch.Size([1, 4, 1, 3610, 128])",torch.bfloat16,3696640
expand_50,"torch.Size([1, 4, 7, 3610, 128])",torch.bfloat16,25876480
clone_44,"torch.Size([1, 4, 7, 3610, 128])",torch.bfloat16,25876480
_unsafe_view_42,"torch.Size([1, 28, 3610, 128])",torch.bfloat16,25876480
slice_411,"torch.Size([1, 4, 3610, 128])",torch.bfloat16,3696640
slice_412,"torch.Size([1, 4, 3610, 128])",torch.bfloat16,3696640
unsqueeze_99,"torch.Size([1, 4, 1, 3610, 128])",torch.bfloat16,3696640
slice_413,"torch.Size([1, 4, 1, 3610, 128])",torch.bfloat16,3696640
slice_414,"torch.Size([1, 4, 1, 3610, 128])",torch.bfloat16,3696640
expand_51,"torch.Size([1, 4, 7, 3610, 128])",torch.bfloat16,25876480
clone_45,"torch.Size([1, 4, 7, 3610, 128])",torch.bfloat16,25876480
_unsafe_view_43,"torch.Size([1, 28, 3610, 128])",torch.bfloat16,25876480
slice_418,"torch.Size([1, 1, 1, 3610])",torch.bfloat16,7220
slice_419,"torch.Size([1, 1, 1, 3610])",torch.bfloat16,7220
slice_420,"torch.Size([1, 1, 1, 3610])",torch.bfloat16,7220
getitem_306,"torch.Size([1, 28, 1, 128])",torch.bfloat16,7168
transpose_88,"torch.Size([1, 1, 28, 128])",torch.bfloat16,7168
view_394,"torch.Size([1, 1, 3584])",torch.bfloat16,7168
t_150,"torch.Size([3584, 3584])",torch.bfloat16,25690112
view_395,"torch.Size([1, 3584])",torch.bfloat16,7168
mm_84,"torch.Size([1, 3584])",torch.bfloat16,7168
view_396,"torch.Size([1, 1, 3584])",torch.bfloat16,7168
add_132,"torch.Size([1, 1, 3584])",torch.bfloat16,7168
_to_copy_89,"torch.Size([1, 1, 3584])",torch.float32,14336
pow_44,"torch.Size([1, 1, 3584])",torch.float32,14336
mean_43,"torch.Size([1, 1, 1])",torch.float32,4
add_133,"torch.Size([1, 1, 1])",torch.float32,4
rsqrt_43,"torch.Size([1, 1, 1])",torch.float32,4
mul_198,"torch.Size([1, 1, 3584])",torch.float32,14336
_to_copy_90,"torch.Size([1, 1, 3584])",torch.bfloat16,7168
mul_199,"torch.Size([1, 1, 3584])",torch.bfloat16,7168
t_151,"torch.Size([3584, 18944])",torch.bfloat16,135790592
view_397,"torch.Size([1, 3584])",torch.bfloat16,7168
mm_85,"torch.Size([1, 18944])",torch.bfloat16,37888
view_398,"torch.Size([1, 1, 18944])",torch.bfloat16,37888
silu_21,"torch.Size([1, 1, 18944])",torch.bfloat16,37888
t_152,"torch.Size([3584, 18944])",torch.bfloat16,135790592
view_399,"torch.Size([1, 3584])",torch.bfloat16,7168
mm_86,"torch.Size([1, 18944])",torch.bfloat16,37888
view_400,"torch.Size([1, 1, 18944])",torch.bfloat16,37888
mul_200,"torch.Size([1, 1, 18944])",torch.bfloat16,37888
t_153,"torch.Size([18944, 3584])",torch.bfloat16,135790592
view_401,"torch.Size([1, 18944])",torch.bfloat16,37888
mm_87,"torch.Size([1, 3584])",torch.bfloat16,7168
view_402,"torch.Size([1, 1, 3584])",torch.bfloat16,7168
add_134,"torch.Size([1, 1, 3584])",torch.bfloat16,7168
_to_copy_91,"torch.Size([1, 1, 3584])",torch.float32,14336
pow_45,"torch.Size([1, 1, 3584])",torch.float32,14336
mean_44,"torch.Size([1, 1, 1])",torch.float32,4
add_135,"torch.Size([1, 1, 1])",torch.float32,4
rsqrt_44,"torch.Size([1, 1, 1])",torch.float32,4
mul_201,"torch.Size([1, 1, 3584])",torch.float32,14336
_to_copy_92,"torch.Size([1, 1, 3584])",torch.bfloat16,7168
mul_202,"torch.Size([1, 1, 3584])",torch.bfloat16,7168
view_403,"torch.Size([1, 3584])",torch.bfloat16,7168
t_154,"torch.Size([3584, 3584])",torch.bfloat16,25690112
addmm_66,"torch.Size([1, 3584])",torch.bfloat16,7168
view_404,"torch.Size([1, 1, 3584])",torch.bfloat16,7168
view_405,"torch.Size([1, 3584])",torch.bfloat16,7168
t_155,"torch.Size([3584, 512])",torch.bfloat16,3670016
addmm_67,"torch.Size([1, 512])",torch.bfloat16,1024
view_406,"torch.Size([1, 1, 512])",torch.bfloat16,1024
view_407,"torch.Size([1, 3584])",torch.bfloat16,7168
t_156,"torch.Size([3584, 512])",torch.bfloat16,3670016
addmm_68,"torch.Size([1, 512])",torch.bfloat16,1024
view_408,"torch.Size([1, 1, 512])",torch.bfloat16,1024
view_409,"torch.Size([1, 1, 28, 128])",torch.bfloat16,7168
transpose_89,"torch.Size([1, 28, 1, 128])",torch.bfloat16,7168
view_410,"torch.Size([1, 1, 4, 128])",torch.bfloat16,1024
transpose_90,"torch.Size([1, 4, 1, 128])",torch.bfloat16,1024
view_411,"torch.Size([1, 1, 4, 128])",torch.bfloat16,1024
transpose_91,"torch.Size([1, 4, 1, 128])",torch.bfloat16,1024
getitem_308,"torch.Size([3, 1, 1, 16])",torch.bfloat16,96
getitem_309,"torch.Size([3, 1, 1, 24])",torch.bfloat16,144
getitem_310,"torch.Size([3, 1, 1, 24])",torch.bfloat16,144
getitem_311,"torch.Size([3, 1, 1, 16])",torch.bfloat16,96
getitem_312,"torch.Size([3, 1, 1, 24])",torch.bfloat16,144
getitem_313,"torch.Size([3, 1, 1, 24])",torch.bfloat16,144
select_265,"torch.Size([1, 1, 16])",torch.bfloat16,32
select_266,"torch.Size([1, 1, 24])",torch.bfloat16,48
select_267,"torch.Size([1, 1, 24])",torch.bfloat16,48
select_268,"torch.Size([1, 1, 16])",torch.bfloat16,32
select_269,"torch.Size([1, 1, 24])",torch.bfloat16,48
select_270,"torch.Size([1, 1, 24])",torch.bfloat16,48
cat_133,"torch.Size([1, 1, 128])",torch.bfloat16,256
unsqueeze_100,"torch.Size([1, 1, 1, 128])",torch.bfloat16,256
getitem_314,"torch.Size([3, 1, 1, 16])",torch.bfloat16,96
getitem_315,"torch.Size([3, 1, 1, 24])",torch.bfloat16,144
getitem_316,"torch.Size([3, 1, 1, 24])",torch.bfloat16,144
getitem_317,"torch.Size([3, 1, 1, 16])",torch.bfloat16,96
getitem_318,"torch.Size([3, 1, 1, 24])",torch.bfloat16,144
getitem_319,"torch.Size([3, 1, 1, 24])",torch.bfloat16,144
select_271,"torch.Size([1, 1, 16])",torch.bfloat16,32
select_272,"torch.Size([1, 1, 24])",torch.bfloat16,48
select_273,"torch.Size([1, 1, 24])",torch.bfloat16,48
select_274,"torch.Size([1, 1, 16])",torch.bfloat16,32
select_275,"torch.Size([1, 1, 24])",torch.bfloat16,48
select_276,"torch.Size([1, 1, 24])",torch.bfloat16,48
cat_134,"torch.Size([1, 1, 128])",torch.bfloat16,256
unsqueeze_101,"torch.Size([1, 1, 1, 128])",torch.bfloat16,256
mul_203,"torch.Size([1, 28, 1, 128])",torch.bfloat16,7168
slice_421,"torch.Size([1, 28, 1, 64])",torch.bfloat16,3584
slice_422,"torch.Size([1, 28, 1, 64])",torch.bfloat16,3584
neg_44,"torch.Size([1, 28, 1, 64])",torch.bfloat16,3584
cat_135,"torch.Size([1, 28, 1, 128])",torch.bfloat16,7168
mul_204,"torch.Size([1, 28, 1, 128])",torch.bfloat16,7168
add_136,"torch.Size([1, 28, 1, 128])",torch.bfloat16,7168
mul_205,"torch.Size([1, 4, 1, 128])",torch.bfloat16,1024
slice_423,"torch.Size([1, 4, 1, 64])",torch.bfloat16,512
slice_424,"torch.Size([1, 4, 1, 64])",torch.bfloat16,512
neg_45,"torch.Size([1, 4, 1, 64])",torch.bfloat16,512
cat_136,"torch.Size([1, 4, 1, 128])",torch.bfloat16,1024
mul_206,"torch.Size([1, 4, 1, 128])",torch.bfloat16,1024
add_137,"torch.Size([1, 4, 1, 128])",torch.bfloat16,1024
cat_137,"torch.Size([1, 4, 3610, 128])",torch.bfloat16,3696640
cat_138,"torch.Size([1, 4, 3610, 128])",torch.bfloat16,3696640
slice_425,"torch.Size([1, 4, 3610, 128])",torch.bfloat16,3696640
slice_426,"torch.Size([1, 4, 3610, 128])",torch.bfloat16,3696640
unsqueeze_102,"torch.Size([1, 4, 1, 3610, 128])",torch.bfloat16,3696640
slice_427,"torch.Size([1, 4, 1, 3610, 128])",torch.bfloat16,3696640
slice_428,"torch.Size([1, 4, 1, 3610, 128])",torch.bfloat16,3696640
expand_52,"torch.Size([1, 4, 7, 3610, 128])",torch.bfloat16,25876480
clone_46,"torch.Size([1, 4, 7, 3610, 128])",torch.bfloat16,25876480
_unsafe_view_44,"torch.Size([1, 28, 3610, 128])",torch.bfloat16,25876480
slice_429,"torch.Size([1, 4, 3610, 128])",torch.bfloat16,3696640
slice_430,"torch.Size([1, 4, 3610, 128])",torch.bfloat16,3696640
unsqueeze_103,"torch.Size([1, 4, 1, 3610, 128])",torch.bfloat16,3696640
slice_431,"torch.Size([1, 4, 1, 3610, 128])",torch.bfloat16,3696640
slice_432,"torch.Size([1, 4, 1, 3610, 128])",torch.bfloat16,3696640
expand_53,"torch.Size([1, 4, 7, 3610, 128])",torch.bfloat16,25876480
clone_47,"torch.Size([1, 4, 7, 3610, 128])",torch.bfloat16,25876480
_unsafe_view_45,"torch.Size([1, 28, 3610, 128])",torch.bfloat16,25876480
slice_436,"torch.Size([1, 1, 1, 3610])",torch.bfloat16,7220
slice_437,"torch.Size([1, 1, 1, 3610])",torch.bfloat16,7220
slice_438,"torch.Size([1, 1, 1, 3610])",torch.bfloat16,7220
getitem_320,"torch.Size([1, 28, 1, 128])",torch.bfloat16,7168
transpose_92,"torch.Size([1, 1, 28, 128])",torch.bfloat16,7168
view_412,"torch.Size([1, 1, 3584])",torch.bfloat16,7168
t_157,"torch.Size([3584, 3584])",torch.bfloat16,25690112
view_413,"torch.Size([1, 3584])",torch.bfloat16,7168
mm_88,"torch.Size([1, 3584])",torch.bfloat16,7168
view_414,"torch.Size([1, 1, 3584])",torch.bfloat16,7168
add_138,"torch.Size([1, 1, 3584])",torch.bfloat16,7168
_to_copy_93,"torch.Size([1, 1, 3584])",torch.float32,14336
pow_46,"torch.Size([1, 1, 3584])",torch.float32,14336
mean_45,"torch.Size([1, 1, 1])",torch.float32,4
add_139,"torch.Size([1, 1, 1])",torch.float32,4
rsqrt_45,"torch.Size([1, 1, 1])",torch.float32,4
mul_207,"torch.Size([1, 1, 3584])",torch.float32,14336
_to_copy_94,"torch.Size([1, 1, 3584])",torch.bfloat16,7168
mul_208,"torch.Size([1, 1, 3584])",torch.bfloat16,7168
t_158,"torch.Size([3584, 18944])",torch.bfloat16,135790592
view_415,"torch.Size([1, 3584])",torch.bfloat16,7168
mm_89,"torch.Size([1, 18944])",torch.bfloat16,37888
view_416,"torch.Size([1, 1, 18944])",torch.bfloat16,37888
silu_22,"torch.Size([1, 1, 18944])",torch.bfloat16,37888
t_159,"torch.Size([3584, 18944])",torch.bfloat16,135790592
view_417,"torch.Size([1, 3584])",torch.bfloat16,7168
mm_90,"torch.Size([1, 18944])",torch.bfloat16,37888
view_418,"torch.Size([1, 1, 18944])",torch.bfloat16,37888
mul_209,"torch.Size([1, 1, 18944])",torch.bfloat16,37888
t_160,"torch.Size([18944, 3584])",torch.bfloat16,135790592
view_419,"torch.Size([1, 18944])",torch.bfloat16,37888
mm_91,"torch.Size([1, 3584])",torch.bfloat16,7168
view_420,"torch.Size([1, 1, 3584])",torch.bfloat16,7168
add_140,"torch.Size([1, 1, 3584])",torch.bfloat16,7168
_to_copy_95,"torch.Size([1, 1, 3584])",torch.float32,14336
pow_47,"torch.Size([1, 1, 3584])",torch.float32,14336
mean_46,"torch.Size([1, 1, 1])",torch.float32,4
add_141,"torch.Size([1, 1, 1])",torch.float32,4
rsqrt_46,"torch.Size([1, 1, 1])",torch.float32,4
mul_210,"torch.Size([1, 1, 3584])",torch.float32,14336
_to_copy_96,"torch.Size([1, 1, 3584])",torch.bfloat16,7168
mul_211,"torch.Size([1, 1, 3584])",torch.bfloat16,7168
view_421,"torch.Size([1, 3584])",torch.bfloat16,7168
t_161,"torch.Size([3584, 3584])",torch.bfloat16,25690112
addmm_69,"torch.Size([1, 3584])",torch.bfloat16,7168
view_422,"torch.Size([1, 1, 3584])",torch.bfloat16,7168
view_423,"torch.Size([1, 3584])",torch.bfloat16,7168
t_162,"torch.Size([3584, 512])",torch.bfloat16,3670016
addmm_70,"torch.Size([1, 512])",torch.bfloat16,1024
view_424,"torch.Size([1, 1, 512])",torch.bfloat16,1024
view_425,"torch.Size([1, 3584])",torch.bfloat16,7168
t_163,"torch.Size([3584, 512])",torch.bfloat16,3670016
addmm_71,"torch.Size([1, 512])",torch.bfloat16,1024
view_426,"torch.Size([1, 1, 512])",torch.bfloat16,1024
view_427,"torch.Size([1, 1, 28, 128])",torch.bfloat16,7168
transpose_93,"torch.Size([1, 28, 1, 128])",torch.bfloat16,7168
view_428,"torch.Size([1, 1, 4, 128])",torch.bfloat16,1024
transpose_94,"torch.Size([1, 4, 1, 128])",torch.bfloat16,1024
view_429,"torch.Size([1, 1, 4, 128])",torch.bfloat16,1024
transpose_95,"torch.Size([1, 4, 1, 128])",torch.bfloat16,1024
getitem_322,"torch.Size([3, 1, 1, 16])",torch.bfloat16,96
getitem_323,"torch.Size([3, 1, 1, 24])",torch.bfloat16,144
getitem_324,"torch.Size([3, 1, 1, 24])",torch.bfloat16,144
getitem_325,"torch.Size([3, 1, 1, 16])",torch.bfloat16,96
getitem_326,"torch.Size([3, 1, 1, 24])",torch.bfloat16,144
getitem_327,"torch.Size([3, 1, 1, 24])",torch.bfloat16,144
select_277,"torch.Size([1, 1, 16])",torch.bfloat16,32
select_278,"torch.Size([1, 1, 24])",torch.bfloat16,48
select_279,"torch.Size([1, 1, 24])",torch.bfloat16,48
select_280,"torch.Size([1, 1, 16])",torch.bfloat16,32
select_281,"torch.Size([1, 1, 24])",torch.bfloat16,48
select_282,"torch.Size([1, 1, 24])",torch.bfloat16,48
cat_139,"torch.Size([1, 1, 128])",torch.bfloat16,256
unsqueeze_104,"torch.Size([1, 1, 1, 128])",torch.bfloat16,256
getitem_328,"torch.Size([3, 1, 1, 16])",torch.bfloat16,96
getitem_329,"torch.Size([3, 1, 1, 24])",torch.bfloat16,144
getitem_330,"torch.Size([3, 1, 1, 24])",torch.bfloat16,144
getitem_331,"torch.Size([3, 1, 1, 16])",torch.bfloat16,96
getitem_332,"torch.Size([3, 1, 1, 24])",torch.bfloat16,144
getitem_333,"torch.Size([3, 1, 1, 24])",torch.bfloat16,144
select_283,"torch.Size([1, 1, 16])",torch.bfloat16,32
select_284,"torch.Size([1, 1, 24])",torch.bfloat16,48
select_285,"torch.Size([1, 1, 24])",torch.bfloat16,48
select_286,"torch.Size([1, 1, 16])",torch.bfloat16,32
select_287,"torch.Size([1, 1, 24])",torch.bfloat16,48
select_288,"torch.Size([1, 1, 24])",torch.bfloat16,48
cat_140,"torch.Size([1, 1, 128])",torch.bfloat16,256
unsqueeze_105,"torch.Size([1, 1, 1, 128])",torch.bfloat16,256
mul_212,"torch.Size([1, 28, 1, 128])",torch.bfloat16,7168
slice_439,"torch.Size([1, 28, 1, 64])",torch.bfloat16,3584
slice_440,"torch.Size([1, 28, 1, 64])",torch.bfloat16,3584
neg_46,"torch.Size([1, 28, 1, 64])",torch.bfloat16,3584
cat_141,"torch.Size([1, 28, 1, 128])",torch.bfloat16,7168
mul_213,"torch.Size([1, 28, 1, 128])",torch.bfloat16,7168
add_142,"torch.Size([1, 28, 1, 128])",torch.bfloat16,7168
mul_214,"torch.Size([1, 4, 1, 128])",torch.bfloat16,1024
slice_441,"torch.Size([1, 4, 1, 64])",torch.bfloat16,512
slice_442,"torch.Size([1, 4, 1, 64])",torch.bfloat16,512
neg_47,"torch.Size([1, 4, 1, 64])",torch.bfloat16,512
cat_142,"torch.Size([1, 4, 1, 128])",torch.bfloat16,1024
mul_215,"torch.Size([1, 4, 1, 128])",torch.bfloat16,1024
add_143,"torch.Size([1, 4, 1, 128])",torch.bfloat16,1024
cat_143,"torch.Size([1, 4, 3610, 128])",torch.bfloat16,3696640
cat_144,"torch.Size([1, 4, 3610, 128])",torch.bfloat16,3696640
slice_443,"torch.Size([1, 4, 3610, 128])",torch.bfloat16,3696640
slice_444,"torch.Size([1, 4, 3610, 128])",torch.bfloat16,3696640
unsqueeze_106,"torch.Size([1, 4, 1, 3610, 128])",torch.bfloat16,3696640
slice_445,"torch.Size([1, 4, 1, 3610, 128])",torch.bfloat16,3696640
slice_446,"torch.Size([1, 4, 1, 3610, 128])",torch.bfloat16,3696640
expand_54,"torch.Size([1, 4, 7, 3610, 128])",torch.bfloat16,25876480
clone_48,"torch.Size([1, 4, 7, 3610, 128])",torch.bfloat16,25876480
_unsafe_view_46,"torch.Size([1, 28, 3610, 128])",torch.bfloat16,25876480
slice_447,"torch.Size([1, 4, 3610, 128])",torch.bfloat16,3696640
slice_448,"torch.Size([1, 4, 3610, 128])",torch.bfloat16,3696640
unsqueeze_107,"torch.Size([1, 4, 1, 3610, 128])",torch.bfloat16,3696640
slice_449,"torch.Size([1, 4, 1, 3610, 128])",torch.bfloat16,3696640
slice_450,"torch.Size([1, 4, 1, 3610, 128])",torch.bfloat16,3696640
expand_55,"torch.Size([1, 4, 7, 3610, 128])",torch.bfloat16,25876480
clone_49,"torch.Size([1, 4, 7, 3610, 128])",torch.bfloat16,25876480
_unsafe_view_47,"torch.Size([1, 28, 3610, 128])",torch.bfloat16,25876480
slice_454,"torch.Size([1, 1, 1, 3610])",torch.bfloat16,7220
slice_455,"torch.Size([1, 1, 1, 3610])",torch.bfloat16,7220
slice_456,"torch.Size([1, 1, 1, 3610])",torch.bfloat16,7220
getitem_334,"torch.Size([1, 28, 1, 128])",torch.bfloat16,7168
transpose_96,"torch.Size([1, 1, 28, 128])",torch.bfloat16,7168
view_430,"torch.Size([1, 1, 3584])",torch.bfloat16,7168
t_164,"torch.Size([3584, 3584])",torch.bfloat16,25690112
view_431,"torch.Size([1, 3584])",torch.bfloat16,7168
mm_92,"torch.Size([1, 3584])",torch.bfloat16,7168
view_432,"torch.Size([1, 1, 3584])",torch.bfloat16,7168
add_144,"torch.Size([1, 1, 3584])",torch.bfloat16,7168
_to_copy_97,"torch.Size([1, 1, 3584])",torch.float32,14336
pow_48,"torch.Size([1, 1, 3584])",torch.float32,14336
mean_47,"torch.Size([1, 1, 1])",torch.float32,4
add_145,"torch.Size([1, 1, 1])",torch.float32,4
rsqrt_47,"torch.Size([1, 1, 1])",torch.float32,4
mul_216,"torch.Size([1, 1, 3584])",torch.float32,14336
_to_copy_98,"torch.Size([1, 1, 3584])",torch.bfloat16,7168
mul_217,"torch.Size([1, 1, 3584])",torch.bfloat16,7168
t_165,"torch.Size([3584, 18944])",torch.bfloat16,135790592
view_433,"torch.Size([1, 3584])",torch.bfloat16,7168
mm_93,"torch.Size([1, 18944])",torch.bfloat16,37888
view_434,"torch.Size([1, 1, 18944])",torch.bfloat16,37888
silu_23,"torch.Size([1, 1, 18944])",torch.bfloat16,37888
t_166,"torch.Size([3584, 18944])",torch.bfloat16,135790592
view_435,"torch.Size([1, 3584])",torch.bfloat16,7168
mm_94,"torch.Size([1, 18944])",torch.bfloat16,37888
view_436,"torch.Size([1, 1, 18944])",torch.bfloat16,37888
mul_218,"torch.Size([1, 1, 18944])",torch.bfloat16,37888
t_167,"torch.Size([18944, 3584])",torch.bfloat16,135790592
view_437,"torch.Size([1, 18944])",torch.bfloat16,37888
mm_95,"torch.Size([1, 3584])",torch.bfloat16,7168
view_438,"torch.Size([1, 1, 3584])",torch.bfloat16,7168
add_146,"torch.Size([1, 1, 3584])",torch.bfloat16,7168
_to_copy_99,"torch.Size([1, 1, 3584])",torch.float32,14336
pow_49,"torch.Size([1, 1, 3584])",torch.float32,14336
mean_48,"torch.Size([1, 1, 1])",torch.float32,4
add_147,"torch.Size([1, 1, 1])",torch.float32,4
rsqrt_48,"torch.Size([1, 1, 1])",torch.float32,4
mul_219,"torch.Size([1, 1, 3584])",torch.float32,14336
_to_copy_100,"torch.Size([1, 1, 3584])",torch.bfloat16,7168
mul_220,"torch.Size([1, 1, 3584])",torch.bfloat16,7168
view_439,"torch.Size([1, 3584])",torch.bfloat16,7168
t_168,"torch.Size([3584, 3584])",torch.bfloat16,25690112
addmm_72,"torch.Size([1, 3584])",torch.bfloat16,7168
view_440,"torch.Size([1, 1, 3584])",torch.bfloat16,7168
view_441,"torch.Size([1, 3584])",torch.bfloat16,7168
t_169,"torch.Size([3584, 512])",torch.bfloat16,3670016
addmm_73,"torch.Size([1, 512])",torch.bfloat16,1024
view_442,"torch.Size([1, 1, 512])",torch.bfloat16,1024
view_443,"torch.Size([1, 3584])",torch.bfloat16,7168
t_170,"torch.Size([3584, 512])",torch.bfloat16,3670016
addmm_74,"torch.Size([1, 512])",torch.bfloat16,1024
view_444,"torch.Size([1, 1, 512])",torch.bfloat16,1024
view_445,"torch.Size([1, 1, 28, 128])",torch.bfloat16,7168
transpose_97,"torch.Size([1, 28, 1, 128])",torch.bfloat16,7168
view_446,"torch.Size([1, 1, 4, 128])",torch.bfloat16,1024
transpose_98,"torch.Size([1, 4, 1, 128])",torch.bfloat16,1024
view_447,"torch.Size([1, 1, 4, 128])",torch.bfloat16,1024
transpose_99,"torch.Size([1, 4, 1, 128])",torch.bfloat16,1024
getitem_336,"torch.Size([3, 1, 1, 16])",torch.bfloat16,96
getitem_337,"torch.Size([3, 1, 1, 24])",torch.bfloat16,144
getitem_338,"torch.Size([3, 1, 1, 24])",torch.bfloat16,144
getitem_339,"torch.Size([3, 1, 1, 16])",torch.bfloat16,96
getitem_340,"torch.Size([3, 1, 1, 24])",torch.bfloat16,144
getitem_341,"torch.Size([3, 1, 1, 24])",torch.bfloat16,144
select_289,"torch.Size([1, 1, 16])",torch.bfloat16,32
select_290,"torch.Size([1, 1, 24])",torch.bfloat16,48
select_291,"torch.Size([1, 1, 24])",torch.bfloat16,48
select_292,"torch.Size([1, 1, 16])",torch.bfloat16,32
select_293,"torch.Size([1, 1, 24])",torch.bfloat16,48
select_294,"torch.Size([1, 1, 24])",torch.bfloat16,48
cat_145,"torch.Size([1, 1, 128])",torch.bfloat16,256
unsqueeze_108,"torch.Size([1, 1, 1, 128])",torch.bfloat16,256
getitem_342,"torch.Size([3, 1, 1, 16])",torch.bfloat16,96
getitem_343,"torch.Size([3, 1, 1, 24])",torch.bfloat16,144
getitem_344,"torch.Size([3, 1, 1, 24])",torch.bfloat16,144
getitem_345,"torch.Size([3, 1, 1, 16])",torch.bfloat16,96
getitem_346,"torch.Size([3, 1, 1, 24])",torch.bfloat16,144
getitem_347,"torch.Size([3, 1, 1, 24])",torch.bfloat16,144
select_295,"torch.Size([1, 1, 16])",torch.bfloat16,32
select_296,"torch.Size([1, 1, 24])",torch.bfloat16,48
select_297,"torch.Size([1, 1, 24])",torch.bfloat16,48
select_298,"torch.Size([1, 1, 16])",torch.bfloat16,32
select_299,"torch.Size([1, 1, 24])",torch.bfloat16,48
select_300,"torch.Size([1, 1, 24])",torch.bfloat16,48
cat_146,"torch.Size([1, 1, 128])",torch.bfloat16,256
unsqueeze_109,"torch.Size([1, 1, 1, 128])",torch.bfloat16,256
mul_221,"torch.Size([1, 28, 1, 128])",torch.bfloat16,7168
slice_457,"torch.Size([1, 28, 1, 64])",torch.bfloat16,3584
slice_458,"torch.Size([1, 28, 1, 64])",torch.bfloat16,3584
neg_48,"torch.Size([1, 28, 1, 64])",torch.bfloat16,3584
cat_147,"torch.Size([1, 28, 1, 128])",torch.bfloat16,7168
mul_222,"torch.Size([1, 28, 1, 128])",torch.bfloat16,7168
add_148,"torch.Size([1, 28, 1, 128])",torch.bfloat16,7168
mul_223,"torch.Size([1, 4, 1, 128])",torch.bfloat16,1024
slice_459,"torch.Size([1, 4, 1, 64])",torch.bfloat16,512
slice_460,"torch.Size([1, 4, 1, 64])",torch.bfloat16,512
neg_49,"torch.Size([1, 4, 1, 64])",torch.bfloat16,512
cat_148,"torch.Size([1, 4, 1, 128])",torch.bfloat16,1024
mul_224,"torch.Size([1, 4, 1, 128])",torch.bfloat16,1024
add_149,"torch.Size([1, 4, 1, 128])",torch.bfloat16,1024
cat_149,"torch.Size([1, 4, 3610, 128])",torch.bfloat16,3696640
cat_150,"torch.Size([1, 4, 3610, 128])",torch.bfloat16,3696640
slice_461,"torch.Size([1, 4, 3610, 128])",torch.bfloat16,3696640
slice_462,"torch.Size([1, 4, 3610, 128])",torch.bfloat16,3696640
unsqueeze_110,"torch.Size([1, 4, 1, 3610, 128])",torch.bfloat16,3696640
slice_463,"torch.Size([1, 4, 1, 3610, 128])",torch.bfloat16,3696640
slice_464,"torch.Size([1, 4, 1, 3610, 128])",torch.bfloat16,3696640
expand_56,"torch.Size([1, 4, 7, 3610, 128])",torch.bfloat16,25876480
clone_50,"torch.Size([1, 4, 7, 3610, 128])",torch.bfloat16,25876480
_unsafe_view_48,"torch.Size([1, 28, 3610, 128])",torch.bfloat16,25876480
slice_465,"torch.Size([1, 4, 3610, 128])",torch.bfloat16,3696640
slice_466,"torch.Size([1, 4, 3610, 128])",torch.bfloat16,3696640
unsqueeze_111,"torch.Size([1, 4, 1, 3610, 128])",torch.bfloat16,3696640
slice_467,"torch.Size([1, 4, 1, 3610, 128])",torch.bfloat16,3696640
slice_468,"torch.Size([1, 4, 1, 3610, 128])",torch.bfloat16,3696640
expand_57,"torch.Size([1, 4, 7, 3610, 128])",torch.bfloat16,25876480
clone_51,"torch.Size([1, 4, 7, 3610, 128])",torch.bfloat16,25876480
_unsafe_view_49,"torch.Size([1, 28, 3610, 128])",torch.bfloat16,25876480
slice_472,"torch.Size([1, 1, 1, 3610])",torch.bfloat16,7220
slice_473,"torch.Size([1, 1, 1, 3610])",torch.bfloat16,7220
slice_474,"torch.Size([1, 1, 1, 3610])",torch.bfloat16,7220
getitem_348,"torch.Size([1, 28, 1, 128])",torch.bfloat16,7168
transpose_100,"torch.Size([1, 1, 28, 128])",torch.bfloat16,7168
view_448,"torch.Size([1, 1, 3584])",torch.bfloat16,7168
t_171,"torch.Size([3584, 3584])",torch.bfloat16,25690112
view_449,"torch.Size([1, 3584])",torch.bfloat16,7168
mm_96,"torch.Size([1, 3584])",torch.bfloat16,7168
view_450,"torch.Size([1, 1, 3584])",torch.bfloat16,7168
add_150,"torch.Size([1, 1, 3584])",torch.bfloat16,7168
_to_copy_101,"torch.Size([1, 1, 3584])",torch.float32,14336
pow_50,"torch.Size([1, 1, 3584])",torch.float32,14336
mean_49,"torch.Size([1, 1, 1])",torch.float32,4
add_151,"torch.Size([1, 1, 1])",torch.float32,4
rsqrt_49,"torch.Size([1, 1, 1])",torch.float32,4
mul_225,"torch.Size([1, 1, 3584])",torch.float32,14336
_to_copy_102,"torch.Size([1, 1, 3584])",torch.bfloat16,7168
mul_226,"torch.Size([1, 1, 3584])",torch.bfloat16,7168
t_172,"torch.Size([3584, 18944])",torch.bfloat16,135790592
view_451,"torch.Size([1, 3584])",torch.bfloat16,7168
mm_97,"torch.Size([1, 18944])",torch.bfloat16,37888
view_452,"torch.Size([1, 1, 18944])",torch.bfloat16,37888
silu_24,"torch.Size([1, 1, 18944])",torch.bfloat16,37888
t_173,"torch.Size([3584, 18944])",torch.bfloat16,135790592
view_453,"torch.Size([1, 3584])",torch.bfloat16,7168
mm_98,"torch.Size([1, 18944])",torch.bfloat16,37888
view_454,"torch.Size([1, 1, 18944])",torch.bfloat16,37888
mul_227,"torch.Size([1, 1, 18944])",torch.bfloat16,37888
t_174,"torch.Size([18944, 3584])",torch.bfloat16,135790592
view_455,"torch.Size([1, 18944])",torch.bfloat16,37888
mm_99,"torch.Size([1, 3584])",torch.bfloat16,7168
view_456,"torch.Size([1, 1, 3584])",torch.bfloat16,7168
add_152,"torch.Size([1, 1, 3584])",torch.bfloat16,7168
_to_copy_103,"torch.Size([1, 1, 3584])",torch.float32,14336
pow_51,"torch.Size([1, 1, 3584])",torch.float32,14336
mean_50,"torch.Size([1, 1, 1])",torch.float32,4
add_153,"torch.Size([1, 1, 1])",torch.float32,4
rsqrt_50,"torch.Size([1, 1, 1])",torch.float32,4
mul_228,"torch.Size([1, 1, 3584])",torch.float32,14336
_to_copy_104,"torch.Size([1, 1, 3584])",torch.bfloat16,7168
mul_229,"torch.Size([1, 1, 3584])",torch.bfloat16,7168
view_457,"torch.Size([1, 3584])",torch.bfloat16,7168
t_175,"torch.Size([3584, 3584])",torch.bfloat16,25690112
addmm_75,"torch.Size([1, 3584])",torch.bfloat16,7168
view_458,"torch.Size([1, 1, 3584])",torch.bfloat16,7168
view_459,"torch.Size([1, 3584])",torch.bfloat16,7168
t_176,"torch.Size([3584, 512])",torch.bfloat16,3670016
addmm_76,"torch.Size([1, 512])",torch.bfloat16,1024
view_460,"torch.Size([1, 1, 512])",torch.bfloat16,1024
view_461,"torch.Size([1, 3584])",torch.bfloat16,7168
t_177,"torch.Size([3584, 512])",torch.bfloat16,3670016
addmm_77,"torch.Size([1, 512])",torch.bfloat16,1024
view_462,"torch.Size([1, 1, 512])",torch.bfloat16,1024
view_463,"torch.Size([1, 1, 28, 128])",torch.bfloat16,7168
transpose_101,"torch.Size([1, 28, 1, 128])",torch.bfloat16,7168
view_464,"torch.Size([1, 1, 4, 128])",torch.bfloat16,1024
transpose_102,"torch.Size([1, 4, 1, 128])",torch.bfloat16,1024
view_465,"torch.Size([1, 1, 4, 128])",torch.bfloat16,1024
transpose_103,"torch.Size([1, 4, 1, 128])",torch.bfloat16,1024
getitem_350,"torch.Size([3, 1, 1, 16])",torch.bfloat16,96
getitem_351,"torch.Size([3, 1, 1, 24])",torch.bfloat16,144
getitem_352,"torch.Size([3, 1, 1, 24])",torch.bfloat16,144
getitem_353,"torch.Size([3, 1, 1, 16])",torch.bfloat16,96
getitem_354,"torch.Size([3, 1, 1, 24])",torch.bfloat16,144
getitem_355,"torch.Size([3, 1, 1, 24])",torch.bfloat16,144
select_301,"torch.Size([1, 1, 16])",torch.bfloat16,32
select_302,"torch.Size([1, 1, 24])",torch.bfloat16,48
select_303,"torch.Size([1, 1, 24])",torch.bfloat16,48
select_304,"torch.Size([1, 1, 16])",torch.bfloat16,32
select_305,"torch.Size([1, 1, 24])",torch.bfloat16,48
select_306,"torch.Size([1, 1, 24])",torch.bfloat16,48
cat_151,"torch.Size([1, 1, 128])",torch.bfloat16,256
unsqueeze_112,"torch.Size([1, 1, 1, 128])",torch.bfloat16,256
getitem_356,"torch.Size([3, 1, 1, 16])",torch.bfloat16,96
getitem_357,"torch.Size([3, 1, 1, 24])",torch.bfloat16,144
getitem_358,"torch.Size([3, 1, 1, 24])",torch.bfloat16,144
getitem_359,"torch.Size([3, 1, 1, 16])",torch.bfloat16,96
getitem_360,"torch.Size([3, 1, 1, 24])",torch.bfloat16,144
getitem_361,"torch.Size([3, 1, 1, 24])",torch.bfloat16,144
select_307,"torch.Size([1, 1, 16])",torch.bfloat16,32
select_308,"torch.Size([1, 1, 24])",torch.bfloat16,48
select_309,"torch.Size([1, 1, 24])",torch.bfloat16,48
select_310,"torch.Size([1, 1, 16])",torch.bfloat16,32
select_311,"torch.Size([1, 1, 24])",torch.bfloat16,48
select_312,"torch.Size([1, 1, 24])",torch.bfloat16,48
cat_152,"torch.Size([1, 1, 128])",torch.bfloat16,256
unsqueeze_113,"torch.Size([1, 1, 1, 128])",torch.bfloat16,256
mul_230,"torch.Size([1, 28, 1, 128])",torch.bfloat16,7168
slice_475,"torch.Size([1, 28, 1, 64])",torch.bfloat16,3584
slice_476,"torch.Size([1, 28, 1, 64])",torch.bfloat16,3584
neg_50,"torch.Size([1, 28, 1, 64])",torch.bfloat16,3584
cat_153,"torch.Size([1, 28, 1, 128])",torch.bfloat16,7168
mul_231,"torch.Size([1, 28, 1, 128])",torch.bfloat16,7168
add_154,"torch.Size([1, 28, 1, 128])",torch.bfloat16,7168
mul_232,"torch.Size([1, 4, 1, 128])",torch.bfloat16,1024
slice_477,"torch.Size([1, 4, 1, 64])",torch.bfloat16,512
slice_478,"torch.Size([1, 4, 1, 64])",torch.bfloat16,512
neg_51,"torch.Size([1, 4, 1, 64])",torch.bfloat16,512
cat_154,"torch.Size([1, 4, 1, 128])",torch.bfloat16,1024
mul_233,"torch.Size([1, 4, 1, 128])",torch.bfloat16,1024
add_155,"torch.Size([1, 4, 1, 128])",torch.bfloat16,1024
cat_155,"torch.Size([1, 4, 3610, 128])",torch.bfloat16,3696640
cat_156,"torch.Size([1, 4, 3610, 128])",torch.bfloat16,3696640
slice_479,"torch.Size([1, 4, 3610, 128])",torch.bfloat16,3696640
slice_480,"torch.Size([1, 4, 3610, 128])",torch.bfloat16,3696640
unsqueeze_114,"torch.Size([1, 4, 1, 3610, 128])",torch.bfloat16,3696640
slice_481,"torch.Size([1, 4, 1, 3610, 128])",torch.bfloat16,3696640
slice_482,"torch.Size([1, 4, 1, 3610, 128])",torch.bfloat16,3696640
expand_58,"torch.Size([1, 4, 7, 3610, 128])",torch.bfloat16,25876480
clone_52,"torch.Size([1, 4, 7, 3610, 128])",torch.bfloat16,25876480
_unsafe_view_50,"torch.Size([1, 28, 3610, 128])",torch.bfloat16,25876480
slice_483,"torch.Size([1, 4, 3610, 128])",torch.bfloat16,3696640
slice_484,"torch.Size([1, 4, 3610, 128])",torch.bfloat16,3696640
unsqueeze_115,"torch.Size([1, 4, 1, 3610, 128])",torch.bfloat16,3696640
slice_485,"torch.Size([1, 4, 1, 3610, 128])",torch.bfloat16,3696640
slice_486,"torch.Size([1, 4, 1, 3610, 128])",torch.bfloat16,3696640
expand_59,"torch.Size([1, 4, 7, 3610, 128])",torch.bfloat16,25876480
clone_53,"torch.Size([1, 4, 7, 3610, 128])",torch.bfloat16,25876480
_unsafe_view_51,"torch.Size([1, 28, 3610, 128])",torch.bfloat16,25876480
slice_490,"torch.Size([1, 1, 1, 3610])",torch.bfloat16,7220
slice_491,"torch.Size([1, 1, 1, 3610])",torch.bfloat16,7220
slice_492,"torch.Size([1, 1, 1, 3610])",torch.bfloat16,7220
getitem_362,"torch.Size([1, 28, 1, 128])",torch.bfloat16,7168
transpose_104,"torch.Size([1, 1, 28, 128])",torch.bfloat16,7168
view_466,"torch.Size([1, 1, 3584])",torch.bfloat16,7168
t_178,"torch.Size([3584, 3584])",torch.bfloat16,25690112
view_467,"torch.Size([1, 3584])",torch.bfloat16,7168
mm_100,"torch.Size([1, 3584])",torch.bfloat16,7168
view_468,"torch.Size([1, 1, 3584])",torch.bfloat16,7168
add_156,"torch.Size([1, 1, 3584])",torch.bfloat16,7168
_to_copy_105,"torch.Size([1, 1, 3584])",torch.float32,14336
pow_52,"torch.Size([1, 1, 3584])",torch.float32,14336
mean_51,"torch.Size([1, 1, 1])",torch.float32,4
add_157,"torch.Size([1, 1, 1])",torch.float32,4
rsqrt_51,"torch.Size([1, 1, 1])",torch.float32,4
mul_234,"torch.Size([1, 1, 3584])",torch.float32,14336
_to_copy_106,"torch.Size([1, 1, 3584])",torch.bfloat16,7168
mul_235,"torch.Size([1, 1, 3584])",torch.bfloat16,7168
t_179,"torch.Size([3584, 18944])",torch.bfloat16,135790592
view_469,"torch.Size([1, 3584])",torch.bfloat16,7168
mm_101,"torch.Size([1, 18944])",torch.bfloat16,37888
view_470,"torch.Size([1, 1, 18944])",torch.bfloat16,37888
silu_25,"torch.Size([1, 1, 18944])",torch.bfloat16,37888
t_180,"torch.Size([3584, 18944])",torch.bfloat16,135790592
view_471,"torch.Size([1, 3584])",torch.bfloat16,7168
mm_102,"torch.Size([1, 18944])",torch.bfloat16,37888
view_472,"torch.Size([1, 1, 18944])",torch.bfloat16,37888
mul_236,"torch.Size([1, 1, 18944])",torch.bfloat16,37888
t_181,"torch.Size([18944, 3584])",torch.bfloat16,135790592
view_473,"torch.Size([1, 18944])",torch.bfloat16,37888
mm_103,"torch.Size([1, 3584])",torch.bfloat16,7168
view_474,"torch.Size([1, 1, 3584])",torch.bfloat16,7168
add_158,"torch.Size([1, 1, 3584])",torch.bfloat16,7168
_to_copy_107,"torch.Size([1, 1, 3584])",torch.float32,14336
pow_53,"torch.Size([1, 1, 3584])",torch.float32,14336
mean_52,"torch.Size([1, 1, 1])",torch.float32,4
add_159,"torch.Size([1, 1, 1])",torch.float32,4
rsqrt_52,"torch.Size([1, 1, 1])",torch.float32,4
mul_237,"torch.Size([1, 1, 3584])",torch.float32,14336
_to_copy_108,"torch.Size([1, 1, 3584])",torch.bfloat16,7168
mul_238,"torch.Size([1, 1, 3584])",torch.bfloat16,7168
view_475,"torch.Size([1, 3584])",torch.bfloat16,7168
t_182,"torch.Size([3584, 3584])",torch.bfloat16,25690112
addmm_78,"torch.Size([1, 3584])",torch.bfloat16,7168
view_476,"torch.Size([1, 1, 3584])",torch.bfloat16,7168
view_477,"torch.Size([1, 3584])",torch.bfloat16,7168
t_183,"torch.Size([3584, 512])",torch.bfloat16,3670016
addmm_79,"torch.Size([1, 512])",torch.bfloat16,1024
view_478,"torch.Size([1, 1, 512])",torch.bfloat16,1024
view_479,"torch.Size([1, 3584])",torch.bfloat16,7168
t_184,"torch.Size([3584, 512])",torch.bfloat16,3670016
addmm_80,"torch.Size([1, 512])",torch.bfloat16,1024
view_480,"torch.Size([1, 1, 512])",torch.bfloat16,1024
view_481,"torch.Size([1, 1, 28, 128])",torch.bfloat16,7168
transpose_105,"torch.Size([1, 28, 1, 128])",torch.bfloat16,7168
view_482,"torch.Size([1, 1, 4, 128])",torch.bfloat16,1024
transpose_106,"torch.Size([1, 4, 1, 128])",torch.bfloat16,1024
view_483,"torch.Size([1, 1, 4, 128])",torch.bfloat16,1024
transpose_107,"torch.Size([1, 4, 1, 128])",torch.bfloat16,1024
getitem_364,"torch.Size([3, 1, 1, 16])",torch.bfloat16,96
getitem_365,"torch.Size([3, 1, 1, 24])",torch.bfloat16,144
getitem_366,"torch.Size([3, 1, 1, 24])",torch.bfloat16,144
getitem_367,"torch.Size([3, 1, 1, 16])",torch.bfloat16,96
getitem_368,"torch.Size([3, 1, 1, 24])",torch.bfloat16,144
getitem_369,"torch.Size([3, 1, 1, 24])",torch.bfloat16,144
select_313,"torch.Size([1, 1, 16])",torch.bfloat16,32
select_314,"torch.Size([1, 1, 24])",torch.bfloat16,48
select_315,"torch.Size([1, 1, 24])",torch.bfloat16,48
select_316,"torch.Size([1, 1, 16])",torch.bfloat16,32
select_317,"torch.Size([1, 1, 24])",torch.bfloat16,48
select_318,"torch.Size([1, 1, 24])",torch.bfloat16,48
cat_157,"torch.Size([1, 1, 128])",torch.bfloat16,256
unsqueeze_116,"torch.Size([1, 1, 1, 128])",torch.bfloat16,256
getitem_370,"torch.Size([3, 1, 1, 16])",torch.bfloat16,96
getitem_371,"torch.Size([3, 1, 1, 24])",torch.bfloat16,144
getitem_372,"torch.Size([3, 1, 1, 24])",torch.bfloat16,144
getitem_373,"torch.Size([3, 1, 1, 16])",torch.bfloat16,96
getitem_374,"torch.Size([3, 1, 1, 24])",torch.bfloat16,144
getitem_375,"torch.Size([3, 1, 1, 24])",torch.bfloat16,144
select_319,"torch.Size([1, 1, 16])",torch.bfloat16,32
select_320,"torch.Size([1, 1, 24])",torch.bfloat16,48
select_321,"torch.Size([1, 1, 24])",torch.bfloat16,48
select_322,"torch.Size([1, 1, 16])",torch.bfloat16,32
select_323,"torch.Size([1, 1, 24])",torch.bfloat16,48
select_324,"torch.Size([1, 1, 24])",torch.bfloat16,48
cat_158,"torch.Size([1, 1, 128])",torch.bfloat16,256
unsqueeze_117,"torch.Size([1, 1, 1, 128])",torch.bfloat16,256
mul_239,"torch.Size([1, 28, 1, 128])",torch.bfloat16,7168
slice_493,"torch.Size([1, 28, 1, 64])",torch.bfloat16,3584
slice_494,"torch.Size([1, 28, 1, 64])",torch.bfloat16,3584
neg_52,"torch.Size([1, 28, 1, 64])",torch.bfloat16,3584
cat_159,"torch.Size([1, 28, 1, 128])",torch.bfloat16,7168
mul_240,"torch.Size([1, 28, 1, 128])",torch.bfloat16,7168
add_160,"torch.Size([1, 28, 1, 128])",torch.bfloat16,7168
mul_241,"torch.Size([1, 4, 1, 128])",torch.bfloat16,1024
slice_495,"torch.Size([1, 4, 1, 64])",torch.bfloat16,512
slice_496,"torch.Size([1, 4, 1, 64])",torch.bfloat16,512
neg_53,"torch.Size([1, 4, 1, 64])",torch.bfloat16,512
cat_160,"torch.Size([1, 4, 1, 128])",torch.bfloat16,1024
mul_242,"torch.Size([1, 4, 1, 128])",torch.bfloat16,1024
add_161,"torch.Size([1, 4, 1, 128])",torch.bfloat16,1024
cat_161,"torch.Size([1, 4, 3610, 128])",torch.bfloat16,3696640
cat_162,"torch.Size([1, 4, 3610, 128])",torch.bfloat16,3696640
slice_497,"torch.Size([1, 4, 3610, 128])",torch.bfloat16,3696640
slice_498,"torch.Size([1, 4, 3610, 128])",torch.bfloat16,3696640
unsqueeze_118,"torch.Size([1, 4, 1, 3610, 128])",torch.bfloat16,3696640
slice_499,"torch.Size([1, 4, 1, 3610, 128])",torch.bfloat16,3696640
slice_500,"torch.Size([1, 4, 1, 3610, 128])",torch.bfloat16,3696640
expand_60,"torch.Size([1, 4, 7, 3610, 128])",torch.bfloat16,25876480
clone_54,"torch.Size([1, 4, 7, 3610, 128])",torch.bfloat16,25876480
_unsafe_view_52,"torch.Size([1, 28, 3610, 128])",torch.bfloat16,25876480
slice_501,"torch.Size([1, 4, 3610, 128])",torch.bfloat16,3696640
slice_502,"torch.Size([1, 4, 3610, 128])",torch.bfloat16,3696640
unsqueeze_119,"torch.Size([1, 4, 1, 3610, 128])",torch.bfloat16,3696640
slice_503,"torch.Size([1, 4, 1, 3610, 128])",torch.bfloat16,3696640
slice_504,"torch.Size([1, 4, 1, 3610, 128])",torch.bfloat16,3696640
expand_61,"torch.Size([1, 4, 7, 3610, 128])",torch.bfloat16,25876480
clone_55,"torch.Size([1, 4, 7, 3610, 128])",torch.bfloat16,25876480
_unsafe_view_53,"torch.Size([1, 28, 3610, 128])",torch.bfloat16,25876480
slice_508,"torch.Size([1, 1, 1, 3610])",torch.bfloat16,7220
slice_509,"torch.Size([1, 1, 1, 3610])",torch.bfloat16,7220
slice_510,"torch.Size([1, 1, 1, 3610])",torch.bfloat16,7220
getitem_376,"torch.Size([1, 28, 1, 128])",torch.bfloat16,7168
transpose_108,"torch.Size([1, 1, 28, 128])",torch.bfloat16,7168
view_484,"torch.Size([1, 1, 3584])",torch.bfloat16,7168
t_185,"torch.Size([3584, 3584])",torch.bfloat16,25690112
view_485,"torch.Size([1, 3584])",torch.bfloat16,7168
mm_104,"torch.Size([1, 3584])",torch.bfloat16,7168
view_486,"torch.Size([1, 1, 3584])",torch.bfloat16,7168
add_162,"torch.Size([1, 1, 3584])",torch.bfloat16,7168
_to_copy_109,"torch.Size([1, 1, 3584])",torch.float32,14336
pow_54,"torch.Size([1, 1, 3584])",torch.float32,14336
mean_53,"torch.Size([1, 1, 1])",torch.float32,4
add_163,"torch.Size([1, 1, 1])",torch.float32,4
rsqrt_53,"torch.Size([1, 1, 1])",torch.float32,4
mul_243,"torch.Size([1, 1, 3584])",torch.float32,14336
_to_copy_110,"torch.Size([1, 1, 3584])",torch.bfloat16,7168
mul_244,"torch.Size([1, 1, 3584])",torch.bfloat16,7168
t_186,"torch.Size([3584, 18944])",torch.bfloat16,135790592
view_487,"torch.Size([1, 3584])",torch.bfloat16,7168
mm_105,"torch.Size([1, 18944])",torch.bfloat16,37888
view_488,"torch.Size([1, 1, 18944])",torch.bfloat16,37888
silu_26,"torch.Size([1, 1, 18944])",torch.bfloat16,37888
t_187,"torch.Size([3584, 18944])",torch.bfloat16,135790592
view_489,"torch.Size([1, 3584])",torch.bfloat16,7168
mm_106,"torch.Size([1, 18944])",torch.bfloat16,37888
view_490,"torch.Size([1, 1, 18944])",torch.bfloat16,37888
mul_245,"torch.Size([1, 1, 18944])",torch.bfloat16,37888
t_188,"torch.Size([18944, 3584])",torch.bfloat16,135790592
view_491,"torch.Size([1, 18944])",torch.bfloat16,37888
mm_107,"torch.Size([1, 3584])",torch.bfloat16,7168
view_492,"torch.Size([1, 1, 3584])",torch.bfloat16,7168
add_164,"torch.Size([1, 1, 3584])",torch.bfloat16,7168
_to_copy_111,"torch.Size([1, 1, 3584])",torch.float32,14336
pow_55,"torch.Size([1, 1, 3584])",torch.float32,14336
mean_54,"torch.Size([1, 1, 1])",torch.float32,4
add_165,"torch.Size([1, 1, 1])",torch.float32,4
rsqrt_54,"torch.Size([1, 1, 1])",torch.float32,4
mul_246,"torch.Size([1, 1, 3584])",torch.float32,14336
_to_copy_112,"torch.Size([1, 1, 3584])",torch.bfloat16,7168
mul_247,"torch.Size([1, 1, 3584])",torch.bfloat16,7168
view_493,"torch.Size([1, 3584])",torch.bfloat16,7168
t_189,"torch.Size([3584, 3584])",torch.bfloat16,25690112
addmm_81,"torch.Size([1, 3584])",torch.bfloat16,7168
view_494,"torch.Size([1, 1, 3584])",torch.bfloat16,7168
view_495,"torch.Size([1, 3584])",torch.bfloat16,7168
t_190,"torch.Size([3584, 512])",torch.bfloat16,3670016
addmm_82,"torch.Size([1, 512])",torch.bfloat16,1024
view_496,"torch.Size([1, 1, 512])",torch.bfloat16,1024
view_497,"torch.Size([1, 3584])",torch.bfloat16,7168
t_191,"torch.Size([3584, 512])",torch.bfloat16,3670016
addmm_83,"torch.Size([1, 512])",torch.bfloat16,1024
view_498,"torch.Size([1, 1, 512])",torch.bfloat16,1024
view_499,"torch.Size([1, 1, 28, 128])",torch.bfloat16,7168
transpose_109,"torch.Size([1, 28, 1, 128])",torch.bfloat16,7168
view_500,"torch.Size([1, 1, 4, 128])",torch.bfloat16,1024
transpose_110,"torch.Size([1, 4, 1, 128])",torch.bfloat16,1024
view_501,"torch.Size([1, 1, 4, 128])",torch.bfloat16,1024
transpose_111,"torch.Size([1, 4, 1, 128])",torch.bfloat16,1024
getitem_378,"torch.Size([3, 1, 1, 16])",torch.bfloat16,96
getitem_379,"torch.Size([3, 1, 1, 24])",torch.bfloat16,144
getitem_380,"torch.Size([3, 1, 1, 24])",torch.bfloat16,144
getitem_381,"torch.Size([3, 1, 1, 16])",torch.bfloat16,96
getitem_382,"torch.Size([3, 1, 1, 24])",torch.bfloat16,144
getitem_383,"torch.Size([3, 1, 1, 24])",torch.bfloat16,144
select_325,"torch.Size([1, 1, 16])",torch.bfloat16,32
select_326,"torch.Size([1, 1, 24])",torch.bfloat16,48
select_327,"torch.Size([1, 1, 24])",torch.bfloat16,48
select_328,"torch.Size([1, 1, 16])",torch.bfloat16,32
select_329,"torch.Size([1, 1, 24])",torch.bfloat16,48
select_330,"torch.Size([1, 1, 24])",torch.bfloat16,48
cat_163,"torch.Size([1, 1, 128])",torch.bfloat16,256
unsqueeze_120,"torch.Size([1, 1, 1, 128])",torch.bfloat16,256
getitem_384,"torch.Size([3, 1, 1, 16])",torch.bfloat16,96
getitem_385,"torch.Size([3, 1, 1, 24])",torch.bfloat16,144
getitem_386,"torch.Size([3, 1, 1, 24])",torch.bfloat16,144
getitem_387,"torch.Size([3, 1, 1, 16])",torch.bfloat16,96
getitem_388,"torch.Size([3, 1, 1, 24])",torch.bfloat16,144
getitem_389,"torch.Size([3, 1, 1, 24])",torch.bfloat16,144
select_331,"torch.Size([1, 1, 16])",torch.bfloat16,32
select_332,"torch.Size([1, 1, 24])",torch.bfloat16,48
select_333,"torch.Size([1, 1, 24])",torch.bfloat16,48
select_334,"torch.Size([1, 1, 16])",torch.bfloat16,32
select_335,"torch.Size([1, 1, 24])",torch.bfloat16,48
select_336,"torch.Size([1, 1, 24])",torch.bfloat16,48
cat_164,"torch.Size([1, 1, 128])",torch.bfloat16,256
unsqueeze_121,"torch.Size([1, 1, 1, 128])",torch.bfloat16,256
mul_248,"torch.Size([1, 28, 1, 128])",torch.bfloat16,7168
slice_511,"torch.Size([1, 28, 1, 64])",torch.bfloat16,3584
slice_512,"torch.Size([1, 28, 1, 64])",torch.bfloat16,3584
neg_54,"torch.Size([1, 28, 1, 64])",torch.bfloat16,3584
cat_165,"torch.Size([1, 28, 1, 128])",torch.bfloat16,7168
mul_249,"torch.Size([1, 28, 1, 128])",torch.bfloat16,7168
add_166,"torch.Size([1, 28, 1, 128])",torch.bfloat16,7168
mul_250,"torch.Size([1, 4, 1, 128])",torch.bfloat16,1024
slice_513,"torch.Size([1, 4, 1, 64])",torch.bfloat16,512
slice_514,"torch.Size([1, 4, 1, 64])",torch.bfloat16,512
neg_55,"torch.Size([1, 4, 1, 64])",torch.bfloat16,512
cat_166,"torch.Size([1, 4, 1, 128])",torch.bfloat16,1024
mul_251,"torch.Size([1, 4, 1, 128])",torch.bfloat16,1024
add_167,"torch.Size([1, 4, 1, 128])",torch.bfloat16,1024
cat_167,"torch.Size([1, 4, 3610, 128])",torch.bfloat16,3696640
cat_168,"torch.Size([1, 4, 3610, 128])",torch.bfloat16,3696640
slice_515,"torch.Size([1, 4, 3610, 128])",torch.bfloat16,3696640
slice_516,"torch.Size([1, 4, 3610, 128])",torch.bfloat16,3696640
unsqueeze_122,"torch.Size([1, 4, 1, 3610, 128])",torch.bfloat16,3696640
slice_517,"torch.Size([1, 4, 1, 3610, 128])",torch.bfloat16,3696640
slice_518,"torch.Size([1, 4, 1, 3610, 128])",torch.bfloat16,3696640
expand_62,"torch.Size([1, 4, 7, 3610, 128])",torch.bfloat16,25876480
clone_56,"torch.Size([1, 4, 7, 3610, 128])",torch.bfloat16,25876480
_unsafe_view_54,"torch.Size([1, 28, 3610, 128])",torch.bfloat16,25876480
slice_519,"torch.Size([1, 4, 3610, 128])",torch.bfloat16,3696640
slice_520,"torch.Size([1, 4, 3610, 128])",torch.bfloat16,3696640
unsqueeze_123,"torch.Size([1, 4, 1, 3610, 128])",torch.bfloat16,3696640
slice_521,"torch.Size([1, 4, 1, 3610, 128])",torch.bfloat16,3696640
slice_522,"torch.Size([1, 4, 1, 3610, 128])",torch.bfloat16,3696640
expand_63,"torch.Size([1, 4, 7, 3610, 128])",torch.bfloat16,25876480
clone_57,"torch.Size([1, 4, 7, 3610, 128])",torch.bfloat16,25876480
_unsafe_view_55,"torch.Size([1, 28, 3610, 128])",torch.bfloat16,25876480
slice_526,"torch.Size([1, 1, 1, 3610])",torch.bfloat16,7220
slice_527,"torch.Size([1, 1, 1, 3610])",torch.bfloat16,7220
slice_528,"torch.Size([1, 1, 1, 3610])",torch.bfloat16,7220
getitem_390,"torch.Size([1, 28, 1, 128])",torch.bfloat16,7168
transpose_112,"torch.Size([1, 1, 28, 128])",torch.bfloat16,7168
view_502,"torch.Size([1, 1, 3584])",torch.bfloat16,7168
t_192,"torch.Size([3584, 3584])",torch.bfloat16,25690112
view_503,"torch.Size([1, 3584])",torch.bfloat16,7168
mm_108,"torch.Size([1, 3584])",torch.bfloat16,7168
view_504,"torch.Size([1, 1, 3584])",torch.bfloat16,7168
add_168,"torch.Size([1, 1, 3584])",torch.bfloat16,7168
_to_copy_113,"torch.Size([1, 1, 3584])",torch.float32,14336
pow_56,"torch.Size([1, 1, 3584])",torch.float32,14336
mean_55,"torch.Size([1, 1, 1])",torch.float32,4
add_169,"torch.Size([1, 1, 1])",torch.float32,4
rsqrt_55,"torch.Size([1, 1, 1])",torch.float32,4
mul_252,"torch.Size([1, 1, 3584])",torch.float32,14336
_to_copy_114,"torch.Size([1, 1, 3584])",torch.bfloat16,7168
mul_253,"torch.Size([1, 1, 3584])",torch.bfloat16,7168
t_193,"torch.Size([3584, 18944])",torch.bfloat16,135790592
view_505,"torch.Size([1, 3584])",torch.bfloat16,7168
mm_109,"torch.Size([1, 18944])",torch.bfloat16,37888
view_506,"torch.Size([1, 1, 18944])",torch.bfloat16,37888
silu_27,"torch.Size([1, 1, 18944])",torch.bfloat16,37888
t_194,"torch.Size([3584, 18944])",torch.bfloat16,135790592
view_507,"torch.Size([1, 3584])",torch.bfloat16,7168
mm_110,"torch.Size([1, 18944])",torch.bfloat16,37888
view_508,"torch.Size([1, 1, 18944])",torch.bfloat16,37888
mul_254,"torch.Size([1, 1, 18944])",torch.bfloat16,37888
t_195,"torch.Size([18944, 3584])",torch.bfloat16,135790592
view_509,"torch.Size([1, 18944])",torch.bfloat16,37888
mm_111,"torch.Size([1, 3584])",torch.bfloat16,7168
view_510,"torch.Size([1, 1, 3584])",torch.bfloat16,7168
add_170,"torch.Size([1, 1, 3584])",torch.bfloat16,7168
_to_copy_115,"torch.Size([1, 1, 3584])",torch.float32,14336
pow_57,"torch.Size([1, 1, 3584])",torch.float32,14336
mean_56,"torch.Size([1, 1, 1])",torch.float32,4
add_171,"torch.Size([1, 1, 1])",torch.float32,4
rsqrt_56,"torch.Size([1, 1, 1])",torch.float32,4
mul_255,"torch.Size([1, 1, 3584])",torch.float32,14336
_to_copy_116,"torch.Size([1, 1, 3584])",torch.bfloat16,7168
mul_256,"torch.Size([1, 1, 3584])",torch.bfloat16,7168
t_196,"torch.Size([3584, 152064])",torch.bfloat16,1089994752
view_511,"torch.Size([1, 3584])",torch.bfloat16,7168
mm_112,"torch.Size([1, 152064])",torch.bfloat16,304128
view_512,"torch.Size([1, 1, 152064])",torch.bfloat16,304128
