node_name,cpu-time
full,246.3478339588672
arange,194.53365642040205
add,2.456139997839928
view,201.72100668626408
lt,230.04161088781493
masked_fill,158.2874307281124
_to_copy,216.7892808056841
zeros,210.83716834956147
ones_like,248.53216667970023
tril,468.42733335494995
masked_fill_1,275.4441999912262
slice_3,111.17300002915519
unsqueeze_2,219.5296666463216
unsqueeze_3,209.82546666463216
slice_4,255.21547617231096
expand_1,232.2668749988079
_to_copy_1,236.74027779367236
rsub,295.8283333381017
_to_copy_2,236.74027779367236
masked_fill_2,431.5629999454205
_to_copy_3,236.74027779367236
unsqueeze_4,219.5296666463216
unsqueeze_5,209.82546666463216
slice_5,255.21547617231096
slice_6,255.21547617231096
expand_2,232.2668749988079
masked_fill_3,431.5629999454205
_to_copy_4,205.59040205100044
pow_1,197.91246080922065
mean,209.40930839729126
add_1,60.32099997997284
rsqrt,822.9530000090599
mul,223.16015036063095
_to_copy_5,205.59040205100044
mul_1,218.87500860824002
t,210.22336822650635
view_1,221.8259961010767
mm,280.3101196185633
_unsafe_view,328.0920051138133
slice_7,221.9431893935446
slice_8,221.9431893935446
slice_9,221.9431893935446
view_2,221.8259961010767
transpose,31.337333341439564
view_3,221.8259961010767
transpose_1,31.337333341439564
view_4,221.8259961010767
transpose_2,31.337333341439564
arange_1,194.53365642040205
_to_copy_6,207.4883369994592
div,64.06700000166893
pow_2,11.014959062924609
mul_2,55.80499999970198
reciprocal,76.2149999961257
mul_3,55.80499999970198
unsqueeze_6,217.94431848033054
slice_10,215.6957597494484
unsqueeze_7,215.756089557653
expand_3,230.94034447872943
slice_11,223.2043397091141
unsqueeze_8,203.3071161304381
slice_12,215.66913472306396
_to_copy_7,204.93206350976092
expand_4,230.94034447872943
view_5,213.35574360140413
expand_5,215.4969314478809
view_6,209.21617019086932
bmm,230.9860960165326
view_7,213.35574360140413
transpose_3,37.10600000619888
cos,77.79799997806549
mul_4,69.07400000095367
sin,63.50499999523163
mul_5,69.07400000095367
_to_copy_8,200.08409400220697
_to_copy_9,200.08409400220697
unsqueeze_9,210.68849490237378
unsqueeze_10,210.68849490237378
mul_6,222.04203449947738
slice_13,191.14555541117306
slice_14,191.14555541117306
neg,48.663500010967255
mul_7,222.04203449947738
add_2,46.12900000810623
mul_8,222.04203449947738
slice_15,191.14555541117306
slice_16,191.14555541117306
neg_1,48.663500010967255
mul_9,222.04203449947738
add_3,46.12900000810623
transpose_4,40.401000022888184
expand_6,233.49666870762005
view_8,222.6370465247162
expand_7,246.0666086881057
view_9,215.53026087091575
bmm_1,340.3108881956302
view_10,212.23906831711716
div_1,66.21000003814697
add_4,243.39249689978843
_to_copy_10,221.64544135552865
_softmax,237.57128750085832
_to_copy_11,221.64544135552865
clone,68.23299980163574
expand_8,54.32200002670288
view_11,215.81500620871597
expand_9,218.2136583816931
view_12,210.96066460402116
bmm_2,483.0160683237988
view_13,211.76002266282694
transpose_5,32.239000022411346
view_14,223.11175487663596
t_1,211.45320466190992
view_15,221.8259961010767
mm_1,250.7430939907875
_unsafe_view_1,329.13956732953136
clone_1,72.80000001192093
add_5,49.2950000166893
_to_copy_12,205.59040205100044
pow_3,197.91246080922065
mean_1,209.40930839729126
add_6,60.32099997997284
rsqrt_1,822.9530000090599
mul_10,223.16015036063095
_to_copy_13,205.59040205100044
mul_11,218.87500860824002
t_2,210.9030534339169
view_16,221.8259961010767
mm_2,312.2341618486884
_unsafe_view_2,323.36652746235933
split,560.8217102902744
silu,209.03048939365104
mul_12,57.82699999213219
t_3,210.21900937426014
view_17,223.32081219585743
mm_3,275.9784880071566
_unsafe_view_3,329.13956732953136
clone_2,72.80000001192093
add_7,49.2950000166893
_to_copy_14,205.59040205100044
pow_4,197.91246080922065
mean_2,209.40930839729126
add_8,60.32099997997284
rsqrt_2,822.9530000090599
mul_13,223.16015036063095
_to_copy_15,205.59040205100044
mul_14,218.87500860824002
t_4,210.22336822650635
view_18,221.8259961010767
mm_4,280.3101196185633
_unsafe_view_4,328.0920051138133
slice_17,221.9431893935446
slice_18,221.9431893935446
slice_19,221.9431893935446
view_19,221.8259961010767
transpose_6,31.337333341439564
view_20,221.8259961010767
transpose_7,31.337333341439564
view_21,221.8259961010767
transpose_8,31.337333341439564
arange_2,194.53365642040205
_to_copy_16,207.4883369994592
div_2,64.06700000166893
pow_5,11.014959062924609
mul_15,55.80499999970198
reciprocal_1,76.2149999961257
mul_16,55.80499999970198
unsqueeze_11,217.94431848033054
slice_20,215.6957597494484
unsqueeze_12,215.756089557653
expand_10,230.94034447872943
slice_21,223.2043397091141
unsqueeze_13,203.3071161304381
slice_22,215.66913472306396
_to_copy_17,204.93206350976092
expand_11,230.94034447872943
view_22,213.35574360140413
expand_12,215.4969314478809
view_23,209.21617019086932
bmm_3,230.9860960165326
view_24,213.35574360140413
transpose_9,37.10600000619888
cos_1,77.79799997806549
mul_17,69.07400000095367
sin_1,63.50499999523163
mul_18,69.07400000095367
_to_copy_18,200.08409400220697
_to_copy_19,200.08409400220697
unsqueeze_14,210.68849490237378
unsqueeze_15,210.68849490237378
mul_19,222.04203449947738
slice_23,191.14555541117306
slice_24,191.14555541117306
neg_2,48.663500010967255
mul_20,222.04203449947738
add_9,46.12900000810623
mul_21,222.04203449947738
slice_25,191.14555541117306
slice_26,191.14555541117306
neg_3,48.663500010967255
mul_22,222.04203449947738
add_10,46.12900000810623
transpose_10,40.401000022888184
expand_13,233.49666870762005
view_25,222.6370465247162
expand_14,246.0666086881057
view_26,215.53026087091575
bmm_4,340.3108881956302
view_27,212.23906831711716
div_3,66.21000003814697
add_11,243.39249689978843
_to_copy_20,221.64544135552865
_softmax_1,237.57128750085832
_to_copy_21,221.64544135552865
clone_3,68.23299980163574
expand_15,54.32200002670288
view_28,215.81500620871597
expand_16,218.2136583816931
view_29,210.96066460402116
bmm_5,483.0160683237988
view_30,211.76002266282694
transpose_11,32.239000022411346
view_31,223.11175487663596
t_5,211.45320466190992
view_32,221.8259961010767
mm_5,250.7430939907875
_unsafe_view_5,329.13956732953136
clone_4,72.80000001192093
add_12,49.2950000166893
_to_copy_22,205.59040205100044
pow_6,197.91246080922065
mean_3,209.40930839729126
add_13,60.32099997997284
rsqrt_3,822.9530000090599
mul_23,223.16015036063095
_to_copy_23,205.59040205100044
mul_24,218.87500860824002
t_6,210.9030534339169
view_33,221.8259961010767
mm_6,312.2341618486884
_unsafe_view_6,323.36652746235933
split_1,560.8217102902744
silu_1,209.03048939365104
mul_25,57.82699999213219
t_7,210.21900937426014
view_34,223.32081219585743
mm_7,275.9784880071566
_unsafe_view_7,329.13956732953136
clone_5,72.80000001192093
add_14,49.2950000166893
_to_copy_24,205.59040205100044
pow_7,197.91246080922065
mean_4,209.40930839729126
add_15,60.32099997997284
rsqrt_4,822.9530000090599
mul_26,223.16015036063095
_to_copy_25,205.59040205100044
mul_27,218.87500860824002
t_8,210.22336822650635
view_35,221.8259961010767
mm_8,280.3101196185633
_unsafe_view_8,328.0920051138133
slice_27,221.9431893935446
slice_28,221.9431893935446
slice_29,221.9431893935446
view_36,221.8259961010767
transpose_12,31.337333341439564
view_37,221.8259961010767
transpose_13,31.337333341439564
view_38,221.8259961010767
transpose_14,31.337333341439564
arange_3,194.53365642040205
_to_copy_26,207.4883369994592
div_4,64.06700000166893
pow_8,11.014959062924609
mul_28,55.80499999970198
reciprocal_2,76.2149999961257
mul_29,55.80499999970198
unsqueeze_16,217.94431848033054
slice_30,215.6957597494484
unsqueeze_17,215.756089557653
expand_17,230.94034447872943
slice_31,223.2043397091141
unsqueeze_18,203.3071161304381
slice_32,215.66913472306396
_to_copy_27,204.93206350976092
expand_18,230.94034447872943
view_39,213.35574360140413
expand_19,215.4969314478809
view_40,209.21617019086932
bmm_6,230.9860960165326
view_41,213.35574360140413
transpose_15,37.10600000619888
cos_2,77.79799997806549
mul_30,69.07400000095367
sin_2,63.50499999523163
mul_31,69.07400000095367
_to_copy_28,200.08409400220697
_to_copy_29,200.08409400220697
unsqueeze_19,210.68849490237378
unsqueeze_20,210.68849490237378
mul_32,222.04203449947738
slice_33,191.14555541117306
slice_34,191.14555541117306
neg_4,48.663500010967255
mul_33,222.04203449947738
add_16,46.12900000810623
mul_34,222.04203449947738
slice_35,191.14555541117306
slice_36,191.14555541117306
neg_5,48.663500010967255
mul_35,222.04203449947738
add_17,46.12900000810623
transpose_16,40.401000022888184
expand_20,233.49666870762005
view_42,222.6370465247162
expand_21,246.0666086881057
view_43,215.53026087091575
bmm_7,340.3108881956302
view_44,212.23906831711716
div_5,66.21000003814697
add_18,243.39249689978843
_to_copy_30,221.64544135552865
_softmax_2,237.57128750085832
_to_copy_31,221.64544135552865
clone_6,68.23299980163574
expand_22,54.32200002670288
view_45,215.81500620871597
expand_23,218.2136583816931
view_46,210.96066460402116
bmm_8,483.0160683237988
view_47,211.76002266282694
transpose_17,32.239000022411346
view_48,223.11175487663596
t_9,211.45320466190992
view_49,221.8259961010767
mm_9,250.7430939907875
_unsafe_view_9,329.13956732953136
clone_7,72.80000001192093
add_19,49.2950000166893
_to_copy_32,205.59040205100044
pow_9,197.91246080922065
mean_5,209.40930839729126
add_20,60.32099997997284
rsqrt_5,822.9530000090599
mul_36,223.16015036063095
_to_copy_33,205.59040205100044
mul_37,218.87500860824002
t_10,210.9030534339169
view_50,221.8259961010767
mm_10,312.2341618486884
_unsafe_view_10,323.36652746235933
split_2,560.8217102902744
silu_2,209.03048939365104
mul_38,57.82699999213219
t_11,210.21900937426014
view_51,223.32081219585743
mm_11,275.9784880071566
_unsafe_view_11,329.13956732953136
clone_8,72.80000001192093
add_21,49.2950000166893
_to_copy_34,205.59040205100044
pow_10,197.91246080922065
mean_6,209.40930839729126
add_22,60.32099997997284
rsqrt_6,822.9530000090599
mul_39,223.16015036063095
_to_copy_35,205.59040205100044
mul_40,218.87500860824002
t_12,210.22336822650635
view_52,221.8259961010767
mm_12,280.3101196185633
_unsafe_view_12,328.0920051138133
slice_37,221.9431893935446
slice_38,221.9431893935446
slice_39,221.9431893935446
view_53,221.8259961010767
transpose_18,31.337333341439564
view_54,221.8259961010767
transpose_19,31.337333341439564
view_55,221.8259961010767
transpose_20,31.337333341439564
arange_4,194.53365642040205
_to_copy_36,207.4883369994592
div_6,64.06700000166893
pow_11,11.014959062924609
mul_41,55.80499999970198
reciprocal_3,76.2149999961257
mul_42,55.80499999970198
unsqueeze_21,217.94431848033054
slice_40,215.6957597494484
unsqueeze_22,215.756089557653
expand_24,230.94034447872943
slice_41,223.2043397091141
unsqueeze_23,203.3071161304381
slice_42,215.66913472306396
_to_copy_37,204.93206350976092
expand_25,230.94034447872943
view_56,213.35574360140413
expand_26,215.4969314478809
view_57,209.21617019086932
bmm_9,230.9860960165326
view_58,213.35574360140413
transpose_21,37.10600000619888
cos_3,77.79799997806549
mul_43,69.07400000095367
sin_3,63.50499999523163
mul_44,69.07400000095367
_to_copy_38,200.08409400220697
_to_copy_39,200.08409400220697
unsqueeze_24,210.68849490237378
unsqueeze_25,210.68849490237378
mul_45,222.04203449947738
slice_43,191.14555541117306
slice_44,191.14555541117306
neg_6,48.663500010967255
mul_46,222.04203449947738
add_23,46.12900000810623
mul_47,222.04203449947738
slice_45,191.14555541117306
slice_46,191.14555541117306
neg_7,48.663500010967255
mul_48,222.04203449947738
add_24,46.12900000810623
transpose_22,40.401000022888184
expand_27,233.49666870762005
view_59,222.6370465247162
expand_28,246.0666086881057
view_60,215.53026087091575
bmm_10,340.3108881956302
view_61,212.23906831711716
div_7,66.21000003814697
add_25,243.39249689978843
_to_copy_40,221.64544135552865
_softmax_3,237.57128750085832
_to_copy_41,221.64544135552865
clone_9,68.23299980163574
expand_29,54.32200002670288
view_62,215.81500620871597
expand_30,218.2136583816931
view_63,210.96066460402116
bmm_11,483.0160683237988
view_64,211.76002266282694
transpose_23,32.239000022411346
view_65,223.11175487663596
t_13,211.45320466190992
view_66,221.8259961010767
mm_13,250.7430939907875
_unsafe_view_13,329.13956732953136
clone_10,72.80000001192093
add_26,49.2950000166893
_to_copy_42,205.59040205100044
pow_12,197.91246080922065
mean_7,209.40930839729126
add_27,60.32099997997284
rsqrt_7,822.9530000090599
mul_49,223.16015036063095
_to_copy_43,205.59040205100044
mul_50,218.87500860824002
t_14,210.9030534339169
view_67,221.8259961010767
mm_14,312.2341618486884
_unsafe_view_14,323.36652746235933
split_3,560.8217102902744
silu_3,209.03048939365104
mul_51,57.82699999213219
t_15,210.21900937426014
view_68,223.32081219585743
mm_15,275.9784880071566
_unsafe_view_15,329.13956732953136
clone_11,72.80000001192093
add_28,49.2950000166893
_to_copy_44,205.59040205100044
pow_13,197.91246080922065
mean_8,209.40930839729126
add_29,60.32099997997284
rsqrt_8,822.9530000090599
mul_52,223.16015036063095
_to_copy_45,205.59040205100044
mul_53,218.87500860824002
t_16,210.22336822650635
view_69,221.8259961010767
mm_16,280.3101196185633
_unsafe_view_16,328.0920051138133
slice_47,221.9431893935446
slice_48,221.9431893935446
slice_49,221.9431893935446
view_70,221.8259961010767
transpose_24,31.337333341439564
view_71,221.8259961010767
transpose_25,31.337333341439564
view_72,221.8259961010767
transpose_26,31.337333341439564
arange_5,194.53365642040205
_to_copy_46,207.4883369994592
div_8,64.06700000166893
pow_14,11.014959062924609
mul_54,55.80499999970198
reciprocal_4,76.2149999961257
mul_55,55.80499999970198
unsqueeze_26,217.94431848033054
slice_50,215.6957597494484
unsqueeze_27,215.756089557653
expand_31,230.94034447872943
slice_51,223.2043397091141
unsqueeze_28,203.3071161304381
slice_52,215.66913472306396
_to_copy_47,204.93206350976092
expand_32,230.94034447872943
view_73,213.35574360140413
expand_33,215.4969314478809
view_74,209.21617019086932
bmm_12,230.9860960165326
view_75,213.35574360140413
transpose_27,37.10600000619888
cos_4,77.79799997806549
mul_56,69.07400000095367
sin_4,63.50499999523163
mul_57,69.07400000095367
_to_copy_48,200.08409400220697
_to_copy_49,200.08409400220697
unsqueeze_29,210.68849490237378
unsqueeze_30,210.68849490237378
mul_58,222.04203449947738
slice_53,191.14555541117306
slice_54,191.14555541117306
neg_8,48.663500010967255
mul_59,222.04203449947738
add_30,46.12900000810623
mul_60,222.04203449947738
slice_55,191.14555541117306
slice_56,191.14555541117306
neg_9,48.663500010967255
mul_61,222.04203449947738
add_31,46.12900000810623
transpose_28,40.401000022888184
expand_34,233.49666870762005
view_76,222.6370465247162
expand_35,246.0666086881057
view_77,215.53026087091575
bmm_13,340.3108881956302
view_78,212.23906831711716
div_9,66.21000003814697
add_32,243.39249689978843
_to_copy_50,221.64544135552865
_softmax_4,237.57128750085832
_to_copy_51,221.64544135552865
clone_12,68.23299980163574
expand_36,54.32200002670288
view_79,215.81500620871597
expand_37,218.2136583816931
view_80,210.96066460402116
bmm_14,483.0160683237988
view_81,211.76002266282694
transpose_29,32.239000022411346
view_82,223.11175487663596
t_17,211.45320466190992
view_83,221.8259961010767
mm_17,250.7430939907875
_unsafe_view_17,329.13956732953136
clone_13,72.80000001192093
add_33,49.2950000166893
_to_copy_52,205.59040205100044
pow_15,197.91246080922065
mean_9,209.40930839729126
add_34,60.32099997997284
rsqrt_9,822.9530000090599
mul_62,223.16015036063095
_to_copy_53,205.59040205100044
mul_63,218.87500860824002
t_18,210.9030534339169
view_84,221.8259961010767
mm_18,312.2341618486884
_unsafe_view_18,323.36652746235933
split_4,560.8217102902744
silu_4,209.03048939365104
mul_64,57.82699999213219
t_19,210.21900937426014
view_85,223.32081219585743
mm_19,275.9784880071566
_unsafe_view_19,329.13956732953136
clone_14,72.80000001192093
add_35,49.2950000166893
_to_copy_54,205.59040205100044
pow_16,197.91246080922065
mean_10,209.40930839729126
add_36,60.32099997997284
rsqrt_10,822.9530000090599
mul_65,223.16015036063095
_to_copy_55,205.59040205100044
mul_66,218.87500860824002
t_20,210.22336822650635
view_86,221.8259961010767
mm_20,280.3101196185633
_unsafe_view_20,328.0920051138133
slice_57,221.9431893935446
slice_58,221.9431893935446
slice_59,221.9431893935446
view_87,221.8259961010767
transpose_30,31.337333341439564
view_88,221.8259961010767
transpose_31,31.337333341439564
view_89,221.8259961010767
transpose_32,31.337333341439564
arange_6,194.53365642040205
_to_copy_56,207.4883369994592
div_10,64.06700000166893
pow_17,11.014959062924609
mul_67,55.80499999970198
reciprocal_5,76.2149999961257
mul_68,55.80499999970198
unsqueeze_31,217.94431848033054
slice_60,215.6957597494484
unsqueeze_32,215.756089557653
expand_38,230.94034447872943
slice_61,223.2043397091141
unsqueeze_33,203.3071161304381
slice_62,215.66913472306396
_to_copy_57,204.93206350976092
expand_39,230.94034447872943
view_90,213.35574360140413
expand_40,215.4969314478809
view_91,209.21617019086932
bmm_15,230.9860960165326
view_92,213.35574360140413
transpose_33,37.10600000619888
cos_5,77.79799997806549
mul_69,69.07400000095367
sin_5,63.50499999523163
mul_70,69.07400000095367
_to_copy_58,200.08409400220697
_to_copy_59,200.08409400220697
unsqueeze_34,210.68849490237378
unsqueeze_35,210.68849490237378
mul_71,222.04203449947738
slice_63,191.14555541117306
slice_64,191.14555541117306
neg_10,48.663500010967255
mul_72,222.04203449947738
add_37,46.12900000810623
mul_73,222.04203449947738
slice_65,191.14555541117306
slice_66,191.14555541117306
neg_11,48.663500010967255
mul_74,222.04203449947738
add_38,46.12900000810623
transpose_34,40.401000022888184
expand_41,233.49666870762005
view_93,222.6370465247162
expand_42,246.0666086881057
view_94,215.53026087091575
bmm_16,340.3108881956302
view_95,212.23906831711716
div_11,66.21000003814697
add_39,243.39249689978843
_to_copy_60,221.64544135552865
_softmax_5,237.57128750085832
_to_copy_61,221.64544135552865
clone_15,68.23299980163574
expand_43,54.32200002670288
view_96,215.81500620871597
expand_44,218.2136583816931
view_97,210.96066460402116
bmm_17,483.0160683237988
view_98,211.76002266282694
transpose_35,32.239000022411346
view_99,223.11175487663596
t_21,211.45320466190992
view_100,221.8259961010767
mm_21,250.7430939907875
_unsafe_view_21,329.13956732953136
clone_16,72.80000001192093
add_40,49.2950000166893
_to_copy_62,205.59040205100044
pow_18,197.91246080922065
mean_11,209.40930839729126
add_41,60.32099997997284
rsqrt_11,822.9530000090599
mul_75,223.16015036063095
_to_copy_63,205.59040205100044
mul_76,218.87500860824002
t_22,210.9030534339169
view_101,221.8259961010767
mm_22,312.2341618486884
_unsafe_view_22,323.36652746235933
split_5,560.8217102902744
silu_5,209.03048939365104
mul_77,57.82699999213219
t_23,210.21900937426014
view_102,223.32081219585743
mm_23,275.9784880071566
_unsafe_view_23,329.13956732953136
clone_17,72.80000001192093
add_42,49.2950000166893
_to_copy_64,205.59040205100044
pow_19,197.91246080922065
mean_12,209.40930839729126
add_43,60.32099997997284
rsqrt_12,822.9530000090599
mul_78,223.16015036063095
_to_copy_65,205.59040205100044
mul_79,218.87500860824002
t_24,210.22336822650635
view_103,221.8259961010767
mm_24,280.3101196185633
_unsafe_view_24,328.0920051138133
slice_67,221.9431893935446
slice_68,221.9431893935446
slice_69,221.9431893935446
view_104,221.8259961010767
transpose_36,31.337333341439564
view_105,221.8259961010767
transpose_37,31.337333341439564
view_106,221.8259961010767
transpose_38,31.337333341439564
arange_7,194.53365642040205
_to_copy_66,207.4883369994592
div_12,64.06700000166893
pow_20,11.014959062924609
mul_80,55.80499999970198
reciprocal_6,76.2149999961257
mul_81,55.80499999970198
unsqueeze_36,217.94431848033054
slice_70,215.6957597494484
unsqueeze_37,215.756089557653
expand_45,230.94034447872943
slice_71,223.2043397091141
unsqueeze_38,203.3071161304381
slice_72,215.66913472306396
_to_copy_67,204.93206350976092
expand_46,230.94034447872943
view_107,213.35574360140413
expand_47,215.4969314478809
view_108,209.21617019086932
bmm_18,230.9860960165326
view_109,213.35574360140413
transpose_39,37.10600000619888
cos_6,77.79799997806549
mul_82,69.07400000095367
sin_6,63.50499999523163
mul_83,69.07400000095367
_to_copy_68,200.08409400220697
_to_copy_69,200.08409400220697
unsqueeze_39,210.68849490237378
unsqueeze_40,210.68849490237378
mul_84,222.04203449947738
slice_73,191.14555541117306
slice_74,191.14555541117306
neg_12,48.663500010967255
mul_85,222.04203449947738
add_44,46.12900000810623
mul_86,222.04203449947738
slice_75,191.14555541117306
slice_76,191.14555541117306
neg_13,48.663500010967255
mul_87,222.04203449947738
add_45,46.12900000810623
transpose_40,40.401000022888184
expand_48,233.49666870762005
view_110,222.6370465247162
expand_49,246.0666086881057
view_111,215.53026087091575
bmm_19,340.3108881956302
view_112,212.23906831711716
div_13,66.21000003814697
add_46,243.39249689978843
_to_copy_70,221.64544135552865
_softmax_6,237.57128750085832
_to_copy_71,221.64544135552865
clone_18,68.23299980163574
expand_50,54.32200002670288
view_113,215.81500620871597
expand_51,218.2136583816931
view_114,210.96066460402116
bmm_20,483.0160683237988
view_115,211.76002266282694
transpose_41,32.239000022411346
view_116,223.11175487663596
t_25,211.45320466190992
view_117,221.8259961010767
mm_25,250.7430939907875
_unsafe_view_25,329.13956732953136
clone_19,72.80000001192093
add_47,49.2950000166893
_to_copy_72,205.59040205100044
pow_21,197.91246080922065
mean_13,209.40930839729126
add_48,60.32099997997284
rsqrt_13,822.9530000090599
mul_88,223.16015036063095
_to_copy_73,205.59040205100044
mul_89,218.87500860824002
t_26,210.9030534339169
view_118,221.8259961010767
mm_26,312.2341618486884
_unsafe_view_26,323.36652746235933
split_6,560.8217102902744
silu_6,209.03048939365104
mul_90,57.82699999213219
t_27,210.21900937426014
view_119,223.32081219585743
mm_27,275.9784880071566
_unsafe_view_27,329.13956732953136
clone_20,72.80000001192093
add_49,49.2950000166893
_to_copy_74,205.59040205100044
pow_22,197.91246080922065
mean_14,209.40930839729126
add_50,60.32099997997284
rsqrt_14,822.9530000090599
mul_91,223.16015036063095
_to_copy_75,205.59040205100044
mul_92,218.87500860824002
t_28,210.22336822650635
view_120,221.8259961010767
mm_28,280.3101196185633
_unsafe_view_28,328.0920051138133
slice_77,221.9431893935446
slice_78,221.9431893935446
slice_79,221.9431893935446
view_121,221.8259961010767
transpose_42,31.337333341439564
view_122,221.8259961010767
transpose_43,31.337333341439564
view_123,221.8259961010767
transpose_44,31.337333341439564
arange_8,194.53365642040205
_to_copy_76,207.4883369994592
div_14,64.06700000166893
pow_23,11.014959062924609
mul_93,55.80499999970198
reciprocal_7,76.2149999961257
mul_94,55.80499999970198
unsqueeze_41,217.94431848033054
slice_80,215.6957597494484
unsqueeze_42,215.756089557653
expand_52,230.94034447872943
slice_81,223.2043397091141
unsqueeze_43,203.3071161304381
slice_82,215.66913472306396
_to_copy_77,204.93206350976092
expand_53,230.94034447872943
view_124,213.35574360140413
expand_54,215.4969314478809
view_125,209.21617019086932
bmm_21,230.9860960165326
view_126,213.35574360140413
transpose_45,37.10600000619888
cos_7,77.79799997806549
mul_95,69.07400000095367
sin_7,63.50499999523163
mul_96,69.07400000095367
_to_copy_78,200.08409400220697
_to_copy_79,200.08409400220697
unsqueeze_44,210.68849490237378
unsqueeze_45,210.68849490237378
mul_97,222.04203449947738
slice_83,191.14555541117306
slice_84,191.14555541117306
neg_14,48.663500010967255
mul_98,222.04203449947738
add_51,46.12900000810623
mul_99,222.04203449947738
slice_85,191.14555541117306
slice_86,191.14555541117306
neg_15,48.663500010967255
mul_100,222.04203449947738
add_52,46.12900000810623
transpose_46,40.401000022888184
expand_55,233.49666870762005
view_127,222.6370465247162
expand_56,246.0666086881057
view_128,215.53026087091575
bmm_22,340.3108881956302
view_129,212.23906831711716
div_15,66.21000003814697
add_53,243.39249689978843
_to_copy_80,221.64544135552865
_softmax_7,237.57128750085832
_to_copy_81,221.64544135552865
clone_21,68.23299980163574
expand_57,54.32200002670288
view_130,215.81500620871597
expand_58,218.2136583816931
view_131,210.96066460402116
bmm_23,483.0160683237988
view_132,211.76002266282694
transpose_47,32.239000022411346
view_133,223.11175487663596
t_29,211.45320466190992
view_134,221.8259961010767
mm_29,250.7430939907875
_unsafe_view_29,329.13956732953136
clone_22,72.80000001192093
add_54,49.2950000166893
_to_copy_82,205.59040205100044
pow_24,197.91246080922065
mean_15,209.40930839729126
add_55,60.32099997997284
rsqrt_15,822.9530000090599
mul_101,223.16015036063095
_to_copy_83,205.59040205100044
mul_102,218.87500860824002
t_30,210.9030534339169
view_135,221.8259961010767
mm_30,312.2341618486884
_unsafe_view_30,323.36652746235933
split_7,560.8217102902744
silu_7,209.03048939365104
mul_103,57.82699999213219
t_31,210.21900937426014
view_136,223.32081219585743
mm_31,275.9784880071566
_unsafe_view_31,329.13956732953136
clone_23,72.80000001192093
add_56,49.2950000166893
_to_copy_84,205.59040205100044
pow_25,197.91246080922065
mean_16,209.40930839729126
add_57,60.32099997997284
rsqrt_16,822.9530000090599
mul_104,223.16015036063095
_to_copy_85,205.59040205100044
mul_105,218.87500860824002
t_32,210.22336822650635
view_137,221.8259961010767
mm_32,280.3101196185633
_unsafe_view_32,328.0920051138133
slice_87,221.9431893935446
slice_88,221.9431893935446
slice_89,221.9431893935446
view_138,221.8259961010767
transpose_48,31.337333341439564
view_139,221.8259961010767
transpose_49,31.337333341439564
view_140,221.8259961010767
transpose_50,31.337333341439564
arange_9,194.53365642040205
_to_copy_86,207.4883369994592
div_16,64.06700000166893
pow_26,11.014959062924609
mul_106,55.80499999970198
reciprocal_8,76.2149999961257
mul_107,55.80499999970198
unsqueeze_46,217.94431848033054
slice_90,215.6957597494484
unsqueeze_47,215.756089557653
expand_59,230.94034447872943
slice_91,223.2043397091141
unsqueeze_48,203.3071161304381
slice_92,215.66913472306396
_to_copy_87,204.93206350976092
expand_60,230.94034447872943
view_141,213.35574360140413
expand_61,215.4969314478809
view_142,209.21617019086932
bmm_24,230.9860960165326
view_143,213.35574360140413
transpose_51,37.10600000619888
cos_8,77.79799997806549
mul_108,69.07400000095367
sin_8,63.50499999523163
mul_109,69.07400000095367
_to_copy_88,200.08409400220697
_to_copy_89,200.08409400220697
unsqueeze_49,210.68849490237378
unsqueeze_50,210.68849490237378
mul_110,222.04203449947738
slice_93,191.14555541117306
slice_94,191.14555541117306
neg_16,48.663500010967255
mul_111,222.04203449947738
add_58,46.12900000810623
mul_112,222.04203449947738
slice_95,191.14555541117306
slice_96,191.14555541117306
neg_17,48.663500010967255
mul_113,222.04203449947738
add_59,46.12900000810623
transpose_52,40.401000022888184
expand_62,233.49666870762005
view_144,222.6370465247162
expand_63,246.0666086881057
view_145,215.53026087091575
bmm_25,340.3108881956302
view_146,212.23906831711716
div_17,66.21000003814697
add_60,243.39249689978843
_to_copy_90,221.64544135552865
_softmax_8,237.57128750085832
_to_copy_91,221.64544135552865
clone_24,68.23299980163574
expand_64,54.32200002670288
view_147,215.81500620871597
expand_65,218.2136583816931
view_148,210.96066460402116
bmm_26,483.0160683237988
view_149,211.76002266282694
transpose_53,32.239000022411346
view_150,223.11175487663596
t_33,211.45320466190992
view_151,221.8259961010767
mm_33,250.7430939907875
_unsafe_view_33,329.13956732953136
clone_25,72.80000001192093
add_61,49.2950000166893
_to_copy_92,205.59040205100044
pow_27,197.91246080922065
mean_17,209.40930839729126
add_62,60.32099997997284
rsqrt_17,822.9530000090599
mul_114,223.16015036063095
_to_copy_93,205.59040205100044
mul_115,218.87500860824002
t_34,210.9030534339169
view_152,221.8259961010767
mm_34,312.2341618486884
_unsafe_view_34,323.36652746235933
split_8,560.8217102902744
silu_8,209.03048939365104
mul_116,57.82699999213219
t_35,210.21900937426014
view_153,223.32081219585743
mm_35,275.9784880071566
_unsafe_view_35,329.13956732953136
clone_26,72.80000001192093
add_63,49.2950000166893
_to_copy_94,205.59040205100044
pow_28,197.91246080922065
mean_18,209.40930839729126
add_64,60.32099997997284
rsqrt_18,822.9530000090599
mul_117,223.16015036063095
_to_copy_95,205.59040205100044
mul_118,218.87500860824002
t_36,210.22336822650635
view_154,221.8259961010767
mm_36,280.3101196185633
_unsafe_view_36,328.0920051138133
slice_97,221.9431893935446
slice_98,221.9431893935446
slice_99,221.9431893935446
view_155,221.8259961010767
transpose_54,31.337333341439564
view_156,221.8259961010767
transpose_55,31.337333341439564
view_157,221.8259961010767
transpose_56,31.337333341439564
arange_10,194.53365642040205
_to_copy_96,207.4883369994592
div_18,64.06700000166893
pow_29,11.014959062924609
mul_119,55.80499999970198
reciprocal_9,76.2149999961257
mul_120,55.80499999970198
unsqueeze_51,217.94431848033054
slice_100,215.6957597494484
unsqueeze_52,215.756089557653
expand_66,230.94034447872943
slice_101,223.2043397091141
unsqueeze_53,203.3071161304381
slice_102,215.66913472306396
_to_copy_97,204.93206350976092
expand_67,230.94034447872943
view_158,213.35574360140413
expand_68,215.4969314478809
view_159,209.21617019086932
bmm_27,230.9860960165326
view_160,213.35574360140413
transpose_57,37.10600000619888
cos_9,77.79799997806549
mul_121,69.07400000095367
sin_9,63.50499999523163
mul_122,69.07400000095367
_to_copy_98,200.08409400220697
_to_copy_99,200.08409400220697
unsqueeze_54,210.68849490237378
unsqueeze_55,210.68849490237378
mul_123,222.04203449947738
slice_103,191.14555541117306
slice_104,191.14555541117306
neg_18,48.663500010967255
mul_124,222.04203449947738
add_65,46.12900000810623
mul_125,222.04203449947738
slice_105,191.14555541117306
slice_106,191.14555541117306
neg_19,48.663500010967255
mul_126,222.04203449947738
add_66,46.12900000810623
transpose_58,40.401000022888184
expand_69,233.49666870762005
view_161,222.6370465247162
expand_70,246.0666086881057
view_162,215.53026087091575
bmm_28,340.3108881956302
view_163,212.23906831711716
div_19,66.21000003814697
add_67,243.39249689978843
_to_copy_100,221.64544135552865
_softmax_9,237.57128750085832
_to_copy_101,221.64544135552865
clone_27,68.23299980163574
expand_71,54.32200002670288
view_164,215.81500620871597
expand_72,218.2136583816931
view_165,210.96066460402116
bmm_29,483.0160683237988
view_166,211.76002266282694
transpose_59,32.239000022411346
view_167,223.11175487663596
t_37,211.45320466190992
view_168,221.8259961010767
mm_37,250.7430939907875
_unsafe_view_37,329.13956732953136
clone_28,72.80000001192093
add_68,49.2950000166893
_to_copy_102,205.59040205100044
pow_30,197.91246080922065
mean_19,209.40930839729126
add_69,60.32099997997284
rsqrt_19,822.9530000090599
mul_127,223.16015036063095
_to_copy_103,205.59040205100044
mul_128,218.87500860824002
t_38,210.9030534339169
view_169,221.8259961010767
mm_38,312.2341618486884
_unsafe_view_38,323.36652746235933
split_9,560.8217102902744
silu_9,209.03048939365104
mul_129,57.82699999213219
t_39,210.21900937426014
view_170,223.32081219585743
mm_39,275.9784880071566
_unsafe_view_39,329.13956732953136
clone_29,72.80000001192093
add_70,49.2950000166893
_to_copy_104,205.59040205100044
pow_31,197.91246080922065
mean_20,209.40930839729126
add_71,60.32099997997284
rsqrt_20,822.9530000090599
mul_130,223.16015036063095
_to_copy_105,205.59040205100044
mul_131,218.87500860824002
t_40,210.22336822650635
view_171,221.8259961010767
mm_40,280.3101196185633
_unsafe_view_40,328.0920051138133
slice_107,221.9431893935446
slice_108,221.9431893935446
slice_109,221.9431893935446
view_172,221.8259961010767
transpose_60,31.337333341439564
view_173,221.8259961010767
transpose_61,31.337333341439564
view_174,221.8259961010767
transpose_62,31.337333341439564
arange_11,194.53365642040205
_to_copy_106,207.4883369994592
div_20,64.06700000166893
pow_32,11.014959062924609
mul_132,55.80499999970198
reciprocal_10,76.2149999961257
mul_133,55.80499999970198
unsqueeze_56,217.94431848033054
slice_110,215.6957597494484
unsqueeze_57,215.756089557653
expand_73,230.94034447872943
slice_111,223.2043397091141
unsqueeze_58,203.3071161304381
slice_112,215.66913472306396
_to_copy_107,204.93206350976092
expand_74,230.94034447872943
view_175,213.35574360140413
expand_75,215.4969314478809
view_176,209.21617019086932
bmm_30,230.9860960165326
view_177,213.35574360140413
transpose_63,37.10600000619888
cos_10,77.79799997806549
mul_134,69.07400000095367
sin_10,63.50499999523163
mul_135,69.07400000095367
_to_copy_108,200.08409400220697
_to_copy_109,200.08409400220697
unsqueeze_59,210.68849490237378
unsqueeze_60,210.68849490237378
mul_136,222.04203449947738
slice_113,191.14555541117306
slice_114,191.14555541117306
neg_20,48.663500010967255
mul_137,222.04203449947738
add_72,46.12900000810623
mul_138,222.04203449947738
slice_115,191.14555541117306
slice_116,191.14555541117306
neg_21,48.663500010967255
mul_139,222.04203449947738
add_73,46.12900000810623
transpose_64,40.401000022888184
expand_76,233.49666870762005
view_178,222.6370465247162
expand_77,246.0666086881057
view_179,215.53026087091575
bmm_31,340.3108881956302
view_180,212.23906831711716
div_21,66.21000003814697
add_74,243.39249689978843
_to_copy_110,221.64544135552865
_softmax_10,237.57128750085832
_to_copy_111,221.64544135552865
clone_30,68.23299980163574
expand_78,54.32200002670288
view_181,215.81500620871597
expand_79,218.2136583816931
view_182,210.96066460402116
bmm_32,483.0160683237988
view_183,211.76002266282694
transpose_65,32.239000022411346
view_184,223.11175487663596
t_41,211.45320466190992
view_185,221.8259961010767
mm_41,250.7430939907875
_unsafe_view_41,329.13956732953136
clone_31,72.80000001192093
add_75,49.2950000166893
_to_copy_112,205.59040205100044
pow_33,197.91246080922065
mean_21,209.40930839729126
add_76,60.32099997997284
rsqrt_21,822.9530000090599
mul_140,223.16015036063095
_to_copy_113,205.59040205100044
mul_141,218.87500860824002
t_42,210.9030534339169
view_186,221.8259961010767
mm_42,312.2341618486884
_unsafe_view_42,323.36652746235933
split_10,560.8217102902744
silu_10,209.03048939365104
mul_142,57.82699999213219
t_43,210.21900937426014
view_187,223.32081219585743
mm_43,275.9784880071566
_unsafe_view_43,329.13956732953136
clone_32,72.80000001192093
add_77,49.2950000166893
_to_copy_114,205.59040205100044
pow_34,197.91246080922065
mean_22,209.40930839729126
add_78,60.32099997997284
rsqrt_22,822.9530000090599
mul_143,223.16015036063095
_to_copy_115,205.59040205100044
mul_144,218.87500860824002
t_44,210.22336822650635
view_188,221.8259961010767
mm_44,280.3101196185633
_unsafe_view_44,328.0920051138133
slice_117,221.9431893935446
slice_118,221.9431893935446
slice_119,221.9431893935446
view_189,221.8259961010767
transpose_66,31.337333341439564
view_190,221.8259961010767
transpose_67,31.337333341439564
view_191,221.8259961010767
transpose_68,31.337333341439564
arange_12,194.53365642040205
_to_copy_116,207.4883369994592
div_22,64.06700000166893
pow_35,11.014959062924609
mul_145,55.80499999970198
reciprocal_11,76.2149999961257
mul_146,55.80499999970198
unsqueeze_61,217.94431848033054
slice_120,215.6957597494484
unsqueeze_62,215.756089557653
expand_80,230.94034447872943
slice_121,223.2043397091141
unsqueeze_63,203.3071161304381
slice_122,215.66913472306396
_to_copy_117,204.93206350976092
expand_81,230.94034447872943
view_192,213.35574360140413
expand_82,215.4969314478809
view_193,209.21617019086932
bmm_33,230.9860960165326
view_194,213.35574360140413
transpose_69,37.10600000619888
cos_11,77.79799997806549
mul_147,69.07400000095367
sin_11,63.50499999523163
mul_148,69.07400000095367
_to_copy_118,200.08409400220697
_to_copy_119,200.08409400220697
unsqueeze_64,210.68849490237378
unsqueeze_65,210.68849490237378
mul_149,222.04203449947738
slice_123,191.14555541117306
slice_124,191.14555541117306
neg_22,48.663500010967255
mul_150,222.04203449947738
add_79,46.12900000810623
mul_151,222.04203449947738
slice_125,191.14555541117306
slice_126,191.14555541117306
neg_23,48.663500010967255
mul_152,222.04203449947738
add_80,46.12900000810623
transpose_70,40.401000022888184
expand_83,233.49666870762005
view_195,222.6370465247162
expand_84,246.0666086881057
view_196,215.53026087091575
bmm_34,340.3108881956302
view_197,212.23906831711716
div_23,66.21000003814697
add_81,243.39249689978843
_to_copy_120,221.64544135552865
_softmax_11,237.57128750085832
_to_copy_121,221.64544135552865
clone_33,68.23299980163574
expand_85,54.32200002670288
view_198,215.81500620871597
expand_86,218.2136583816931
view_199,210.96066460402116
bmm_35,483.0160683237988
view_200,211.76002266282694
transpose_71,32.239000022411346
view_201,223.11175487663596
t_45,211.45320466190992
view_202,221.8259961010767
mm_45,250.7430939907875
_unsafe_view_45,329.13956732953136
clone_34,72.80000001192093
add_82,49.2950000166893
_to_copy_122,205.59040205100044
pow_36,197.91246080922065
mean_23,209.40930839729126
add_83,60.32099997997284
rsqrt_23,822.9530000090599
mul_153,223.16015036063095
_to_copy_123,205.59040205100044
mul_154,218.87500860824002
t_46,210.9030534339169
view_203,221.8259961010767
mm_46,312.2341618486884
_unsafe_view_46,323.36652746235933
split_11,560.8217102902744
silu_11,209.03048939365104
mul_155,57.82699999213219
t_47,210.21900937426014
view_204,223.32081219585743
mm_47,275.9784880071566
_unsafe_view_47,329.13956732953136
clone_35,72.80000001192093
add_84,49.2950000166893
_to_copy_124,205.59040205100044
pow_37,197.91246080922065
mean_24,209.40930839729126
add_85,60.32099997997284
rsqrt_24,822.9530000090599
mul_156,223.16015036063095
_to_copy_125,205.59040205100044
mul_157,218.87500860824002
t_48,210.22336822650635
view_205,221.8259961010767
mm_48,280.3101196185633
_unsafe_view_48,328.0920051138133
slice_127,221.9431893935446
slice_128,221.9431893935446
slice_129,221.9431893935446
view_206,221.8259961010767
transpose_72,31.337333341439564
view_207,221.8259961010767
transpose_73,31.337333341439564
view_208,221.8259961010767
transpose_74,31.337333341439564
arange_13,194.53365642040205
_to_copy_126,207.4883369994592
div_24,64.06700000166893
pow_38,11.014959062924609
mul_158,55.80499999970198
reciprocal_12,76.2149999961257
mul_159,55.80499999970198
unsqueeze_66,217.94431848033054
slice_130,215.6957597494484
unsqueeze_67,215.756089557653
expand_87,230.94034447872943
slice_131,223.2043397091141
unsqueeze_68,203.3071161304381
slice_132,215.66913472306396
_to_copy_127,204.93206350976092
expand_88,230.94034447872943
view_209,213.35574360140413
expand_89,215.4969314478809
view_210,209.21617019086932
bmm_36,230.9860960165326
view_211,213.35574360140413
transpose_75,37.10600000619888
cos_12,77.79799997806549
mul_160,69.07400000095367
sin_12,63.50499999523163
mul_161,69.07400000095367
_to_copy_128,200.08409400220697
_to_copy_129,200.08409400220697
unsqueeze_69,210.68849490237378
unsqueeze_70,210.68849490237378
mul_162,222.04203449947738
slice_133,191.14555541117306
slice_134,191.14555541117306
neg_24,48.663500010967255
mul_163,222.04203449947738
add_86,46.12900000810623
mul_164,222.04203449947738
slice_135,191.14555541117306
slice_136,191.14555541117306
neg_25,48.663500010967255
mul_165,222.04203449947738
add_87,46.12900000810623
transpose_76,40.401000022888184
expand_90,233.49666870762005
view_212,222.6370465247162
expand_91,246.0666086881057
view_213,215.53026087091575
bmm_37,340.3108881956302
view_214,212.23906831711716
div_25,66.21000003814697
add_88,243.39249689978843
_to_copy_130,221.64544135552865
_softmax_12,237.57128750085832
_to_copy_131,221.64544135552865
clone_36,68.23299980163574
expand_92,54.32200002670288
view_215,215.81500620871597
expand_93,218.2136583816931
view_216,210.96066460402116
bmm_38,483.0160683237988
view_217,211.76002266282694
transpose_77,32.239000022411346
view_218,223.11175487663596
t_49,211.45320466190992
view_219,221.8259961010767
mm_49,250.7430939907875
_unsafe_view_49,329.13956732953136
clone_37,72.80000001192093
add_89,49.2950000166893
_to_copy_132,205.59040205100044
pow_39,197.91246080922065
mean_25,209.40930839729126
add_90,60.32099997997284
rsqrt_25,822.9530000090599
mul_166,223.16015036063095
_to_copy_133,205.59040205100044
mul_167,218.87500860824002
t_50,210.9030534339169
view_220,221.8259961010767
mm_50,312.2341618486884
_unsafe_view_50,323.36652746235933
split_12,560.8217102902744
silu_12,209.03048939365104
mul_168,57.82699999213219
t_51,210.21900937426014
view_221,223.32081219585743
mm_51,275.9784880071566
_unsafe_view_51,329.13956732953136
clone_38,72.80000001192093
add_91,49.2950000166893
_to_copy_134,205.59040205100044
pow_40,197.91246080922065
mean_26,209.40930839729126
add_92,60.32099997997284
rsqrt_26,822.9530000090599
mul_169,223.16015036063095
_to_copy_135,205.59040205100044
mul_170,218.87500860824002
t_52,210.22336822650635
view_222,221.8259961010767
mm_52,280.3101196185633
_unsafe_view_52,328.0920051138133
slice_137,221.9431893935446
slice_138,221.9431893935446
slice_139,221.9431893935446
view_223,221.8259961010767
transpose_78,31.337333341439564
view_224,221.8259961010767
transpose_79,31.337333341439564
view_225,221.8259961010767
transpose_80,31.337333341439564
arange_14,194.53365642040205
_to_copy_136,207.4883369994592
div_26,64.06700000166893
pow_41,11.014959062924609
mul_171,55.80499999970198
reciprocal_13,76.2149999961257
mul_172,55.80499999970198
unsqueeze_71,217.94431848033054
slice_140,215.6957597494484
unsqueeze_72,215.756089557653
expand_94,230.94034447872943
slice_141,223.2043397091141
unsqueeze_73,203.3071161304381
slice_142,215.66913472306396
_to_copy_137,204.93206350976092
expand_95,230.94034447872943
view_226,213.35574360140413
expand_96,215.4969314478809
view_227,209.21617019086932
bmm_39,230.9860960165326
view_228,213.35574360140413
transpose_81,37.10600000619888
cos_13,77.79799997806549
mul_173,69.07400000095367
sin_13,63.50499999523163
mul_174,69.07400000095367
_to_copy_138,200.08409400220697
_to_copy_139,200.08409400220697
unsqueeze_74,210.68849490237378
unsqueeze_75,210.68849490237378
mul_175,222.04203449947738
slice_143,191.14555541117306
slice_144,191.14555541117306
neg_26,48.663500010967255
mul_176,222.04203449947738
add_93,46.12900000810623
mul_177,222.04203449947738
slice_145,191.14555541117306
slice_146,191.14555541117306
neg_27,48.663500010967255
mul_178,222.04203449947738
add_94,46.12900000810623
transpose_82,40.401000022888184
expand_97,233.49666870762005
view_229,222.6370465247162
expand_98,246.0666086881057
view_230,215.53026087091575
bmm_40,340.3108881956302
view_231,212.23906831711716
div_27,66.21000003814697
add_95,243.39249689978843
_to_copy_140,221.64544135552865
_softmax_13,237.57128750085832
_to_copy_141,221.64544135552865
clone_39,68.23299980163574
expand_99,54.32200002670288
view_232,215.81500620871597
expand_100,218.2136583816931
view_233,210.96066460402116
bmm_41,483.0160683237988
view_234,211.76002266282694
transpose_83,32.239000022411346
view_235,223.11175487663596
t_53,211.45320466190992
view_236,221.8259961010767
mm_53,250.7430939907875
_unsafe_view_53,329.13956732953136
clone_40,72.80000001192093
add_96,49.2950000166893
_to_copy_142,205.59040205100044
pow_42,197.91246080922065
mean_27,209.40930839729126
add_97,60.32099997997284
rsqrt_27,822.9530000090599
mul_179,223.16015036063095
_to_copy_143,205.59040205100044
mul_180,218.87500860824002
t_54,210.9030534339169
view_237,221.8259961010767
mm_54,312.2341618486884
_unsafe_view_54,323.36652746235933
split_13,560.8217102902744
silu_13,209.03048939365104
mul_181,57.82699999213219
t_55,210.21900937426014
view_238,223.32081219585743
mm_55,275.9784880071566
_unsafe_view_55,329.13956732953136
clone_41,72.80000001192093
add_98,49.2950000166893
_to_copy_144,205.59040205100044
pow_43,197.91246080922065
mean_28,209.40930839729126
add_99,60.32099997997284
rsqrt_28,822.9530000090599
mul_182,223.16015036063095
_to_copy_145,205.59040205100044
mul_183,218.87500860824002
t_56,210.22336822650635
view_239,221.8259961010767
mm_56,280.3101196185633
_unsafe_view_56,328.0920051138133
slice_147,221.9431893935446
slice_148,221.9431893935446
slice_149,221.9431893935446
view_240,221.8259961010767
transpose_84,31.337333341439564
view_241,221.8259961010767
transpose_85,31.337333341439564
view_242,221.8259961010767
transpose_86,31.337333341439564
arange_15,194.53365642040205
_to_copy_146,207.4883369994592
div_28,64.06700000166893
pow_44,11.014959062924609
mul_184,55.80499999970198
reciprocal_14,76.2149999961257
mul_185,55.80499999970198
unsqueeze_76,217.94431848033054
slice_150,215.6957597494484
unsqueeze_77,215.756089557653
expand_101,230.94034447872943
slice_151,223.2043397091141
unsqueeze_78,203.3071161304381
slice_152,215.66913472306396
_to_copy_147,204.93206350976092
expand_102,230.94034447872943
view_243,213.35574360140413
expand_103,215.4969314478809
view_244,209.21617019086932
bmm_42,230.9860960165326
view_245,213.35574360140413
transpose_87,37.10600000619888
cos_14,77.79799997806549
mul_186,69.07400000095367
sin_14,63.50499999523163
mul_187,69.07400000095367
_to_copy_148,200.08409400220697
_to_copy_149,200.08409400220697
unsqueeze_79,210.68849490237378
unsqueeze_80,210.68849490237378
mul_188,222.04203449947738
slice_153,191.14555541117306
slice_154,191.14555541117306
neg_28,48.663500010967255
mul_189,222.04203449947738
add_100,46.12900000810623
mul_190,222.04203449947738
slice_155,191.14555541117306
slice_156,191.14555541117306
neg_29,48.663500010967255
mul_191,222.04203449947738
add_101,46.12900000810623
transpose_88,40.401000022888184
expand_104,233.49666870762005
view_246,222.6370465247162
expand_105,246.0666086881057
view_247,215.53026087091575
bmm_43,340.3108881956302
view_248,212.23906831711716
div_29,66.21000003814697
add_102,243.39249689978843
_to_copy_150,221.64544135552865
_softmax_14,237.57128750085832
_to_copy_151,221.64544135552865
clone_42,68.23299980163574
expand_106,54.32200002670288
view_249,215.81500620871597
expand_107,218.2136583816931
view_250,210.96066460402116
bmm_44,483.0160683237988
view_251,211.76002266282694
transpose_89,32.239000022411346
view_252,223.11175487663596
t_57,211.45320466190992
view_253,221.8259961010767
mm_57,250.7430939907875
_unsafe_view_57,329.13956732953136
clone_43,72.80000001192093
add_103,49.2950000166893
_to_copy_152,205.59040205100044
pow_45,197.91246080922065
mean_29,209.40930839729126
add_104,60.32099997997284
rsqrt_29,822.9530000090599
mul_192,223.16015036063095
_to_copy_153,205.59040205100044
mul_193,218.87500860824002
t_58,210.9030534339169
view_254,221.8259961010767
mm_58,312.2341618486884
_unsafe_view_58,323.36652746235933
split_14,560.8217102902744
silu_14,209.03048939365104
mul_194,57.82699999213219
t_59,210.21900937426014
view_255,223.32081219585743
mm_59,275.9784880071566
_unsafe_view_59,329.13956732953136
clone_44,72.80000001192093
add_105,49.2950000166893
_to_copy_154,205.59040205100044
pow_46,197.91246080922065
mean_30,209.40930839729126
add_106,60.32099997997284
rsqrt_30,822.9530000090599
mul_195,223.16015036063095
_to_copy_155,205.59040205100044
mul_196,218.87500860824002
t_60,210.22336822650635
view_256,221.8259961010767
mm_60,280.3101196185633
_unsafe_view_60,328.0920051138133
slice_157,221.9431893935446
slice_158,221.9431893935446
slice_159,221.9431893935446
view_257,221.8259961010767
transpose_90,31.337333341439564
view_258,221.8259961010767
transpose_91,31.337333341439564
view_259,221.8259961010767
transpose_92,31.337333341439564
arange_16,194.53365642040205
_to_copy_156,207.4883369994592
div_30,64.06700000166893
pow_47,11.014959062924609
mul_197,55.80499999970198
reciprocal_15,76.2149999961257
mul_198,55.80499999970198
unsqueeze_81,217.94431848033054
slice_160,215.6957597494484
unsqueeze_82,215.756089557653
expand_108,230.94034447872943
slice_161,223.2043397091141
unsqueeze_83,203.3071161304381
slice_162,215.66913472306396
_to_copy_157,204.93206350976092
expand_109,230.94034447872943
view_260,213.35574360140413
expand_110,215.4969314478809
view_261,209.21617019086932
bmm_45,230.9860960165326
view_262,213.35574360140413
transpose_93,37.10600000619888
cos_15,77.79799997806549
mul_199,69.07400000095367
sin_15,63.50499999523163
mul_200,69.07400000095367
_to_copy_158,200.08409400220697
_to_copy_159,200.08409400220697
unsqueeze_84,210.68849490237378
unsqueeze_85,210.68849490237378
mul_201,222.04203449947738
slice_163,191.14555541117306
slice_164,191.14555541117306
neg_30,48.663500010967255
mul_202,222.04203449947738
add_107,46.12900000810623
mul_203,222.04203449947738
slice_165,191.14555541117306
slice_166,191.14555541117306
neg_31,48.663500010967255
mul_204,222.04203449947738
add_108,46.12900000810623
transpose_94,40.401000022888184
expand_111,233.49666870762005
view_263,222.6370465247162
expand_112,246.0666086881057
view_264,215.53026087091575
bmm_46,340.3108881956302
view_265,212.23906831711716
div_31,66.21000003814697
add_109,243.39249689978843
_to_copy_160,221.64544135552865
_softmax_15,237.57128750085832
_to_copy_161,221.64544135552865
clone_45,68.23299980163574
expand_113,54.32200002670288
view_266,215.81500620871597
expand_114,218.2136583816931
view_267,210.96066460402116
bmm_47,483.0160683237988
view_268,211.76002266282694
transpose_95,32.239000022411346
view_269,223.11175487663596
t_61,211.45320466190992
view_270,221.8259961010767
mm_61,250.7430939907875
_unsafe_view_61,329.13956732953136
clone_46,72.80000001192093
add_110,49.2950000166893
_to_copy_162,205.59040205100044
pow_48,197.91246080922065
mean_31,209.40930839729126
add_111,60.32099997997284
rsqrt_31,822.9530000090599
mul_205,223.16015036063095
_to_copy_163,205.59040205100044
mul_206,218.87500860824002
t_62,210.9030534339169
view_271,221.8259961010767
mm_62,312.2341618486884
_unsafe_view_62,323.36652746235933
split_15,560.8217102902744
silu_15,209.03048939365104
mul_207,57.82699999213219
t_63,210.21900937426014
view_272,223.32081219585743
mm_63,275.9784880071566
_unsafe_view_63,329.13956732953136
clone_47,72.80000001192093
add_112,49.2950000166893
_to_copy_164,205.59040205100044
pow_49,197.91246080922065
mean_32,209.40930839729126
add_113,60.32099997997284
rsqrt_32,822.9530000090599
mul_208,223.16015036063095
_to_copy_165,205.59040205100044
mul_209,218.87500860824002
t_64,210.22336822650635
view_273,221.8259961010767
mm_64,280.3101196185633
_unsafe_view_64,328.0920051138133
slice_167,221.9431893935446
slice_168,221.9431893935446
slice_169,221.9431893935446
view_274,221.8259961010767
transpose_96,31.337333341439564
view_275,221.8259961010767
transpose_97,31.337333341439564
view_276,221.8259961010767
transpose_98,31.337333341439564
arange_17,194.53365642040205
_to_copy_166,207.4883369994592
div_32,64.06700000166893
pow_50,11.014959062924609
mul_210,55.80499999970198
reciprocal_16,76.2149999961257
mul_211,55.80499999970198
unsqueeze_86,217.94431848033054
slice_170,215.6957597494484
unsqueeze_87,215.756089557653
expand_115,230.94034447872943
slice_171,223.2043397091141
unsqueeze_88,203.3071161304381
slice_172,215.66913472306396
_to_copy_167,204.93206350976092
expand_116,230.94034447872943
view_277,213.35574360140413
expand_117,215.4969314478809
view_278,209.21617019086932
bmm_48,230.9860960165326
view_279,213.35574360140413
transpose_99,37.10600000619888
cos_16,77.79799997806549
mul_212,69.07400000095367
sin_16,63.50499999523163
mul_213,69.07400000095367
_to_copy_168,200.08409400220697
_to_copy_169,200.08409400220697
unsqueeze_89,210.68849490237378
unsqueeze_90,210.68849490237378
mul_214,222.04203449947738
slice_173,191.14555541117306
slice_174,191.14555541117306
neg_32,48.663500010967255
mul_215,222.04203449947738
add_114,46.12900000810623
mul_216,222.04203449947738
slice_175,191.14555541117306
slice_176,191.14555541117306
neg_33,48.663500010967255
mul_217,222.04203449947738
add_115,46.12900000810623
transpose_100,40.401000022888184
expand_118,233.49666870762005
view_280,222.6370465247162
expand_119,246.0666086881057
view_281,215.53026087091575
bmm_49,340.3108881956302
view_282,212.23906831711716
div_33,66.21000003814697
add_116,243.39249689978843
_to_copy_170,221.64544135552865
_softmax_16,237.57128750085832
_to_copy_171,221.64544135552865
clone_48,68.23299980163574
expand_120,54.32200002670288
view_283,215.81500620871597
expand_121,218.2136583816931
view_284,210.96066460402116
bmm_50,483.0160683237988
view_285,211.76002266282694
transpose_101,32.239000022411346
view_286,223.11175487663596
t_65,211.45320466190992
view_287,221.8259961010767
mm_65,250.7430939907875
_unsafe_view_65,329.13956732953136
clone_49,72.80000001192093
add_117,49.2950000166893
_to_copy_172,205.59040205100044
pow_51,197.91246080922065
mean_33,209.40930839729126
add_118,60.32099997997284
rsqrt_33,822.9530000090599
mul_218,223.16015036063095
_to_copy_173,205.59040205100044
mul_219,218.87500860824002
t_66,210.9030534339169
view_288,221.8259961010767
mm_66,312.2341618486884
_unsafe_view_66,323.36652746235933
split_16,560.8217102902744
silu_16,209.03048939365104
mul_220,57.82699999213219
t_67,210.21900937426014
view_289,223.32081219585743
mm_67,275.9784880071566
_unsafe_view_67,329.13956732953136
clone_50,72.80000001192093
add_119,49.2950000166893
_to_copy_174,205.59040205100044
pow_52,197.91246080922065
mean_34,209.40930839729126
add_120,60.32099997997284
rsqrt_34,822.9530000090599
mul_221,223.16015036063095
_to_copy_175,205.59040205100044
mul_222,218.87500860824002
t_68,210.22336822650635
view_290,221.8259961010767
mm_68,280.3101196185633
_unsafe_view_68,328.0920051138133
slice_177,221.9431893935446
slice_178,221.9431893935446
slice_179,221.9431893935446
view_291,221.8259961010767
transpose_102,31.337333341439564
view_292,221.8259961010767
transpose_103,31.337333341439564
view_293,221.8259961010767
transpose_104,31.337333341439564
arange_18,194.53365642040205
_to_copy_176,207.4883369994592
div_34,64.06700000166893
pow_53,11.014959062924609
mul_223,55.80499999970198
reciprocal_17,76.2149999961257
mul_224,55.80499999970198
unsqueeze_91,217.94431848033054
slice_180,215.6957597494484
unsqueeze_92,215.756089557653
expand_122,230.94034447872943
slice_181,223.2043397091141
unsqueeze_93,203.3071161304381
slice_182,215.66913472306396
_to_copy_177,204.93206350976092
expand_123,230.94034447872943
view_294,213.35574360140413
expand_124,215.4969314478809
view_295,209.21617019086932
bmm_51,230.9860960165326
view_296,213.35574360140413
transpose_105,37.10600000619888
cos_17,77.79799997806549
mul_225,69.07400000095367
sin_17,63.50499999523163
mul_226,69.07400000095367
_to_copy_178,200.08409400220697
_to_copy_179,200.08409400220697
unsqueeze_94,210.68849490237378
unsqueeze_95,210.68849490237378
mul_227,222.04203449947738
slice_183,191.14555541117306
slice_184,191.14555541117306
neg_34,48.663500010967255
mul_228,222.04203449947738
add_121,46.12900000810623
mul_229,222.04203449947738
slice_185,191.14555541117306
slice_186,191.14555541117306
neg_35,48.663500010967255
mul_230,222.04203449947738
add_122,46.12900000810623
transpose_106,40.401000022888184
expand_125,233.49666870762005
view_297,222.6370465247162
expand_126,246.0666086881057
view_298,215.53026087091575
bmm_52,340.3108881956302
view_299,212.23906831711716
div_35,66.21000003814697
add_123,243.39249689978843
_to_copy_180,221.64544135552865
_softmax_17,237.57128750085832
_to_copy_181,221.64544135552865
clone_51,68.23299980163574
expand_127,54.32200002670288
view_300,215.81500620871597
expand_128,218.2136583816931
view_301,210.96066460402116
bmm_53,483.0160683237988
view_302,211.76002266282694
transpose_107,32.239000022411346
view_303,223.11175487663596
t_69,211.45320466190992
view_304,221.8259961010767
mm_69,250.7430939907875
_unsafe_view_69,329.13956732953136
clone_52,72.80000001192093
add_124,49.2950000166893
_to_copy_182,205.59040205100044
pow_54,197.91246080922065
mean_35,209.40930839729126
add_125,60.32099997997284
rsqrt_35,822.9530000090599
mul_231,223.16015036063095
_to_copy_183,205.59040205100044
mul_232,218.87500860824002
t_70,210.9030534339169
view_305,221.8259961010767
mm_70,312.2341618486884
_unsafe_view_70,323.36652746235933
split_17,560.8217102902744
silu_17,209.03048939365104
mul_233,57.82699999213219
t_71,210.21900937426014
view_306,223.32081219585743
mm_71,275.9784880071566
_unsafe_view_71,329.13956732953136
clone_53,72.80000001192093
add_126,49.2950000166893
_to_copy_184,205.59040205100044
pow_55,197.91246080922065
mean_36,209.40930839729126
add_127,60.32099997997284
rsqrt_36,822.9530000090599
mul_234,223.16015036063095
_to_copy_185,205.59040205100044
mul_235,218.87500860824002
t_72,210.22336822650635
view_307,221.8259961010767
mm_72,280.3101196185633
_unsafe_view_72,328.0920051138133
slice_187,221.9431893935446
slice_188,221.9431893935446
slice_189,221.9431893935446
view_308,221.8259961010767
transpose_108,31.337333341439564
view_309,221.8259961010767
transpose_109,31.337333341439564
view_310,221.8259961010767
transpose_110,31.337333341439564
arange_19,194.53365642040205
_to_copy_186,207.4883369994592
div_36,64.06700000166893
pow_56,11.014959062924609
mul_236,55.80499999970198
reciprocal_18,76.2149999961257
mul_237,55.80499999970198
unsqueeze_96,217.94431848033054
slice_190,215.6957597494484
unsqueeze_97,215.756089557653
expand_129,230.94034447872943
slice_191,223.2043397091141
unsqueeze_98,203.3071161304381
slice_192,215.66913472306396
_to_copy_187,204.93206350976092
expand_130,230.94034447872943
view_311,213.35574360140413
expand_131,215.4969314478809
view_312,209.21617019086932
bmm_54,230.9860960165326
view_313,213.35574360140413
transpose_111,37.10600000619888
cos_18,77.79799997806549
mul_238,69.07400000095367
sin_18,63.50499999523163
mul_239,69.07400000095367
_to_copy_188,200.08409400220697
_to_copy_189,200.08409400220697
unsqueeze_99,210.68849490237378
unsqueeze_100,210.68849490237378
mul_240,222.04203449947738
slice_193,191.14555541117306
slice_194,191.14555541117306
neg_36,48.663500010967255
mul_241,222.04203449947738
add_128,46.12900000810623
mul_242,222.04203449947738
slice_195,191.14555541117306
slice_196,191.14555541117306
neg_37,48.663500010967255
mul_243,222.04203449947738
add_129,46.12900000810623
transpose_112,40.401000022888184
expand_132,233.49666870762005
view_314,222.6370465247162
expand_133,246.0666086881057
view_315,215.53026087091575
bmm_55,340.3108881956302
view_316,212.23906831711716
div_37,66.21000003814697
add_130,243.39249689978843
_to_copy_190,221.64544135552865
_softmax_18,237.57128750085832
_to_copy_191,221.64544135552865
clone_54,68.23299980163574
expand_134,54.32200002670288
view_317,215.81500620871597
expand_135,218.2136583816931
view_318,210.96066460402116
bmm_56,483.0160683237988
view_319,211.76002266282694
transpose_113,32.239000022411346
view_320,223.11175487663596
t_73,211.45320466190992
view_321,221.8259961010767
mm_73,250.7430939907875
_unsafe_view_73,329.13956732953136
clone_55,72.80000001192093
add_131,49.2950000166893
_to_copy_192,205.59040205100044
pow_57,197.91246080922065
mean_37,209.40930839729126
add_132,60.32099997997284
rsqrt_37,822.9530000090599
mul_244,223.16015036063095
_to_copy_193,205.59040205100044
mul_245,218.87500860824002
t_74,210.9030534339169
view_322,221.8259961010767
mm_74,312.2341618486884
_unsafe_view_74,323.36652746235933
split_18,560.8217102902744
silu_18,209.03048939365104
mul_246,57.82699999213219
t_75,210.21900937426014
view_323,223.32081219585743
mm_75,275.9784880071566
_unsafe_view_75,329.13956732953136
clone_56,72.80000001192093
add_133,49.2950000166893
_to_copy_194,205.59040205100044
pow_58,197.91246080922065
mean_38,209.40930839729126
add_134,60.32099997997284
rsqrt_38,822.9530000090599
mul_247,223.16015036063095
_to_copy_195,205.59040205100044
mul_248,218.87500860824002
t_76,210.22336822650635
view_324,221.8259961010767
mm_76,280.3101196185633
_unsafe_view_76,328.0920051138133
slice_197,221.9431893935446
slice_198,221.9431893935446
slice_199,221.9431893935446
view_325,221.8259961010767
transpose_114,31.337333341439564
view_326,221.8259961010767
transpose_115,31.337333341439564
view_327,221.8259961010767
transpose_116,31.337333341439564
arange_20,194.53365642040205
_to_copy_196,207.4883369994592
div_38,64.06700000166893
pow_59,11.014959062924609
mul_249,55.80499999970198
reciprocal_19,76.2149999961257
mul_250,55.80499999970198
unsqueeze_101,217.94431848033054
slice_200,215.6957597494484
unsqueeze_102,215.756089557653
expand_136,230.94034447872943
slice_201,223.2043397091141
unsqueeze_103,203.3071161304381
slice_202,215.66913472306396
_to_copy_197,204.93206350976092
expand_137,230.94034447872943
view_328,213.35574360140413
expand_138,215.4969314478809
view_329,209.21617019086932
bmm_57,230.9860960165326
view_330,213.35574360140413
transpose_117,37.10600000619888
cos_19,77.79799997806549
mul_251,69.07400000095367
sin_19,63.50499999523163
mul_252,69.07400000095367
_to_copy_198,200.08409400220697
_to_copy_199,200.08409400220697
unsqueeze_104,210.68849490237378
unsqueeze_105,210.68849490237378
mul_253,222.04203449947738
slice_203,191.14555541117306
slice_204,191.14555541117306
neg_38,48.663500010967255
mul_254,222.04203449947738
add_135,46.12900000810623
mul_255,222.04203449947738
slice_205,191.14555541117306
slice_206,191.14555541117306
neg_39,48.663500010967255
mul_256,222.04203449947738
add_136,46.12900000810623
transpose_118,40.401000022888184
expand_139,233.49666870762005
view_331,222.6370465247162
expand_140,246.0666086881057
view_332,215.53026087091575
bmm_58,340.3108881956302
view_333,212.23906831711716
div_39,66.21000003814697
add_137,243.39249689978843
_to_copy_200,221.64544135552865
_softmax_19,237.57128750085832
_to_copy_201,221.64544135552865
clone_57,68.23299980163574
expand_141,54.32200002670288
view_334,215.81500620871597
expand_142,218.2136583816931
view_335,210.96066460402116
bmm_59,483.0160683237988
view_336,211.76002266282694
transpose_119,32.239000022411346
view_337,223.11175487663596
t_77,211.45320466190992
view_338,221.8259961010767
mm_77,250.7430939907875
_unsafe_view_77,329.13956732953136
clone_58,72.80000001192093
add_138,49.2950000166893
_to_copy_202,205.59040205100044
pow_60,197.91246080922065
mean_39,209.40930839729126
add_139,60.32099997997284
rsqrt_39,822.9530000090599
mul_257,223.16015036063095
_to_copy_203,205.59040205100044
mul_258,218.87500860824002
t_78,210.9030534339169
view_339,221.8259961010767
mm_78,312.2341618486884
_unsafe_view_78,323.36652746235933
split_19,560.8217102902744
silu_19,209.03048939365104
mul_259,57.82699999213219
t_79,210.21900937426014
view_340,223.32081219585743
mm_79,275.9784880071566
_unsafe_view_79,329.13956732953136
clone_59,72.80000001192093
add_140,49.2950000166893
_to_copy_204,205.59040205100044
pow_61,197.91246080922065
mean_40,209.40930839729126
add_141,60.32099997997284
rsqrt_40,822.9530000090599
mul_260,223.16015036063095
_to_copy_205,205.59040205100044
mul_261,218.87500860824002
t_80,210.22336822650635
view_341,221.8259961010767
mm_80,280.3101196185633
_unsafe_view_80,328.0920051138133
slice_207,221.9431893935446
slice_208,221.9431893935446
slice_209,221.9431893935446
view_342,221.8259961010767
transpose_120,31.337333341439564
view_343,221.8259961010767
transpose_121,31.337333341439564
view_344,221.8259961010767
transpose_122,31.337333341439564
arange_21,194.53365642040205
_to_copy_206,207.4883369994592
div_40,64.06700000166893
pow_62,11.014959062924609
mul_262,55.80499999970198
reciprocal_20,76.2149999961257
mul_263,55.80499999970198
unsqueeze_106,217.94431848033054
slice_210,215.6957597494484
unsqueeze_107,215.756089557653
expand_143,230.94034447872943
slice_211,223.2043397091141
unsqueeze_108,203.3071161304381
slice_212,215.66913472306396
_to_copy_207,204.93206350976092
expand_144,230.94034447872943
view_345,213.35574360140413
expand_145,215.4969314478809
view_346,209.21617019086932
bmm_60,230.9860960165326
view_347,213.35574360140413
transpose_123,37.10600000619888
cos_20,77.79799997806549
mul_264,69.07400000095367
sin_20,63.50499999523163
mul_265,69.07400000095367
_to_copy_208,200.08409400220697
_to_copy_209,200.08409400220697
unsqueeze_109,210.68849490237378
unsqueeze_110,210.68849490237378
mul_266,222.04203449947738
slice_213,191.14555541117306
slice_214,191.14555541117306
neg_40,48.663500010967255
mul_267,222.04203449947738
add_142,46.12900000810623
mul_268,222.04203449947738
slice_215,191.14555541117306
slice_216,191.14555541117306
neg_41,48.663500010967255
mul_269,222.04203449947738
add_143,46.12900000810623
transpose_124,40.401000022888184
expand_146,233.49666870762005
view_348,222.6370465247162
expand_147,246.0666086881057
view_349,215.53026087091575
bmm_61,340.3108881956302
view_350,212.23906831711716
div_41,66.21000003814697
add_144,243.39249689978843
_to_copy_210,221.64544135552865
_softmax_20,237.57128750085832
_to_copy_211,221.64544135552865
clone_60,68.23299980163574
expand_148,54.32200002670288
view_351,215.81500620871597
expand_149,218.2136583816931
view_352,210.96066460402116
bmm_62,483.0160683237988
view_353,211.76002266282694
transpose_125,32.239000022411346
view_354,223.11175487663596
t_81,211.45320466190992
view_355,221.8259961010767
mm_81,250.7430939907875
_unsafe_view_81,329.13956732953136
clone_61,72.80000001192093
add_145,49.2950000166893
_to_copy_212,205.59040205100044
pow_63,197.91246080922065
mean_41,209.40930839729126
add_146,60.32099997997284
rsqrt_41,822.9530000090599
mul_270,223.16015036063095
_to_copy_213,205.59040205100044
mul_271,218.87500860824002
t_82,210.9030534339169
view_356,221.8259961010767
mm_82,312.2341618486884
_unsafe_view_82,323.36652746235933
split_20,560.8217102902744
silu_20,209.03048939365104
mul_272,57.82699999213219
t_83,210.21900937426014
view_357,223.32081219585743
mm_83,275.9784880071566
_unsafe_view_83,329.13956732953136
clone_62,72.80000001192093
add_147,49.2950000166893
_to_copy_214,205.59040205100044
pow_64,197.91246080922065
mean_42,209.40930839729126
add_148,60.32099997997284
rsqrt_42,822.9530000090599
mul_273,223.16015036063095
_to_copy_215,205.59040205100044
mul_274,218.87500860824002
t_84,210.22336822650635
view_358,221.8259961010767
mm_84,280.3101196185633
_unsafe_view_84,328.0920051138133
slice_217,221.9431893935446
slice_218,221.9431893935446
slice_219,221.9431893935446
view_359,221.8259961010767
transpose_126,31.337333341439564
view_360,221.8259961010767
transpose_127,31.337333341439564
view_361,221.8259961010767
transpose_128,31.337333341439564
arange_22,194.53365642040205
_to_copy_216,207.4883369994592
div_42,64.06700000166893
pow_65,11.014959062924609
mul_275,55.80499999970198
reciprocal_21,76.2149999961257
mul_276,55.80499999970198
unsqueeze_111,217.94431848033054
slice_220,215.6957597494484
unsqueeze_112,215.756089557653
expand_150,230.94034447872943
slice_221,223.2043397091141
unsqueeze_113,203.3071161304381
slice_222,215.66913472306396
_to_copy_217,204.93206350976092
expand_151,230.94034447872943
view_362,213.35574360140413
expand_152,215.4969314478809
view_363,209.21617019086932
bmm_63,230.9860960165326
view_364,213.35574360140413
transpose_129,37.10600000619888
cos_21,77.79799997806549
mul_277,69.07400000095367
sin_21,63.50499999523163
mul_278,69.07400000095367
_to_copy_218,200.08409400220697
_to_copy_219,200.08409400220697
unsqueeze_114,210.68849490237378
unsqueeze_115,210.68849490237378
mul_279,222.04203449947738
slice_223,191.14555541117306
slice_224,191.14555541117306
neg_42,48.663500010967255
mul_280,222.04203449947738
add_149,46.12900000810623
mul_281,222.04203449947738
slice_225,191.14555541117306
slice_226,191.14555541117306
neg_43,48.663500010967255
mul_282,222.04203449947738
add_150,46.12900000810623
transpose_130,40.401000022888184
expand_153,233.49666870762005
view_365,222.6370465247162
expand_154,246.0666086881057
view_366,215.53026087091575
bmm_64,340.3108881956302
view_367,212.23906831711716
div_43,66.21000003814697
add_151,243.39249689978843
_to_copy_220,221.64544135552865
_softmax_21,237.57128750085832
_to_copy_221,221.64544135552865
clone_63,68.23299980163574
expand_155,54.32200002670288
view_368,215.81500620871597
expand_156,218.2136583816931
view_369,210.96066460402116
bmm_65,483.0160683237988
view_370,211.76002266282694
transpose_131,32.239000022411346
view_371,223.11175487663596
t_85,211.45320466190992
view_372,221.8259961010767
mm_85,250.7430939907875
_unsafe_view_85,329.13956732953136
clone_64,72.80000001192093
add_152,49.2950000166893
_to_copy_222,205.59040205100044
pow_66,197.91246080922065
mean_43,209.40930839729126
add_153,60.32099997997284
rsqrt_43,822.9530000090599
mul_283,223.16015036063095
_to_copy_223,205.59040205100044
mul_284,218.87500860824002
t_86,210.9030534339169
view_373,221.8259961010767
mm_86,312.2341618486884
_unsafe_view_86,323.36652746235933
split_21,560.8217102902744
silu_21,209.03048939365104
mul_285,57.82699999213219
t_87,210.21900937426014
view_374,223.32081219585743
mm_87,275.9784880071566
_unsafe_view_87,329.13956732953136
clone_65,72.80000001192093
add_154,49.2950000166893
_to_copy_224,205.59040205100044
pow_67,197.91246080922065
mean_44,209.40930839729126
add_155,60.32099997997284
rsqrt_44,822.9530000090599
mul_286,223.16015036063095
_to_copy_225,205.59040205100044
mul_287,218.87500860824002
t_88,210.22336822650635
view_375,221.8259961010767
mm_88,280.3101196185633
_unsafe_view_88,328.0920051138133
slice_227,221.9431893935446
slice_228,221.9431893935446
slice_229,221.9431893935446
view_376,221.8259961010767
transpose_132,31.337333341439564
view_377,221.8259961010767
transpose_133,31.337333341439564
view_378,221.8259961010767
transpose_134,31.337333341439564
arange_23,194.53365642040205
_to_copy_226,207.4883369994592
div_44,64.06700000166893
pow_68,11.014959062924609
mul_288,55.80499999970198
reciprocal_22,76.2149999961257
mul_289,55.80499999970198
unsqueeze_116,217.94431848033054
slice_230,215.6957597494484
unsqueeze_117,215.756089557653
expand_157,230.94034447872943
slice_231,223.2043397091141
unsqueeze_118,203.3071161304381
slice_232,215.66913472306396
_to_copy_227,204.93206350976092
expand_158,230.94034447872943
view_379,213.35574360140413
expand_159,215.4969314478809
view_380,209.21617019086932
bmm_66,230.9860960165326
view_381,213.35574360140413
transpose_135,37.10600000619888
cos_22,77.79799997806549
mul_290,69.07400000095367
sin_22,63.50499999523163
mul_291,69.07400000095367
_to_copy_228,200.08409400220697
_to_copy_229,200.08409400220697
unsqueeze_119,210.68849490237378
unsqueeze_120,210.68849490237378
mul_292,222.04203449947738
slice_233,191.14555541117306
slice_234,191.14555541117306
neg_44,48.663500010967255
mul_293,222.04203449947738
add_156,46.12900000810623
mul_294,222.04203449947738
slice_235,191.14555541117306
slice_236,191.14555541117306
neg_45,48.663500010967255
mul_295,222.04203449947738
add_157,46.12900000810623
transpose_136,40.401000022888184
expand_160,233.49666870762005
view_382,222.6370465247162
expand_161,246.0666086881057
view_383,215.53026087091575
bmm_67,340.3108881956302
view_384,212.23906831711716
div_45,66.21000003814697
add_158,243.39249689978843
_to_copy_230,221.64544135552865
_softmax_22,237.57128750085832
_to_copy_231,221.64544135552865
clone_66,68.23299980163574
expand_162,54.32200002670288
view_385,215.81500620871597
expand_163,218.2136583816931
view_386,210.96066460402116
bmm_68,483.0160683237988
view_387,211.76002266282694
transpose_137,32.239000022411346
view_388,223.11175487663596
t_89,211.45320466190992
view_389,221.8259961010767
mm_89,250.7430939907875
_unsafe_view_89,329.13956732953136
clone_67,72.80000001192093
add_159,49.2950000166893
_to_copy_232,205.59040205100044
pow_69,197.91246080922065
mean_45,209.40930839729126
add_160,60.32099997997284
rsqrt_45,822.9530000090599
mul_296,223.16015036063095
_to_copy_233,205.59040205100044
mul_297,218.87500860824002
t_90,210.9030534339169
view_390,221.8259961010767
mm_90,312.2341618486884
_unsafe_view_90,323.36652746235933
split_22,560.8217102902744
silu_22,209.03048939365104
mul_298,57.82699999213219
t_91,210.21900937426014
view_391,223.32081219585743
mm_91,275.9784880071566
_unsafe_view_91,329.13956732953136
clone_68,72.80000001192093
add_161,49.2950000166893
_to_copy_234,205.59040205100044
pow_70,197.91246080922065
mean_46,209.40930839729126
add_162,60.32099997997284
rsqrt_46,822.9530000090599
mul_299,223.16015036063095
_to_copy_235,205.59040205100044
mul_300,218.87500860824002
t_92,210.22336822650635
view_392,221.8259961010767
mm_92,280.3101196185633
_unsafe_view_92,328.0920051138133
slice_237,221.9431893935446
slice_238,221.9431893935446
slice_239,221.9431893935446
view_393,221.8259961010767
transpose_138,31.337333341439564
view_394,221.8259961010767
transpose_139,31.337333341439564
view_395,221.8259961010767
transpose_140,31.337333341439564
arange_24,194.53365642040205
_to_copy_236,207.4883369994592
div_46,64.06700000166893
pow_71,11.014959062924609
mul_301,55.80499999970198
reciprocal_23,76.2149999961257
mul_302,55.80499999970198
unsqueeze_121,217.94431848033054
slice_240,215.6957597494484
unsqueeze_122,215.756089557653
expand_164,230.94034447872943
slice_241,223.2043397091141
unsqueeze_123,203.3071161304381
slice_242,215.66913472306396
_to_copy_237,204.93206350976092
expand_165,230.94034447872943
view_396,213.35574360140413
expand_166,215.4969314478809
view_397,209.21617019086932
bmm_69,230.9860960165326
view_398,213.35574360140413
transpose_141,37.10600000619888
cos_23,77.79799997806549
mul_303,69.07400000095367
sin_23,63.50499999523163
mul_304,69.07400000095367
_to_copy_238,200.08409400220697
_to_copy_239,200.08409400220697
unsqueeze_124,210.68849490237378
unsqueeze_125,210.68849490237378
mul_305,222.04203449947738
slice_243,191.14555541117306
slice_244,191.14555541117306
neg_46,48.663500010967255
mul_306,222.04203449947738
add_163,46.12900000810623
mul_307,222.04203449947738
slice_245,191.14555541117306
slice_246,191.14555541117306
neg_47,48.663500010967255
mul_308,222.04203449947738
add_164,46.12900000810623
transpose_142,40.401000022888184
expand_167,233.49666870762005
view_399,222.6370465247162
expand_168,246.0666086881057
view_400,215.53026087091575
bmm_70,340.3108881956302
view_401,212.23906831711716
div_47,66.21000003814697
add_165,243.39249689978843
_to_copy_240,221.64544135552865
_softmax_23,237.57128750085832
_to_copy_241,221.64544135552865
clone_69,68.23299980163574
expand_169,54.32200002670288
view_402,215.81500620871597
expand_170,218.2136583816931
view_403,210.96066460402116
bmm_71,483.0160683237988
view_404,211.76002266282694
transpose_143,32.239000022411346
view_405,223.11175487663596
t_93,211.45320466190992
view_406,221.8259961010767
mm_93,250.7430939907875
_unsafe_view_93,329.13956732953136
clone_70,72.80000001192093
add_166,49.2950000166893
_to_copy_242,205.59040205100044
pow_72,197.91246080922065
mean_47,209.40930839729126
add_167,60.32099997997284
rsqrt_47,822.9530000090599
mul_309,223.16015036063095
_to_copy_243,205.59040205100044
mul_310,218.87500860824002
t_94,210.9030534339169
view_407,221.8259961010767
mm_94,312.2341618486884
_unsafe_view_94,323.36652746235933
split_23,560.8217102902744
silu_23,209.03048939365104
mul_311,57.82699999213219
t_95,210.21900937426014
view_408,223.32081219585743
mm_95,275.9784880071566
_unsafe_view_95,329.13956732953136
clone_71,72.80000001192093
add_168,49.2950000166893
_to_copy_244,205.59040205100044
pow_73,197.91246080922065
mean_48,209.40930839729126
add_169,60.32099997997284
rsqrt_48,822.9530000090599
mul_312,223.16015036063095
_to_copy_245,205.59040205100044
mul_313,218.87500860824002
t_96,210.22336822650635
view_409,221.8259961010767
mm_96,280.3101196185633
_unsafe_view_96,328.0920051138133
slice_247,221.9431893935446
slice_248,221.9431893935446
slice_249,221.9431893935446
view_410,221.8259961010767
transpose_144,31.337333341439564
view_411,221.8259961010767
transpose_145,31.337333341439564
view_412,221.8259961010767
transpose_146,31.337333341439564
arange_25,194.53365642040205
_to_copy_246,207.4883369994592
div_48,64.06700000166893
pow_74,11.014959062924609
mul_314,55.80499999970198
reciprocal_24,76.2149999961257
mul_315,55.80499999970198
unsqueeze_126,217.94431848033054
slice_250,215.6957597494484
unsqueeze_127,215.756089557653
expand_171,230.94034447872943
slice_251,223.2043397091141
unsqueeze_128,203.3071161304381
slice_252,215.66913472306396
_to_copy_247,204.93206350976092
expand_172,230.94034447872943
view_413,213.35574360140413
expand_173,215.4969314478809
view_414,209.21617019086932
bmm_72,230.9860960165326
view_415,213.35574360140413
transpose_147,37.10600000619888
cos_24,77.79799997806549
mul_316,69.07400000095367
sin_24,63.50499999523163
mul_317,69.07400000095367
_to_copy_248,200.08409400220697
_to_copy_249,200.08409400220697
unsqueeze_129,210.68849490237378
unsqueeze_130,210.68849490237378
mul_318,222.04203449947738
slice_253,191.14555541117306
slice_254,191.14555541117306
neg_48,48.663500010967255
mul_319,222.04203449947738
add_170,46.12900000810623
mul_320,222.04203449947738
slice_255,191.14555541117306
slice_256,191.14555541117306
neg_49,48.663500010967255
mul_321,222.04203449947738
add_171,46.12900000810623
transpose_148,40.401000022888184
expand_174,233.49666870762005
view_416,222.6370465247162
expand_175,246.0666086881057
view_417,215.53026087091575
bmm_73,340.3108881956302
view_418,212.23906831711716
div_49,66.21000003814697
add_172,243.39249689978843
_to_copy_250,221.64544135552865
_softmax_24,237.57128750085832
_to_copy_251,221.64544135552865
clone_72,68.23299980163574
expand_176,54.32200002670288
view_419,215.81500620871597
expand_177,218.2136583816931
view_420,210.96066460402116
bmm_74,483.0160683237988
view_421,211.76002266282694
transpose_149,32.239000022411346
view_422,223.11175487663596
t_97,211.45320466190992
view_423,221.8259961010767
mm_97,250.7430939907875
_unsafe_view_97,329.13956732953136
clone_73,72.80000001192093
add_173,49.2950000166893
_to_copy_252,205.59040205100044
pow_75,197.91246080922065
mean_49,209.40930839729126
add_174,60.32099997997284
rsqrt_49,822.9530000090599
mul_322,223.16015036063095
_to_copy_253,205.59040205100044
mul_323,218.87500860824002
t_98,210.9030534339169
view_424,221.8259961010767
mm_98,312.2341618486884
_unsafe_view_98,323.36652746235933
split_24,560.8217102902744
silu_24,209.03048939365104
mul_324,57.82699999213219
t_99,210.21900937426014
view_425,223.32081219585743
mm_99,275.9784880071566
_unsafe_view_99,329.13956732953136
clone_74,72.80000001192093
add_175,49.2950000166893
_to_copy_254,205.59040205100044
pow_76,197.91246080922065
mean_50,209.40930839729126
add_176,60.32099997997284
rsqrt_50,822.9530000090599
mul_325,223.16015036063095
_to_copy_255,205.59040205100044
mul_326,218.87500860824002
t_100,210.22336822650635
view_426,221.8259961010767
mm_100,280.3101196185633
_unsafe_view_100,328.0920051138133
slice_257,221.9431893935446
slice_258,221.9431893935446
slice_259,221.9431893935446
view_427,221.8259961010767
transpose_150,31.337333341439564
view_428,221.8259961010767
transpose_151,31.337333341439564
view_429,221.8259961010767
transpose_152,31.337333341439564
arange_26,194.53365642040205
_to_copy_256,207.4883369994592
div_50,64.06700000166893
pow_77,11.014959062924609
mul_327,55.80499999970198
reciprocal_25,76.2149999961257
mul_328,55.80499999970198
unsqueeze_131,217.94431848033054
slice_260,215.6957597494484
unsqueeze_132,215.756089557653
expand_178,230.94034447872943
slice_261,223.2043397091141
unsqueeze_133,203.3071161304381
slice_262,215.66913472306396
_to_copy_257,204.93206350976092
expand_179,230.94034447872943
view_430,213.35574360140413
expand_180,215.4969314478809
view_431,209.21617019086932
bmm_75,230.9860960165326
view_432,213.35574360140413
transpose_153,37.10600000619888
cos_25,77.79799997806549
mul_329,69.07400000095367
sin_25,63.50499999523163
mul_330,69.07400000095367
_to_copy_258,200.08409400220697
_to_copy_259,200.08409400220697
unsqueeze_134,210.68849490237378
unsqueeze_135,210.68849490237378
mul_331,222.04203449947738
slice_263,191.14555541117306
slice_264,191.14555541117306
neg_50,48.663500010967255
mul_332,222.04203449947738
add_177,46.12900000810623
mul_333,222.04203449947738
slice_265,191.14555541117306
slice_266,191.14555541117306
neg_51,48.663500010967255
mul_334,222.04203449947738
add_178,46.12900000810623
transpose_154,40.401000022888184
expand_181,233.49666870762005
view_433,222.6370465247162
expand_182,246.0666086881057
view_434,215.53026087091575
bmm_76,340.3108881956302
view_435,212.23906831711716
div_51,66.21000003814697
add_179,243.39249689978843
_to_copy_260,221.64544135552865
_softmax_25,237.57128750085832
_to_copy_261,221.64544135552865
clone_75,68.23299980163574
expand_183,54.32200002670288
view_436,215.81500620871597
expand_184,218.2136583816931
view_437,210.96066460402116
bmm_77,483.0160683237988
view_438,211.76002266282694
transpose_155,32.239000022411346
view_439,223.11175487663596
t_101,211.45320466190992
view_440,221.8259961010767
mm_101,250.7430939907875
_unsafe_view_101,329.13956732953136
clone_76,72.80000001192093
add_180,49.2950000166893
_to_copy_262,205.59040205100044
pow_78,197.91246080922065
mean_51,209.40930839729126
add_181,60.32099997997284
rsqrt_51,822.9530000090599
mul_335,223.16015036063095
_to_copy_263,205.59040205100044
mul_336,218.87500860824002
t_102,210.9030534339169
view_441,221.8259961010767
mm_102,312.2341618486884
_unsafe_view_102,323.36652746235933
split_25,560.8217102902744
silu_25,209.03048939365104
mul_337,57.82699999213219
t_103,210.21900937426014
view_442,223.32081219585743
mm_103,275.9784880071566
_unsafe_view_103,329.13956732953136
clone_77,72.80000001192093
add_182,49.2950000166893
_to_copy_264,205.59040205100044
pow_79,197.91246080922065
mean_52,209.40930839729126
add_183,60.32099997997284
rsqrt_52,822.9530000090599
mul_338,223.16015036063095
_to_copy_265,205.59040205100044
mul_339,218.87500860824002
t_104,210.22336822650635
view_443,221.8259961010767
mm_104,280.3101196185633
_unsafe_view_104,328.0920051138133
slice_267,221.9431893935446
slice_268,221.9431893935446
slice_269,221.9431893935446
view_444,221.8259961010767
transpose_156,31.337333341439564
view_445,221.8259961010767
transpose_157,31.337333341439564
view_446,221.8259961010767
transpose_158,31.337333341439564
arange_27,194.53365642040205
_to_copy_266,207.4883369994592
div_52,64.06700000166893
pow_80,11.014959062924609
mul_340,55.80499999970198
reciprocal_26,76.2149999961257
mul_341,55.80499999970198
unsqueeze_136,217.94431848033054
slice_270,215.6957597494484
unsqueeze_137,215.756089557653
expand_185,230.94034447872943
slice_271,223.2043397091141
unsqueeze_138,203.3071161304381
slice_272,215.66913472306396
_to_copy_267,204.93206350976092
expand_186,230.94034447872943
view_447,213.35574360140413
expand_187,215.4969314478809
view_448,209.21617019086932
bmm_78,230.9860960165326
view_449,213.35574360140413
transpose_159,37.10600000619888
cos_26,77.79799997806549
mul_342,69.07400000095367
sin_26,63.50499999523163
mul_343,69.07400000095367
_to_copy_268,200.08409400220697
_to_copy_269,200.08409400220697
unsqueeze_139,210.68849490237378
unsqueeze_140,210.68849490237378
mul_344,222.04203449947738
slice_273,191.14555541117306
slice_274,191.14555541117306
neg_52,48.663500010967255
mul_345,222.04203449947738
add_184,46.12900000810623
mul_346,222.04203449947738
slice_275,191.14555541117306
slice_276,191.14555541117306
neg_53,48.663500010967255
mul_347,222.04203449947738
add_185,46.12900000810623
transpose_160,40.401000022888184
expand_188,233.49666870762005
view_450,222.6370465247162
expand_189,246.0666086881057
view_451,215.53026087091575
bmm_79,340.3108881956302
view_452,212.23906831711716
div_53,66.21000003814697
add_186,243.39249689978843
_to_copy_270,221.64544135552865
_softmax_26,237.57128750085832
_to_copy_271,221.64544135552865
clone_78,68.23299980163574
expand_190,54.32200002670288
view_453,215.81500620871597
expand_191,218.2136583816931
view_454,210.96066460402116
bmm_80,483.0160683237988
view_455,211.76002266282694
transpose_161,32.239000022411346
view_456,223.11175487663596
t_105,211.45320466190992
view_457,221.8259961010767
mm_105,250.7430939907875
_unsafe_view_105,329.13956732953136
clone_79,72.80000001192093
add_187,49.2950000166893
_to_copy_272,205.59040205100044
pow_81,197.91246080922065
mean_53,209.40930839729126
add_188,60.32099997997284
rsqrt_53,822.9530000090599
mul_348,223.16015036063095
_to_copy_273,205.59040205100044
mul_349,218.87500860824002
t_106,210.9030534339169
view_458,221.8259961010767
mm_106,312.2341618486884
_unsafe_view_106,323.36652746235933
split_26,560.8217102902744
silu_26,209.03048939365104
mul_350,57.82699999213219
t_107,210.21900937426014
view_459,223.32081219585743
mm_107,275.9784880071566
_unsafe_view_107,329.13956732953136
clone_80,72.80000001192093
add_189,49.2950000166893
_to_copy_274,205.59040205100044
pow_82,197.91246080922065
mean_54,209.40930839729126
add_190,60.32099997997284
rsqrt_54,822.9530000090599
mul_351,223.16015036063095
_to_copy_275,205.59040205100044
mul_352,218.87500860824002
t_108,210.22336822650635
view_460,221.8259961010767
mm_108,280.3101196185633
_unsafe_view_108,328.0920051138133
slice_277,221.9431893935446
slice_278,221.9431893935446
slice_279,221.9431893935446
view_461,221.8259961010767
transpose_162,31.337333341439564
view_462,221.8259961010767
transpose_163,31.337333341439564
view_463,221.8259961010767
transpose_164,31.337333341439564
arange_28,194.53365642040205
_to_copy_276,207.4883369994592
div_54,64.06700000166893
pow_83,11.014959062924609
mul_353,55.80499999970198
reciprocal_27,76.2149999961257
mul_354,55.80499999970198
unsqueeze_141,217.94431848033054
slice_280,215.6957597494484
unsqueeze_142,215.756089557653
expand_192,230.94034447872943
slice_281,223.2043397091141
unsqueeze_143,203.3071161304381
slice_282,215.66913472306396
_to_copy_277,204.93206350976092
expand_193,230.94034447872943
view_464,213.35574360140413
expand_194,215.4969314478809
view_465,209.21617019086932
bmm_81,230.9860960165326
view_466,213.35574360140413
transpose_165,37.10600000619888
cos_27,77.79799997806549
mul_355,69.07400000095367
sin_27,63.50499999523163
mul_356,69.07400000095367
_to_copy_278,200.08409400220697
_to_copy_279,200.08409400220697
unsqueeze_144,210.68849490237378
unsqueeze_145,210.68849490237378
mul_357,222.04203449947738
slice_283,191.14555541117306
slice_284,191.14555541117306
neg_54,48.663500010967255
mul_358,222.04203449947738
add_191,46.12900000810623
mul_359,222.04203449947738
slice_285,191.14555541117306
slice_286,191.14555541117306
neg_55,48.663500010967255
mul_360,222.04203449947738
add_192,46.12900000810623
transpose_166,40.401000022888184
expand_195,233.49666870762005
view_467,222.6370465247162
expand_196,246.0666086881057
view_468,215.53026087091575
bmm_82,340.3108881956302
view_469,212.23906831711716
div_55,66.21000003814697
add_193,243.39249689978843
_to_copy_280,221.64544135552865
_softmax_27,237.57128750085832
_to_copy_281,221.64544135552865
clone_81,68.23299980163574
expand_197,54.32200002670288
view_470,215.81500620871597
expand_198,218.2136583816931
view_471,210.96066460402116
bmm_83,483.0160683237988
view_472,211.76002266282694
transpose_167,32.239000022411346
view_473,223.11175487663596
t_109,211.45320466190992
view_474,221.8259961010767
mm_109,250.7430939907875
_unsafe_view_109,329.13956732953136
clone_82,72.80000001192093
add_194,49.2950000166893
_to_copy_282,205.59040205100044
pow_84,197.91246080922065
mean_55,209.40930839729126
add_195,60.32099997997284
rsqrt_55,822.9530000090599
mul_361,223.16015036063095
_to_copy_283,205.59040205100044
mul_362,218.87500860824002
t_110,210.9030534339169
view_475,221.8259961010767
mm_110,312.2341618486884
_unsafe_view_110,323.36652746235933
split_27,560.8217102902744
silu_27,209.03048939365104
mul_363,57.82699999213219
t_111,210.21900937426014
view_476,223.32081219585743
mm_111,275.9784880071566
_unsafe_view_111,329.13956732953136
clone_83,72.80000001192093
add_196,49.2950000166893
_to_copy_284,205.59040205100044
pow_85,197.91246080922065
mean_56,209.40930839729126
add_197,60.32099997997284
rsqrt_56,822.9530000090599
mul_364,223.16015036063095
_to_copy_285,205.59040205100044
mul_365,218.87500860824002
t_112,210.22336822650635
view_477,221.8259961010767
mm_112,280.3101196185633
_unsafe_view_112,328.0920051138133
slice_287,221.9431893935446
slice_288,221.9431893935446
slice_289,221.9431893935446
view_478,221.8259961010767
transpose_168,31.337333341439564
view_479,221.8259961010767
transpose_169,31.337333341439564
view_480,221.8259961010767
transpose_170,31.337333341439564
arange_29,194.53365642040205
_to_copy_286,207.4883369994592
div_56,64.06700000166893
pow_86,11.014959062924609
mul_366,55.80499999970198
reciprocal_28,76.2149999961257
mul_367,55.80499999970198
unsqueeze_146,217.94431848033054
slice_290,215.6957597494484
unsqueeze_147,215.756089557653
expand_199,230.94034447872943
slice_291,223.2043397091141
unsqueeze_148,203.3071161304381
slice_292,215.66913472306396
_to_copy_287,204.93206350976092
expand_200,230.94034447872943
view_481,213.35574360140413
expand_201,215.4969314478809
view_482,209.21617019086932
bmm_84,230.9860960165326
view_483,213.35574360140413
transpose_171,37.10600000619888
cos_28,77.79799997806549
mul_368,69.07400000095367
sin_28,63.50499999523163
mul_369,69.07400000095367
_to_copy_288,200.08409400220697
_to_copy_289,200.08409400220697
unsqueeze_149,210.68849490237378
unsqueeze_150,210.68849490237378
mul_370,222.04203449947738
slice_293,191.14555541117306
slice_294,191.14555541117306
neg_56,48.663500010967255
mul_371,222.04203449947738
add_198,46.12900000810623
mul_372,222.04203449947738
slice_295,191.14555541117306
slice_296,191.14555541117306
neg_57,48.663500010967255
mul_373,222.04203449947738
add_199,46.12900000810623
transpose_172,40.401000022888184
expand_202,233.49666870762005
view_484,222.6370465247162
expand_203,246.0666086881057
view_485,215.53026087091575
bmm_85,340.3108881956302
view_486,212.23906831711716
div_57,66.21000003814697
add_200,243.39249689978843
_to_copy_290,221.64544135552865
_softmax_28,237.57128750085832
_to_copy_291,221.64544135552865
clone_84,68.23299980163574
expand_204,54.32200002670288
view_487,215.81500620871597
expand_205,218.2136583816931
view_488,210.96066460402116
bmm_86,483.0160683237988
view_489,211.76002266282694
transpose_173,32.239000022411346
view_490,223.11175487663596
t_113,211.45320466190992
view_491,221.8259961010767
mm_113,250.7430939907875
_unsafe_view_113,329.13956732953136
clone_85,72.80000001192093
add_201,49.2950000166893
_to_copy_292,205.59040205100044
pow_87,197.91246080922065
mean_57,209.40930839729126
add_202,60.32099997997284
rsqrt_57,822.9530000090599
mul_374,223.16015036063095
_to_copy_293,205.59040205100044
mul_375,218.87500860824002
t_114,210.9030534339169
view_492,221.8259961010767
mm_114,312.2341618486884
_unsafe_view_114,323.36652746235933
split_28,560.8217102902744
silu_28,209.03048939365104
mul_376,57.82699999213219
t_115,210.21900937426014
view_493,223.32081219585743
mm_115,275.9784880071566
_unsafe_view_115,329.13956732953136
clone_86,72.80000001192093
add_203,49.2950000166893
_to_copy_294,205.59040205100044
pow_88,197.91246080922065
mean_58,209.40930839729126
add_204,60.32099997997284
rsqrt_58,822.9530000090599
mul_377,223.16015036063095
_to_copy_295,205.59040205100044
mul_378,218.87500860824002
t_116,210.22336822650635
view_494,221.8259961010767
mm_116,280.3101196185633
_unsafe_view_116,328.0920051138133
slice_297,221.9431893935446
slice_298,221.9431893935446
slice_299,221.9431893935446
view_495,221.8259961010767
transpose_174,31.337333341439564
view_496,221.8259961010767
transpose_175,31.337333341439564
view_497,221.8259961010767
transpose_176,31.337333341439564
arange_30,194.53365642040205
_to_copy_296,207.4883369994592
div_58,64.06700000166893
pow_89,11.014959062924609
mul_379,55.80499999970198
reciprocal_29,76.2149999961257
mul_380,55.80499999970198
unsqueeze_151,217.94431848033054
slice_300,215.6957597494484
unsqueeze_152,215.756089557653
expand_206,230.94034447872943
slice_301,223.2043397091141
unsqueeze_153,203.3071161304381
slice_302,215.66913472306396
_to_copy_297,204.93206350976092
expand_207,230.94034447872943
view_498,213.35574360140413
expand_208,215.4969314478809
view_499,209.21617019086932
bmm_87,230.9860960165326
view_500,213.35574360140413
transpose_177,37.10600000619888
cos_29,77.79799997806549
mul_381,69.07400000095367
sin_29,63.50499999523163
mul_382,69.07400000095367
_to_copy_298,200.08409400220697
_to_copy_299,200.08409400220697
unsqueeze_154,210.68849490237378
unsqueeze_155,210.68849490237378
mul_383,222.04203449947738
slice_303,191.14555541117306
slice_304,191.14555541117306
neg_58,48.663500010967255
mul_384,222.04203449947738
add_205,46.12900000810623
mul_385,222.04203449947738
slice_305,191.14555541117306
slice_306,191.14555541117306
neg_59,48.663500010967255
mul_386,222.04203449947738
add_206,46.12900000810623
transpose_178,40.401000022888184
expand_209,233.49666870762005
view_501,222.6370465247162
expand_210,246.0666086881057
view_502,215.53026087091575
bmm_88,340.3108881956302
view_503,212.23906831711716
div_59,66.21000003814697
add_207,243.39249689978843
_to_copy_300,221.64544135552865
_softmax_29,237.57128750085832
_to_copy_301,221.64544135552865
clone_87,68.23299980163574
expand_211,54.32200002670288
view_504,215.81500620871597
expand_212,218.2136583816931
view_505,210.96066460402116
bmm_89,483.0160683237988
view_506,211.76002266282694
transpose_179,32.239000022411346
view_507,223.11175487663596
t_117,211.45320466190992
view_508,221.8259961010767
mm_117,250.7430939907875
_unsafe_view_117,329.13956732953136
clone_88,72.80000001192093
add_208,49.2950000166893
_to_copy_302,205.59040205100044
pow_90,197.91246080922065
mean_59,209.40930839729126
add_209,60.32099997997284
rsqrt_59,822.9530000090599
mul_387,223.16015036063095
_to_copy_303,205.59040205100044
mul_388,218.87500860824002
t_118,210.9030534339169
view_509,221.8259961010767
mm_118,312.2341618486884
_unsafe_view_118,323.36652746235933
split_29,560.8217102902744
silu_29,209.03048939365104
mul_389,57.82699999213219
t_119,210.21900937426014
view_510,223.32081219585743
mm_119,275.9784880071566
_unsafe_view_119,329.13956732953136
clone_89,72.80000001192093
add_210,49.2950000166893
_to_copy_304,205.59040205100044
pow_91,197.91246080922065
mean_60,209.40930839729126
add_211,60.32099997997284
rsqrt_60,822.9530000090599
mul_390,223.16015036063095
_to_copy_305,205.59040205100044
mul_391,218.87500860824002
t_120,210.22336822650635
view_511,221.8259961010767
mm_120,280.3101196185633
_unsafe_view_120,328.0920051138133
slice_307,221.9431893935446
slice_308,221.9431893935446
slice_309,221.9431893935446
view_512,221.8259961010767
transpose_180,31.337333341439564
view_513,221.8259961010767
transpose_181,31.337333341439564
view_514,221.8259961010767
transpose_182,31.337333341439564
arange_31,194.53365642040205
_to_copy_306,207.4883369994592
div_60,64.06700000166893
pow_92,11.014959062924609
mul_392,55.80499999970198
reciprocal_30,76.2149999961257
mul_393,55.80499999970198
unsqueeze_156,217.94431848033054
slice_310,215.6957597494484
unsqueeze_157,215.756089557653
expand_213,230.94034447872943
slice_311,223.2043397091141
unsqueeze_158,203.3071161304381
slice_312,215.66913472306396
_to_copy_307,204.93206350976092
expand_214,230.94034447872943
view_515,213.35574360140413
expand_215,215.4969314478809
view_516,209.21617019086932
bmm_90,230.9860960165326
view_517,213.35574360140413
transpose_183,37.10600000619888
cos_30,77.79799997806549
mul_394,69.07400000095367
sin_30,63.50499999523163
mul_395,69.07400000095367
_to_copy_308,200.08409400220697
_to_copy_309,200.08409400220697
unsqueeze_159,210.68849490237378
unsqueeze_160,210.68849490237378
mul_396,222.04203449947738
slice_313,191.14555541117306
slice_314,191.14555541117306
neg_60,48.663500010967255
mul_397,222.04203449947738
add_212,46.12900000810623
mul_398,222.04203449947738
slice_315,191.14555541117306
slice_316,191.14555541117306
neg_61,48.663500010967255
mul_399,222.04203449947738
add_213,46.12900000810623
transpose_184,40.401000022888184
expand_216,233.49666870762005
view_518,222.6370465247162
expand_217,246.0666086881057
view_519,215.53026087091575
bmm_91,340.3108881956302
view_520,212.23906831711716
div_61,66.21000003814697
add_214,243.39249689978843
_to_copy_310,221.64544135552865
_softmax_30,237.57128750085832
_to_copy_311,221.64544135552865
clone_90,68.23299980163574
expand_218,54.32200002670288
view_521,215.81500620871597
expand_219,218.2136583816931
view_522,210.96066460402116
bmm_92,483.0160683237988
view_523,211.76002266282694
transpose_185,32.239000022411346
view_524,223.11175487663596
t_121,211.45320466190992
view_525,221.8259961010767
mm_121,250.7430939907875
_unsafe_view_121,329.13956732953136
clone_91,72.80000001192093
add_215,49.2950000166893
_to_copy_312,205.59040205100044
pow_93,197.91246080922065
mean_61,209.40930839729126
add_216,60.32099997997284
rsqrt_61,822.9530000090599
mul_400,223.16015036063095
_to_copy_313,205.59040205100044
mul_401,218.87500860824002
t_122,210.9030534339169
view_526,221.8259961010767
mm_122,312.2341618486884
_unsafe_view_122,323.36652746235933
split_30,560.8217102902744
silu_30,209.03048939365104
mul_402,57.82699999213219
t_123,210.21900937426014
view_527,223.32081219585743
mm_123,275.9784880071566
_unsafe_view_123,329.13956732953136
clone_92,72.80000001192093
add_217,49.2950000166893
_to_copy_314,205.59040205100044
pow_94,197.91246080922065
mean_62,209.40930839729126
add_218,60.32099997997284
rsqrt_62,822.9530000090599
mul_403,223.16015036063095
_to_copy_315,205.59040205100044
mul_404,218.87500860824002
t_124,210.22336822650635
view_528,221.8259961010767
mm_124,280.3101196185633
_unsafe_view_124,328.0920051138133
slice_317,221.9431893935446
slice_318,221.9431893935446
slice_319,221.9431893935446
view_529,221.8259961010767
transpose_186,31.337333341439564
view_530,221.8259961010767
transpose_187,31.337333341439564
view_531,221.8259961010767
transpose_188,31.337333341439564
arange_32,194.53365642040205
_to_copy_316,207.4883369994592
div_62,64.06700000166893
pow_95,11.014959062924609
mul_405,55.80499999970198
reciprocal_31,76.2149999961257
mul_406,55.80499999970198
unsqueeze_161,217.94431848033054
slice_320,215.6957597494484
unsqueeze_162,215.756089557653
expand_220,230.94034447872943
slice_321,223.2043397091141
unsqueeze_163,203.3071161304381
slice_322,215.66913472306396
_to_copy_317,204.93206350976092
expand_221,230.94034447872943
view_532,213.35574360140413
expand_222,215.4969314478809
view_533,209.21617019086932
bmm_93,230.9860960165326
view_534,213.35574360140413
transpose_189,37.10600000619888
cos_31,77.79799997806549
mul_407,69.07400000095367
sin_31,63.50499999523163
mul_408,69.07400000095367
_to_copy_318,200.08409400220697
_to_copy_319,200.08409400220697
unsqueeze_164,210.68849490237378
unsqueeze_165,210.68849490237378
mul_409,222.04203449947738
slice_323,191.14555541117306
slice_324,191.14555541117306
neg_62,48.663500010967255
mul_410,222.04203449947738
add_219,46.12900000810623
mul_411,222.04203449947738
slice_325,191.14555541117306
slice_326,191.14555541117306
neg_63,48.663500010967255
mul_412,222.04203449947738
add_220,46.12900000810623
transpose_190,40.401000022888184
expand_223,233.49666870762005
view_535,222.6370465247162
expand_224,246.0666086881057
view_536,215.53026087091575
bmm_94,340.3108881956302
view_537,212.23906831711716
div_63,66.21000003814697
add_221,243.39249689978843
_to_copy_320,221.64544135552865
_softmax_31,237.57128750085832
_to_copy_321,221.64544135552865
clone_93,68.23299980163574
expand_225,54.32200002670288
view_538,215.81500620871597
expand_226,218.2136583816931
view_539,210.96066460402116
bmm_95,483.0160683237988
view_540,211.76002266282694
transpose_191,32.239000022411346
view_541,223.11175487663596
t_125,211.45320466190992
view_542,221.8259961010767
mm_125,250.7430939907875
_unsafe_view_125,329.13956732953136
clone_94,72.80000001192093
add_222,49.2950000166893
_to_copy_322,205.59040205100044
pow_96,197.91246080922065
mean_63,209.40930839729126
add_223,60.32099997997284
rsqrt_63,822.9530000090599
mul_413,223.16015036063095
_to_copy_323,205.59040205100044
mul_414,218.87500860824002
t_126,210.9030534339169
view_543,221.8259961010767
mm_126,312.2341618486884
_unsafe_view_126,323.36652746235933
split_31,560.8217102902744
silu_31,209.03048939365104
mul_415,57.82699999213219
t_127,210.21900937426014
view_544,223.32081219585743
mm_127,275.9784880071566
_unsafe_view_127,329.13956732953136
clone_95,72.80000001192093
add_224,49.2950000166893
_to_copy_324,205.59040205100044
pow_97,197.91246080922065
mean_64,209.40930839729126
add_225,60.32099997997284
rsqrt_64,822.9530000090599
mul_416,223.16015036063095
_to_copy_325,205.59040205100044
mul_417,218.87500860824002
