Node,Shape,Dtype,Memory (Bytes)
view,"torch.Size([4, 3, 560, 560])",torch.float32,15052800
view_1,"torch.Size([1, 1])",torch.int64,8
_to_copy,"torch.Size([4, 3, 560, 560])",torch.bfloat16,7526400
convolution,"torch.Size([4, 1280, 40, 40])",torch.bfloat16,16384000
view_2,"torch.Size([4, 1280, 1600])",torch.bfloat16,16384000
transpose,"torch.Size([4, 1600, 1280])",torch.bfloat16,16384000
view_3,"torch.Size([1, 4, 1600, 1280])",torch.bfloat16,16384000
embedding,"torch.Size([1, 1, 5120])",torch.bfloat16,10240
view_4,"torch.Size([1, 4, 1, 1280])",torch.bfloat16,10240
tanh,torch.Size([1]),torch.bfloat16,2
mul,"torch.Size([1, 4, 1, 1280])",torch.bfloat16,10240
add,"torch.Size([1, 4, 1600, 1280])",torch.bfloat16,16384000
view_5,"torch.Size([4, 1600, 1280])",torch.bfloat16,16384000
expand,"torch.Size([4, 1, 1280])",torch.bfloat16,10240
cat,"torch.Size([4, 1601, 1280])",torch.bfloat16,16394240
view_6,"torch.Size([1, 4, 1601, 1280])",torch.bfloat16,16394240
tanh_1,torch.Size([1]),torch.bfloat16,2
rsub,torch.Size([1]),torch.bfloat16,2
mul_1,"torch.Size([1601, 1280])",torch.bfloat16,4098560
view_7,"torch.Size([1, 1, 1601, 1280])",torch.bfloat16,4098560
add_1,"torch.Size([1, 4, 1601, 1280])",torch.bfloat16,16394240
embedding_1,"torch.Size([1, 1, 8197120])",torch.bfloat16,16394240
view_8,"torch.Size([1, 4, 1601, 1280])",torch.bfloat16,16394240
tanh_2,torch.Size([1]),torch.bfloat16,2
mul_2,"torch.Size([1, 4, 1601, 1280])",torch.bfloat16,16394240
add_2,"torch.Size([1, 4, 1601, 1280])",torch.bfloat16,16394240
getitem,"torch.Size([1, 4, 1601, 1280])",torch.bfloat16,16394240
constant_pad_nd,"torch.Size([1, 4, 1608, 1280])",torch.bfloat16,16465920
view_9,"torch.Size([1, 4])",torch.int64,32
view_10,"torch.Size([1, 4, 1, 1])",torch.int64,32
_to_copy_1,"torch.Size([1, 4, 1, 1])",torch.bfloat16,8
repeat,"torch.Size([1, 4, 1608, 1])",torch.bfloat16,12864
lift_fresh_copy,torch.Size([]),torch.bfloat16,2.0
slice_1,"torch.Size([1, 4, 1608, 1])",torch.bfloat16,12864
slice_2,"torch.Size([1, 4, 1608, 1])",torch.bfloat16,12864
slice_3,"torch.Size([1, 4, 7, 1])",torch.bfloat16,56
fill,"torch.Size([1, 4, 7, 1])",torch.bfloat16,56
slice_4,"torch.Size([1, 4, 1608, 1])",torch.bfloat16,12864
slice_5,"torch.Size([1, 4, 1608, 1])",torch.bfloat16,12864
slice_scatter,"torch.Size([1, 4, 1608, 1])",torch.bfloat16,12864
slice_scatter_1,"torch.Size([1, 4, 1608, 1])",torch.bfloat16,12864
slice_scatter_2,"torch.Size([1, 4, 1608, 1])",torch.bfloat16,12864
rsub_1,"torch.Size([1, 4, 1608, 1])",torch.bfloat16,12864
view_11,"torch.Size([1, 6432, 1])",torch.bfloat16,12864
transpose_1,"torch.Size([1, 1, 6432])",torch.bfloat16,12864
expand_1,"torch.Size([1, 6432, 1])",torch.bfloat16,12864
view_12,"torch.Size([1, 6432, 1])",torch.bfloat16,12864
expand_2,"torch.Size([1, 1, 6432])",torch.bfloat16,12864
view_13,"torch.Size([1, 1, 6432])",torch.bfloat16,12864
bmm,"torch.Size([1, 6432, 6432])",torch.bfloat16,82741248
view_14,"torch.Size([1, 6432, 6432])",torch.bfloat16,82741248
mul_3,"torch.Size([1, 6432, 6432])",torch.bfloat16,82741248
unsqueeze,"torch.Size([1, 1, 6432, 6432])",torch.bfloat16,82741248
view_15,"torch.Size([1, 6432, 1280])",torch.bfloat16,16465920
getitem_3,"torch.Size([1, 6432, 1280])",torch.bfloat16,16465920
t,"torch.Size([1280, 1280])",torch.bfloat16,3276800
view_16,"torch.Size([6432, 1280])",torch.bfloat16,16465920
mm,"torch.Size([6432, 1280])",torch.bfloat16,16465920
view_17,"torch.Size([1, 6432, 1280])",torch.bfloat16,16465920
t_1,"torch.Size([1280, 1280])",torch.bfloat16,3276800
view_18,"torch.Size([6432, 1280])",torch.bfloat16,16465920
mm_1,"torch.Size([6432, 1280])",torch.bfloat16,16465920
view_19,"torch.Size([1, 6432, 1280])",torch.bfloat16,16465920
t_2,"torch.Size([1280, 1280])",torch.bfloat16,3276800
view_20,"torch.Size([6432, 1280])",torch.bfloat16,16465920
mm_2,"torch.Size([6432, 1280])",torch.bfloat16,16465920
view_21,"torch.Size([1, 6432, 1280])",torch.bfloat16,16465920
view_22,"torch.Size([1, 6432, 16, 80])",torch.bfloat16,16465920
view_23,"torch.Size([1, 6432, 16, 80])",torch.bfloat16,16465920
view_24,"torch.Size([1, 6432, 16, 80])",torch.bfloat16,16465920
transpose_2,"torch.Size([1, 16, 6432, 80])",torch.bfloat16,16465920
transpose_3,"torch.Size([1, 16, 6432, 80])",torch.bfloat16,16465920
transpose_4,"torch.Size([1, 16, 6432, 80])",torch.bfloat16,16465920
expand_3,"torch.Size([1, 16, 6432, 6432])",torch.bfloat16,1323859968
getitem_6,"torch.Size([1, 16, 6432, 80])",torch.bfloat16,16465920
transpose_5,"torch.Size([1, 6432, 16, 80])",torch.bfloat16,16465920
view_25,"torch.Size([1, 6432, 1280])",torch.bfloat16,16465920
t_3,"torch.Size([1280, 1280])",torch.bfloat16,3276800
view_26,"torch.Size([6432, 1280])",torch.bfloat16,16465920
mm_3,"torch.Size([6432, 1280])",torch.bfloat16,16465920
view_27,"torch.Size([1, 6432, 1280])",torch.bfloat16,16465920
add_3,"torch.Size([1, 6432, 1280])",torch.bfloat16,16465920
getitem_10,"torch.Size([1, 6432, 1280])",torch.bfloat16,16465920
view_28,"torch.Size([6432, 1280])",torch.bfloat16,16465920
t_4,"torch.Size([1280, 5120])",torch.bfloat16,13107200
addmm,"torch.Size([6432, 5120])",torch.bfloat16,65863680
view_29,"torch.Size([1, 6432, 5120])",torch.bfloat16,65863680
gelu,"torch.Size([1, 6432, 5120])",torch.bfloat16,65863680
view_30,"torch.Size([6432, 5120])",torch.bfloat16,65863680
t_5,"torch.Size([5120, 1280])",torch.bfloat16,13107200
addmm_1,"torch.Size([6432, 1280])",torch.bfloat16,16465920
view_31,"torch.Size([1, 6432, 1280])",torch.bfloat16,16465920
add_4,"torch.Size([1, 6432, 1280])",torch.bfloat16,16465920
getitem_13,"torch.Size([1, 6432, 1280])",torch.bfloat16,16465920
t_6,"torch.Size([1280, 1280])",torch.bfloat16,3276800
view_32,"torch.Size([6432, 1280])",torch.bfloat16,16465920
mm_4,"torch.Size([6432, 1280])",torch.bfloat16,16465920
view_33,"torch.Size([1, 6432, 1280])",torch.bfloat16,16465920
t_7,"torch.Size([1280, 1280])",torch.bfloat16,3276800
view_34,"torch.Size([6432, 1280])",torch.bfloat16,16465920
mm_5,"torch.Size([6432, 1280])",torch.bfloat16,16465920
view_35,"torch.Size([1, 6432, 1280])",torch.bfloat16,16465920
t_8,"torch.Size([1280, 1280])",torch.bfloat16,3276800
view_36,"torch.Size([6432, 1280])",torch.bfloat16,16465920
mm_6,"torch.Size([6432, 1280])",torch.bfloat16,16465920
view_37,"torch.Size([1, 6432, 1280])",torch.bfloat16,16465920
view_38,"torch.Size([1, 6432, 16, 80])",torch.bfloat16,16465920
view_39,"torch.Size([1, 6432, 16, 80])",torch.bfloat16,16465920
view_40,"torch.Size([1, 6432, 16, 80])",torch.bfloat16,16465920
transpose_6,"torch.Size([1, 16, 6432, 80])",torch.bfloat16,16465920
transpose_7,"torch.Size([1, 16, 6432, 80])",torch.bfloat16,16465920
transpose_8,"torch.Size([1, 16, 6432, 80])",torch.bfloat16,16465920
expand_4,"torch.Size([1, 16, 6432, 6432])",torch.bfloat16,1323859968
getitem_16,"torch.Size([1, 16, 6432, 80])",torch.bfloat16,16465920
transpose_9,"torch.Size([1, 6432, 16, 80])",torch.bfloat16,16465920
view_41,"torch.Size([1, 6432, 1280])",torch.bfloat16,16465920
t_9,"torch.Size([1280, 1280])",torch.bfloat16,3276800
view_42,"torch.Size([6432, 1280])",torch.bfloat16,16465920
mm_7,"torch.Size([6432, 1280])",torch.bfloat16,16465920
view_43,"torch.Size([1, 6432, 1280])",torch.bfloat16,16465920
add_5,"torch.Size([1, 6432, 1280])",torch.bfloat16,16465920
getitem_20,"torch.Size([1, 6432, 1280])",torch.bfloat16,16465920
view_44,"torch.Size([6432, 1280])",torch.bfloat16,16465920
t_10,"torch.Size([1280, 5120])",torch.bfloat16,13107200
addmm_2,"torch.Size([6432, 5120])",torch.bfloat16,65863680
view_45,"torch.Size([1, 6432, 5120])",torch.bfloat16,65863680
gelu_1,"torch.Size([1, 6432, 5120])",torch.bfloat16,65863680
view_46,"torch.Size([6432, 5120])",torch.bfloat16,65863680
t_11,"torch.Size([5120, 1280])",torch.bfloat16,13107200
addmm_3,"torch.Size([6432, 1280])",torch.bfloat16,16465920
view_47,"torch.Size([1, 6432, 1280])",torch.bfloat16,16465920
add_6,"torch.Size([1, 6432, 1280])",torch.bfloat16,16465920
getitem_23,"torch.Size([1, 6432, 1280])",torch.bfloat16,16465920
t_12,"torch.Size([1280, 1280])",torch.bfloat16,3276800
view_48,"torch.Size([6432, 1280])",torch.bfloat16,16465920
mm_8,"torch.Size([6432, 1280])",torch.bfloat16,16465920
view_49,"torch.Size([1, 6432, 1280])",torch.bfloat16,16465920
t_13,"torch.Size([1280, 1280])",torch.bfloat16,3276800
view_50,"torch.Size([6432, 1280])",torch.bfloat16,16465920
mm_9,"torch.Size([6432, 1280])",torch.bfloat16,16465920
view_51,"torch.Size([1, 6432, 1280])",torch.bfloat16,16465920
t_14,"torch.Size([1280, 1280])",torch.bfloat16,3276800
view_52,"torch.Size([6432, 1280])",torch.bfloat16,16465920
mm_10,"torch.Size([6432, 1280])",torch.bfloat16,16465920
view_53,"torch.Size([1, 6432, 1280])",torch.bfloat16,16465920
view_54,"torch.Size([1, 6432, 16, 80])",torch.bfloat16,16465920
view_55,"torch.Size([1, 6432, 16, 80])",torch.bfloat16,16465920
view_56,"torch.Size([1, 6432, 16, 80])",torch.bfloat16,16465920
transpose_10,"torch.Size([1, 16, 6432, 80])",torch.bfloat16,16465920
transpose_11,"torch.Size([1, 16, 6432, 80])",torch.bfloat16,16465920
transpose_12,"torch.Size([1, 16, 6432, 80])",torch.bfloat16,16465920
expand_5,"torch.Size([1, 16, 6432, 6432])",torch.bfloat16,1323859968
getitem_26,"torch.Size([1, 16, 6432, 80])",torch.bfloat16,16465920
transpose_13,"torch.Size([1, 6432, 16, 80])",torch.bfloat16,16465920
view_57,"torch.Size([1, 6432, 1280])",torch.bfloat16,16465920
t_15,"torch.Size([1280, 1280])",torch.bfloat16,3276800
view_58,"torch.Size([6432, 1280])",torch.bfloat16,16465920
mm_11,"torch.Size([6432, 1280])",torch.bfloat16,16465920
view_59,"torch.Size([1, 6432, 1280])",torch.bfloat16,16465920
add_7,"torch.Size([1, 6432, 1280])",torch.bfloat16,16465920
getitem_30,"torch.Size([1, 6432, 1280])",torch.bfloat16,16465920
view_60,"torch.Size([6432, 1280])",torch.bfloat16,16465920
t_16,"torch.Size([1280, 5120])",torch.bfloat16,13107200
addmm_4,"torch.Size([6432, 5120])",torch.bfloat16,65863680
view_61,"torch.Size([1, 6432, 5120])",torch.bfloat16,65863680
gelu_2,"torch.Size([1, 6432, 5120])",torch.bfloat16,65863680
view_62,"torch.Size([6432, 5120])",torch.bfloat16,65863680
t_17,"torch.Size([5120, 1280])",torch.bfloat16,13107200
addmm_5,"torch.Size([6432, 1280])",torch.bfloat16,16465920
view_63,"torch.Size([1, 6432, 1280])",torch.bfloat16,16465920
add_8,"torch.Size([1, 6432, 1280])",torch.bfloat16,16465920
getitem_33,"torch.Size([1, 6432, 1280])",torch.bfloat16,16465920
t_18,"torch.Size([1280, 1280])",torch.bfloat16,3276800
view_64,"torch.Size([6432, 1280])",torch.bfloat16,16465920
mm_12,"torch.Size([6432, 1280])",torch.bfloat16,16465920
view_65,"torch.Size([1, 6432, 1280])",torch.bfloat16,16465920
t_19,"torch.Size([1280, 1280])",torch.bfloat16,3276800
view_66,"torch.Size([6432, 1280])",torch.bfloat16,16465920
mm_13,"torch.Size([6432, 1280])",torch.bfloat16,16465920
view_67,"torch.Size([1, 6432, 1280])",torch.bfloat16,16465920
t_20,"torch.Size([1280, 1280])",torch.bfloat16,3276800
view_68,"torch.Size([6432, 1280])",torch.bfloat16,16465920
mm_14,"torch.Size([6432, 1280])",torch.bfloat16,16465920
view_69,"torch.Size([1, 6432, 1280])",torch.bfloat16,16465920
view_70,"torch.Size([1, 6432, 16, 80])",torch.bfloat16,16465920
view_71,"torch.Size([1, 6432, 16, 80])",torch.bfloat16,16465920
view_72,"torch.Size([1, 6432, 16, 80])",torch.bfloat16,16465920
transpose_14,"torch.Size([1, 16, 6432, 80])",torch.bfloat16,16465920
transpose_15,"torch.Size([1, 16, 6432, 80])",torch.bfloat16,16465920
transpose_16,"torch.Size([1, 16, 6432, 80])",torch.bfloat16,16465920
expand_6,"torch.Size([1, 16, 6432, 6432])",torch.bfloat16,1323859968
getitem_36,"torch.Size([1, 16, 6432, 80])",torch.bfloat16,16465920
transpose_17,"torch.Size([1, 6432, 16, 80])",torch.bfloat16,16465920
view_73,"torch.Size([1, 6432, 1280])",torch.bfloat16,16465920
t_21,"torch.Size([1280, 1280])",torch.bfloat16,3276800
view_74,"torch.Size([6432, 1280])",torch.bfloat16,16465920
mm_15,"torch.Size([6432, 1280])",torch.bfloat16,16465920
view_75,"torch.Size([1, 6432, 1280])",torch.bfloat16,16465920
add_9,"torch.Size([1, 6432, 1280])",torch.bfloat16,16465920
getitem_40,"torch.Size([1, 6432, 1280])",torch.bfloat16,16465920
view_76,"torch.Size([6432, 1280])",torch.bfloat16,16465920
t_22,"torch.Size([1280, 5120])",torch.bfloat16,13107200
addmm_6,"torch.Size([6432, 5120])",torch.bfloat16,65863680
view_77,"torch.Size([1, 6432, 5120])",torch.bfloat16,65863680
gelu_3,"torch.Size([1, 6432, 5120])",torch.bfloat16,65863680
view_78,"torch.Size([6432, 5120])",torch.bfloat16,65863680
t_23,"torch.Size([5120, 1280])",torch.bfloat16,13107200
addmm_7,"torch.Size([6432, 1280])",torch.bfloat16,16465920
view_79,"torch.Size([1, 6432, 1280])",torch.bfloat16,16465920
add_10,"torch.Size([1, 6432, 1280])",torch.bfloat16,16465920
getitem_43,"torch.Size([1, 6432, 1280])",torch.bfloat16,16465920
t_24,"torch.Size([1280, 1280])",torch.bfloat16,3276800
view_80,"torch.Size([6432, 1280])",torch.bfloat16,16465920
mm_16,"torch.Size([6432, 1280])",torch.bfloat16,16465920
view_81,"torch.Size([1, 6432, 1280])",torch.bfloat16,16465920
t_25,"torch.Size([1280, 1280])",torch.bfloat16,3276800
view_82,"torch.Size([6432, 1280])",torch.bfloat16,16465920
mm_17,"torch.Size([6432, 1280])",torch.bfloat16,16465920
view_83,"torch.Size([1, 6432, 1280])",torch.bfloat16,16465920
t_26,"torch.Size([1280, 1280])",torch.bfloat16,3276800
view_84,"torch.Size([6432, 1280])",torch.bfloat16,16465920
mm_18,"torch.Size([6432, 1280])",torch.bfloat16,16465920
view_85,"torch.Size([1, 6432, 1280])",torch.bfloat16,16465920
view_86,"torch.Size([1, 6432, 16, 80])",torch.bfloat16,16465920
view_87,"torch.Size([1, 6432, 16, 80])",torch.bfloat16,16465920
view_88,"torch.Size([1, 6432, 16, 80])",torch.bfloat16,16465920
transpose_18,"torch.Size([1, 16, 6432, 80])",torch.bfloat16,16465920
transpose_19,"torch.Size([1, 16, 6432, 80])",torch.bfloat16,16465920
transpose_20,"torch.Size([1, 16, 6432, 80])",torch.bfloat16,16465920
expand_7,"torch.Size([1, 16, 6432, 6432])",torch.bfloat16,1323859968
getitem_46,"torch.Size([1, 16, 6432, 80])",torch.bfloat16,16465920
transpose_21,"torch.Size([1, 6432, 16, 80])",torch.bfloat16,16465920
view_89,"torch.Size([1, 6432, 1280])",torch.bfloat16,16465920
t_27,"torch.Size([1280, 1280])",torch.bfloat16,3276800
view_90,"torch.Size([6432, 1280])",torch.bfloat16,16465920
mm_19,"torch.Size([6432, 1280])",torch.bfloat16,16465920
view_91,"torch.Size([1, 6432, 1280])",torch.bfloat16,16465920
add_11,"torch.Size([1, 6432, 1280])",torch.bfloat16,16465920
getitem_50,"torch.Size([1, 6432, 1280])",torch.bfloat16,16465920
view_92,"torch.Size([6432, 1280])",torch.bfloat16,16465920
t_28,"torch.Size([1280, 5120])",torch.bfloat16,13107200
addmm_8,"torch.Size([6432, 5120])",torch.bfloat16,65863680
view_93,"torch.Size([1, 6432, 5120])",torch.bfloat16,65863680
gelu_4,"torch.Size([1, 6432, 5120])",torch.bfloat16,65863680
view_94,"torch.Size([6432, 5120])",torch.bfloat16,65863680
t_29,"torch.Size([5120, 1280])",torch.bfloat16,13107200
addmm_9,"torch.Size([6432, 1280])",torch.bfloat16,16465920
view_95,"torch.Size([1, 6432, 1280])",torch.bfloat16,16465920
add_12,"torch.Size([1, 6432, 1280])",torch.bfloat16,16465920
getitem_53,"torch.Size([1, 6432, 1280])",torch.bfloat16,16465920
t_30,"torch.Size([1280, 1280])",torch.bfloat16,3276800
view_96,"torch.Size([6432, 1280])",torch.bfloat16,16465920
mm_20,"torch.Size([6432, 1280])",torch.bfloat16,16465920
view_97,"torch.Size([1, 6432, 1280])",torch.bfloat16,16465920
t_31,"torch.Size([1280, 1280])",torch.bfloat16,3276800
view_98,"torch.Size([6432, 1280])",torch.bfloat16,16465920
mm_21,"torch.Size([6432, 1280])",torch.bfloat16,16465920
view_99,"torch.Size([1, 6432, 1280])",torch.bfloat16,16465920
t_32,"torch.Size([1280, 1280])",torch.bfloat16,3276800
view_100,"torch.Size([6432, 1280])",torch.bfloat16,16465920
mm_22,"torch.Size([6432, 1280])",torch.bfloat16,16465920
view_101,"torch.Size([1, 6432, 1280])",torch.bfloat16,16465920
view_102,"torch.Size([1, 6432, 16, 80])",torch.bfloat16,16465920
view_103,"torch.Size([1, 6432, 16, 80])",torch.bfloat16,16465920
view_104,"torch.Size([1, 6432, 16, 80])",torch.bfloat16,16465920
transpose_22,"torch.Size([1, 16, 6432, 80])",torch.bfloat16,16465920
transpose_23,"torch.Size([1, 16, 6432, 80])",torch.bfloat16,16465920
transpose_24,"torch.Size([1, 16, 6432, 80])",torch.bfloat16,16465920
expand_8,"torch.Size([1, 16, 6432, 6432])",torch.bfloat16,1323859968
getitem_56,"torch.Size([1, 16, 6432, 80])",torch.bfloat16,16465920
transpose_25,"torch.Size([1, 6432, 16, 80])",torch.bfloat16,16465920
view_105,"torch.Size([1, 6432, 1280])",torch.bfloat16,16465920
t_33,"torch.Size([1280, 1280])",torch.bfloat16,3276800
view_106,"torch.Size([6432, 1280])",torch.bfloat16,16465920
mm_23,"torch.Size([6432, 1280])",torch.bfloat16,16465920
view_107,"torch.Size([1, 6432, 1280])",torch.bfloat16,16465920
add_13,"torch.Size([1, 6432, 1280])",torch.bfloat16,16465920
getitem_60,"torch.Size([1, 6432, 1280])",torch.bfloat16,16465920
view_108,"torch.Size([6432, 1280])",torch.bfloat16,16465920
t_34,"torch.Size([1280, 5120])",torch.bfloat16,13107200
addmm_10,"torch.Size([6432, 5120])",torch.bfloat16,65863680
view_109,"torch.Size([1, 6432, 5120])",torch.bfloat16,65863680
gelu_5,"torch.Size([1, 6432, 5120])",torch.bfloat16,65863680
view_110,"torch.Size([6432, 5120])",torch.bfloat16,65863680
t_35,"torch.Size([5120, 1280])",torch.bfloat16,13107200
addmm_11,"torch.Size([6432, 1280])",torch.bfloat16,16465920
view_111,"torch.Size([1, 6432, 1280])",torch.bfloat16,16465920
add_14,"torch.Size([1, 6432, 1280])",torch.bfloat16,16465920
getitem_63,"torch.Size([1, 6432, 1280])",torch.bfloat16,16465920
t_36,"torch.Size([1280, 1280])",torch.bfloat16,3276800
view_112,"torch.Size([6432, 1280])",torch.bfloat16,16465920
mm_24,"torch.Size([6432, 1280])",torch.bfloat16,16465920
view_113,"torch.Size([1, 6432, 1280])",torch.bfloat16,16465920
t_37,"torch.Size([1280, 1280])",torch.bfloat16,3276800
view_114,"torch.Size([6432, 1280])",torch.bfloat16,16465920
mm_25,"torch.Size([6432, 1280])",torch.bfloat16,16465920
view_115,"torch.Size([1, 6432, 1280])",torch.bfloat16,16465920
t_38,"torch.Size([1280, 1280])",torch.bfloat16,3276800
view_116,"torch.Size([6432, 1280])",torch.bfloat16,16465920
mm_26,"torch.Size([6432, 1280])",torch.bfloat16,16465920
view_117,"torch.Size([1, 6432, 1280])",torch.bfloat16,16465920
view_118,"torch.Size([1, 6432, 16, 80])",torch.bfloat16,16465920
view_119,"torch.Size([1, 6432, 16, 80])",torch.bfloat16,16465920
view_120,"torch.Size([1, 6432, 16, 80])",torch.bfloat16,16465920
transpose_26,"torch.Size([1, 16, 6432, 80])",torch.bfloat16,16465920
transpose_27,"torch.Size([1, 16, 6432, 80])",torch.bfloat16,16465920
transpose_28,"torch.Size([1, 16, 6432, 80])",torch.bfloat16,16465920
expand_9,"torch.Size([1, 16, 6432, 6432])",torch.bfloat16,1323859968
getitem_66,"torch.Size([1, 16, 6432, 80])",torch.bfloat16,16465920
transpose_29,"torch.Size([1, 6432, 16, 80])",torch.bfloat16,16465920
view_121,"torch.Size([1, 6432, 1280])",torch.bfloat16,16465920
t_39,"torch.Size([1280, 1280])",torch.bfloat16,3276800
view_122,"torch.Size([6432, 1280])",torch.bfloat16,16465920
mm_27,"torch.Size([6432, 1280])",torch.bfloat16,16465920
view_123,"torch.Size([1, 6432, 1280])",torch.bfloat16,16465920
add_15,"torch.Size([1, 6432, 1280])",torch.bfloat16,16465920
getitem_70,"torch.Size([1, 6432, 1280])",torch.bfloat16,16465920
view_124,"torch.Size([6432, 1280])",torch.bfloat16,16465920
t_40,"torch.Size([1280, 5120])",torch.bfloat16,13107200
addmm_12,"torch.Size([6432, 5120])",torch.bfloat16,65863680
view_125,"torch.Size([1, 6432, 5120])",torch.bfloat16,65863680
gelu_6,"torch.Size([1, 6432, 5120])",torch.bfloat16,65863680
view_126,"torch.Size([6432, 5120])",torch.bfloat16,65863680
t_41,"torch.Size([5120, 1280])",torch.bfloat16,13107200
addmm_13,"torch.Size([6432, 1280])",torch.bfloat16,16465920
view_127,"torch.Size([1, 6432, 1280])",torch.bfloat16,16465920
add_16,"torch.Size([1, 6432, 1280])",torch.bfloat16,16465920
getitem_73,"torch.Size([1, 6432, 1280])",torch.bfloat16,16465920
t_42,"torch.Size([1280, 1280])",torch.bfloat16,3276800
view_128,"torch.Size([6432, 1280])",torch.bfloat16,16465920
mm_28,"torch.Size([6432, 1280])",torch.bfloat16,16465920
view_129,"torch.Size([1, 6432, 1280])",torch.bfloat16,16465920
t_43,"torch.Size([1280, 1280])",torch.bfloat16,3276800
view_130,"torch.Size([6432, 1280])",torch.bfloat16,16465920
mm_29,"torch.Size([6432, 1280])",torch.bfloat16,16465920
view_131,"torch.Size([1, 6432, 1280])",torch.bfloat16,16465920
t_44,"torch.Size([1280, 1280])",torch.bfloat16,3276800
view_132,"torch.Size([6432, 1280])",torch.bfloat16,16465920
mm_30,"torch.Size([6432, 1280])",torch.bfloat16,16465920
view_133,"torch.Size([1, 6432, 1280])",torch.bfloat16,16465920
view_134,"torch.Size([1, 6432, 16, 80])",torch.bfloat16,16465920
view_135,"torch.Size([1, 6432, 16, 80])",torch.bfloat16,16465920
view_136,"torch.Size([1, 6432, 16, 80])",torch.bfloat16,16465920
transpose_30,"torch.Size([1, 16, 6432, 80])",torch.bfloat16,16465920
transpose_31,"torch.Size([1, 16, 6432, 80])",torch.bfloat16,16465920
transpose_32,"torch.Size([1, 16, 6432, 80])",torch.bfloat16,16465920
expand_10,"torch.Size([1, 16, 6432, 6432])",torch.bfloat16,1323859968
getitem_76,"torch.Size([1, 16, 6432, 80])",torch.bfloat16,16465920
transpose_33,"torch.Size([1, 6432, 16, 80])",torch.bfloat16,16465920
view_137,"torch.Size([1, 6432, 1280])",torch.bfloat16,16465920
t_45,"torch.Size([1280, 1280])",torch.bfloat16,3276800
view_138,"torch.Size([6432, 1280])",torch.bfloat16,16465920
mm_31,"torch.Size([6432, 1280])",torch.bfloat16,16465920
view_139,"torch.Size([1, 6432, 1280])",torch.bfloat16,16465920
add_17,"torch.Size([1, 6432, 1280])",torch.bfloat16,16465920
getitem_80,"torch.Size([1, 6432, 1280])",torch.bfloat16,16465920
view_140,"torch.Size([6432, 1280])",torch.bfloat16,16465920
t_46,"torch.Size([1280, 5120])",torch.bfloat16,13107200
addmm_14,"torch.Size([6432, 5120])",torch.bfloat16,65863680
view_141,"torch.Size([1, 6432, 5120])",torch.bfloat16,65863680
gelu_7,"torch.Size([1, 6432, 5120])",torch.bfloat16,65863680
view_142,"torch.Size([6432, 5120])",torch.bfloat16,65863680
t_47,"torch.Size([5120, 1280])",torch.bfloat16,13107200
addmm_15,"torch.Size([6432, 1280])",torch.bfloat16,16465920
view_143,"torch.Size([1, 6432, 1280])",torch.bfloat16,16465920
add_18,"torch.Size([1, 6432, 1280])",torch.bfloat16,16465920
getitem_83,"torch.Size([1, 6432, 1280])",torch.bfloat16,16465920
t_48,"torch.Size([1280, 1280])",torch.bfloat16,3276800
view_144,"torch.Size([6432, 1280])",torch.bfloat16,16465920
mm_32,"torch.Size([6432, 1280])",torch.bfloat16,16465920
view_145,"torch.Size([1, 6432, 1280])",torch.bfloat16,16465920
t_49,"torch.Size([1280, 1280])",torch.bfloat16,3276800
view_146,"torch.Size([6432, 1280])",torch.bfloat16,16465920
mm_33,"torch.Size([6432, 1280])",torch.bfloat16,16465920
view_147,"torch.Size([1, 6432, 1280])",torch.bfloat16,16465920
t_50,"torch.Size([1280, 1280])",torch.bfloat16,3276800
view_148,"torch.Size([6432, 1280])",torch.bfloat16,16465920
mm_34,"torch.Size([6432, 1280])",torch.bfloat16,16465920
view_149,"torch.Size([1, 6432, 1280])",torch.bfloat16,16465920
view_150,"torch.Size([1, 6432, 16, 80])",torch.bfloat16,16465920
view_151,"torch.Size([1, 6432, 16, 80])",torch.bfloat16,16465920
view_152,"torch.Size([1, 6432, 16, 80])",torch.bfloat16,16465920
transpose_34,"torch.Size([1, 16, 6432, 80])",torch.bfloat16,16465920
transpose_35,"torch.Size([1, 16, 6432, 80])",torch.bfloat16,16465920
transpose_36,"torch.Size([1, 16, 6432, 80])",torch.bfloat16,16465920
expand_11,"torch.Size([1, 16, 6432, 6432])",torch.bfloat16,1323859968
getitem_86,"torch.Size([1, 16, 6432, 80])",torch.bfloat16,16465920
transpose_37,"torch.Size([1, 6432, 16, 80])",torch.bfloat16,16465920
view_153,"torch.Size([1, 6432, 1280])",torch.bfloat16,16465920
t_51,"torch.Size([1280, 1280])",torch.bfloat16,3276800
view_154,"torch.Size([6432, 1280])",torch.bfloat16,16465920
mm_35,"torch.Size([6432, 1280])",torch.bfloat16,16465920
view_155,"torch.Size([1, 6432, 1280])",torch.bfloat16,16465920
add_19,"torch.Size([1, 6432, 1280])",torch.bfloat16,16465920
getitem_90,"torch.Size([1, 6432, 1280])",torch.bfloat16,16465920
view_156,"torch.Size([6432, 1280])",torch.bfloat16,16465920
t_52,"torch.Size([1280, 5120])",torch.bfloat16,13107200
addmm_16,"torch.Size([6432, 5120])",torch.bfloat16,65863680
view_157,"torch.Size([1, 6432, 5120])",torch.bfloat16,65863680
gelu_8,"torch.Size([1, 6432, 5120])",torch.bfloat16,65863680
view_158,"torch.Size([6432, 5120])",torch.bfloat16,65863680
t_53,"torch.Size([5120, 1280])",torch.bfloat16,13107200
addmm_17,"torch.Size([6432, 1280])",torch.bfloat16,16465920
view_159,"torch.Size([1, 6432, 1280])",torch.bfloat16,16465920
add_20,"torch.Size([1, 6432, 1280])",torch.bfloat16,16465920
getitem_93,"torch.Size([1, 6432, 1280])",torch.bfloat16,16465920
t_54,"torch.Size([1280, 1280])",torch.bfloat16,3276800
view_160,"torch.Size([6432, 1280])",torch.bfloat16,16465920
mm_36,"torch.Size([6432, 1280])",torch.bfloat16,16465920
view_161,"torch.Size([1, 6432, 1280])",torch.bfloat16,16465920
t_55,"torch.Size([1280, 1280])",torch.bfloat16,3276800
view_162,"torch.Size([6432, 1280])",torch.bfloat16,16465920
mm_37,"torch.Size([6432, 1280])",torch.bfloat16,16465920
view_163,"torch.Size([1, 6432, 1280])",torch.bfloat16,16465920
t_56,"torch.Size([1280, 1280])",torch.bfloat16,3276800
view_164,"torch.Size([6432, 1280])",torch.bfloat16,16465920
mm_38,"torch.Size([6432, 1280])",torch.bfloat16,16465920
view_165,"torch.Size([1, 6432, 1280])",torch.bfloat16,16465920
view_166,"torch.Size([1, 6432, 16, 80])",torch.bfloat16,16465920
view_167,"torch.Size([1, 6432, 16, 80])",torch.bfloat16,16465920
view_168,"torch.Size([1, 6432, 16, 80])",torch.bfloat16,16465920
transpose_38,"torch.Size([1, 16, 6432, 80])",torch.bfloat16,16465920
transpose_39,"torch.Size([1, 16, 6432, 80])",torch.bfloat16,16465920
transpose_40,"torch.Size([1, 16, 6432, 80])",torch.bfloat16,16465920
expand_12,"torch.Size([1, 16, 6432, 6432])",torch.bfloat16,1323859968
getitem_96,"torch.Size([1, 16, 6432, 80])",torch.bfloat16,16465920
transpose_41,"torch.Size([1, 6432, 16, 80])",torch.bfloat16,16465920
view_169,"torch.Size([1, 6432, 1280])",torch.bfloat16,16465920
t_57,"torch.Size([1280, 1280])",torch.bfloat16,3276800
view_170,"torch.Size([6432, 1280])",torch.bfloat16,16465920
mm_39,"torch.Size([6432, 1280])",torch.bfloat16,16465920
view_171,"torch.Size([1, 6432, 1280])",torch.bfloat16,16465920
add_21,"torch.Size([1, 6432, 1280])",torch.bfloat16,16465920
getitem_100,"torch.Size([1, 6432, 1280])",torch.bfloat16,16465920
view_172,"torch.Size([6432, 1280])",torch.bfloat16,16465920
t_58,"torch.Size([1280, 5120])",torch.bfloat16,13107200
addmm_18,"torch.Size([6432, 5120])",torch.bfloat16,65863680
view_173,"torch.Size([1, 6432, 5120])",torch.bfloat16,65863680
gelu_9,"torch.Size([1, 6432, 5120])",torch.bfloat16,65863680
view_174,"torch.Size([6432, 5120])",torch.bfloat16,65863680
t_59,"torch.Size([5120, 1280])",torch.bfloat16,13107200
addmm_19,"torch.Size([6432, 1280])",torch.bfloat16,16465920
view_175,"torch.Size([1, 6432, 1280])",torch.bfloat16,16465920
add_22,"torch.Size([1, 6432, 1280])",torch.bfloat16,16465920
getitem_103,"torch.Size([1, 6432, 1280])",torch.bfloat16,16465920
t_60,"torch.Size([1280, 1280])",torch.bfloat16,3276800
view_176,"torch.Size([6432, 1280])",torch.bfloat16,16465920
mm_40,"torch.Size([6432, 1280])",torch.bfloat16,16465920
view_177,"torch.Size([1, 6432, 1280])",torch.bfloat16,16465920
t_61,"torch.Size([1280, 1280])",torch.bfloat16,3276800
view_178,"torch.Size([6432, 1280])",torch.bfloat16,16465920
mm_41,"torch.Size([6432, 1280])",torch.bfloat16,16465920
view_179,"torch.Size([1, 6432, 1280])",torch.bfloat16,16465920
t_62,"torch.Size([1280, 1280])",torch.bfloat16,3276800
view_180,"torch.Size([6432, 1280])",torch.bfloat16,16465920
mm_42,"torch.Size([6432, 1280])",torch.bfloat16,16465920
view_181,"torch.Size([1, 6432, 1280])",torch.bfloat16,16465920
view_182,"torch.Size([1, 6432, 16, 80])",torch.bfloat16,16465920
view_183,"torch.Size([1, 6432, 16, 80])",torch.bfloat16,16465920
view_184,"torch.Size([1, 6432, 16, 80])",torch.bfloat16,16465920
transpose_42,"torch.Size([1, 16, 6432, 80])",torch.bfloat16,16465920
transpose_43,"torch.Size([1, 16, 6432, 80])",torch.bfloat16,16465920
transpose_44,"torch.Size([1, 16, 6432, 80])",torch.bfloat16,16465920
expand_13,"torch.Size([1, 16, 6432, 6432])",torch.bfloat16,1323859968
getitem_106,"torch.Size([1, 16, 6432, 80])",torch.bfloat16,16465920
transpose_45,"torch.Size([1, 6432, 16, 80])",torch.bfloat16,16465920
view_185,"torch.Size([1, 6432, 1280])",torch.bfloat16,16465920
t_63,"torch.Size([1280, 1280])",torch.bfloat16,3276800
view_186,"torch.Size([6432, 1280])",torch.bfloat16,16465920
mm_43,"torch.Size([6432, 1280])",torch.bfloat16,16465920
view_187,"torch.Size([1, 6432, 1280])",torch.bfloat16,16465920
add_23,"torch.Size([1, 6432, 1280])",torch.bfloat16,16465920
getitem_110,"torch.Size([1, 6432, 1280])",torch.bfloat16,16465920
view_188,"torch.Size([6432, 1280])",torch.bfloat16,16465920
t_64,"torch.Size([1280, 5120])",torch.bfloat16,13107200
addmm_20,"torch.Size([6432, 5120])",torch.bfloat16,65863680
view_189,"torch.Size([1, 6432, 5120])",torch.bfloat16,65863680
gelu_10,"torch.Size([1, 6432, 5120])",torch.bfloat16,65863680
view_190,"torch.Size([6432, 5120])",torch.bfloat16,65863680
t_65,"torch.Size([5120, 1280])",torch.bfloat16,13107200
addmm_21,"torch.Size([6432, 1280])",torch.bfloat16,16465920
view_191,"torch.Size([1, 6432, 1280])",torch.bfloat16,16465920
add_24,"torch.Size([1, 6432, 1280])",torch.bfloat16,16465920
getitem_113,"torch.Size([1, 6432, 1280])",torch.bfloat16,16465920
t_66,"torch.Size([1280, 1280])",torch.bfloat16,3276800
view_192,"torch.Size([6432, 1280])",torch.bfloat16,16465920
mm_44,"torch.Size([6432, 1280])",torch.bfloat16,16465920
view_193,"torch.Size([1, 6432, 1280])",torch.bfloat16,16465920
t_67,"torch.Size([1280, 1280])",torch.bfloat16,3276800
view_194,"torch.Size([6432, 1280])",torch.bfloat16,16465920
mm_45,"torch.Size([6432, 1280])",torch.bfloat16,16465920
view_195,"torch.Size([1, 6432, 1280])",torch.bfloat16,16465920
t_68,"torch.Size([1280, 1280])",torch.bfloat16,3276800
view_196,"torch.Size([6432, 1280])",torch.bfloat16,16465920
mm_46,"torch.Size([6432, 1280])",torch.bfloat16,16465920
view_197,"torch.Size([1, 6432, 1280])",torch.bfloat16,16465920
view_198,"torch.Size([1, 6432, 16, 80])",torch.bfloat16,16465920
view_199,"torch.Size([1, 6432, 16, 80])",torch.bfloat16,16465920
view_200,"torch.Size([1, 6432, 16, 80])",torch.bfloat16,16465920
transpose_46,"torch.Size([1, 16, 6432, 80])",torch.bfloat16,16465920
transpose_47,"torch.Size([1, 16, 6432, 80])",torch.bfloat16,16465920
transpose_48,"torch.Size([1, 16, 6432, 80])",torch.bfloat16,16465920
expand_14,"torch.Size([1, 16, 6432, 6432])",torch.bfloat16,1323859968
getitem_116,"torch.Size([1, 16, 6432, 80])",torch.bfloat16,16465920
transpose_49,"torch.Size([1, 6432, 16, 80])",torch.bfloat16,16465920
view_201,"torch.Size([1, 6432, 1280])",torch.bfloat16,16465920
t_69,"torch.Size([1280, 1280])",torch.bfloat16,3276800
view_202,"torch.Size([6432, 1280])",torch.bfloat16,16465920
mm_47,"torch.Size([6432, 1280])",torch.bfloat16,16465920
view_203,"torch.Size([1, 6432, 1280])",torch.bfloat16,16465920
add_25,"torch.Size([1, 6432, 1280])",torch.bfloat16,16465920
getitem_120,"torch.Size([1, 6432, 1280])",torch.bfloat16,16465920
view_204,"torch.Size([6432, 1280])",torch.bfloat16,16465920
t_70,"torch.Size([1280, 5120])",torch.bfloat16,13107200
addmm_22,"torch.Size([6432, 5120])",torch.bfloat16,65863680
view_205,"torch.Size([1, 6432, 5120])",torch.bfloat16,65863680
gelu_11,"torch.Size([1, 6432, 5120])",torch.bfloat16,65863680
view_206,"torch.Size([6432, 5120])",torch.bfloat16,65863680
t_71,"torch.Size([5120, 1280])",torch.bfloat16,13107200
addmm_23,"torch.Size([6432, 1280])",torch.bfloat16,16465920
view_207,"torch.Size([1, 6432, 1280])",torch.bfloat16,16465920
add_26,"torch.Size([1, 6432, 1280])",torch.bfloat16,16465920
getitem_123,"torch.Size([1, 6432, 1280])",torch.bfloat16,16465920
t_72,"torch.Size([1280, 1280])",torch.bfloat16,3276800
view_208,"torch.Size([6432, 1280])",torch.bfloat16,16465920
mm_48,"torch.Size([6432, 1280])",torch.bfloat16,16465920
view_209,"torch.Size([1, 6432, 1280])",torch.bfloat16,16465920
t_73,"torch.Size([1280, 1280])",torch.bfloat16,3276800
view_210,"torch.Size([6432, 1280])",torch.bfloat16,16465920
mm_49,"torch.Size([6432, 1280])",torch.bfloat16,16465920
view_211,"torch.Size([1, 6432, 1280])",torch.bfloat16,16465920
t_74,"torch.Size([1280, 1280])",torch.bfloat16,3276800
view_212,"torch.Size([6432, 1280])",torch.bfloat16,16465920
mm_50,"torch.Size([6432, 1280])",torch.bfloat16,16465920
view_213,"torch.Size([1, 6432, 1280])",torch.bfloat16,16465920
view_214,"torch.Size([1, 6432, 16, 80])",torch.bfloat16,16465920
view_215,"torch.Size([1, 6432, 16, 80])",torch.bfloat16,16465920
view_216,"torch.Size([1, 6432, 16, 80])",torch.bfloat16,16465920
transpose_50,"torch.Size([1, 16, 6432, 80])",torch.bfloat16,16465920
transpose_51,"torch.Size([1, 16, 6432, 80])",torch.bfloat16,16465920
transpose_52,"torch.Size([1, 16, 6432, 80])",torch.bfloat16,16465920
expand_15,"torch.Size([1, 16, 6432, 6432])",torch.bfloat16,1323859968
getitem_126,"torch.Size([1, 16, 6432, 80])",torch.bfloat16,16465920
transpose_53,"torch.Size([1, 6432, 16, 80])",torch.bfloat16,16465920
view_217,"torch.Size([1, 6432, 1280])",torch.bfloat16,16465920
t_75,"torch.Size([1280, 1280])",torch.bfloat16,3276800
view_218,"torch.Size([6432, 1280])",torch.bfloat16,16465920
mm_51,"torch.Size([6432, 1280])",torch.bfloat16,16465920
view_219,"torch.Size([1, 6432, 1280])",torch.bfloat16,16465920
add_27,"torch.Size([1, 6432, 1280])",torch.bfloat16,16465920
getitem_130,"torch.Size([1, 6432, 1280])",torch.bfloat16,16465920
view_220,"torch.Size([6432, 1280])",torch.bfloat16,16465920
t_76,"torch.Size([1280, 5120])",torch.bfloat16,13107200
addmm_24,"torch.Size([6432, 5120])",torch.bfloat16,65863680
view_221,"torch.Size([1, 6432, 5120])",torch.bfloat16,65863680
gelu_12,"torch.Size([1, 6432, 5120])",torch.bfloat16,65863680
view_222,"torch.Size([6432, 5120])",torch.bfloat16,65863680
t_77,"torch.Size([5120, 1280])",torch.bfloat16,13107200
addmm_25,"torch.Size([6432, 1280])",torch.bfloat16,16465920
view_223,"torch.Size([1, 6432, 1280])",torch.bfloat16,16465920
add_28,"torch.Size([1, 6432, 1280])",torch.bfloat16,16465920
getitem_133,"torch.Size([1, 6432, 1280])",torch.bfloat16,16465920
t_78,"torch.Size([1280, 1280])",torch.bfloat16,3276800
view_224,"torch.Size([6432, 1280])",torch.bfloat16,16465920
mm_52,"torch.Size([6432, 1280])",torch.bfloat16,16465920
view_225,"torch.Size([1, 6432, 1280])",torch.bfloat16,16465920
t_79,"torch.Size([1280, 1280])",torch.bfloat16,3276800
view_226,"torch.Size([6432, 1280])",torch.bfloat16,16465920
mm_53,"torch.Size([6432, 1280])",torch.bfloat16,16465920
view_227,"torch.Size([1, 6432, 1280])",torch.bfloat16,16465920
t_80,"torch.Size([1280, 1280])",torch.bfloat16,3276800
view_228,"torch.Size([6432, 1280])",torch.bfloat16,16465920
mm_54,"torch.Size([6432, 1280])",torch.bfloat16,16465920
view_229,"torch.Size([1, 6432, 1280])",torch.bfloat16,16465920
view_230,"torch.Size([1, 6432, 16, 80])",torch.bfloat16,16465920
view_231,"torch.Size([1, 6432, 16, 80])",torch.bfloat16,16465920
view_232,"torch.Size([1, 6432, 16, 80])",torch.bfloat16,16465920
transpose_54,"torch.Size([1, 16, 6432, 80])",torch.bfloat16,16465920
transpose_55,"torch.Size([1, 16, 6432, 80])",torch.bfloat16,16465920
transpose_56,"torch.Size([1, 16, 6432, 80])",torch.bfloat16,16465920
expand_16,"torch.Size([1, 16, 6432, 6432])",torch.bfloat16,1323859968
getitem_136,"torch.Size([1, 16, 6432, 80])",torch.bfloat16,16465920
transpose_57,"torch.Size([1, 6432, 16, 80])",torch.bfloat16,16465920
view_233,"torch.Size([1, 6432, 1280])",torch.bfloat16,16465920
t_81,"torch.Size([1280, 1280])",torch.bfloat16,3276800
view_234,"torch.Size([6432, 1280])",torch.bfloat16,16465920
mm_55,"torch.Size([6432, 1280])",torch.bfloat16,16465920
view_235,"torch.Size([1, 6432, 1280])",torch.bfloat16,16465920
add_29,"torch.Size([1, 6432, 1280])",torch.bfloat16,16465920
getitem_140,"torch.Size([1, 6432, 1280])",torch.bfloat16,16465920
view_236,"torch.Size([6432, 1280])",torch.bfloat16,16465920
t_82,"torch.Size([1280, 5120])",torch.bfloat16,13107200
addmm_26,"torch.Size([6432, 5120])",torch.bfloat16,65863680
view_237,"torch.Size([1, 6432, 5120])",torch.bfloat16,65863680
gelu_13,"torch.Size([1, 6432, 5120])",torch.bfloat16,65863680
view_238,"torch.Size([6432, 5120])",torch.bfloat16,65863680
t_83,"torch.Size([5120, 1280])",torch.bfloat16,13107200
addmm_27,"torch.Size([6432, 1280])",torch.bfloat16,16465920
view_239,"torch.Size([1, 6432, 1280])",torch.bfloat16,16465920
add_30,"torch.Size([1, 6432, 1280])",torch.bfloat16,16465920
getitem_143,"torch.Size([1, 6432, 1280])",torch.bfloat16,16465920
t_84,"torch.Size([1280, 1280])",torch.bfloat16,3276800
view_240,"torch.Size([6432, 1280])",torch.bfloat16,16465920
mm_56,"torch.Size([6432, 1280])",torch.bfloat16,16465920
view_241,"torch.Size([1, 6432, 1280])",torch.bfloat16,16465920
t_85,"torch.Size([1280, 1280])",torch.bfloat16,3276800
view_242,"torch.Size([6432, 1280])",torch.bfloat16,16465920
mm_57,"torch.Size([6432, 1280])",torch.bfloat16,16465920
view_243,"torch.Size([1, 6432, 1280])",torch.bfloat16,16465920
t_86,"torch.Size([1280, 1280])",torch.bfloat16,3276800
view_244,"torch.Size([6432, 1280])",torch.bfloat16,16465920
mm_58,"torch.Size([6432, 1280])",torch.bfloat16,16465920
view_245,"torch.Size([1, 6432, 1280])",torch.bfloat16,16465920
view_246,"torch.Size([1, 6432, 16, 80])",torch.bfloat16,16465920
view_247,"torch.Size([1, 6432, 16, 80])",torch.bfloat16,16465920
view_248,"torch.Size([1, 6432, 16, 80])",torch.bfloat16,16465920
transpose_58,"torch.Size([1, 16, 6432, 80])",torch.bfloat16,16465920
transpose_59,"torch.Size([1, 16, 6432, 80])",torch.bfloat16,16465920
transpose_60,"torch.Size([1, 16, 6432, 80])",torch.bfloat16,16465920
expand_17,"torch.Size([1, 16, 6432, 6432])",torch.bfloat16,1323859968
getitem_146,"torch.Size([1, 16, 6432, 80])",torch.bfloat16,16465920
transpose_61,"torch.Size([1, 6432, 16, 80])",torch.bfloat16,16465920
view_249,"torch.Size([1, 6432, 1280])",torch.bfloat16,16465920
t_87,"torch.Size([1280, 1280])",torch.bfloat16,3276800
view_250,"torch.Size([6432, 1280])",torch.bfloat16,16465920
mm_59,"torch.Size([6432, 1280])",torch.bfloat16,16465920
view_251,"torch.Size([1, 6432, 1280])",torch.bfloat16,16465920
add_31,"torch.Size([1, 6432, 1280])",torch.bfloat16,16465920
getitem_150,"torch.Size([1, 6432, 1280])",torch.bfloat16,16465920
view_252,"torch.Size([6432, 1280])",torch.bfloat16,16465920
t_88,"torch.Size([1280, 5120])",torch.bfloat16,13107200
addmm_28,"torch.Size([6432, 5120])",torch.bfloat16,65863680
view_253,"torch.Size([1, 6432, 5120])",torch.bfloat16,65863680
gelu_14,"torch.Size([1, 6432, 5120])",torch.bfloat16,65863680
view_254,"torch.Size([6432, 5120])",torch.bfloat16,65863680
t_89,"torch.Size([5120, 1280])",torch.bfloat16,13107200
addmm_29,"torch.Size([6432, 1280])",torch.bfloat16,16465920
view_255,"torch.Size([1, 6432, 1280])",torch.bfloat16,16465920
add_32,"torch.Size([1, 6432, 1280])",torch.bfloat16,16465920
getitem_153,"torch.Size([1, 6432, 1280])",torch.bfloat16,16465920
t_90,"torch.Size([1280, 1280])",torch.bfloat16,3276800
view_256,"torch.Size([6432, 1280])",torch.bfloat16,16465920
mm_60,"torch.Size([6432, 1280])",torch.bfloat16,16465920
view_257,"torch.Size([1, 6432, 1280])",torch.bfloat16,16465920
t_91,"torch.Size([1280, 1280])",torch.bfloat16,3276800
view_258,"torch.Size([6432, 1280])",torch.bfloat16,16465920
mm_61,"torch.Size([6432, 1280])",torch.bfloat16,16465920
view_259,"torch.Size([1, 6432, 1280])",torch.bfloat16,16465920
t_92,"torch.Size([1280, 1280])",torch.bfloat16,3276800
view_260,"torch.Size([6432, 1280])",torch.bfloat16,16465920
mm_62,"torch.Size([6432, 1280])",torch.bfloat16,16465920
view_261,"torch.Size([1, 6432, 1280])",torch.bfloat16,16465920
view_262,"torch.Size([1, 6432, 16, 80])",torch.bfloat16,16465920
view_263,"torch.Size([1, 6432, 16, 80])",torch.bfloat16,16465920
view_264,"torch.Size([1, 6432, 16, 80])",torch.bfloat16,16465920
transpose_62,"torch.Size([1, 16, 6432, 80])",torch.bfloat16,16465920
transpose_63,"torch.Size([1, 16, 6432, 80])",torch.bfloat16,16465920
transpose_64,"torch.Size([1, 16, 6432, 80])",torch.bfloat16,16465920
expand_18,"torch.Size([1, 16, 6432, 6432])",torch.bfloat16,1323859968
getitem_156,"torch.Size([1, 16, 6432, 80])",torch.bfloat16,16465920
transpose_65,"torch.Size([1, 6432, 16, 80])",torch.bfloat16,16465920
view_265,"torch.Size([1, 6432, 1280])",torch.bfloat16,16465920
t_93,"torch.Size([1280, 1280])",torch.bfloat16,3276800
view_266,"torch.Size([6432, 1280])",torch.bfloat16,16465920
mm_63,"torch.Size([6432, 1280])",torch.bfloat16,16465920
view_267,"torch.Size([1, 6432, 1280])",torch.bfloat16,16465920
add_33,"torch.Size([1, 6432, 1280])",torch.bfloat16,16465920
getitem_160,"torch.Size([1, 6432, 1280])",torch.bfloat16,16465920
view_268,"torch.Size([6432, 1280])",torch.bfloat16,16465920
t_94,"torch.Size([1280, 5120])",torch.bfloat16,13107200
addmm_30,"torch.Size([6432, 5120])",torch.bfloat16,65863680
view_269,"torch.Size([1, 6432, 5120])",torch.bfloat16,65863680
gelu_15,"torch.Size([1, 6432, 5120])",torch.bfloat16,65863680
view_270,"torch.Size([6432, 5120])",torch.bfloat16,65863680
t_95,"torch.Size([5120, 1280])",torch.bfloat16,13107200
addmm_31,"torch.Size([6432, 1280])",torch.bfloat16,16465920
view_271,"torch.Size([1, 6432, 1280])",torch.bfloat16,16465920
add_34,"torch.Size([1, 6432, 1280])",torch.bfloat16,16465920
getitem_163,"torch.Size([1, 6432, 1280])",torch.bfloat16,16465920
t_96,"torch.Size([1280, 1280])",torch.bfloat16,3276800
view_272,"torch.Size([6432, 1280])",torch.bfloat16,16465920
mm_64,"torch.Size([6432, 1280])",torch.bfloat16,16465920
view_273,"torch.Size([1, 6432, 1280])",torch.bfloat16,16465920
t_97,"torch.Size([1280, 1280])",torch.bfloat16,3276800
view_274,"torch.Size([6432, 1280])",torch.bfloat16,16465920
mm_65,"torch.Size([6432, 1280])",torch.bfloat16,16465920
view_275,"torch.Size([1, 6432, 1280])",torch.bfloat16,16465920
t_98,"torch.Size([1280, 1280])",torch.bfloat16,3276800
view_276,"torch.Size([6432, 1280])",torch.bfloat16,16465920
mm_66,"torch.Size([6432, 1280])",torch.bfloat16,16465920
view_277,"torch.Size([1, 6432, 1280])",torch.bfloat16,16465920
view_278,"torch.Size([1, 6432, 16, 80])",torch.bfloat16,16465920
view_279,"torch.Size([1, 6432, 16, 80])",torch.bfloat16,16465920
view_280,"torch.Size([1, 6432, 16, 80])",torch.bfloat16,16465920
transpose_66,"torch.Size([1, 16, 6432, 80])",torch.bfloat16,16465920
transpose_67,"torch.Size([1, 16, 6432, 80])",torch.bfloat16,16465920
transpose_68,"torch.Size([1, 16, 6432, 80])",torch.bfloat16,16465920
expand_19,"torch.Size([1, 16, 6432, 6432])",torch.bfloat16,1323859968
getitem_166,"torch.Size([1, 16, 6432, 80])",torch.bfloat16,16465920
transpose_69,"torch.Size([1, 6432, 16, 80])",torch.bfloat16,16465920
view_281,"torch.Size([1, 6432, 1280])",torch.bfloat16,16465920
t_99,"torch.Size([1280, 1280])",torch.bfloat16,3276800
view_282,"torch.Size([6432, 1280])",torch.bfloat16,16465920
mm_67,"torch.Size([6432, 1280])",torch.bfloat16,16465920
view_283,"torch.Size([1, 6432, 1280])",torch.bfloat16,16465920
add_35,"torch.Size([1, 6432, 1280])",torch.bfloat16,16465920
getitem_170,"torch.Size([1, 6432, 1280])",torch.bfloat16,16465920
view_284,"torch.Size([6432, 1280])",torch.bfloat16,16465920
t_100,"torch.Size([1280, 5120])",torch.bfloat16,13107200
addmm_32,"torch.Size([6432, 5120])",torch.bfloat16,65863680
view_285,"torch.Size([1, 6432, 5120])",torch.bfloat16,65863680
gelu_16,"torch.Size([1, 6432, 5120])",torch.bfloat16,65863680
view_286,"torch.Size([6432, 5120])",torch.bfloat16,65863680
t_101,"torch.Size([5120, 1280])",torch.bfloat16,13107200
addmm_33,"torch.Size([6432, 1280])",torch.bfloat16,16465920
view_287,"torch.Size([1, 6432, 1280])",torch.bfloat16,16465920
add_36,"torch.Size([1, 6432, 1280])",torch.bfloat16,16465920
getitem_173,"torch.Size([1, 6432, 1280])",torch.bfloat16,16465920
t_102,"torch.Size([1280, 1280])",torch.bfloat16,3276800
view_288,"torch.Size([6432, 1280])",torch.bfloat16,16465920
mm_68,"torch.Size([6432, 1280])",torch.bfloat16,16465920
view_289,"torch.Size([1, 6432, 1280])",torch.bfloat16,16465920
t_103,"torch.Size([1280, 1280])",torch.bfloat16,3276800
view_290,"torch.Size([6432, 1280])",torch.bfloat16,16465920
mm_69,"torch.Size([6432, 1280])",torch.bfloat16,16465920
view_291,"torch.Size([1, 6432, 1280])",torch.bfloat16,16465920
t_104,"torch.Size([1280, 1280])",torch.bfloat16,3276800
view_292,"torch.Size([6432, 1280])",torch.bfloat16,16465920
mm_70,"torch.Size([6432, 1280])",torch.bfloat16,16465920
view_293,"torch.Size([1, 6432, 1280])",torch.bfloat16,16465920
view_294,"torch.Size([1, 6432, 16, 80])",torch.bfloat16,16465920
view_295,"torch.Size([1, 6432, 16, 80])",torch.bfloat16,16465920
view_296,"torch.Size([1, 6432, 16, 80])",torch.bfloat16,16465920
transpose_70,"torch.Size([1, 16, 6432, 80])",torch.bfloat16,16465920
transpose_71,"torch.Size([1, 16, 6432, 80])",torch.bfloat16,16465920
transpose_72,"torch.Size([1, 16, 6432, 80])",torch.bfloat16,16465920
expand_20,"torch.Size([1, 16, 6432, 6432])",torch.bfloat16,1323859968
getitem_176,"torch.Size([1, 16, 6432, 80])",torch.bfloat16,16465920
transpose_73,"torch.Size([1, 6432, 16, 80])",torch.bfloat16,16465920
view_297,"torch.Size([1, 6432, 1280])",torch.bfloat16,16465920
t_105,"torch.Size([1280, 1280])",torch.bfloat16,3276800
view_298,"torch.Size([6432, 1280])",torch.bfloat16,16465920
mm_71,"torch.Size([6432, 1280])",torch.bfloat16,16465920
view_299,"torch.Size([1, 6432, 1280])",torch.bfloat16,16465920
add_37,"torch.Size([1, 6432, 1280])",torch.bfloat16,16465920
getitem_180,"torch.Size([1, 6432, 1280])",torch.bfloat16,16465920
view_300,"torch.Size([6432, 1280])",torch.bfloat16,16465920
t_106,"torch.Size([1280, 5120])",torch.bfloat16,13107200
addmm_34,"torch.Size([6432, 5120])",torch.bfloat16,65863680
view_301,"torch.Size([1, 6432, 5120])",torch.bfloat16,65863680
gelu_17,"torch.Size([1, 6432, 5120])",torch.bfloat16,65863680
view_302,"torch.Size([6432, 5120])",torch.bfloat16,65863680
t_107,"torch.Size([5120, 1280])",torch.bfloat16,13107200
addmm_35,"torch.Size([6432, 1280])",torch.bfloat16,16465920
view_303,"torch.Size([1, 6432, 1280])",torch.bfloat16,16465920
add_38,"torch.Size([1, 6432, 1280])",torch.bfloat16,16465920
getitem_183,"torch.Size([1, 6432, 1280])",torch.bfloat16,16465920
t_108,"torch.Size([1280, 1280])",torch.bfloat16,3276800
view_304,"torch.Size([6432, 1280])",torch.bfloat16,16465920
mm_72,"torch.Size([6432, 1280])",torch.bfloat16,16465920
view_305,"torch.Size([1, 6432, 1280])",torch.bfloat16,16465920
t_109,"torch.Size([1280, 1280])",torch.bfloat16,3276800
view_306,"torch.Size([6432, 1280])",torch.bfloat16,16465920
mm_73,"torch.Size([6432, 1280])",torch.bfloat16,16465920
view_307,"torch.Size([1, 6432, 1280])",torch.bfloat16,16465920
t_110,"torch.Size([1280, 1280])",torch.bfloat16,3276800
view_308,"torch.Size([6432, 1280])",torch.bfloat16,16465920
mm_74,"torch.Size([6432, 1280])",torch.bfloat16,16465920
view_309,"torch.Size([1, 6432, 1280])",torch.bfloat16,16465920
view_310,"torch.Size([1, 6432, 16, 80])",torch.bfloat16,16465920
view_311,"torch.Size([1, 6432, 16, 80])",torch.bfloat16,16465920
view_312,"torch.Size([1, 6432, 16, 80])",torch.bfloat16,16465920
transpose_74,"torch.Size([1, 16, 6432, 80])",torch.bfloat16,16465920
transpose_75,"torch.Size([1, 16, 6432, 80])",torch.bfloat16,16465920
transpose_76,"torch.Size([1, 16, 6432, 80])",torch.bfloat16,16465920
expand_21,"torch.Size([1, 16, 6432, 6432])",torch.bfloat16,1323859968
getitem_186,"torch.Size([1, 16, 6432, 80])",torch.bfloat16,16465920
transpose_77,"torch.Size([1, 6432, 16, 80])",torch.bfloat16,16465920
view_313,"torch.Size([1, 6432, 1280])",torch.bfloat16,16465920
t_111,"torch.Size([1280, 1280])",torch.bfloat16,3276800
view_314,"torch.Size([6432, 1280])",torch.bfloat16,16465920
mm_75,"torch.Size([6432, 1280])",torch.bfloat16,16465920
view_315,"torch.Size([1, 6432, 1280])",torch.bfloat16,16465920
add_39,"torch.Size([1, 6432, 1280])",torch.bfloat16,16465920
getitem_190,"torch.Size([1, 6432, 1280])",torch.bfloat16,16465920
view_316,"torch.Size([6432, 1280])",torch.bfloat16,16465920
t_112,"torch.Size([1280, 5120])",torch.bfloat16,13107200
addmm_36,"torch.Size([6432, 5120])",torch.bfloat16,65863680
view_317,"torch.Size([1, 6432, 5120])",torch.bfloat16,65863680
gelu_18,"torch.Size([1, 6432, 5120])",torch.bfloat16,65863680
view_318,"torch.Size([6432, 5120])",torch.bfloat16,65863680
t_113,"torch.Size([5120, 1280])",torch.bfloat16,13107200
addmm_37,"torch.Size([6432, 1280])",torch.bfloat16,16465920
view_319,"torch.Size([1, 6432, 1280])",torch.bfloat16,16465920
add_40,"torch.Size([1, 6432, 1280])",torch.bfloat16,16465920
getitem_193,"torch.Size([1, 6432, 1280])",torch.bfloat16,16465920
t_114,"torch.Size([1280, 1280])",torch.bfloat16,3276800
view_320,"torch.Size([6432, 1280])",torch.bfloat16,16465920
mm_76,"torch.Size([6432, 1280])",torch.bfloat16,16465920
view_321,"torch.Size([1, 6432, 1280])",torch.bfloat16,16465920
t_115,"torch.Size([1280, 1280])",torch.bfloat16,3276800
view_322,"torch.Size([6432, 1280])",torch.bfloat16,16465920
mm_77,"torch.Size([6432, 1280])",torch.bfloat16,16465920
view_323,"torch.Size([1, 6432, 1280])",torch.bfloat16,16465920
t_116,"torch.Size([1280, 1280])",torch.bfloat16,3276800
view_324,"torch.Size([6432, 1280])",torch.bfloat16,16465920
mm_78,"torch.Size([6432, 1280])",torch.bfloat16,16465920
view_325,"torch.Size([1, 6432, 1280])",torch.bfloat16,16465920
view_326,"torch.Size([1, 6432, 16, 80])",torch.bfloat16,16465920
view_327,"torch.Size([1, 6432, 16, 80])",torch.bfloat16,16465920
view_328,"torch.Size([1, 6432, 16, 80])",torch.bfloat16,16465920
transpose_78,"torch.Size([1, 16, 6432, 80])",torch.bfloat16,16465920
transpose_79,"torch.Size([1, 16, 6432, 80])",torch.bfloat16,16465920
transpose_80,"torch.Size([1, 16, 6432, 80])",torch.bfloat16,16465920
expand_22,"torch.Size([1, 16, 6432, 6432])",torch.bfloat16,1323859968
getitem_196,"torch.Size([1, 16, 6432, 80])",torch.bfloat16,16465920
transpose_81,"torch.Size([1, 6432, 16, 80])",torch.bfloat16,16465920
view_329,"torch.Size([1, 6432, 1280])",torch.bfloat16,16465920
t_117,"torch.Size([1280, 1280])",torch.bfloat16,3276800
view_330,"torch.Size([6432, 1280])",torch.bfloat16,16465920
mm_79,"torch.Size([6432, 1280])",torch.bfloat16,16465920
view_331,"torch.Size([1, 6432, 1280])",torch.bfloat16,16465920
add_41,"torch.Size([1, 6432, 1280])",torch.bfloat16,16465920
getitem_200,"torch.Size([1, 6432, 1280])",torch.bfloat16,16465920
view_332,"torch.Size([6432, 1280])",torch.bfloat16,16465920
t_118,"torch.Size([1280, 5120])",torch.bfloat16,13107200
addmm_38,"torch.Size([6432, 5120])",torch.bfloat16,65863680
view_333,"torch.Size([1, 6432, 5120])",torch.bfloat16,65863680
gelu_19,"torch.Size([1, 6432, 5120])",torch.bfloat16,65863680
view_334,"torch.Size([6432, 5120])",torch.bfloat16,65863680
t_119,"torch.Size([5120, 1280])",torch.bfloat16,13107200
addmm_39,"torch.Size([6432, 1280])",torch.bfloat16,16465920
view_335,"torch.Size([1, 6432, 1280])",torch.bfloat16,16465920
add_42,"torch.Size([1, 6432, 1280])",torch.bfloat16,16465920
getitem_203,"torch.Size([1, 6432, 1280])",torch.bfloat16,16465920
t_120,"torch.Size([1280, 1280])",torch.bfloat16,3276800
view_336,"torch.Size([6432, 1280])",torch.bfloat16,16465920
mm_80,"torch.Size([6432, 1280])",torch.bfloat16,16465920
view_337,"torch.Size([1, 6432, 1280])",torch.bfloat16,16465920
t_121,"torch.Size([1280, 1280])",torch.bfloat16,3276800
view_338,"torch.Size([6432, 1280])",torch.bfloat16,16465920
mm_81,"torch.Size([6432, 1280])",torch.bfloat16,16465920
view_339,"torch.Size([1, 6432, 1280])",torch.bfloat16,16465920
t_122,"torch.Size([1280, 1280])",torch.bfloat16,3276800
view_340,"torch.Size([6432, 1280])",torch.bfloat16,16465920
mm_82,"torch.Size([6432, 1280])",torch.bfloat16,16465920
view_341,"torch.Size([1, 6432, 1280])",torch.bfloat16,16465920
view_342,"torch.Size([1, 6432, 16, 80])",torch.bfloat16,16465920
view_343,"torch.Size([1, 6432, 16, 80])",torch.bfloat16,16465920
view_344,"torch.Size([1, 6432, 16, 80])",torch.bfloat16,16465920
transpose_82,"torch.Size([1, 16, 6432, 80])",torch.bfloat16,16465920
transpose_83,"torch.Size([1, 16, 6432, 80])",torch.bfloat16,16465920
transpose_84,"torch.Size([1, 16, 6432, 80])",torch.bfloat16,16465920
expand_23,"torch.Size([1, 16, 6432, 6432])",torch.bfloat16,1323859968
getitem_206,"torch.Size([1, 16, 6432, 80])",torch.bfloat16,16465920
transpose_85,"torch.Size([1, 6432, 16, 80])",torch.bfloat16,16465920
view_345,"torch.Size([1, 6432, 1280])",torch.bfloat16,16465920
t_123,"torch.Size([1280, 1280])",torch.bfloat16,3276800
view_346,"torch.Size([6432, 1280])",torch.bfloat16,16465920
mm_83,"torch.Size([6432, 1280])",torch.bfloat16,16465920
view_347,"torch.Size([1, 6432, 1280])",torch.bfloat16,16465920
add_43,"torch.Size([1, 6432, 1280])",torch.bfloat16,16465920
getitem_210,"torch.Size([1, 6432, 1280])",torch.bfloat16,16465920
view_348,"torch.Size([6432, 1280])",torch.bfloat16,16465920
t_124,"torch.Size([1280, 5120])",torch.bfloat16,13107200
addmm_40,"torch.Size([6432, 5120])",torch.bfloat16,65863680
view_349,"torch.Size([1, 6432, 5120])",torch.bfloat16,65863680
gelu_20,"torch.Size([1, 6432, 5120])",torch.bfloat16,65863680
view_350,"torch.Size([6432, 5120])",torch.bfloat16,65863680
t_125,"torch.Size([5120, 1280])",torch.bfloat16,13107200
addmm_41,"torch.Size([6432, 1280])",torch.bfloat16,16465920
view_351,"torch.Size([1, 6432, 1280])",torch.bfloat16,16465920
add_44,"torch.Size([1, 6432, 1280])",torch.bfloat16,16465920
getitem_213,"torch.Size([1, 6432, 1280])",torch.bfloat16,16465920
t_126,"torch.Size([1280, 1280])",torch.bfloat16,3276800
view_352,"torch.Size([6432, 1280])",torch.bfloat16,16465920
mm_84,"torch.Size([6432, 1280])",torch.bfloat16,16465920
view_353,"torch.Size([1, 6432, 1280])",torch.bfloat16,16465920
t_127,"torch.Size([1280, 1280])",torch.bfloat16,3276800
view_354,"torch.Size([6432, 1280])",torch.bfloat16,16465920
mm_85,"torch.Size([6432, 1280])",torch.bfloat16,16465920
view_355,"torch.Size([1, 6432, 1280])",torch.bfloat16,16465920
t_128,"torch.Size([1280, 1280])",torch.bfloat16,3276800
view_356,"torch.Size([6432, 1280])",torch.bfloat16,16465920
mm_86,"torch.Size([6432, 1280])",torch.bfloat16,16465920
view_357,"torch.Size([1, 6432, 1280])",torch.bfloat16,16465920
view_358,"torch.Size([1, 6432, 16, 80])",torch.bfloat16,16465920
view_359,"torch.Size([1, 6432, 16, 80])",torch.bfloat16,16465920
view_360,"torch.Size([1, 6432, 16, 80])",torch.bfloat16,16465920
transpose_86,"torch.Size([1, 16, 6432, 80])",torch.bfloat16,16465920
transpose_87,"torch.Size([1, 16, 6432, 80])",torch.bfloat16,16465920
transpose_88,"torch.Size([1, 16, 6432, 80])",torch.bfloat16,16465920
expand_24,"torch.Size([1, 16, 6432, 6432])",torch.bfloat16,1323859968
getitem_216,"torch.Size([1, 16, 6432, 80])",torch.bfloat16,16465920
transpose_89,"torch.Size([1, 6432, 16, 80])",torch.bfloat16,16465920
view_361,"torch.Size([1, 6432, 1280])",torch.bfloat16,16465920
t_129,"torch.Size([1280, 1280])",torch.bfloat16,3276800
view_362,"torch.Size([6432, 1280])",torch.bfloat16,16465920
mm_87,"torch.Size([6432, 1280])",torch.bfloat16,16465920
view_363,"torch.Size([1, 6432, 1280])",torch.bfloat16,16465920
add_45,"torch.Size([1, 6432, 1280])",torch.bfloat16,16465920
getitem_220,"torch.Size([1, 6432, 1280])",torch.bfloat16,16465920
view_364,"torch.Size([6432, 1280])",torch.bfloat16,16465920
t_130,"torch.Size([1280, 5120])",torch.bfloat16,13107200
addmm_42,"torch.Size([6432, 5120])",torch.bfloat16,65863680
view_365,"torch.Size([1, 6432, 5120])",torch.bfloat16,65863680
gelu_21,"torch.Size([1, 6432, 5120])",torch.bfloat16,65863680
view_366,"torch.Size([6432, 5120])",torch.bfloat16,65863680
t_131,"torch.Size([5120, 1280])",torch.bfloat16,13107200
addmm_43,"torch.Size([6432, 1280])",torch.bfloat16,16465920
view_367,"torch.Size([1, 6432, 1280])",torch.bfloat16,16465920
add_46,"torch.Size([1, 6432, 1280])",torch.bfloat16,16465920
getitem_223,"torch.Size([1, 6432, 1280])",torch.bfloat16,16465920
t_132,"torch.Size([1280, 1280])",torch.bfloat16,3276800
view_368,"torch.Size([6432, 1280])",torch.bfloat16,16465920
mm_88,"torch.Size([6432, 1280])",torch.bfloat16,16465920
view_369,"torch.Size([1, 6432, 1280])",torch.bfloat16,16465920
t_133,"torch.Size([1280, 1280])",torch.bfloat16,3276800
view_370,"torch.Size([6432, 1280])",torch.bfloat16,16465920
mm_89,"torch.Size([6432, 1280])",torch.bfloat16,16465920
view_371,"torch.Size([1, 6432, 1280])",torch.bfloat16,16465920
t_134,"torch.Size([1280, 1280])",torch.bfloat16,3276800
view_372,"torch.Size([6432, 1280])",torch.bfloat16,16465920
mm_90,"torch.Size([6432, 1280])",torch.bfloat16,16465920
view_373,"torch.Size([1, 6432, 1280])",torch.bfloat16,16465920
view_374,"torch.Size([1, 6432, 16, 80])",torch.bfloat16,16465920
view_375,"torch.Size([1, 6432, 16, 80])",torch.bfloat16,16465920
view_376,"torch.Size([1, 6432, 16, 80])",torch.bfloat16,16465920
transpose_90,"torch.Size([1, 16, 6432, 80])",torch.bfloat16,16465920
transpose_91,"torch.Size([1, 16, 6432, 80])",torch.bfloat16,16465920
transpose_92,"torch.Size([1, 16, 6432, 80])",torch.bfloat16,16465920
expand_25,"torch.Size([1, 16, 6432, 6432])",torch.bfloat16,1323859968
getitem_226,"torch.Size([1, 16, 6432, 80])",torch.bfloat16,16465920
transpose_93,"torch.Size([1, 6432, 16, 80])",torch.bfloat16,16465920
view_377,"torch.Size([1, 6432, 1280])",torch.bfloat16,16465920
t_135,"torch.Size([1280, 1280])",torch.bfloat16,3276800
view_378,"torch.Size([6432, 1280])",torch.bfloat16,16465920
mm_91,"torch.Size([6432, 1280])",torch.bfloat16,16465920
view_379,"torch.Size([1, 6432, 1280])",torch.bfloat16,16465920
add_47,"torch.Size([1, 6432, 1280])",torch.bfloat16,16465920
getitem_230,"torch.Size([1, 6432, 1280])",torch.bfloat16,16465920
view_380,"torch.Size([6432, 1280])",torch.bfloat16,16465920
t_136,"torch.Size([1280, 5120])",torch.bfloat16,13107200
addmm_44,"torch.Size([6432, 5120])",torch.bfloat16,65863680
view_381,"torch.Size([1, 6432, 5120])",torch.bfloat16,65863680
gelu_22,"torch.Size([1, 6432, 5120])",torch.bfloat16,65863680
view_382,"torch.Size([6432, 5120])",torch.bfloat16,65863680
t_137,"torch.Size([5120, 1280])",torch.bfloat16,13107200
addmm_45,"torch.Size([6432, 1280])",torch.bfloat16,16465920
view_383,"torch.Size([1, 6432, 1280])",torch.bfloat16,16465920
add_48,"torch.Size([1, 6432, 1280])",torch.bfloat16,16465920
getitem_233,"torch.Size([1, 6432, 1280])",torch.bfloat16,16465920
t_138,"torch.Size([1280, 1280])",torch.bfloat16,3276800
view_384,"torch.Size([6432, 1280])",torch.bfloat16,16465920
mm_92,"torch.Size([6432, 1280])",torch.bfloat16,16465920
view_385,"torch.Size([1, 6432, 1280])",torch.bfloat16,16465920
t_139,"torch.Size([1280, 1280])",torch.bfloat16,3276800
view_386,"torch.Size([6432, 1280])",torch.bfloat16,16465920
mm_93,"torch.Size([6432, 1280])",torch.bfloat16,16465920
view_387,"torch.Size([1, 6432, 1280])",torch.bfloat16,16465920
t_140,"torch.Size([1280, 1280])",torch.bfloat16,3276800
view_388,"torch.Size([6432, 1280])",torch.bfloat16,16465920
mm_94,"torch.Size([6432, 1280])",torch.bfloat16,16465920
view_389,"torch.Size([1, 6432, 1280])",torch.bfloat16,16465920
view_390,"torch.Size([1, 6432, 16, 80])",torch.bfloat16,16465920
view_391,"torch.Size([1, 6432, 16, 80])",torch.bfloat16,16465920
view_392,"torch.Size([1, 6432, 16, 80])",torch.bfloat16,16465920
transpose_94,"torch.Size([1, 16, 6432, 80])",torch.bfloat16,16465920
transpose_95,"torch.Size([1, 16, 6432, 80])",torch.bfloat16,16465920
transpose_96,"torch.Size([1, 16, 6432, 80])",torch.bfloat16,16465920
expand_26,"torch.Size([1, 16, 6432, 6432])",torch.bfloat16,1323859968
getitem_236,"torch.Size([1, 16, 6432, 80])",torch.bfloat16,16465920
transpose_97,"torch.Size([1, 6432, 16, 80])",torch.bfloat16,16465920
view_393,"torch.Size([1, 6432, 1280])",torch.bfloat16,16465920
t_141,"torch.Size([1280, 1280])",torch.bfloat16,3276800
view_394,"torch.Size([6432, 1280])",torch.bfloat16,16465920
mm_95,"torch.Size([6432, 1280])",torch.bfloat16,16465920
view_395,"torch.Size([1, 6432, 1280])",torch.bfloat16,16465920
add_49,"torch.Size([1, 6432, 1280])",torch.bfloat16,16465920
getitem_240,"torch.Size([1, 6432, 1280])",torch.bfloat16,16465920
view_396,"torch.Size([6432, 1280])",torch.bfloat16,16465920
t_142,"torch.Size([1280, 5120])",torch.bfloat16,13107200
addmm_46,"torch.Size([6432, 5120])",torch.bfloat16,65863680
view_397,"torch.Size([1, 6432, 5120])",torch.bfloat16,65863680
gelu_23,"torch.Size([1, 6432, 5120])",torch.bfloat16,65863680
view_398,"torch.Size([6432, 5120])",torch.bfloat16,65863680
t_143,"torch.Size([5120, 1280])",torch.bfloat16,13107200
addmm_47,"torch.Size([6432, 1280])",torch.bfloat16,16465920
view_399,"torch.Size([1, 6432, 1280])",torch.bfloat16,16465920
add_50,"torch.Size([1, 6432, 1280])",torch.bfloat16,16465920
getitem_243,"torch.Size([1, 6432, 1280])",torch.bfloat16,16465920
t_144,"torch.Size([1280, 1280])",torch.bfloat16,3276800
view_400,"torch.Size([6432, 1280])",torch.bfloat16,16465920
mm_96,"torch.Size([6432, 1280])",torch.bfloat16,16465920
view_401,"torch.Size([1, 6432, 1280])",torch.bfloat16,16465920
t_145,"torch.Size([1280, 1280])",torch.bfloat16,3276800
view_402,"torch.Size([6432, 1280])",torch.bfloat16,16465920
mm_97,"torch.Size([6432, 1280])",torch.bfloat16,16465920
view_403,"torch.Size([1, 6432, 1280])",torch.bfloat16,16465920
t_146,"torch.Size([1280, 1280])",torch.bfloat16,3276800
view_404,"torch.Size([6432, 1280])",torch.bfloat16,16465920
mm_98,"torch.Size([6432, 1280])",torch.bfloat16,16465920
view_405,"torch.Size([1, 6432, 1280])",torch.bfloat16,16465920
view_406,"torch.Size([1, 6432, 16, 80])",torch.bfloat16,16465920
view_407,"torch.Size([1, 6432, 16, 80])",torch.bfloat16,16465920
view_408,"torch.Size([1, 6432, 16, 80])",torch.bfloat16,16465920
transpose_98,"torch.Size([1, 16, 6432, 80])",torch.bfloat16,16465920
transpose_99,"torch.Size([1, 16, 6432, 80])",torch.bfloat16,16465920
transpose_100,"torch.Size([1, 16, 6432, 80])",torch.bfloat16,16465920
expand_27,"torch.Size([1, 16, 6432, 6432])",torch.bfloat16,1323859968
getitem_246,"torch.Size([1, 16, 6432, 80])",torch.bfloat16,16465920
transpose_101,"torch.Size([1, 6432, 16, 80])",torch.bfloat16,16465920
view_409,"torch.Size([1, 6432, 1280])",torch.bfloat16,16465920
t_147,"torch.Size([1280, 1280])",torch.bfloat16,3276800
view_410,"torch.Size([6432, 1280])",torch.bfloat16,16465920
mm_99,"torch.Size([6432, 1280])",torch.bfloat16,16465920
view_411,"torch.Size([1, 6432, 1280])",torch.bfloat16,16465920
add_51,"torch.Size([1, 6432, 1280])",torch.bfloat16,16465920
getitem_250,"torch.Size([1, 6432, 1280])",torch.bfloat16,16465920
view_412,"torch.Size([6432, 1280])",torch.bfloat16,16465920
t_148,"torch.Size([1280, 5120])",torch.bfloat16,13107200
addmm_48,"torch.Size([6432, 5120])",torch.bfloat16,65863680
view_413,"torch.Size([1, 6432, 5120])",torch.bfloat16,65863680
gelu_24,"torch.Size([1, 6432, 5120])",torch.bfloat16,65863680
view_414,"torch.Size([6432, 5120])",torch.bfloat16,65863680
t_149,"torch.Size([5120, 1280])",torch.bfloat16,13107200
addmm_49,"torch.Size([6432, 1280])",torch.bfloat16,16465920
view_415,"torch.Size([1, 6432, 1280])",torch.bfloat16,16465920
add_52,"torch.Size([1, 6432, 1280])",torch.bfloat16,16465920
getitem_253,"torch.Size([1, 6432, 1280])",torch.bfloat16,16465920
t_150,"torch.Size([1280, 1280])",torch.bfloat16,3276800
view_416,"torch.Size([6432, 1280])",torch.bfloat16,16465920
mm_100,"torch.Size([6432, 1280])",torch.bfloat16,16465920
view_417,"torch.Size([1, 6432, 1280])",torch.bfloat16,16465920
t_151,"torch.Size([1280, 1280])",torch.bfloat16,3276800
view_418,"torch.Size([6432, 1280])",torch.bfloat16,16465920
mm_101,"torch.Size([6432, 1280])",torch.bfloat16,16465920
view_419,"torch.Size([1, 6432, 1280])",torch.bfloat16,16465920
t_152,"torch.Size([1280, 1280])",torch.bfloat16,3276800
view_420,"torch.Size([6432, 1280])",torch.bfloat16,16465920
mm_102,"torch.Size([6432, 1280])",torch.bfloat16,16465920
view_421,"torch.Size([1, 6432, 1280])",torch.bfloat16,16465920
view_422,"torch.Size([1, 6432, 16, 80])",torch.bfloat16,16465920
view_423,"torch.Size([1, 6432, 16, 80])",torch.bfloat16,16465920
view_424,"torch.Size([1, 6432, 16, 80])",torch.bfloat16,16465920
transpose_102,"torch.Size([1, 16, 6432, 80])",torch.bfloat16,16465920
transpose_103,"torch.Size([1, 16, 6432, 80])",torch.bfloat16,16465920
transpose_104,"torch.Size([1, 16, 6432, 80])",torch.bfloat16,16465920
expand_28,"torch.Size([1, 16, 6432, 6432])",torch.bfloat16,1323859968
getitem_256,"torch.Size([1, 16, 6432, 80])",torch.bfloat16,16465920
transpose_105,"torch.Size([1, 6432, 16, 80])",torch.bfloat16,16465920
view_425,"torch.Size([1, 6432, 1280])",torch.bfloat16,16465920
t_153,"torch.Size([1280, 1280])",torch.bfloat16,3276800
view_426,"torch.Size([6432, 1280])",torch.bfloat16,16465920
mm_103,"torch.Size([6432, 1280])",torch.bfloat16,16465920
view_427,"torch.Size([1, 6432, 1280])",torch.bfloat16,16465920
add_53,"torch.Size([1, 6432, 1280])",torch.bfloat16,16465920
getitem_260,"torch.Size([1, 6432, 1280])",torch.bfloat16,16465920
view_428,"torch.Size([6432, 1280])",torch.bfloat16,16465920
t_154,"torch.Size([1280, 5120])",torch.bfloat16,13107200
addmm_50,"torch.Size([6432, 5120])",torch.bfloat16,65863680
view_429,"torch.Size([1, 6432, 5120])",torch.bfloat16,65863680
gelu_25,"torch.Size([1, 6432, 5120])",torch.bfloat16,65863680
view_430,"torch.Size([6432, 5120])",torch.bfloat16,65863680
t_155,"torch.Size([5120, 1280])",torch.bfloat16,13107200
addmm_51,"torch.Size([6432, 1280])",torch.bfloat16,16465920
view_431,"torch.Size([1, 6432, 1280])",torch.bfloat16,16465920
add_54,"torch.Size([1, 6432, 1280])",torch.bfloat16,16465920
getitem_263,"torch.Size([1, 6432, 1280])",torch.bfloat16,16465920
t_156,"torch.Size([1280, 1280])",torch.bfloat16,3276800
view_432,"torch.Size([6432, 1280])",torch.bfloat16,16465920
mm_104,"torch.Size([6432, 1280])",torch.bfloat16,16465920
view_433,"torch.Size([1, 6432, 1280])",torch.bfloat16,16465920
t_157,"torch.Size([1280, 1280])",torch.bfloat16,3276800
view_434,"torch.Size([6432, 1280])",torch.bfloat16,16465920
mm_105,"torch.Size([6432, 1280])",torch.bfloat16,16465920
view_435,"torch.Size([1, 6432, 1280])",torch.bfloat16,16465920
t_158,"torch.Size([1280, 1280])",torch.bfloat16,3276800
view_436,"torch.Size([6432, 1280])",torch.bfloat16,16465920
mm_106,"torch.Size([6432, 1280])",torch.bfloat16,16465920
view_437,"torch.Size([1, 6432, 1280])",torch.bfloat16,16465920
view_438,"torch.Size([1, 6432, 16, 80])",torch.bfloat16,16465920
view_439,"torch.Size([1, 6432, 16, 80])",torch.bfloat16,16465920
view_440,"torch.Size([1, 6432, 16, 80])",torch.bfloat16,16465920
transpose_106,"torch.Size([1, 16, 6432, 80])",torch.bfloat16,16465920
transpose_107,"torch.Size([1, 16, 6432, 80])",torch.bfloat16,16465920
transpose_108,"torch.Size([1, 16, 6432, 80])",torch.bfloat16,16465920
expand_29,"torch.Size([1, 16, 6432, 6432])",torch.bfloat16,1323859968
getitem_266,"torch.Size([1, 16, 6432, 80])",torch.bfloat16,16465920
transpose_109,"torch.Size([1, 6432, 16, 80])",torch.bfloat16,16465920
view_441,"torch.Size([1, 6432, 1280])",torch.bfloat16,16465920
t_159,"torch.Size([1280, 1280])",torch.bfloat16,3276800
view_442,"torch.Size([6432, 1280])",torch.bfloat16,16465920
mm_107,"torch.Size([6432, 1280])",torch.bfloat16,16465920
view_443,"torch.Size([1, 6432, 1280])",torch.bfloat16,16465920
add_55,"torch.Size([1, 6432, 1280])",torch.bfloat16,16465920
getitem_270,"torch.Size([1, 6432, 1280])",torch.bfloat16,16465920
view_444,"torch.Size([6432, 1280])",torch.bfloat16,16465920
t_160,"torch.Size([1280, 5120])",torch.bfloat16,13107200
addmm_52,"torch.Size([6432, 5120])",torch.bfloat16,65863680
view_445,"torch.Size([1, 6432, 5120])",torch.bfloat16,65863680
gelu_26,"torch.Size([1, 6432, 5120])",torch.bfloat16,65863680
view_446,"torch.Size([6432, 5120])",torch.bfloat16,65863680
t_161,"torch.Size([5120, 1280])",torch.bfloat16,13107200
addmm_53,"torch.Size([6432, 1280])",torch.bfloat16,16465920
view_447,"torch.Size([1, 6432, 1280])",torch.bfloat16,16465920
add_56,"torch.Size([1, 6432, 1280])",torch.bfloat16,16465920
getitem_273,"torch.Size([1, 6432, 1280])",torch.bfloat16,16465920
t_162,"torch.Size([1280, 1280])",torch.bfloat16,3276800
view_448,"torch.Size([6432, 1280])",torch.bfloat16,16465920
mm_108,"torch.Size([6432, 1280])",torch.bfloat16,16465920
view_449,"torch.Size([1, 6432, 1280])",torch.bfloat16,16465920
t_163,"torch.Size([1280, 1280])",torch.bfloat16,3276800
view_450,"torch.Size([6432, 1280])",torch.bfloat16,16465920
mm_109,"torch.Size([6432, 1280])",torch.bfloat16,16465920
view_451,"torch.Size([1, 6432, 1280])",torch.bfloat16,16465920
t_164,"torch.Size([1280, 1280])",torch.bfloat16,3276800
view_452,"torch.Size([6432, 1280])",torch.bfloat16,16465920
mm_110,"torch.Size([6432, 1280])",torch.bfloat16,16465920
view_453,"torch.Size([1, 6432, 1280])",torch.bfloat16,16465920
view_454,"torch.Size([1, 6432, 16, 80])",torch.bfloat16,16465920
view_455,"torch.Size([1, 6432, 16, 80])",torch.bfloat16,16465920
view_456,"torch.Size([1, 6432, 16, 80])",torch.bfloat16,16465920
transpose_110,"torch.Size([1, 16, 6432, 80])",torch.bfloat16,16465920
transpose_111,"torch.Size([1, 16, 6432, 80])",torch.bfloat16,16465920
transpose_112,"torch.Size([1, 16, 6432, 80])",torch.bfloat16,16465920
expand_30,"torch.Size([1, 16, 6432, 6432])",torch.bfloat16,1323859968
getitem_276,"torch.Size([1, 16, 6432, 80])",torch.bfloat16,16465920
transpose_113,"torch.Size([1, 6432, 16, 80])",torch.bfloat16,16465920
view_457,"torch.Size([1, 6432, 1280])",torch.bfloat16,16465920
t_165,"torch.Size([1280, 1280])",torch.bfloat16,3276800
view_458,"torch.Size([6432, 1280])",torch.bfloat16,16465920
mm_111,"torch.Size([6432, 1280])",torch.bfloat16,16465920
view_459,"torch.Size([1, 6432, 1280])",torch.bfloat16,16465920
add_57,"torch.Size([1, 6432, 1280])",torch.bfloat16,16465920
getitem_280,"torch.Size([1, 6432, 1280])",torch.bfloat16,16465920
view_460,"torch.Size([6432, 1280])",torch.bfloat16,16465920
t_166,"torch.Size([1280, 5120])",torch.bfloat16,13107200
addmm_54,"torch.Size([6432, 5120])",torch.bfloat16,65863680
view_461,"torch.Size([1, 6432, 5120])",torch.bfloat16,65863680
gelu_27,"torch.Size([1, 6432, 5120])",torch.bfloat16,65863680
view_462,"torch.Size([6432, 5120])",torch.bfloat16,65863680
t_167,"torch.Size([5120, 1280])",torch.bfloat16,13107200
addmm_55,"torch.Size([6432, 1280])",torch.bfloat16,16465920
view_463,"torch.Size([1, 6432, 1280])",torch.bfloat16,16465920
add_58,"torch.Size([1, 6432, 1280])",torch.bfloat16,16465920
getitem_283,"torch.Size([1, 6432, 1280])",torch.bfloat16,16465920
t_168,"torch.Size([1280, 1280])",torch.bfloat16,3276800
view_464,"torch.Size([6432, 1280])",torch.bfloat16,16465920
mm_112,"torch.Size([6432, 1280])",torch.bfloat16,16465920
view_465,"torch.Size([1, 6432, 1280])",torch.bfloat16,16465920
t_169,"torch.Size([1280, 1280])",torch.bfloat16,3276800
view_466,"torch.Size([6432, 1280])",torch.bfloat16,16465920
mm_113,"torch.Size([6432, 1280])",torch.bfloat16,16465920
view_467,"torch.Size([1, 6432, 1280])",torch.bfloat16,16465920
t_170,"torch.Size([1280, 1280])",torch.bfloat16,3276800
view_468,"torch.Size([6432, 1280])",torch.bfloat16,16465920
mm_114,"torch.Size([6432, 1280])",torch.bfloat16,16465920
view_469,"torch.Size([1, 6432, 1280])",torch.bfloat16,16465920
view_470,"torch.Size([1, 6432, 16, 80])",torch.bfloat16,16465920
view_471,"torch.Size([1, 6432, 16, 80])",torch.bfloat16,16465920
view_472,"torch.Size([1, 6432, 16, 80])",torch.bfloat16,16465920
transpose_114,"torch.Size([1, 16, 6432, 80])",torch.bfloat16,16465920
transpose_115,"torch.Size([1, 16, 6432, 80])",torch.bfloat16,16465920
transpose_116,"torch.Size([1, 16, 6432, 80])",torch.bfloat16,16465920
expand_31,"torch.Size([1, 16, 6432, 6432])",torch.bfloat16,1323859968
getitem_286,"torch.Size([1, 16, 6432, 80])",torch.bfloat16,16465920
transpose_117,"torch.Size([1, 6432, 16, 80])",torch.bfloat16,16465920
view_473,"torch.Size([1, 6432, 1280])",torch.bfloat16,16465920
t_171,"torch.Size([1280, 1280])",torch.bfloat16,3276800
view_474,"torch.Size([6432, 1280])",torch.bfloat16,16465920
mm_115,"torch.Size([6432, 1280])",torch.bfloat16,16465920
view_475,"torch.Size([1, 6432, 1280])",torch.bfloat16,16465920
add_59,"torch.Size([1, 6432, 1280])",torch.bfloat16,16465920
getitem_290,"torch.Size([1, 6432, 1280])",torch.bfloat16,16465920
view_476,"torch.Size([6432, 1280])",torch.bfloat16,16465920
t_172,"torch.Size([1280, 5120])",torch.bfloat16,13107200
addmm_56,"torch.Size([6432, 5120])",torch.bfloat16,65863680
view_477,"torch.Size([1, 6432, 5120])",torch.bfloat16,65863680
gelu_28,"torch.Size([1, 6432, 5120])",torch.bfloat16,65863680
view_478,"torch.Size([6432, 5120])",torch.bfloat16,65863680
t_173,"torch.Size([5120, 1280])",torch.bfloat16,13107200
addmm_57,"torch.Size([6432, 1280])",torch.bfloat16,16465920
view_479,"torch.Size([1, 6432, 1280])",torch.bfloat16,16465920
add_60,"torch.Size([1, 6432, 1280])",torch.bfloat16,16465920
getitem_293,"torch.Size([1, 6432, 1280])",torch.bfloat16,16465920
t_174,"torch.Size([1280, 1280])",torch.bfloat16,3276800
view_480,"torch.Size([6432, 1280])",torch.bfloat16,16465920
mm_116,"torch.Size([6432, 1280])",torch.bfloat16,16465920
view_481,"torch.Size([1, 6432, 1280])",torch.bfloat16,16465920
t_175,"torch.Size([1280, 1280])",torch.bfloat16,3276800
view_482,"torch.Size([6432, 1280])",torch.bfloat16,16465920
mm_117,"torch.Size([6432, 1280])",torch.bfloat16,16465920
view_483,"torch.Size([1, 6432, 1280])",torch.bfloat16,16465920
t_176,"torch.Size([1280, 1280])",torch.bfloat16,3276800
view_484,"torch.Size([6432, 1280])",torch.bfloat16,16465920
mm_118,"torch.Size([6432, 1280])",torch.bfloat16,16465920
view_485,"torch.Size([1, 6432, 1280])",torch.bfloat16,16465920
view_486,"torch.Size([1, 6432, 16, 80])",torch.bfloat16,16465920
view_487,"torch.Size([1, 6432, 16, 80])",torch.bfloat16,16465920
view_488,"torch.Size([1, 6432, 16, 80])",torch.bfloat16,16465920
transpose_118,"torch.Size([1, 16, 6432, 80])",torch.bfloat16,16465920
transpose_119,"torch.Size([1, 16, 6432, 80])",torch.bfloat16,16465920
transpose_120,"torch.Size([1, 16, 6432, 80])",torch.bfloat16,16465920
expand_32,"torch.Size([1, 16, 6432, 6432])",torch.bfloat16,1323859968
getitem_296,"torch.Size([1, 16, 6432, 80])",torch.bfloat16,16465920
transpose_121,"torch.Size([1, 6432, 16, 80])",torch.bfloat16,16465920
view_489,"torch.Size([1, 6432, 1280])",torch.bfloat16,16465920
t_177,"torch.Size([1280, 1280])",torch.bfloat16,3276800
view_490,"torch.Size([6432, 1280])",torch.bfloat16,16465920
mm_119,"torch.Size([6432, 1280])",torch.bfloat16,16465920
view_491,"torch.Size([1, 6432, 1280])",torch.bfloat16,16465920
add_61,"torch.Size([1, 6432, 1280])",torch.bfloat16,16465920
getitem_300,"torch.Size([1, 6432, 1280])",torch.bfloat16,16465920
view_492,"torch.Size([6432, 1280])",torch.bfloat16,16465920
t_178,"torch.Size([1280, 5120])",torch.bfloat16,13107200
addmm_58,"torch.Size([6432, 5120])",torch.bfloat16,65863680
view_493,"torch.Size([1, 6432, 5120])",torch.bfloat16,65863680
gelu_29,"torch.Size([1, 6432, 5120])",torch.bfloat16,65863680
view_494,"torch.Size([6432, 5120])",torch.bfloat16,65863680
t_179,"torch.Size([5120, 1280])",torch.bfloat16,13107200
addmm_59,"torch.Size([6432, 1280])",torch.bfloat16,16465920
view_495,"torch.Size([1, 6432, 1280])",torch.bfloat16,16465920
add_62,"torch.Size([1, 6432, 1280])",torch.bfloat16,16465920
getitem_303,"torch.Size([1, 6432, 1280])",torch.bfloat16,16465920
t_180,"torch.Size([1280, 1280])",torch.bfloat16,3276800
view_496,"torch.Size([6432, 1280])",torch.bfloat16,16465920
mm_120,"torch.Size([6432, 1280])",torch.bfloat16,16465920
view_497,"torch.Size([1, 6432, 1280])",torch.bfloat16,16465920
t_181,"torch.Size([1280, 1280])",torch.bfloat16,3276800
view_498,"torch.Size([6432, 1280])",torch.bfloat16,16465920
mm_121,"torch.Size([6432, 1280])",torch.bfloat16,16465920
view_499,"torch.Size([1, 6432, 1280])",torch.bfloat16,16465920
t_182,"torch.Size([1280, 1280])",torch.bfloat16,3276800
view_500,"torch.Size([6432, 1280])",torch.bfloat16,16465920
mm_122,"torch.Size([6432, 1280])",torch.bfloat16,16465920
view_501,"torch.Size([1, 6432, 1280])",torch.bfloat16,16465920
view_502,"torch.Size([1, 6432, 16, 80])",torch.bfloat16,16465920
view_503,"torch.Size([1, 6432, 16, 80])",torch.bfloat16,16465920
view_504,"torch.Size([1, 6432, 16, 80])",torch.bfloat16,16465920
transpose_122,"torch.Size([1, 16, 6432, 80])",torch.bfloat16,16465920
transpose_123,"torch.Size([1, 16, 6432, 80])",torch.bfloat16,16465920
transpose_124,"torch.Size([1, 16, 6432, 80])",torch.bfloat16,16465920
expand_33,"torch.Size([1, 16, 6432, 6432])",torch.bfloat16,1323859968
getitem_306,"torch.Size([1, 16, 6432, 80])",torch.bfloat16,16465920
transpose_125,"torch.Size([1, 6432, 16, 80])",torch.bfloat16,16465920
view_505,"torch.Size([1, 6432, 1280])",torch.bfloat16,16465920
t_183,"torch.Size([1280, 1280])",torch.bfloat16,3276800
view_506,"torch.Size([6432, 1280])",torch.bfloat16,16465920
mm_123,"torch.Size([6432, 1280])",torch.bfloat16,16465920
view_507,"torch.Size([1, 6432, 1280])",torch.bfloat16,16465920
add_63,"torch.Size([1, 6432, 1280])",torch.bfloat16,16465920
getitem_310,"torch.Size([1, 6432, 1280])",torch.bfloat16,16465920
view_508,"torch.Size([6432, 1280])",torch.bfloat16,16465920
t_184,"torch.Size([1280, 5120])",torch.bfloat16,13107200
addmm_60,"torch.Size([6432, 5120])",torch.bfloat16,65863680
view_509,"torch.Size([1, 6432, 5120])",torch.bfloat16,65863680
gelu_30,"torch.Size([1, 6432, 5120])",torch.bfloat16,65863680
view_510,"torch.Size([6432, 5120])",torch.bfloat16,65863680
t_185,"torch.Size([5120, 1280])",torch.bfloat16,13107200
addmm_61,"torch.Size([6432, 1280])",torch.bfloat16,16465920
view_511,"torch.Size([1, 6432, 1280])",torch.bfloat16,16465920
add_64,"torch.Size([1, 6432, 1280])",torch.bfloat16,16465920
getitem_313,"torch.Size([1, 6432, 1280])",torch.bfloat16,16465920
t_186,"torch.Size([1280, 1280])",torch.bfloat16,3276800
view_512,"torch.Size([6432, 1280])",torch.bfloat16,16465920
mm_124,"torch.Size([6432, 1280])",torch.bfloat16,16465920
view_513,"torch.Size([1, 6432, 1280])",torch.bfloat16,16465920
t_187,"torch.Size([1280, 1280])",torch.bfloat16,3276800
view_514,"torch.Size([6432, 1280])",torch.bfloat16,16465920
mm_125,"torch.Size([6432, 1280])",torch.bfloat16,16465920
view_515,"torch.Size([1, 6432, 1280])",torch.bfloat16,16465920
t_188,"torch.Size([1280, 1280])",torch.bfloat16,3276800
view_516,"torch.Size([6432, 1280])",torch.bfloat16,16465920
mm_126,"torch.Size([6432, 1280])",torch.bfloat16,16465920
view_517,"torch.Size([1, 6432, 1280])",torch.bfloat16,16465920
view_518,"torch.Size([1, 6432, 16, 80])",torch.bfloat16,16465920
view_519,"torch.Size([1, 6432, 16, 80])",torch.bfloat16,16465920
view_520,"torch.Size([1, 6432, 16, 80])",torch.bfloat16,16465920
transpose_126,"torch.Size([1, 16, 6432, 80])",torch.bfloat16,16465920
transpose_127,"torch.Size([1, 16, 6432, 80])",torch.bfloat16,16465920
transpose_128,"torch.Size([1, 16, 6432, 80])",torch.bfloat16,16465920
expand_34,"torch.Size([1, 16, 6432, 6432])",torch.bfloat16,1323859968
getitem_316,"torch.Size([1, 16, 6432, 80])",torch.bfloat16,16465920
transpose_129,"torch.Size([1, 6432, 16, 80])",torch.bfloat16,16465920
view_521,"torch.Size([1, 6432, 1280])",torch.bfloat16,16465920
t_189,"torch.Size([1280, 1280])",torch.bfloat16,3276800
view_522,"torch.Size([6432, 1280])",torch.bfloat16,16465920
mm_127,"torch.Size([6432, 1280])",torch.bfloat16,16465920
view_523,"torch.Size([1, 6432, 1280])",torch.bfloat16,16465920
add_65,"torch.Size([1, 6432, 1280])",torch.bfloat16,16465920
getitem_320,"torch.Size([1, 6432, 1280])",torch.bfloat16,16465920
view_524,"torch.Size([6432, 1280])",torch.bfloat16,16465920
t_190,"torch.Size([1280, 5120])",torch.bfloat16,13107200
addmm_62,"torch.Size([6432, 5120])",torch.bfloat16,65863680
view_525,"torch.Size([1, 6432, 5120])",torch.bfloat16,65863680
gelu_31,"torch.Size([1, 6432, 5120])",torch.bfloat16,65863680
view_526,"torch.Size([6432, 5120])",torch.bfloat16,65863680
t_191,"torch.Size([5120, 1280])",torch.bfloat16,13107200
addmm_63,"torch.Size([6432, 1280])",torch.bfloat16,16465920
view_527,"torch.Size([1, 6432, 1280])",torch.bfloat16,16465920
add_66,"torch.Size([1, 6432, 1280])",torch.bfloat16,16465920
getitem_323,"torch.Size([1, 6432, 1280])",torch.bfloat16,16465920
view_528,"torch.Size([1, 4, 1608, 1280])",torch.bfloat16,16465920
embedding_2,"torch.Size([1, 1, 5120])",torch.bfloat16,10240
view_529,"torch.Size([1, 4, 1, 1280])",torch.bfloat16,10240
tanh_3,torch.Size([1]),torch.bfloat16,2
mul_4,"torch.Size([1, 4, 1, 1280])",torch.bfloat16,10240
add_67,"torch.Size([1, 4, 1608, 1280])",torch.bfloat16,16465920
view_530,"torch.Size([1, 6432, 1280])",torch.bfloat16,16465920
getitem_326,"torch.Size([1, 6432, 1280])",torch.bfloat16,16465920
t_192,"torch.Size([1280, 1280])",torch.bfloat16,3276800
view_531,"torch.Size([6432, 1280])",torch.bfloat16,16465920
mm_128,"torch.Size([6432, 1280])",torch.bfloat16,16465920
view_532,"torch.Size([1, 6432, 1280])",torch.bfloat16,16465920
t_193,"torch.Size([1280, 1280])",torch.bfloat16,3276800
view_533,"torch.Size([6432, 1280])",torch.bfloat16,16465920
mm_129,"torch.Size([6432, 1280])",torch.bfloat16,16465920
view_534,"torch.Size([1, 6432, 1280])",torch.bfloat16,16465920
t_194,"torch.Size([1280, 1280])",torch.bfloat16,3276800
view_535,"torch.Size([6432, 1280])",torch.bfloat16,16465920
mm_130,"torch.Size([6432, 1280])",torch.bfloat16,16465920
view_536,"torch.Size([1, 6432, 1280])",torch.bfloat16,16465920
view_537,"torch.Size([1, 6432, 16, 80])",torch.bfloat16,16465920
view_538,"torch.Size([1, 6432, 16, 80])",torch.bfloat16,16465920
view_539,"torch.Size([1, 6432, 16, 80])",torch.bfloat16,16465920
transpose_130,"torch.Size([1, 16, 6432, 80])",torch.bfloat16,16465920
transpose_131,"torch.Size([1, 16, 6432, 80])",torch.bfloat16,16465920
transpose_132,"torch.Size([1, 16, 6432, 80])",torch.bfloat16,16465920
expand_35,"torch.Size([1, 16, 6432, 6432])",torch.bfloat16,1323859968
getitem_329,"torch.Size([1, 16, 6432, 80])",torch.bfloat16,16465920
transpose_133,"torch.Size([1, 6432, 16, 80])",torch.bfloat16,16465920
view_540,"torch.Size([1, 6432, 1280])",torch.bfloat16,16465920
t_195,"torch.Size([1280, 1280])",torch.bfloat16,3276800
view_541,"torch.Size([6432, 1280])",torch.bfloat16,16465920
mm_131,"torch.Size([6432, 1280])",torch.bfloat16,16465920
view_542,"torch.Size([1, 6432, 1280])",torch.bfloat16,16465920
tanh_4,torch.Size([1]),torch.bfloat16,2
mul_5,"torch.Size([1, 6432, 1280])",torch.bfloat16,16465920
add_68,"torch.Size([1, 6432, 1280])",torch.bfloat16,16465920
getitem_333,"torch.Size([1, 6432, 1280])",torch.bfloat16,16465920
view_543,"torch.Size([6432, 1280])",torch.bfloat16,16465920
t_196,"torch.Size([1280, 5120])",torch.bfloat16,13107200
addmm_64,"torch.Size([6432, 5120])",torch.bfloat16,65863680
view_544,"torch.Size([1, 6432, 5120])",torch.bfloat16,65863680
gelu_32,"torch.Size([1, 6432, 5120])",torch.bfloat16,65863680
view_545,"torch.Size([6432, 5120])",torch.bfloat16,65863680
t_197,"torch.Size([5120, 1280])",torch.bfloat16,13107200
addmm_65,"torch.Size([6432, 1280])",torch.bfloat16,16465920
view_546,"torch.Size([1, 6432, 1280])",torch.bfloat16,16465920
tanh_5,torch.Size([1]),torch.bfloat16,2
mul_6,"torch.Size([1, 6432, 1280])",torch.bfloat16,16465920
add_69,"torch.Size([1, 6432, 1280])",torch.bfloat16,16465920
getitem_336,"torch.Size([1, 6432, 1280])",torch.bfloat16,16465920
t_198,"torch.Size([1280, 1280])",torch.bfloat16,3276800
view_547,"torch.Size([6432, 1280])",torch.bfloat16,16465920
mm_132,"torch.Size([6432, 1280])",torch.bfloat16,16465920
view_548,"torch.Size([1, 6432, 1280])",torch.bfloat16,16465920
t_199,"torch.Size([1280, 1280])",torch.bfloat16,3276800
view_549,"torch.Size([6432, 1280])",torch.bfloat16,16465920
mm_133,"torch.Size([6432, 1280])",torch.bfloat16,16465920
view_550,"torch.Size([1, 6432, 1280])",torch.bfloat16,16465920
t_200,"torch.Size([1280, 1280])",torch.bfloat16,3276800
view_551,"torch.Size([6432, 1280])",torch.bfloat16,16465920
mm_134,"torch.Size([6432, 1280])",torch.bfloat16,16465920
view_552,"torch.Size([1, 6432, 1280])",torch.bfloat16,16465920
view_553,"torch.Size([1, 6432, 16, 80])",torch.bfloat16,16465920
view_554,"torch.Size([1, 6432, 16, 80])",torch.bfloat16,16465920
view_555,"torch.Size([1, 6432, 16, 80])",torch.bfloat16,16465920
transpose_134,"torch.Size([1, 16, 6432, 80])",torch.bfloat16,16465920
transpose_135,"torch.Size([1, 16, 6432, 80])",torch.bfloat16,16465920
transpose_136,"torch.Size([1, 16, 6432, 80])",torch.bfloat16,16465920
expand_36,"torch.Size([1, 16, 6432, 6432])",torch.bfloat16,1323859968
getitem_339,"torch.Size([1, 16, 6432, 80])",torch.bfloat16,16465920
transpose_137,"torch.Size([1, 6432, 16, 80])",torch.bfloat16,16465920
view_556,"torch.Size([1, 6432, 1280])",torch.bfloat16,16465920
t_201,"torch.Size([1280, 1280])",torch.bfloat16,3276800
view_557,"torch.Size([6432, 1280])",torch.bfloat16,16465920
mm_135,"torch.Size([6432, 1280])",torch.bfloat16,16465920
view_558,"torch.Size([1, 6432, 1280])",torch.bfloat16,16465920
tanh_6,torch.Size([1]),torch.bfloat16,2
mul_7,"torch.Size([1, 6432, 1280])",torch.bfloat16,16465920
add_70,"torch.Size([1, 6432, 1280])",torch.bfloat16,16465920
getitem_343,"torch.Size([1, 6432, 1280])",torch.bfloat16,16465920
view_559,"torch.Size([6432, 1280])",torch.bfloat16,16465920
t_202,"torch.Size([1280, 5120])",torch.bfloat16,13107200
addmm_66,"torch.Size([6432, 5120])",torch.bfloat16,65863680
view_560,"torch.Size([1, 6432, 5120])",torch.bfloat16,65863680
gelu_33,"torch.Size([1, 6432, 5120])",torch.bfloat16,65863680
view_561,"torch.Size([6432, 5120])",torch.bfloat16,65863680
t_203,"torch.Size([5120, 1280])",torch.bfloat16,13107200
addmm_67,"torch.Size([6432, 1280])",torch.bfloat16,16465920
view_562,"torch.Size([1, 6432, 1280])",torch.bfloat16,16465920
tanh_7,torch.Size([1]),torch.bfloat16,2
mul_8,"torch.Size([1, 6432, 1280])",torch.bfloat16,16465920
add_71,"torch.Size([1, 6432, 1280])",torch.bfloat16,16465920
getitem_346,"torch.Size([1, 6432, 1280])",torch.bfloat16,16465920
t_204,"torch.Size([1280, 1280])",torch.bfloat16,3276800
view_563,"torch.Size([6432, 1280])",torch.bfloat16,16465920
mm_136,"torch.Size([6432, 1280])",torch.bfloat16,16465920
view_564,"torch.Size([1, 6432, 1280])",torch.bfloat16,16465920
t_205,"torch.Size([1280, 1280])",torch.bfloat16,3276800
view_565,"torch.Size([6432, 1280])",torch.bfloat16,16465920
mm_137,"torch.Size([6432, 1280])",torch.bfloat16,16465920
view_566,"torch.Size([1, 6432, 1280])",torch.bfloat16,16465920
t_206,"torch.Size([1280, 1280])",torch.bfloat16,3276800
view_567,"torch.Size([6432, 1280])",torch.bfloat16,16465920
mm_138,"torch.Size([6432, 1280])",torch.bfloat16,16465920
view_568,"torch.Size([1, 6432, 1280])",torch.bfloat16,16465920
view_569,"torch.Size([1, 6432, 16, 80])",torch.bfloat16,16465920
view_570,"torch.Size([1, 6432, 16, 80])",torch.bfloat16,16465920
view_571,"torch.Size([1, 6432, 16, 80])",torch.bfloat16,16465920
transpose_138,"torch.Size([1, 16, 6432, 80])",torch.bfloat16,16465920
transpose_139,"torch.Size([1, 16, 6432, 80])",torch.bfloat16,16465920
transpose_140,"torch.Size([1, 16, 6432, 80])",torch.bfloat16,16465920
expand_37,"torch.Size([1, 16, 6432, 6432])",torch.bfloat16,1323859968
getitem_349,"torch.Size([1, 16, 6432, 80])",torch.bfloat16,16465920
transpose_141,"torch.Size([1, 6432, 16, 80])",torch.bfloat16,16465920
view_572,"torch.Size([1, 6432, 1280])",torch.bfloat16,16465920
t_207,"torch.Size([1280, 1280])",torch.bfloat16,3276800
view_573,"torch.Size([6432, 1280])",torch.bfloat16,16465920
mm_139,"torch.Size([6432, 1280])",torch.bfloat16,16465920
view_574,"torch.Size([1, 6432, 1280])",torch.bfloat16,16465920
tanh_8,torch.Size([1]),torch.bfloat16,2
mul_9,"torch.Size([1, 6432, 1280])",torch.bfloat16,16465920
add_72,"torch.Size([1, 6432, 1280])",torch.bfloat16,16465920
getitem_353,"torch.Size([1, 6432, 1280])",torch.bfloat16,16465920
view_575,"torch.Size([6432, 1280])",torch.bfloat16,16465920
t_208,"torch.Size([1280, 5120])",torch.bfloat16,13107200
addmm_68,"torch.Size([6432, 5120])",torch.bfloat16,65863680
view_576,"torch.Size([1, 6432, 5120])",torch.bfloat16,65863680
gelu_34,"torch.Size([1, 6432, 5120])",torch.bfloat16,65863680
view_577,"torch.Size([6432, 5120])",torch.bfloat16,65863680
t_209,"torch.Size([5120, 1280])",torch.bfloat16,13107200
addmm_69,"torch.Size([6432, 1280])",torch.bfloat16,16465920
view_578,"torch.Size([1, 6432, 1280])",torch.bfloat16,16465920
tanh_9,torch.Size([1]),torch.bfloat16,2
mul_10,"torch.Size([1, 6432, 1280])",torch.bfloat16,16465920
add_73,"torch.Size([1, 6432, 1280])",torch.bfloat16,16465920
getitem_356,"torch.Size([1, 6432, 1280])",torch.bfloat16,16465920
t_210,"torch.Size([1280, 1280])",torch.bfloat16,3276800
view_579,"torch.Size([6432, 1280])",torch.bfloat16,16465920
mm_140,"torch.Size([6432, 1280])",torch.bfloat16,16465920
view_580,"torch.Size([1, 6432, 1280])",torch.bfloat16,16465920
t_211,"torch.Size([1280, 1280])",torch.bfloat16,3276800
view_581,"torch.Size([6432, 1280])",torch.bfloat16,16465920
mm_141,"torch.Size([6432, 1280])",torch.bfloat16,16465920
view_582,"torch.Size([1, 6432, 1280])",torch.bfloat16,16465920
t_212,"torch.Size([1280, 1280])",torch.bfloat16,3276800
view_583,"torch.Size([6432, 1280])",torch.bfloat16,16465920
mm_142,"torch.Size([6432, 1280])",torch.bfloat16,16465920
view_584,"torch.Size([1, 6432, 1280])",torch.bfloat16,16465920
view_585,"torch.Size([1, 6432, 16, 80])",torch.bfloat16,16465920
view_586,"torch.Size([1, 6432, 16, 80])",torch.bfloat16,16465920
view_587,"torch.Size([1, 6432, 16, 80])",torch.bfloat16,16465920
transpose_142,"torch.Size([1, 16, 6432, 80])",torch.bfloat16,16465920
transpose_143,"torch.Size([1, 16, 6432, 80])",torch.bfloat16,16465920
transpose_144,"torch.Size([1, 16, 6432, 80])",torch.bfloat16,16465920
expand_38,"torch.Size([1, 16, 6432, 6432])",torch.bfloat16,1323859968
getitem_359,"torch.Size([1, 16, 6432, 80])",torch.bfloat16,16465920
transpose_145,"torch.Size([1, 6432, 16, 80])",torch.bfloat16,16465920
view_588,"torch.Size([1, 6432, 1280])",torch.bfloat16,16465920
t_213,"torch.Size([1280, 1280])",torch.bfloat16,3276800
view_589,"torch.Size([6432, 1280])",torch.bfloat16,16465920
mm_143,"torch.Size([6432, 1280])",torch.bfloat16,16465920
view_590,"torch.Size([1, 6432, 1280])",torch.bfloat16,16465920
tanh_10,torch.Size([1]),torch.bfloat16,2
mul_11,"torch.Size([1, 6432, 1280])",torch.bfloat16,16465920
add_74,"torch.Size([1, 6432, 1280])",torch.bfloat16,16465920
getitem_363,"torch.Size([1, 6432, 1280])",torch.bfloat16,16465920
view_591,"torch.Size([6432, 1280])",torch.bfloat16,16465920
t_214,"torch.Size([1280, 5120])",torch.bfloat16,13107200
addmm_70,"torch.Size([6432, 5120])",torch.bfloat16,65863680
view_592,"torch.Size([1, 6432, 5120])",torch.bfloat16,65863680
gelu_35,"torch.Size([1, 6432, 5120])",torch.bfloat16,65863680
view_593,"torch.Size([6432, 5120])",torch.bfloat16,65863680
t_215,"torch.Size([5120, 1280])",torch.bfloat16,13107200
addmm_71,"torch.Size([6432, 1280])",torch.bfloat16,16465920
view_594,"torch.Size([1, 6432, 1280])",torch.bfloat16,16465920
tanh_11,torch.Size([1]),torch.bfloat16,2
mul_12,"torch.Size([1, 6432, 1280])",torch.bfloat16,16465920
add_75,"torch.Size([1, 6432, 1280])",torch.bfloat16,16465920
getitem_366,"torch.Size([1, 6432, 1280])",torch.bfloat16,16465920
t_216,"torch.Size([1280, 1280])",torch.bfloat16,3276800
view_595,"torch.Size([6432, 1280])",torch.bfloat16,16465920
mm_144,"torch.Size([6432, 1280])",torch.bfloat16,16465920
view_596,"torch.Size([1, 6432, 1280])",torch.bfloat16,16465920
t_217,"torch.Size([1280, 1280])",torch.bfloat16,3276800
view_597,"torch.Size([6432, 1280])",torch.bfloat16,16465920
mm_145,"torch.Size([6432, 1280])",torch.bfloat16,16465920
view_598,"torch.Size([1, 6432, 1280])",torch.bfloat16,16465920
t_218,"torch.Size([1280, 1280])",torch.bfloat16,3276800
view_599,"torch.Size([6432, 1280])",torch.bfloat16,16465920
mm_146,"torch.Size([6432, 1280])",torch.bfloat16,16465920
view_600,"torch.Size([1, 6432, 1280])",torch.bfloat16,16465920
view_601,"torch.Size([1, 6432, 16, 80])",torch.bfloat16,16465920
view_602,"torch.Size([1, 6432, 16, 80])",torch.bfloat16,16465920
view_603,"torch.Size([1, 6432, 16, 80])",torch.bfloat16,16465920
transpose_146,"torch.Size([1, 16, 6432, 80])",torch.bfloat16,16465920
transpose_147,"torch.Size([1, 16, 6432, 80])",torch.bfloat16,16465920
transpose_148,"torch.Size([1, 16, 6432, 80])",torch.bfloat16,16465920
expand_39,"torch.Size([1, 16, 6432, 6432])",torch.bfloat16,1323859968
getitem_369,"torch.Size([1, 16, 6432, 80])",torch.bfloat16,16465920
transpose_149,"torch.Size([1, 6432, 16, 80])",torch.bfloat16,16465920
view_604,"torch.Size([1, 6432, 1280])",torch.bfloat16,16465920
t_219,"torch.Size([1280, 1280])",torch.bfloat16,3276800
view_605,"torch.Size([6432, 1280])",torch.bfloat16,16465920
mm_147,"torch.Size([6432, 1280])",torch.bfloat16,16465920
view_606,"torch.Size([1, 6432, 1280])",torch.bfloat16,16465920
tanh_12,torch.Size([1]),torch.bfloat16,2
mul_13,"torch.Size([1, 6432, 1280])",torch.bfloat16,16465920
add_76,"torch.Size([1, 6432, 1280])",torch.bfloat16,16465920
getitem_373,"torch.Size([1, 6432, 1280])",torch.bfloat16,16465920
view_607,"torch.Size([6432, 1280])",torch.bfloat16,16465920
t_220,"torch.Size([1280, 5120])",torch.bfloat16,13107200
addmm_72,"torch.Size([6432, 5120])",torch.bfloat16,65863680
view_608,"torch.Size([1, 6432, 5120])",torch.bfloat16,65863680
gelu_36,"torch.Size([1, 6432, 5120])",torch.bfloat16,65863680
view_609,"torch.Size([6432, 5120])",torch.bfloat16,65863680
t_221,"torch.Size([5120, 1280])",torch.bfloat16,13107200
addmm_73,"torch.Size([6432, 1280])",torch.bfloat16,16465920
view_610,"torch.Size([1, 6432, 1280])",torch.bfloat16,16465920
tanh_13,torch.Size([1]),torch.bfloat16,2
mul_14,"torch.Size([1, 6432, 1280])",torch.bfloat16,16465920
add_77,"torch.Size([1, 6432, 1280])",torch.bfloat16,16465920
getitem_376,"torch.Size([1, 6432, 1280])",torch.bfloat16,16465920
t_222,"torch.Size([1280, 1280])",torch.bfloat16,3276800
view_611,"torch.Size([6432, 1280])",torch.bfloat16,16465920
mm_148,"torch.Size([6432, 1280])",torch.bfloat16,16465920
view_612,"torch.Size([1, 6432, 1280])",torch.bfloat16,16465920
t_223,"torch.Size([1280, 1280])",torch.bfloat16,3276800
view_613,"torch.Size([6432, 1280])",torch.bfloat16,16465920
mm_149,"torch.Size([6432, 1280])",torch.bfloat16,16465920
view_614,"torch.Size([1, 6432, 1280])",torch.bfloat16,16465920
t_224,"torch.Size([1280, 1280])",torch.bfloat16,3276800
view_615,"torch.Size([6432, 1280])",torch.bfloat16,16465920
mm_150,"torch.Size([6432, 1280])",torch.bfloat16,16465920
view_616,"torch.Size([1, 6432, 1280])",torch.bfloat16,16465920
view_617,"torch.Size([1, 6432, 16, 80])",torch.bfloat16,16465920
view_618,"torch.Size([1, 6432, 16, 80])",torch.bfloat16,16465920
view_619,"torch.Size([1, 6432, 16, 80])",torch.bfloat16,16465920
transpose_150,"torch.Size([1, 16, 6432, 80])",torch.bfloat16,16465920
transpose_151,"torch.Size([1, 16, 6432, 80])",torch.bfloat16,16465920
transpose_152,"torch.Size([1, 16, 6432, 80])",torch.bfloat16,16465920
expand_40,"torch.Size([1, 16, 6432, 6432])",torch.bfloat16,1323859968
getitem_379,"torch.Size([1, 16, 6432, 80])",torch.bfloat16,16465920
transpose_153,"torch.Size([1, 6432, 16, 80])",torch.bfloat16,16465920
view_620,"torch.Size([1, 6432, 1280])",torch.bfloat16,16465920
t_225,"torch.Size([1280, 1280])",torch.bfloat16,3276800
view_621,"torch.Size([6432, 1280])",torch.bfloat16,16465920
mm_151,"torch.Size([6432, 1280])",torch.bfloat16,16465920
view_622,"torch.Size([1, 6432, 1280])",torch.bfloat16,16465920
tanh_14,torch.Size([1]),torch.bfloat16,2
mul_15,"torch.Size([1, 6432, 1280])",torch.bfloat16,16465920
add_78,"torch.Size([1, 6432, 1280])",torch.bfloat16,16465920
getitem_383,"torch.Size([1, 6432, 1280])",torch.bfloat16,16465920
view_623,"torch.Size([6432, 1280])",torch.bfloat16,16465920
t_226,"torch.Size([1280, 5120])",torch.bfloat16,13107200
addmm_74,"torch.Size([6432, 5120])",torch.bfloat16,65863680
view_624,"torch.Size([1, 6432, 5120])",torch.bfloat16,65863680
gelu_37,"torch.Size([1, 6432, 5120])",torch.bfloat16,65863680
view_625,"torch.Size([6432, 5120])",torch.bfloat16,65863680
t_227,"torch.Size([5120, 1280])",torch.bfloat16,13107200
addmm_75,"torch.Size([6432, 1280])",torch.bfloat16,16465920
view_626,"torch.Size([1, 6432, 1280])",torch.bfloat16,16465920
tanh_15,torch.Size([1]),torch.bfloat16,2
mul_16,"torch.Size([1, 6432, 1280])",torch.bfloat16,16465920
add_79,"torch.Size([1, 6432, 1280])",torch.bfloat16,16465920
getitem_386,"torch.Size([1, 6432, 1280])",torch.bfloat16,16465920
t_228,"torch.Size([1280, 1280])",torch.bfloat16,3276800
view_627,"torch.Size([6432, 1280])",torch.bfloat16,16465920
mm_152,"torch.Size([6432, 1280])",torch.bfloat16,16465920
view_628,"torch.Size([1, 6432, 1280])",torch.bfloat16,16465920
t_229,"torch.Size([1280, 1280])",torch.bfloat16,3276800
view_629,"torch.Size([6432, 1280])",torch.bfloat16,16465920
mm_153,"torch.Size([6432, 1280])",torch.bfloat16,16465920
view_630,"torch.Size([1, 6432, 1280])",torch.bfloat16,16465920
t_230,"torch.Size([1280, 1280])",torch.bfloat16,3276800
view_631,"torch.Size([6432, 1280])",torch.bfloat16,16465920
mm_154,"torch.Size([6432, 1280])",torch.bfloat16,16465920
view_632,"torch.Size([1, 6432, 1280])",torch.bfloat16,16465920
view_633,"torch.Size([1, 6432, 16, 80])",torch.bfloat16,16465920
view_634,"torch.Size([1, 6432, 16, 80])",torch.bfloat16,16465920
view_635,"torch.Size([1, 6432, 16, 80])",torch.bfloat16,16465920
transpose_154,"torch.Size([1, 16, 6432, 80])",torch.bfloat16,16465920
transpose_155,"torch.Size([1, 16, 6432, 80])",torch.bfloat16,16465920
transpose_156,"torch.Size([1, 16, 6432, 80])",torch.bfloat16,16465920
expand_41,"torch.Size([1, 16, 6432, 6432])",torch.bfloat16,1323859968
getitem_389,"torch.Size([1, 16, 6432, 80])",torch.bfloat16,16465920
transpose_157,"torch.Size([1, 6432, 16, 80])",torch.bfloat16,16465920
view_636,"torch.Size([1, 6432, 1280])",torch.bfloat16,16465920
t_231,"torch.Size([1280, 1280])",torch.bfloat16,3276800
view_637,"torch.Size([6432, 1280])",torch.bfloat16,16465920
mm_155,"torch.Size([6432, 1280])",torch.bfloat16,16465920
view_638,"torch.Size([1, 6432, 1280])",torch.bfloat16,16465920
tanh_16,torch.Size([1]),torch.bfloat16,2
mul_17,"torch.Size([1, 6432, 1280])",torch.bfloat16,16465920
add_80,"torch.Size([1, 6432, 1280])",torch.bfloat16,16465920
getitem_393,"torch.Size([1, 6432, 1280])",torch.bfloat16,16465920
view_639,"torch.Size([6432, 1280])",torch.bfloat16,16465920
t_232,"torch.Size([1280, 5120])",torch.bfloat16,13107200
addmm_76,"torch.Size([6432, 5120])",torch.bfloat16,65863680
view_640,"torch.Size([1, 6432, 5120])",torch.bfloat16,65863680
gelu_38,"torch.Size([1, 6432, 5120])",torch.bfloat16,65863680
view_641,"torch.Size([6432, 5120])",torch.bfloat16,65863680
t_233,"torch.Size([5120, 1280])",torch.bfloat16,13107200
addmm_77,"torch.Size([6432, 1280])",torch.bfloat16,16465920
view_642,"torch.Size([1, 6432, 1280])",torch.bfloat16,16465920
tanh_17,torch.Size([1]),torch.bfloat16,2
mul_18,"torch.Size([1, 6432, 1280])",torch.bfloat16,16465920
add_81,"torch.Size([1, 6432, 1280])",torch.bfloat16,16465920
getitem_396,"torch.Size([1, 6432, 1280])",torch.bfloat16,16465920
t_234,"torch.Size([1280, 1280])",torch.bfloat16,3276800
view_643,"torch.Size([6432, 1280])",torch.bfloat16,16465920
mm_156,"torch.Size([6432, 1280])",torch.bfloat16,16465920
view_644,"torch.Size([1, 6432, 1280])",torch.bfloat16,16465920
t_235,"torch.Size([1280, 1280])",torch.bfloat16,3276800
view_645,"torch.Size([6432, 1280])",torch.bfloat16,16465920
mm_157,"torch.Size([6432, 1280])",torch.bfloat16,16465920
view_646,"torch.Size([1, 6432, 1280])",torch.bfloat16,16465920
t_236,"torch.Size([1280, 1280])",torch.bfloat16,3276800
view_647,"torch.Size([6432, 1280])",torch.bfloat16,16465920
mm_158,"torch.Size([6432, 1280])",torch.bfloat16,16465920
view_648,"torch.Size([1, 6432, 1280])",torch.bfloat16,16465920
view_649,"torch.Size([1, 6432, 16, 80])",torch.bfloat16,16465920
view_650,"torch.Size([1, 6432, 16, 80])",torch.bfloat16,16465920
view_651,"torch.Size([1, 6432, 16, 80])",torch.bfloat16,16465920
transpose_158,"torch.Size([1, 16, 6432, 80])",torch.bfloat16,16465920
transpose_159,"torch.Size([1, 16, 6432, 80])",torch.bfloat16,16465920
transpose_160,"torch.Size([1, 16, 6432, 80])",torch.bfloat16,16465920
expand_42,"torch.Size([1, 16, 6432, 6432])",torch.bfloat16,1323859968
getitem_399,"torch.Size([1, 16, 6432, 80])",torch.bfloat16,16465920
transpose_161,"torch.Size([1, 6432, 16, 80])",torch.bfloat16,16465920
view_652,"torch.Size([1, 6432, 1280])",torch.bfloat16,16465920
t_237,"torch.Size([1280, 1280])",torch.bfloat16,3276800
view_653,"torch.Size([6432, 1280])",torch.bfloat16,16465920
mm_159,"torch.Size([6432, 1280])",torch.bfloat16,16465920
view_654,"torch.Size([1, 6432, 1280])",torch.bfloat16,16465920
tanh_18,torch.Size([1]),torch.bfloat16,2
mul_19,"torch.Size([1, 6432, 1280])",torch.bfloat16,16465920
add_82,"torch.Size([1, 6432, 1280])",torch.bfloat16,16465920
getitem_403,"torch.Size([1, 6432, 1280])",torch.bfloat16,16465920
view_655,"torch.Size([6432, 1280])",torch.bfloat16,16465920
t_238,"torch.Size([1280, 5120])",torch.bfloat16,13107200
addmm_78,"torch.Size([6432, 5120])",torch.bfloat16,65863680
view_656,"torch.Size([1, 6432, 5120])",torch.bfloat16,65863680
gelu_39,"torch.Size([1, 6432, 5120])",torch.bfloat16,65863680
view_657,"torch.Size([6432, 5120])",torch.bfloat16,65863680
t_239,"torch.Size([5120, 1280])",torch.bfloat16,13107200
addmm_79,"torch.Size([6432, 1280])",torch.bfloat16,16465920
view_658,"torch.Size([1, 6432, 1280])",torch.bfloat16,16465920
tanh_19,torch.Size([1]),torch.bfloat16,2
mul_20,"torch.Size([1, 6432, 1280])",torch.bfloat16,16465920
add_83,"torch.Size([1, 6432, 1280])",torch.bfloat16,16465920
view_659,"torch.Size([1, 4, 1608, 1280])",torch.bfloat16,16465920
slice_9,"torch.Size([1, 4, 1608, 1280])",torch.bfloat16,16465920
slice_10,"torch.Size([1, 4, 1608, 1280])",torch.bfloat16,16465920
slice_11,"torch.Size([1, 4, 1601, 1280])",torch.bfloat16,16394240
view_660,"torch.Size([1, 1, 4, 1601, 1280])",torch.bfloat16,16394240
stack,"torch.Size([1, 6432, 1280, 5])",torch.bfloat16,82329600
view_661,"torch.Size([1, 4, 1608, 6400])",torch.bfloat16,82329600
slice_12,"torch.Size([1, 4, 1608, 6400])",torch.bfloat16,82329600
slice_13,"torch.Size([1, 4, 1608, 6400])",torch.bfloat16,82329600
slice_14,"torch.Size([1, 4, 1601, 6400])",torch.bfloat16,81971200
view_662,"torch.Size([1, 1, 4, 1601, 6400])",torch.bfloat16,81971200
cat_1,"torch.Size([1, 1, 4, 1601, 7680])",torch.bfloat16,98365440
view_663,"torch.Size([6404, 7680])",torch.bfloat16,98365440
t_240,"torch.Size([7680, 4096])",torch.bfloat16,62914560
addmm_80,"torch.Size([6404, 4096])",torch.bfloat16,52461568
view_664,"torch.Size([1, 1, 4, 1601, 4096])",torch.bfloat16,52461568
view_665,"torch.Size([4, 1601, 4096])",torch.bfloat16,52461568
unsqueeze_1,"torch.Size([1, 35, 1, 4, 1])",torch.int64,1120
expand_43,"torch.Size([1, 35, 1, 4, 1601])",torch.int64,1793120
clone,"torch.Size([1, 35, 1, 4, 1601])",torch.int64,1793120
view_666,"torch.Size([1, 35, 1, 6404])",torch.int64,1793120
view_667,"torch.Size([1, 35, 6404])",torch.int64,1793120
unsqueeze_2,"torch.Size([1, 1, 35, 6404])",torch.int64,1793120
rsub_2,"torch.Size([1, 1, 35, 6404])",torch.float32,896560
_to_copy_2,"torch.Size([1, 1, 35, 6404])",torch.bfloat16,448280
_to_copy_3,"torch.Size([1, 1, 35, 6404])",torch.bool,224140
masked_fill,"torch.Size([1, 1, 35, 6404])",torch.bfloat16,448280
ne,"torch.Size([1, 1, 35, 6404])",torch.bool,224140
any_1,"torch.Size([1, 1, 35])",torch.bool,35
_to_copy_4,"torch.Size([1, 1, 35])",torch.bfloat16,70
unsqueeze_3,"torch.Size([1, 1, 35, 1])",torch.bfloat16,70
mul_21,"torch.Size([1, 1, 35, 6404])",torch.bfloat16,448280
slice_17,"torch.Size([1, 1, 35, 6404])",torch.bfloat16,448280
slice_18,"torch.Size([1, 1, 35, 6404])",torch.bfloat16,448280
index,"torch.Size([1, 1, 35, 6404])",torch.bfloat16,448280
slice_19,"torch.Size([1, 1, 35, 1])",torch.bfloat16,70
slice_20,"torch.Size([1, 1, 35, 1])",torch.bfloat16,70
index_1,"torch.Size([1, 1, 35, 1])",torch.bfloat16,70
embedding_3,"torch.Size([1, 35, 4096])",torch.bfloat16,286720
full,"torch.Size([35, 35])",torch.bfloat16,2450
triu,"torch.Size([35, 35])",torch.bfloat16,2450
arange,torch.Size([35]),torch.int64,280
view_668,"torch.Size([35, 1])",torch.int64,280
gt,"torch.Size([35, 35])",torch.bool,1225
mul_22,"torch.Size([35, 35])",torch.bfloat16,2450
unsqueeze_6,"torch.Size([1, 35, 35])",torch.bfloat16,2450
unsqueeze_7,"torch.Size([1, 1, 35, 35])",torch.bfloat16,2450
slice_23,"torch.Size([1, 1, 35, 35])",torch.bfloat16,2450
slice_24,"torch.Size([1, 1, 35, 35])",torch.bfloat16,2450
expand_45,"torch.Size([1, 1, 35, 35])",torch.bfloat16,2450
clone_1,"torch.Size([1, 1, 35, 35])",torch.bfloat16,2450
slice_25,"torch.Size([1, 1, 35, 35])",torch.bfloat16,2450
slice_26,"torch.Size([1, 1, 35, 35])",torch.bfloat16,2450
slice_27,"torch.Size([1, 1, 35, 35])",torch.bfloat16,2450
slice_28,"torch.Size([1, 35])",torch.int64,280
unsqueeze_8,"torch.Size([1, 1, 35])",torch.int64,280
unsqueeze_9,"torch.Size([1, 1, 1, 35])",torch.int64,280
slice_29,"torch.Size([1, 1, 1, 35])",torch.int64,280
add_84,"torch.Size([1, 1, 35, 35])",torch.bfloat16,2450
eq,"torch.Size([1, 1, 35, 35])",torch.bool,1225
slice_30,"torch.Size([1, 1, 35, 35])",torch.bfloat16,2450
slice_31,"torch.Size([1, 1, 35, 35])",torch.bfloat16,2450
slice_32,"torch.Size([1, 1, 35, 35])",torch.bfloat16,2450
masked_fill_1,"torch.Size([1, 1, 35, 35])",torch.bfloat16,2450
slice_33,"torch.Size([1, 1, 35, 35])",torch.bfloat16,2450
slice_34,"torch.Size([1, 1, 35, 35])",torch.bfloat16,2450
slice_35,"torch.Size([1, 1, 35, 35])",torch.bfloat16,2450
copy,"torch.Size([1, 1, 35, 35])",torch.bfloat16,2450
slice_36,"torch.Size([1, 1, 35, 35])",torch.bfloat16,2450
slice_37,"torch.Size([1, 1, 35, 35])",torch.bfloat16,2450
slice_scatter_3,"torch.Size([1, 1, 35, 35])",torch.bfloat16,2450
slice_scatter_4,"torch.Size([1, 1, 35, 35])",torch.bfloat16,2450
slice_scatter_5,"torch.Size([1, 1, 35, 35])",torch.bfloat16,2450
eq_1,"torch.Size([1, 1, 35, 35])",torch.bool,1225
all_1,"torch.Size([1, 1, 35, 1])",torch.bool,35
bitwise_not,"torch.Size([1, 1, 35, 1])",torch.bool,35
mul_23,"torch.Size([1, 1, 35, 35])",torch.bfloat16,2450
unsqueeze_10,"torch.Size([1, 64])",torch.float32,256
slice_41,"torch.Size([1, 64])",torch.float32,256
unsqueeze_11,"torch.Size([1, 64, 1])",torch.float32,256
expand_46,"torch.Size([1, 64, 1])",torch.float32,256
slice_42,"torch.Size([1, 35])",torch.int64,280
unsqueeze_12,"torch.Size([1, 1, 35])",torch.int64,280
slice_43,"torch.Size([1, 1, 35])",torch.int64,280
_to_copy_5,"torch.Size([1, 1, 35])",torch.float32,140
expand_47,"torch.Size([1, 64, 1])",torch.float32,256
view_669,"torch.Size([1, 64, 1])",torch.float32,256
expand_48,"torch.Size([1, 1, 35])",torch.float32,140
view_670,"torch.Size([1, 1, 35])",torch.float32,140
bmm_1,"torch.Size([1, 64, 35])",torch.float32,8960
view_671,"torch.Size([1, 64, 35])",torch.float32,8960
transpose_162,"torch.Size([1, 35, 64])",torch.float32,8960
cat_2,"torch.Size([1, 35, 128])",torch.float32,17920
cos,"torch.Size([1, 35, 128])",torch.float32,17920
sin,"torch.Size([1, 35, 128])",torch.float32,17920
mul_24,"torch.Size([1, 35, 128])",torch.float32,17920
mul_25,"torch.Size([1, 35, 128])",torch.float32,17920
_to_copy_6,"torch.Size([1, 35, 128])",torch.bfloat16,8960
_to_copy_7,"torch.Size([1, 35, 128])",torch.bfloat16,8960
_to_copy_8,"torch.Size([1, 35, 4096])",torch.float32,573440
pow_1,"torch.Size([1, 35, 4096])",torch.float32,573440
mean,"torch.Size([1, 35, 1])",torch.float32,140
add_85,"torch.Size([1, 35, 1])",torch.float32,140
rsqrt,"torch.Size([1, 35, 1])",torch.float32,140
mul_26,"torch.Size([1, 35, 4096])",torch.float32,573440
_to_copy_9,"torch.Size([1, 35, 4096])",torch.bfloat16,286720
mul_27,"torch.Size([1, 35, 4096])",torch.bfloat16,286720
t_241,"torch.Size([4096, 4096])",torch.bfloat16,33554432
view_672,"torch.Size([35, 4096])",torch.bfloat16,286720
mm_160,"torch.Size([35, 4096])",torch.bfloat16,286720
view_673,"torch.Size([1, 35, 4096])",torch.bfloat16,286720
t_242,"torch.Size([4096, 1024])",torch.bfloat16,8388608
view_674,"torch.Size([35, 4096])",torch.bfloat16,286720
mm_161,"torch.Size([35, 1024])",torch.bfloat16,71680
view_675,"torch.Size([1, 35, 1024])",torch.bfloat16,71680
t_243,"torch.Size([4096, 1024])",torch.bfloat16,8388608
view_676,"torch.Size([35, 4096])",torch.bfloat16,286720
mm_162,"torch.Size([35, 1024])",torch.bfloat16,71680
view_677,"torch.Size([1, 35, 1024])",torch.bfloat16,71680
view_678,"torch.Size([1, 35, 32, 128])",torch.bfloat16,286720
transpose_163,"torch.Size([1, 32, 35, 128])",torch.bfloat16,286720
view_679,"torch.Size([1, 35, 8, 128])",torch.bfloat16,71680
transpose_164,"torch.Size([1, 8, 35, 128])",torch.bfloat16,71680
view_680,"torch.Size([1, 35, 8, 128])",torch.bfloat16,71680
transpose_165,"torch.Size([1, 8, 35, 128])",torch.bfloat16,71680
unsqueeze_13,"torch.Size([1, 1, 35, 128])",torch.bfloat16,8960
unsqueeze_14,"torch.Size([1, 1, 35, 128])",torch.bfloat16,8960
mul_28,"torch.Size([1, 32, 35, 128])",torch.bfloat16,286720
slice_44,"torch.Size([1, 32, 35, 64])",torch.bfloat16,143360
slice_45,"torch.Size([1, 32, 35, 64])",torch.bfloat16,143360
neg,"torch.Size([1, 32, 35, 64])",torch.bfloat16,143360
cat_3,"torch.Size([1, 32, 35, 128])",torch.bfloat16,286720
mul_29,"torch.Size([1, 32, 35, 128])",torch.bfloat16,286720
add_86,"torch.Size([1, 32, 35, 128])",torch.bfloat16,286720
mul_30,"torch.Size([1, 8, 35, 128])",torch.bfloat16,71680
slice_46,"torch.Size([1, 8, 35, 64])",torch.bfloat16,35840
slice_47,"torch.Size([1, 8, 35, 64])",torch.bfloat16,35840
neg_1,"torch.Size([1, 8, 35, 64])",torch.bfloat16,35840
cat_4,"torch.Size([1, 8, 35, 128])",torch.bfloat16,71680
mul_31,"torch.Size([1, 8, 35, 128])",torch.bfloat16,71680
add_87,"torch.Size([1, 8, 35, 128])",torch.bfloat16,71680
slice_48,"torch.Size([1, 8, 35, 128])",torch.bfloat16,71680
slice_49,"torch.Size([1, 8, 35, 128])",torch.bfloat16,71680
unsqueeze_15,"torch.Size([1, 8, 1, 35, 128])",torch.bfloat16,71680
slice_50,"torch.Size([1, 8, 1, 35, 128])",torch.bfloat16,71680
slice_51,"torch.Size([1, 8, 1, 35, 128])",torch.bfloat16,71680
expand_49,"torch.Size([1, 8, 4, 35, 128])",torch.bfloat16,286720
clone_2,"torch.Size([1, 8, 4, 35, 128])",torch.bfloat16,286720
_unsafe_view,"torch.Size([1, 32, 35, 128])",torch.bfloat16,286720
slice_52,"torch.Size([1, 8, 35, 128])",torch.bfloat16,71680
slice_53,"torch.Size([1, 8, 35, 128])",torch.bfloat16,71680
unsqueeze_16,"torch.Size([1, 8, 1, 35, 128])",torch.bfloat16,71680
slice_54,"torch.Size([1, 8, 1, 35, 128])",torch.bfloat16,71680
slice_55,"torch.Size([1, 8, 1, 35, 128])",torch.bfloat16,71680
expand_50,"torch.Size([1, 8, 4, 35, 128])",torch.bfloat16,286720
clone_3,"torch.Size([1, 8, 4, 35, 128])",torch.bfloat16,286720
_unsafe_view_1,"torch.Size([1, 32, 35, 128])",torch.bfloat16,286720
slice_56,"torch.Size([1, 1, 35, 35])",torch.bfloat16,2450
slice_57,"torch.Size([1, 1, 35, 35])",torch.bfloat16,2450
slice_58,"torch.Size([1, 1, 35, 35])",torch.bfloat16,2450
clone_4,"torch.Size([1, 32, 35, 128])",torch.bfloat16,286720
constant_pad_nd_1,"torch.Size([1, 1, 35, 40])",torch.bfloat16,2800
slice_59,"torch.Size([1, 1, 35, 35])",torch.bfloat16,2450
expand_51,"torch.Size([1, 32, 35, 35])",torch.bfloat16,78400
getitem_406,"torch.Size([1, 32, 35, 128])",torch.bfloat16,286720
transpose_166,"torch.Size([1, 35, 32, 128])",torch.bfloat16,286720
view_681,"torch.Size([1, 35, 4096])",torch.bfloat16,286720
t_244,"torch.Size([4096, 4096])",torch.bfloat16,33554432
view_682,"torch.Size([35, 4096])",torch.bfloat16,286720
mm_163,"torch.Size([35, 4096])",torch.bfloat16,286720
view_683,"torch.Size([1, 35, 4096])",torch.bfloat16,286720
add_88,"torch.Size([1, 35, 4096])",torch.bfloat16,286720
_to_copy_10,"torch.Size([1, 35, 4096])",torch.float32,573440
pow_2,"torch.Size([1, 35, 4096])",torch.float32,573440
mean_1,"torch.Size([1, 35, 1])",torch.float32,140
add_89,"torch.Size([1, 35, 1])",torch.float32,140
rsqrt_1,"torch.Size([1, 35, 1])",torch.float32,140
mul_32,"torch.Size([1, 35, 4096])",torch.float32,573440
_to_copy_11,"torch.Size([1, 35, 4096])",torch.bfloat16,286720
mul_33,"torch.Size([1, 35, 4096])",torch.bfloat16,286720
t_245,"torch.Size([4096, 14336])",torch.bfloat16,117440512
view_684,"torch.Size([35, 4096])",torch.bfloat16,286720
mm_164,"torch.Size([35, 14336])",torch.bfloat16,1003520
view_685,"torch.Size([1, 35, 14336])",torch.bfloat16,1003520
silu,"torch.Size([1, 35, 14336])",torch.bfloat16,1003520
t_246,"torch.Size([4096, 14336])",torch.bfloat16,117440512
view_686,"torch.Size([35, 4096])",torch.bfloat16,286720
mm_165,"torch.Size([35, 14336])",torch.bfloat16,1003520
view_687,"torch.Size([1, 35, 14336])",torch.bfloat16,1003520
mul_34,"torch.Size([1, 35, 14336])",torch.bfloat16,1003520
t_247,"torch.Size([14336, 4096])",torch.bfloat16,117440512
view_688,"torch.Size([35, 14336])",torch.bfloat16,1003520
mm_166,"torch.Size([35, 4096])",torch.bfloat16,286720
view_689,"torch.Size([1, 35, 4096])",torch.bfloat16,286720
add_90,"torch.Size([1, 35, 4096])",torch.bfloat16,286720
_to_copy_12,"torch.Size([1, 35, 4096])",torch.float32,573440
pow_3,"torch.Size([1, 35, 4096])",torch.float32,573440
mean_2,"torch.Size([1, 35, 1])",torch.float32,140
add_91,"torch.Size([1, 35, 1])",torch.float32,140
rsqrt_2,"torch.Size([1, 35, 1])",torch.float32,140
mul_35,"torch.Size([1, 35, 4096])",torch.float32,573440
_to_copy_13,"torch.Size([1, 35, 4096])",torch.bfloat16,286720
mul_36,"torch.Size([1, 35, 4096])",torch.bfloat16,286720
t_248,"torch.Size([4096, 4096])",torch.bfloat16,33554432
view_690,"torch.Size([35, 4096])",torch.bfloat16,286720
mm_167,"torch.Size([35, 4096])",torch.bfloat16,286720
view_691,"torch.Size([1, 35, 4096])",torch.bfloat16,286720
t_249,"torch.Size([4096, 1024])",torch.bfloat16,8388608
view_692,"torch.Size([35, 4096])",torch.bfloat16,286720
mm_168,"torch.Size([35, 1024])",torch.bfloat16,71680
view_693,"torch.Size([1, 35, 1024])",torch.bfloat16,71680
t_250,"torch.Size([4096, 1024])",torch.bfloat16,8388608
view_694,"torch.Size([35, 4096])",torch.bfloat16,286720
mm_169,"torch.Size([35, 1024])",torch.bfloat16,71680
view_695,"torch.Size([1, 35, 1024])",torch.bfloat16,71680
view_696,"torch.Size([1, 35, 32, 128])",torch.bfloat16,286720
transpose_167,"torch.Size([1, 32, 35, 128])",torch.bfloat16,286720
view_697,"torch.Size([1, 35, 8, 128])",torch.bfloat16,71680
transpose_168,"torch.Size([1, 8, 35, 128])",torch.bfloat16,71680
view_698,"torch.Size([1, 35, 8, 128])",torch.bfloat16,71680
transpose_169,"torch.Size([1, 8, 35, 128])",torch.bfloat16,71680
unsqueeze_17,"torch.Size([1, 1, 35, 128])",torch.bfloat16,8960
unsqueeze_18,"torch.Size([1, 1, 35, 128])",torch.bfloat16,8960
mul_37,"torch.Size([1, 32, 35, 128])",torch.bfloat16,286720
slice_60,"torch.Size([1, 32, 35, 64])",torch.bfloat16,143360
slice_61,"torch.Size([1, 32, 35, 64])",torch.bfloat16,143360
neg_2,"torch.Size([1, 32, 35, 64])",torch.bfloat16,143360
cat_5,"torch.Size([1, 32, 35, 128])",torch.bfloat16,286720
mul_38,"torch.Size([1, 32, 35, 128])",torch.bfloat16,286720
add_92,"torch.Size([1, 32, 35, 128])",torch.bfloat16,286720
mul_39,"torch.Size([1, 8, 35, 128])",torch.bfloat16,71680
slice_62,"torch.Size([1, 8, 35, 64])",torch.bfloat16,35840
slice_63,"torch.Size([1, 8, 35, 64])",torch.bfloat16,35840
neg_3,"torch.Size([1, 8, 35, 64])",torch.bfloat16,35840
cat_6,"torch.Size([1, 8, 35, 128])",torch.bfloat16,71680
mul_40,"torch.Size([1, 8, 35, 128])",torch.bfloat16,71680
add_93,"torch.Size([1, 8, 35, 128])",torch.bfloat16,71680
slice_64,"torch.Size([1, 8, 35, 128])",torch.bfloat16,71680
slice_65,"torch.Size([1, 8, 35, 128])",torch.bfloat16,71680
unsqueeze_19,"torch.Size([1, 8, 1, 35, 128])",torch.bfloat16,71680
slice_66,"torch.Size([1, 8, 1, 35, 128])",torch.bfloat16,71680
slice_67,"torch.Size([1, 8, 1, 35, 128])",torch.bfloat16,71680
expand_52,"torch.Size([1, 8, 4, 35, 128])",torch.bfloat16,286720
clone_5,"torch.Size([1, 8, 4, 35, 128])",torch.bfloat16,286720
_unsafe_view_2,"torch.Size([1, 32, 35, 128])",torch.bfloat16,286720
slice_68,"torch.Size([1, 8, 35, 128])",torch.bfloat16,71680
slice_69,"torch.Size([1, 8, 35, 128])",torch.bfloat16,71680
unsqueeze_20,"torch.Size([1, 8, 1, 35, 128])",torch.bfloat16,71680
slice_70,"torch.Size([1, 8, 1, 35, 128])",torch.bfloat16,71680
slice_71,"torch.Size([1, 8, 1, 35, 128])",torch.bfloat16,71680
expand_53,"torch.Size([1, 8, 4, 35, 128])",torch.bfloat16,286720
clone_6,"torch.Size([1, 8, 4, 35, 128])",torch.bfloat16,286720
_unsafe_view_3,"torch.Size([1, 32, 35, 128])",torch.bfloat16,286720
slice_72,"torch.Size([1, 1, 35, 35])",torch.bfloat16,2450
slice_73,"torch.Size([1, 1, 35, 35])",torch.bfloat16,2450
slice_74,"torch.Size([1, 1, 35, 35])",torch.bfloat16,2450
clone_7,"torch.Size([1, 32, 35, 128])",torch.bfloat16,286720
constant_pad_nd_2,"torch.Size([1, 1, 35, 40])",torch.bfloat16,2800
slice_75,"torch.Size([1, 1, 35, 35])",torch.bfloat16,2450
expand_54,"torch.Size([1, 32, 35, 35])",torch.bfloat16,78400
getitem_410,"torch.Size([1, 32, 35, 128])",torch.bfloat16,286720
transpose_170,"torch.Size([1, 35, 32, 128])",torch.bfloat16,286720
view_699,"torch.Size([1, 35, 4096])",torch.bfloat16,286720
t_251,"torch.Size([4096, 4096])",torch.bfloat16,33554432
view_700,"torch.Size([35, 4096])",torch.bfloat16,286720
mm_170,"torch.Size([35, 4096])",torch.bfloat16,286720
view_701,"torch.Size([1, 35, 4096])",torch.bfloat16,286720
add_94,"torch.Size([1, 35, 4096])",torch.bfloat16,286720
_to_copy_14,"torch.Size([1, 35, 4096])",torch.float32,573440
pow_4,"torch.Size([1, 35, 4096])",torch.float32,573440
mean_3,"torch.Size([1, 35, 1])",torch.float32,140
add_95,"torch.Size([1, 35, 1])",torch.float32,140
rsqrt_3,"torch.Size([1, 35, 1])",torch.float32,140
mul_41,"torch.Size([1, 35, 4096])",torch.float32,573440
_to_copy_15,"torch.Size([1, 35, 4096])",torch.bfloat16,286720
mul_42,"torch.Size([1, 35, 4096])",torch.bfloat16,286720
t_252,"torch.Size([4096, 14336])",torch.bfloat16,117440512
view_702,"torch.Size([35, 4096])",torch.bfloat16,286720
mm_171,"torch.Size([35, 14336])",torch.bfloat16,1003520
view_703,"torch.Size([1, 35, 14336])",torch.bfloat16,1003520
silu_1,"torch.Size([1, 35, 14336])",torch.bfloat16,1003520
t_253,"torch.Size([4096, 14336])",torch.bfloat16,117440512
view_704,"torch.Size([35, 4096])",torch.bfloat16,286720
mm_172,"torch.Size([35, 14336])",torch.bfloat16,1003520
view_705,"torch.Size([1, 35, 14336])",torch.bfloat16,1003520
mul_43,"torch.Size([1, 35, 14336])",torch.bfloat16,1003520
t_254,"torch.Size([14336, 4096])",torch.bfloat16,117440512
view_706,"torch.Size([35, 14336])",torch.bfloat16,1003520
mm_173,"torch.Size([35, 4096])",torch.bfloat16,286720
view_707,"torch.Size([1, 35, 4096])",torch.bfloat16,286720
add_96,"torch.Size([1, 35, 4096])",torch.bfloat16,286720
_to_copy_16,"torch.Size([1, 35, 4096])",torch.float32,573440
pow_5,"torch.Size([1, 35, 4096])",torch.float32,573440
mean_4,"torch.Size([1, 35, 1])",torch.float32,140
add_97,"torch.Size([1, 35, 1])",torch.float32,140
rsqrt_4,"torch.Size([1, 35, 1])",torch.float32,140
mul_44,"torch.Size([1, 35, 4096])",torch.float32,573440
_to_copy_17,"torch.Size([1, 35, 4096])",torch.bfloat16,286720
mul_45,"torch.Size([1, 35, 4096])",torch.bfloat16,286720
t_255,"torch.Size([4096, 4096])",torch.bfloat16,33554432
view_708,"torch.Size([35, 4096])",torch.bfloat16,286720
mm_174,"torch.Size([35, 4096])",torch.bfloat16,286720
view_709,"torch.Size([1, 35, 4096])",torch.bfloat16,286720
t_256,"torch.Size([4096, 1024])",torch.bfloat16,8388608
view_710,"torch.Size([35, 4096])",torch.bfloat16,286720
mm_175,"torch.Size([35, 1024])",torch.bfloat16,71680
view_711,"torch.Size([1, 35, 1024])",torch.bfloat16,71680
t_257,"torch.Size([4096, 1024])",torch.bfloat16,8388608
view_712,"torch.Size([35, 4096])",torch.bfloat16,286720
mm_176,"torch.Size([35, 1024])",torch.bfloat16,71680
view_713,"torch.Size([1, 35, 1024])",torch.bfloat16,71680
view_714,"torch.Size([1, 35, 32, 128])",torch.bfloat16,286720
transpose_171,"torch.Size([1, 32, 35, 128])",torch.bfloat16,286720
view_715,"torch.Size([1, 35, 8, 128])",torch.bfloat16,71680
transpose_172,"torch.Size([1, 8, 35, 128])",torch.bfloat16,71680
view_716,"torch.Size([1, 35, 8, 128])",torch.bfloat16,71680
transpose_173,"torch.Size([1, 8, 35, 128])",torch.bfloat16,71680
unsqueeze_21,"torch.Size([1, 1, 35, 128])",torch.bfloat16,8960
unsqueeze_22,"torch.Size([1, 1, 35, 128])",torch.bfloat16,8960
mul_46,"torch.Size([1, 32, 35, 128])",torch.bfloat16,286720
slice_76,"torch.Size([1, 32, 35, 64])",torch.bfloat16,143360
slice_77,"torch.Size([1, 32, 35, 64])",torch.bfloat16,143360
neg_4,"torch.Size([1, 32, 35, 64])",torch.bfloat16,143360
cat_7,"torch.Size([1, 32, 35, 128])",torch.bfloat16,286720
mul_47,"torch.Size([1, 32, 35, 128])",torch.bfloat16,286720
add_98,"torch.Size([1, 32, 35, 128])",torch.bfloat16,286720
mul_48,"torch.Size([1, 8, 35, 128])",torch.bfloat16,71680
slice_78,"torch.Size([1, 8, 35, 64])",torch.bfloat16,35840
slice_79,"torch.Size([1, 8, 35, 64])",torch.bfloat16,35840
neg_5,"torch.Size([1, 8, 35, 64])",torch.bfloat16,35840
cat_8,"torch.Size([1, 8, 35, 128])",torch.bfloat16,71680
mul_49,"torch.Size([1, 8, 35, 128])",torch.bfloat16,71680
add_99,"torch.Size([1, 8, 35, 128])",torch.bfloat16,71680
slice_80,"torch.Size([1, 8, 35, 128])",torch.bfloat16,71680
slice_81,"torch.Size([1, 8, 35, 128])",torch.bfloat16,71680
unsqueeze_23,"torch.Size([1, 8, 1, 35, 128])",torch.bfloat16,71680
slice_82,"torch.Size([1, 8, 1, 35, 128])",torch.bfloat16,71680
slice_83,"torch.Size([1, 8, 1, 35, 128])",torch.bfloat16,71680
expand_55,"torch.Size([1, 8, 4, 35, 128])",torch.bfloat16,286720
clone_8,"torch.Size([1, 8, 4, 35, 128])",torch.bfloat16,286720
_unsafe_view_4,"torch.Size([1, 32, 35, 128])",torch.bfloat16,286720
slice_84,"torch.Size([1, 8, 35, 128])",torch.bfloat16,71680
slice_85,"torch.Size([1, 8, 35, 128])",torch.bfloat16,71680
unsqueeze_24,"torch.Size([1, 8, 1, 35, 128])",torch.bfloat16,71680
slice_86,"torch.Size([1, 8, 1, 35, 128])",torch.bfloat16,71680
slice_87,"torch.Size([1, 8, 1, 35, 128])",torch.bfloat16,71680
expand_56,"torch.Size([1, 8, 4, 35, 128])",torch.bfloat16,286720
clone_9,"torch.Size([1, 8, 4, 35, 128])",torch.bfloat16,286720
_unsafe_view_5,"torch.Size([1, 32, 35, 128])",torch.bfloat16,286720
slice_88,"torch.Size([1, 1, 35, 35])",torch.bfloat16,2450
slice_89,"torch.Size([1, 1, 35, 35])",torch.bfloat16,2450
slice_90,"torch.Size([1, 1, 35, 35])",torch.bfloat16,2450
clone_10,"torch.Size([1, 32, 35, 128])",torch.bfloat16,286720
constant_pad_nd_3,"torch.Size([1, 1, 35, 40])",torch.bfloat16,2800
slice_91,"torch.Size([1, 1, 35, 35])",torch.bfloat16,2450
expand_57,"torch.Size([1, 32, 35, 35])",torch.bfloat16,78400
getitem_414,"torch.Size([1, 32, 35, 128])",torch.bfloat16,286720
transpose_174,"torch.Size([1, 35, 32, 128])",torch.bfloat16,286720
view_717,"torch.Size([1, 35, 4096])",torch.bfloat16,286720
t_258,"torch.Size([4096, 4096])",torch.bfloat16,33554432
view_718,"torch.Size([35, 4096])",torch.bfloat16,286720
mm_177,"torch.Size([35, 4096])",torch.bfloat16,286720
view_719,"torch.Size([1, 35, 4096])",torch.bfloat16,286720
add_100,"torch.Size([1, 35, 4096])",torch.bfloat16,286720
_to_copy_18,"torch.Size([1, 35, 4096])",torch.float32,573440
pow_6,"torch.Size([1, 35, 4096])",torch.float32,573440
mean_5,"torch.Size([1, 35, 1])",torch.float32,140
add_101,"torch.Size([1, 35, 1])",torch.float32,140
rsqrt_5,"torch.Size([1, 35, 1])",torch.float32,140
mul_50,"torch.Size([1, 35, 4096])",torch.float32,573440
_to_copy_19,"torch.Size([1, 35, 4096])",torch.bfloat16,286720
mul_51,"torch.Size([1, 35, 4096])",torch.bfloat16,286720
t_259,"torch.Size([4096, 14336])",torch.bfloat16,117440512
view_720,"torch.Size([35, 4096])",torch.bfloat16,286720
mm_178,"torch.Size([35, 14336])",torch.bfloat16,1003520
view_721,"torch.Size([1, 35, 14336])",torch.bfloat16,1003520
silu_2,"torch.Size([1, 35, 14336])",torch.bfloat16,1003520
t_260,"torch.Size([4096, 14336])",torch.bfloat16,117440512
view_722,"torch.Size([35, 4096])",torch.bfloat16,286720
mm_179,"torch.Size([35, 14336])",torch.bfloat16,1003520
view_723,"torch.Size([1, 35, 14336])",torch.bfloat16,1003520
mul_52,"torch.Size([1, 35, 14336])",torch.bfloat16,1003520
t_261,"torch.Size([14336, 4096])",torch.bfloat16,117440512
view_724,"torch.Size([35, 14336])",torch.bfloat16,1003520
mm_180,"torch.Size([35, 4096])",torch.bfloat16,286720
view_725,"torch.Size([1, 35, 4096])",torch.bfloat16,286720
add_102,"torch.Size([1, 35, 4096])",torch.bfloat16,286720
_to_copy_20,"torch.Size([1, 35, 4096])",torch.float32,573440
pow_7,"torch.Size([1, 35, 4096])",torch.float32,573440
mean_6,"torch.Size([1, 35, 1])",torch.float32,140
add_103,"torch.Size([1, 35, 1])",torch.float32,140
rsqrt_6,"torch.Size([1, 35, 1])",torch.float32,140
mul_53,"torch.Size([1, 35, 4096])",torch.float32,573440
_to_copy_21,"torch.Size([1, 35, 4096])",torch.bfloat16,286720
mul_54,"torch.Size([1, 35, 4096])",torch.bfloat16,286720
t_262,"torch.Size([4096, 4096])",torch.bfloat16,33554432
view_726,"torch.Size([35, 4096])",torch.bfloat16,286720
mm_181,"torch.Size([35, 4096])",torch.bfloat16,286720
view_727,"torch.Size([1, 35, 4096])",torch.bfloat16,286720
view_728,"torch.Size([1, 35, 32, 128])",torch.bfloat16,286720
transpose_175,"torch.Size([1, 32, 35, 128])",torch.bfloat16,286720
_to_copy_22,"torch.Size([1, 32, 35, 128])",torch.float32,573440
pow_8,"torch.Size([1, 32, 35, 128])",torch.float32,573440
mean_7,"torch.Size([1, 32, 35, 1])",torch.float32,4480
add_104,"torch.Size([1, 32, 35, 1])",torch.float32,4480
rsqrt_7,"torch.Size([1, 32, 35, 1])",torch.float32,4480
mul_55,"torch.Size([1, 32, 35, 128])",torch.float32,573440
_to_copy_23,"torch.Size([1, 32, 35, 128])",torch.bfloat16,286720
mul_56,"torch.Size([1, 32, 35, 128])",torch.bfloat16,286720
t_263,"torch.Size([4096, 1024])",torch.bfloat16,8388608
view_729,"torch.Size([6404, 4096])",torch.bfloat16,52461568
mm_182,"torch.Size([6404, 1024])",torch.bfloat16,13115392
view_730,"torch.Size([4, 1601, 1024])",torch.bfloat16,13115392
t_264,"torch.Size([4096, 1024])",torch.bfloat16,8388608
view_731,"torch.Size([6404, 4096])",torch.bfloat16,52461568
mm_183,"torch.Size([6404, 1024])",torch.bfloat16,13115392
view_732,"torch.Size([4, 1601, 1024])",torch.bfloat16,13115392
view_733,"torch.Size([1, 6404, 8, 128])",torch.bfloat16,13115392
transpose_176,"torch.Size([1, 8, 6404, 128])",torch.bfloat16,13115392
view_734,"torch.Size([1, 6404, 8, 128])",torch.bfloat16,13115392
transpose_177,"torch.Size([1, 8, 6404, 128])",torch.bfloat16,13115392
slice_92,"torch.Size([1, 8, 6404, 128])",torch.bfloat16,13115392
slice_93,"torch.Size([1, 8, 6404, 128])",torch.bfloat16,13115392
unsqueeze_25,"torch.Size([1, 8, 1, 6404, 128])",torch.bfloat16,13115392
slice_94,"torch.Size([1, 8, 1, 6404, 128])",torch.bfloat16,13115392
slice_95,"torch.Size([1, 8, 1, 6404, 128])",torch.bfloat16,13115392
expand_58,"torch.Size([1, 8, 4, 6404, 128])",torch.bfloat16,52461568
clone_11,"torch.Size([1, 8, 4, 6404, 128])",torch.bfloat16,52461568
_unsafe_view_6,"torch.Size([1, 32, 6404, 128])",torch.bfloat16,52461568
slice_96,"torch.Size([1, 8, 6404, 128])",torch.bfloat16,13115392
slice_97,"torch.Size([1, 8, 6404, 128])",torch.bfloat16,13115392
unsqueeze_26,"torch.Size([1, 8, 1, 6404, 128])",torch.bfloat16,13115392
slice_98,"torch.Size([1, 8, 1, 6404, 128])",torch.bfloat16,13115392
slice_99,"torch.Size([1, 8, 1, 6404, 128])",torch.bfloat16,13115392
expand_59,"torch.Size([1, 8, 4, 6404, 128])",torch.bfloat16,52461568
clone_12,"torch.Size([1, 8, 4, 6404, 128])",torch.bfloat16,52461568
_unsafe_view_7,"torch.Size([1, 32, 6404, 128])",torch.bfloat16,52461568
_to_copy_24,"torch.Size([1, 32, 6404, 128])",torch.float32,104923136
pow_9,"torch.Size([1, 32, 6404, 128])",torch.float32,104923136
mean_8,"torch.Size([1, 32, 6404, 1])",torch.float32,819712
add_105,"torch.Size([1, 32, 6404, 1])",torch.float32,819712
rsqrt_8,"torch.Size([1, 32, 6404, 1])",torch.float32,819712
mul_57,"torch.Size([1, 32, 6404, 128])",torch.float32,104923136
_to_copy_25,"torch.Size([1, 32, 6404, 128])",torch.bfloat16,52461568
mul_58,"torch.Size([1, 32, 6404, 128])",torch.bfloat16,52461568
clone_13,"torch.Size([1, 32, 35, 128])",torch.bfloat16,286720
constant_pad_nd_4,"torch.Size([1, 1, 35, 6408])",torch.bfloat16,448560
slice_100,"torch.Size([1, 1, 35, 6404])",torch.bfloat16,448280
expand_60,"torch.Size([1, 32, 35, 6404])",torch.bfloat16,14344960
getitem_418,"torch.Size([1, 32, 35, 128])",torch.bfloat16,286720
transpose_178,"torch.Size([1, 35, 32, 128])",torch.bfloat16,286720
view_735,"torch.Size([1, 35, 4096])",torch.bfloat16,286720
t_265,"torch.Size([4096, 4096])",torch.bfloat16,33554432
view_736,"torch.Size([35, 4096])",torch.bfloat16,286720
mm_184,"torch.Size([35, 4096])",torch.bfloat16,286720
view_737,"torch.Size([1, 35, 4096])",torch.bfloat16,286720
tanh_20,torch.Size([1]),torch.bfloat16,2
mul_59,"torch.Size([1, 35, 4096])",torch.bfloat16,286720
add_106,"torch.Size([1, 35, 4096])",torch.bfloat16,286720
_to_copy_26,"torch.Size([1, 35, 4096])",torch.float32,573440
pow_10,"torch.Size([1, 35, 4096])",torch.float32,573440
mean_9,"torch.Size([1, 35, 1])",torch.float32,140
add_107,"torch.Size([1, 35, 1])",torch.float32,140
rsqrt_9,"torch.Size([1, 35, 1])",torch.float32,140
mul_60,"torch.Size([1, 35, 4096])",torch.float32,573440
_to_copy_27,"torch.Size([1, 35, 4096])",torch.bfloat16,286720
mul_61,"torch.Size([1, 35, 4096])",torch.bfloat16,286720
t_266,"torch.Size([4096, 14336])",torch.bfloat16,117440512
view_738,"torch.Size([35, 4096])",torch.bfloat16,286720
mm_185,"torch.Size([35, 14336])",torch.bfloat16,1003520
view_739,"torch.Size([1, 35, 14336])",torch.bfloat16,1003520
silu_3,"torch.Size([1, 35, 14336])",torch.bfloat16,1003520
t_267,"torch.Size([4096, 14336])",torch.bfloat16,117440512
view_740,"torch.Size([35, 4096])",torch.bfloat16,286720
mm_186,"torch.Size([35, 14336])",torch.bfloat16,1003520
view_741,"torch.Size([1, 35, 14336])",torch.bfloat16,1003520
mul_62,"torch.Size([1, 35, 14336])",torch.bfloat16,1003520
t_268,"torch.Size([14336, 4096])",torch.bfloat16,117440512
view_742,"torch.Size([35, 14336])",torch.bfloat16,1003520
mm_187,"torch.Size([35, 4096])",torch.bfloat16,286720
view_743,"torch.Size([1, 35, 4096])",torch.bfloat16,286720
slice_101,"torch.Size([1, 1, 35, 1])",torch.bfloat16,70
select,"torch.Size([1, 35, 1])",torch.bfloat16,70
mul_63,"torch.Size([1, 35, 4096])",torch.bfloat16,286720
tanh_21,torch.Size([1]),torch.bfloat16,2
mul_64,"torch.Size([1, 35, 4096])",torch.bfloat16,286720
add_108,"torch.Size([1, 35, 4096])",torch.bfloat16,286720
_to_copy_28,"torch.Size([1, 35, 4096])",torch.float32,573440
pow_11,"torch.Size([1, 35, 4096])",torch.float32,573440
mean_10,"torch.Size([1, 35, 1])",torch.float32,140
add_109,"torch.Size([1, 35, 1])",torch.float32,140
rsqrt_10,"torch.Size([1, 35, 1])",torch.float32,140
mul_65,"torch.Size([1, 35, 4096])",torch.float32,573440
_to_copy_29,"torch.Size([1, 35, 4096])",torch.bfloat16,286720
mul_66,"torch.Size([1, 35, 4096])",torch.bfloat16,286720
t_269,"torch.Size([4096, 4096])",torch.bfloat16,33554432
view_744,"torch.Size([35, 4096])",torch.bfloat16,286720
mm_188,"torch.Size([35, 4096])",torch.bfloat16,286720
view_745,"torch.Size([1, 35, 4096])",torch.bfloat16,286720
t_270,"torch.Size([4096, 1024])",torch.bfloat16,8388608
view_746,"torch.Size([35, 4096])",torch.bfloat16,286720
mm_189,"torch.Size([35, 1024])",torch.bfloat16,71680
view_747,"torch.Size([1, 35, 1024])",torch.bfloat16,71680
t_271,"torch.Size([4096, 1024])",torch.bfloat16,8388608
view_748,"torch.Size([35, 4096])",torch.bfloat16,286720
mm_190,"torch.Size([35, 1024])",torch.bfloat16,71680
view_749,"torch.Size([1, 35, 1024])",torch.bfloat16,71680
view_750,"torch.Size([1, 35, 32, 128])",torch.bfloat16,286720
transpose_179,"torch.Size([1, 32, 35, 128])",torch.bfloat16,286720
view_751,"torch.Size([1, 35, 8, 128])",torch.bfloat16,71680
transpose_180,"torch.Size([1, 8, 35, 128])",torch.bfloat16,71680
view_752,"torch.Size([1, 35, 8, 128])",torch.bfloat16,71680
transpose_181,"torch.Size([1, 8, 35, 128])",torch.bfloat16,71680
unsqueeze_27,"torch.Size([1, 1, 35, 128])",torch.bfloat16,8960
unsqueeze_28,"torch.Size([1, 1, 35, 128])",torch.bfloat16,8960
mul_67,"torch.Size([1, 32, 35, 128])",torch.bfloat16,286720
slice_102,"torch.Size([1, 32, 35, 64])",torch.bfloat16,143360
slice_103,"torch.Size([1, 32, 35, 64])",torch.bfloat16,143360
neg_6,"torch.Size([1, 32, 35, 64])",torch.bfloat16,143360
cat_9,"torch.Size([1, 32, 35, 128])",torch.bfloat16,286720
mul_68,"torch.Size([1, 32, 35, 128])",torch.bfloat16,286720
add_110,"torch.Size([1, 32, 35, 128])",torch.bfloat16,286720
mul_69,"torch.Size([1, 8, 35, 128])",torch.bfloat16,71680
slice_104,"torch.Size([1, 8, 35, 64])",torch.bfloat16,35840
slice_105,"torch.Size([1, 8, 35, 64])",torch.bfloat16,35840
neg_7,"torch.Size([1, 8, 35, 64])",torch.bfloat16,35840
cat_10,"torch.Size([1, 8, 35, 128])",torch.bfloat16,71680
mul_70,"torch.Size([1, 8, 35, 128])",torch.bfloat16,71680
add_111,"torch.Size([1, 8, 35, 128])",torch.bfloat16,71680
slice_106,"torch.Size([1, 8, 35, 128])",torch.bfloat16,71680
slice_107,"torch.Size([1, 8, 35, 128])",torch.bfloat16,71680
unsqueeze_29,"torch.Size([1, 8, 1, 35, 128])",torch.bfloat16,71680
slice_108,"torch.Size([1, 8, 1, 35, 128])",torch.bfloat16,71680
slice_109,"torch.Size([1, 8, 1, 35, 128])",torch.bfloat16,71680
expand_61,"torch.Size([1, 8, 4, 35, 128])",torch.bfloat16,286720
clone_14,"torch.Size([1, 8, 4, 35, 128])",torch.bfloat16,286720
_unsafe_view_8,"torch.Size([1, 32, 35, 128])",torch.bfloat16,286720
slice_110,"torch.Size([1, 8, 35, 128])",torch.bfloat16,71680
slice_111,"torch.Size([1, 8, 35, 128])",torch.bfloat16,71680
unsqueeze_30,"torch.Size([1, 8, 1, 35, 128])",torch.bfloat16,71680
slice_112,"torch.Size([1, 8, 1, 35, 128])",torch.bfloat16,71680
slice_113,"torch.Size([1, 8, 1, 35, 128])",torch.bfloat16,71680
expand_62,"torch.Size([1, 8, 4, 35, 128])",torch.bfloat16,286720
clone_15,"torch.Size([1, 8, 4, 35, 128])",torch.bfloat16,286720
_unsafe_view_9,"torch.Size([1, 32, 35, 128])",torch.bfloat16,286720
slice_114,"torch.Size([1, 1, 35, 35])",torch.bfloat16,2450
slice_115,"torch.Size([1, 1, 35, 35])",torch.bfloat16,2450
slice_116,"torch.Size([1, 1, 35, 35])",torch.bfloat16,2450
clone_16,"torch.Size([1, 32, 35, 128])",torch.bfloat16,286720
constant_pad_nd_5,"torch.Size([1, 1, 35, 40])",torch.bfloat16,2800
slice_117,"torch.Size([1, 1, 35, 35])",torch.bfloat16,2450
expand_63,"torch.Size([1, 32, 35, 35])",torch.bfloat16,78400
getitem_422,"torch.Size([1, 32, 35, 128])",torch.bfloat16,286720
transpose_182,"torch.Size([1, 35, 32, 128])",torch.bfloat16,286720
view_753,"torch.Size([1, 35, 4096])",torch.bfloat16,286720
t_272,"torch.Size([4096, 4096])",torch.bfloat16,33554432
view_754,"torch.Size([35, 4096])",torch.bfloat16,286720
mm_191,"torch.Size([35, 4096])",torch.bfloat16,286720
view_755,"torch.Size([1, 35, 4096])",torch.bfloat16,286720
add_112,"torch.Size([1, 35, 4096])",torch.bfloat16,286720
_to_copy_30,"torch.Size([1, 35, 4096])",torch.float32,573440
pow_12,"torch.Size([1, 35, 4096])",torch.float32,573440
mean_11,"torch.Size([1, 35, 1])",torch.float32,140
add_113,"torch.Size([1, 35, 1])",torch.float32,140
rsqrt_11,"torch.Size([1, 35, 1])",torch.float32,140
mul_71,"torch.Size([1, 35, 4096])",torch.float32,573440
_to_copy_31,"torch.Size([1, 35, 4096])",torch.bfloat16,286720
mul_72,"torch.Size([1, 35, 4096])",torch.bfloat16,286720
t_273,"torch.Size([4096, 14336])",torch.bfloat16,117440512
view_756,"torch.Size([35, 4096])",torch.bfloat16,286720
mm_192,"torch.Size([35, 14336])",torch.bfloat16,1003520
view_757,"torch.Size([1, 35, 14336])",torch.bfloat16,1003520
silu_4,"torch.Size([1, 35, 14336])",torch.bfloat16,1003520
t_274,"torch.Size([4096, 14336])",torch.bfloat16,117440512
view_758,"torch.Size([35, 4096])",torch.bfloat16,286720
mm_193,"torch.Size([35, 14336])",torch.bfloat16,1003520
view_759,"torch.Size([1, 35, 14336])",torch.bfloat16,1003520
mul_73,"torch.Size([1, 35, 14336])",torch.bfloat16,1003520
t_275,"torch.Size([14336, 4096])",torch.bfloat16,117440512
view_760,"torch.Size([35, 14336])",torch.bfloat16,1003520
mm_194,"torch.Size([35, 4096])",torch.bfloat16,286720
view_761,"torch.Size([1, 35, 4096])",torch.bfloat16,286720
add_114,"torch.Size([1, 35, 4096])",torch.bfloat16,286720
_to_copy_32,"torch.Size([1, 35, 4096])",torch.float32,573440
pow_13,"torch.Size([1, 35, 4096])",torch.float32,573440
mean_12,"torch.Size([1, 35, 1])",torch.float32,140
add_115,"torch.Size([1, 35, 1])",torch.float32,140
rsqrt_12,"torch.Size([1, 35, 1])",torch.float32,140
mul_74,"torch.Size([1, 35, 4096])",torch.float32,573440
_to_copy_33,"torch.Size([1, 35, 4096])",torch.bfloat16,286720
mul_75,"torch.Size([1, 35, 4096])",torch.bfloat16,286720
t_276,"torch.Size([4096, 4096])",torch.bfloat16,33554432
view_762,"torch.Size([35, 4096])",torch.bfloat16,286720
mm_195,"torch.Size([35, 4096])",torch.bfloat16,286720
view_763,"torch.Size([1, 35, 4096])",torch.bfloat16,286720
t_277,"torch.Size([4096, 1024])",torch.bfloat16,8388608
view_764,"torch.Size([35, 4096])",torch.bfloat16,286720
mm_196,"torch.Size([35, 1024])",torch.bfloat16,71680
view_765,"torch.Size([1, 35, 1024])",torch.bfloat16,71680
t_278,"torch.Size([4096, 1024])",torch.bfloat16,8388608
view_766,"torch.Size([35, 4096])",torch.bfloat16,286720
mm_197,"torch.Size([35, 1024])",torch.bfloat16,71680
view_767,"torch.Size([1, 35, 1024])",torch.bfloat16,71680
view_768,"torch.Size([1, 35, 32, 128])",torch.bfloat16,286720
transpose_183,"torch.Size([1, 32, 35, 128])",torch.bfloat16,286720
view_769,"torch.Size([1, 35, 8, 128])",torch.bfloat16,71680
transpose_184,"torch.Size([1, 8, 35, 128])",torch.bfloat16,71680
view_770,"torch.Size([1, 35, 8, 128])",torch.bfloat16,71680
transpose_185,"torch.Size([1, 8, 35, 128])",torch.bfloat16,71680
unsqueeze_31,"torch.Size([1, 1, 35, 128])",torch.bfloat16,8960
unsqueeze_32,"torch.Size([1, 1, 35, 128])",torch.bfloat16,8960
mul_76,"torch.Size([1, 32, 35, 128])",torch.bfloat16,286720
slice_118,"torch.Size([1, 32, 35, 64])",torch.bfloat16,143360
slice_119,"torch.Size([1, 32, 35, 64])",torch.bfloat16,143360
neg_8,"torch.Size([1, 32, 35, 64])",torch.bfloat16,143360
cat_11,"torch.Size([1, 32, 35, 128])",torch.bfloat16,286720
mul_77,"torch.Size([1, 32, 35, 128])",torch.bfloat16,286720
add_116,"torch.Size([1, 32, 35, 128])",torch.bfloat16,286720
mul_78,"torch.Size([1, 8, 35, 128])",torch.bfloat16,71680
slice_120,"torch.Size([1, 8, 35, 64])",torch.bfloat16,35840
slice_121,"torch.Size([1, 8, 35, 64])",torch.bfloat16,35840
neg_9,"torch.Size([1, 8, 35, 64])",torch.bfloat16,35840
cat_12,"torch.Size([1, 8, 35, 128])",torch.bfloat16,71680
mul_79,"torch.Size([1, 8, 35, 128])",torch.bfloat16,71680
add_117,"torch.Size([1, 8, 35, 128])",torch.bfloat16,71680
slice_122,"torch.Size([1, 8, 35, 128])",torch.bfloat16,71680
slice_123,"torch.Size([1, 8, 35, 128])",torch.bfloat16,71680
unsqueeze_33,"torch.Size([1, 8, 1, 35, 128])",torch.bfloat16,71680
slice_124,"torch.Size([1, 8, 1, 35, 128])",torch.bfloat16,71680
slice_125,"torch.Size([1, 8, 1, 35, 128])",torch.bfloat16,71680
expand_64,"torch.Size([1, 8, 4, 35, 128])",torch.bfloat16,286720
clone_17,"torch.Size([1, 8, 4, 35, 128])",torch.bfloat16,286720
_unsafe_view_10,"torch.Size([1, 32, 35, 128])",torch.bfloat16,286720
slice_126,"torch.Size([1, 8, 35, 128])",torch.bfloat16,71680
slice_127,"torch.Size([1, 8, 35, 128])",torch.bfloat16,71680
unsqueeze_34,"torch.Size([1, 8, 1, 35, 128])",torch.bfloat16,71680
slice_128,"torch.Size([1, 8, 1, 35, 128])",torch.bfloat16,71680
slice_129,"torch.Size([1, 8, 1, 35, 128])",torch.bfloat16,71680
expand_65,"torch.Size([1, 8, 4, 35, 128])",torch.bfloat16,286720
clone_18,"torch.Size([1, 8, 4, 35, 128])",torch.bfloat16,286720
_unsafe_view_11,"torch.Size([1, 32, 35, 128])",torch.bfloat16,286720
slice_130,"torch.Size([1, 1, 35, 35])",torch.bfloat16,2450
slice_131,"torch.Size([1, 1, 35, 35])",torch.bfloat16,2450
slice_132,"torch.Size([1, 1, 35, 35])",torch.bfloat16,2450
clone_19,"torch.Size([1, 32, 35, 128])",torch.bfloat16,286720
constant_pad_nd_6,"torch.Size([1, 1, 35, 40])",torch.bfloat16,2800
slice_133,"torch.Size([1, 1, 35, 35])",torch.bfloat16,2450
expand_66,"torch.Size([1, 32, 35, 35])",torch.bfloat16,78400
getitem_426,"torch.Size([1, 32, 35, 128])",torch.bfloat16,286720
transpose_186,"torch.Size([1, 35, 32, 128])",torch.bfloat16,286720
view_771,"torch.Size([1, 35, 4096])",torch.bfloat16,286720
t_279,"torch.Size([4096, 4096])",torch.bfloat16,33554432
view_772,"torch.Size([35, 4096])",torch.bfloat16,286720
mm_198,"torch.Size([35, 4096])",torch.bfloat16,286720
view_773,"torch.Size([1, 35, 4096])",torch.bfloat16,286720
add_118,"torch.Size([1, 35, 4096])",torch.bfloat16,286720
_to_copy_34,"torch.Size([1, 35, 4096])",torch.float32,573440
pow_14,"torch.Size([1, 35, 4096])",torch.float32,573440
mean_13,"torch.Size([1, 35, 1])",torch.float32,140
add_119,"torch.Size([1, 35, 1])",torch.float32,140
rsqrt_13,"torch.Size([1, 35, 1])",torch.float32,140
mul_80,"torch.Size([1, 35, 4096])",torch.float32,573440
_to_copy_35,"torch.Size([1, 35, 4096])",torch.bfloat16,286720
mul_81,"torch.Size([1, 35, 4096])",torch.bfloat16,286720
t_280,"torch.Size([4096, 14336])",torch.bfloat16,117440512
view_774,"torch.Size([35, 4096])",torch.bfloat16,286720
mm_199,"torch.Size([35, 14336])",torch.bfloat16,1003520
view_775,"torch.Size([1, 35, 14336])",torch.bfloat16,1003520
silu_5,"torch.Size([1, 35, 14336])",torch.bfloat16,1003520
t_281,"torch.Size([4096, 14336])",torch.bfloat16,117440512
view_776,"torch.Size([35, 4096])",torch.bfloat16,286720
mm_200,"torch.Size([35, 14336])",torch.bfloat16,1003520
view_777,"torch.Size([1, 35, 14336])",torch.bfloat16,1003520
mul_82,"torch.Size([1, 35, 14336])",torch.bfloat16,1003520
t_282,"torch.Size([14336, 4096])",torch.bfloat16,117440512
view_778,"torch.Size([35, 14336])",torch.bfloat16,1003520
mm_201,"torch.Size([35, 4096])",torch.bfloat16,286720
view_779,"torch.Size([1, 35, 4096])",torch.bfloat16,286720
add_120,"torch.Size([1, 35, 4096])",torch.bfloat16,286720
_to_copy_36,"torch.Size([1, 35, 4096])",torch.float32,573440
pow_15,"torch.Size([1, 35, 4096])",torch.float32,573440
mean_14,"torch.Size([1, 35, 1])",torch.float32,140
add_121,"torch.Size([1, 35, 1])",torch.float32,140
rsqrt_14,"torch.Size([1, 35, 1])",torch.float32,140
mul_83,"torch.Size([1, 35, 4096])",torch.float32,573440
_to_copy_37,"torch.Size([1, 35, 4096])",torch.bfloat16,286720
mul_84,"torch.Size([1, 35, 4096])",torch.bfloat16,286720
t_283,"torch.Size([4096, 4096])",torch.bfloat16,33554432
view_780,"torch.Size([35, 4096])",torch.bfloat16,286720
mm_202,"torch.Size([35, 4096])",torch.bfloat16,286720
view_781,"torch.Size([1, 35, 4096])",torch.bfloat16,286720
t_284,"torch.Size([4096, 1024])",torch.bfloat16,8388608
view_782,"torch.Size([35, 4096])",torch.bfloat16,286720
mm_203,"torch.Size([35, 1024])",torch.bfloat16,71680
view_783,"torch.Size([1, 35, 1024])",torch.bfloat16,71680
t_285,"torch.Size([4096, 1024])",torch.bfloat16,8388608
view_784,"torch.Size([35, 4096])",torch.bfloat16,286720
mm_204,"torch.Size([35, 1024])",torch.bfloat16,71680
view_785,"torch.Size([1, 35, 1024])",torch.bfloat16,71680
view_786,"torch.Size([1, 35, 32, 128])",torch.bfloat16,286720
transpose_187,"torch.Size([1, 32, 35, 128])",torch.bfloat16,286720
view_787,"torch.Size([1, 35, 8, 128])",torch.bfloat16,71680
transpose_188,"torch.Size([1, 8, 35, 128])",torch.bfloat16,71680
view_788,"torch.Size([1, 35, 8, 128])",torch.bfloat16,71680
transpose_189,"torch.Size([1, 8, 35, 128])",torch.bfloat16,71680
unsqueeze_35,"torch.Size([1, 1, 35, 128])",torch.bfloat16,8960
unsqueeze_36,"torch.Size([1, 1, 35, 128])",torch.bfloat16,8960
mul_85,"torch.Size([1, 32, 35, 128])",torch.bfloat16,286720
slice_134,"torch.Size([1, 32, 35, 64])",torch.bfloat16,143360
slice_135,"torch.Size([1, 32, 35, 64])",torch.bfloat16,143360
neg_10,"torch.Size([1, 32, 35, 64])",torch.bfloat16,143360
cat_13,"torch.Size([1, 32, 35, 128])",torch.bfloat16,286720
mul_86,"torch.Size([1, 32, 35, 128])",torch.bfloat16,286720
add_122,"torch.Size([1, 32, 35, 128])",torch.bfloat16,286720
mul_87,"torch.Size([1, 8, 35, 128])",torch.bfloat16,71680
slice_136,"torch.Size([1, 8, 35, 64])",torch.bfloat16,35840
slice_137,"torch.Size([1, 8, 35, 64])",torch.bfloat16,35840
neg_11,"torch.Size([1, 8, 35, 64])",torch.bfloat16,35840
cat_14,"torch.Size([1, 8, 35, 128])",torch.bfloat16,71680
mul_88,"torch.Size([1, 8, 35, 128])",torch.bfloat16,71680
add_123,"torch.Size([1, 8, 35, 128])",torch.bfloat16,71680
slice_138,"torch.Size([1, 8, 35, 128])",torch.bfloat16,71680
slice_139,"torch.Size([1, 8, 35, 128])",torch.bfloat16,71680
unsqueeze_37,"torch.Size([1, 8, 1, 35, 128])",torch.bfloat16,71680
slice_140,"torch.Size([1, 8, 1, 35, 128])",torch.bfloat16,71680
slice_141,"torch.Size([1, 8, 1, 35, 128])",torch.bfloat16,71680
expand_67,"torch.Size([1, 8, 4, 35, 128])",torch.bfloat16,286720
clone_20,"torch.Size([1, 8, 4, 35, 128])",torch.bfloat16,286720
_unsafe_view_12,"torch.Size([1, 32, 35, 128])",torch.bfloat16,286720
slice_142,"torch.Size([1, 8, 35, 128])",torch.bfloat16,71680
slice_143,"torch.Size([1, 8, 35, 128])",torch.bfloat16,71680
unsqueeze_38,"torch.Size([1, 8, 1, 35, 128])",torch.bfloat16,71680
slice_144,"torch.Size([1, 8, 1, 35, 128])",torch.bfloat16,71680
slice_145,"torch.Size([1, 8, 1, 35, 128])",torch.bfloat16,71680
expand_68,"torch.Size([1, 8, 4, 35, 128])",torch.bfloat16,286720
clone_21,"torch.Size([1, 8, 4, 35, 128])",torch.bfloat16,286720
_unsafe_view_13,"torch.Size([1, 32, 35, 128])",torch.bfloat16,286720
slice_146,"torch.Size([1, 1, 35, 35])",torch.bfloat16,2450
slice_147,"torch.Size([1, 1, 35, 35])",torch.bfloat16,2450
slice_148,"torch.Size([1, 1, 35, 35])",torch.bfloat16,2450
clone_22,"torch.Size([1, 32, 35, 128])",torch.bfloat16,286720
constant_pad_nd_7,"torch.Size([1, 1, 35, 40])",torch.bfloat16,2800
slice_149,"torch.Size([1, 1, 35, 35])",torch.bfloat16,2450
expand_69,"torch.Size([1, 32, 35, 35])",torch.bfloat16,78400
getitem_430,"torch.Size([1, 32, 35, 128])",torch.bfloat16,286720
transpose_190,"torch.Size([1, 35, 32, 128])",torch.bfloat16,286720
view_789,"torch.Size([1, 35, 4096])",torch.bfloat16,286720
t_286,"torch.Size([4096, 4096])",torch.bfloat16,33554432
view_790,"torch.Size([35, 4096])",torch.bfloat16,286720
mm_205,"torch.Size([35, 4096])",torch.bfloat16,286720
view_791,"torch.Size([1, 35, 4096])",torch.bfloat16,286720
add_124,"torch.Size([1, 35, 4096])",torch.bfloat16,286720
_to_copy_38,"torch.Size([1, 35, 4096])",torch.float32,573440
pow_16,"torch.Size([1, 35, 4096])",torch.float32,573440
mean_15,"torch.Size([1, 35, 1])",torch.float32,140
add_125,"torch.Size([1, 35, 1])",torch.float32,140
rsqrt_15,"torch.Size([1, 35, 1])",torch.float32,140
mul_89,"torch.Size([1, 35, 4096])",torch.float32,573440
_to_copy_39,"torch.Size([1, 35, 4096])",torch.bfloat16,286720
mul_90,"torch.Size([1, 35, 4096])",torch.bfloat16,286720
t_287,"torch.Size([4096, 14336])",torch.bfloat16,117440512
view_792,"torch.Size([35, 4096])",torch.bfloat16,286720
mm_206,"torch.Size([35, 14336])",torch.bfloat16,1003520
view_793,"torch.Size([1, 35, 14336])",torch.bfloat16,1003520
silu_6,"torch.Size([1, 35, 14336])",torch.bfloat16,1003520
t_288,"torch.Size([4096, 14336])",torch.bfloat16,117440512
view_794,"torch.Size([35, 4096])",torch.bfloat16,286720
mm_207,"torch.Size([35, 14336])",torch.bfloat16,1003520
view_795,"torch.Size([1, 35, 14336])",torch.bfloat16,1003520
mul_91,"torch.Size([1, 35, 14336])",torch.bfloat16,1003520
t_289,"torch.Size([14336, 4096])",torch.bfloat16,117440512
view_796,"torch.Size([35, 14336])",torch.bfloat16,1003520
mm_208,"torch.Size([35, 4096])",torch.bfloat16,286720
view_797,"torch.Size([1, 35, 4096])",torch.bfloat16,286720
add_126,"torch.Size([1, 35, 4096])",torch.bfloat16,286720
_to_copy_40,"torch.Size([1, 35, 4096])",torch.float32,573440
pow_17,"torch.Size([1, 35, 4096])",torch.float32,573440
mean_16,"torch.Size([1, 35, 1])",torch.float32,140
add_127,"torch.Size([1, 35, 1])",torch.float32,140
rsqrt_16,"torch.Size([1, 35, 1])",torch.float32,140
mul_92,"torch.Size([1, 35, 4096])",torch.float32,573440
_to_copy_41,"torch.Size([1, 35, 4096])",torch.bfloat16,286720
mul_93,"torch.Size([1, 35, 4096])",torch.bfloat16,286720
t_290,"torch.Size([4096, 4096])",torch.bfloat16,33554432
view_798,"torch.Size([35, 4096])",torch.bfloat16,286720
mm_209,"torch.Size([35, 4096])",torch.bfloat16,286720
view_799,"torch.Size([1, 35, 4096])",torch.bfloat16,286720
t_291,"torch.Size([4096, 1024])",torch.bfloat16,8388608
view_800,"torch.Size([35, 4096])",torch.bfloat16,286720
mm_210,"torch.Size([35, 1024])",torch.bfloat16,71680
view_801,"torch.Size([1, 35, 1024])",torch.bfloat16,71680
t_292,"torch.Size([4096, 1024])",torch.bfloat16,8388608
view_802,"torch.Size([35, 4096])",torch.bfloat16,286720
mm_211,"torch.Size([35, 1024])",torch.bfloat16,71680
view_803,"torch.Size([1, 35, 1024])",torch.bfloat16,71680
view_804,"torch.Size([1, 35, 32, 128])",torch.bfloat16,286720
transpose_191,"torch.Size([1, 32, 35, 128])",torch.bfloat16,286720
view_805,"torch.Size([1, 35, 8, 128])",torch.bfloat16,71680
transpose_192,"torch.Size([1, 8, 35, 128])",torch.bfloat16,71680
view_806,"torch.Size([1, 35, 8, 128])",torch.bfloat16,71680
transpose_193,"torch.Size([1, 8, 35, 128])",torch.bfloat16,71680
unsqueeze_39,"torch.Size([1, 1, 35, 128])",torch.bfloat16,8960
unsqueeze_40,"torch.Size([1, 1, 35, 128])",torch.bfloat16,8960
mul_94,"torch.Size([1, 32, 35, 128])",torch.bfloat16,286720
slice_150,"torch.Size([1, 32, 35, 64])",torch.bfloat16,143360
slice_151,"torch.Size([1, 32, 35, 64])",torch.bfloat16,143360
neg_12,"torch.Size([1, 32, 35, 64])",torch.bfloat16,143360
cat_15,"torch.Size([1, 32, 35, 128])",torch.bfloat16,286720
mul_95,"torch.Size([1, 32, 35, 128])",torch.bfloat16,286720
add_128,"torch.Size([1, 32, 35, 128])",torch.bfloat16,286720
mul_96,"torch.Size([1, 8, 35, 128])",torch.bfloat16,71680
slice_152,"torch.Size([1, 8, 35, 64])",torch.bfloat16,35840
slice_153,"torch.Size([1, 8, 35, 64])",torch.bfloat16,35840
neg_13,"torch.Size([1, 8, 35, 64])",torch.bfloat16,35840
cat_16,"torch.Size([1, 8, 35, 128])",torch.bfloat16,71680
mul_97,"torch.Size([1, 8, 35, 128])",torch.bfloat16,71680
add_129,"torch.Size([1, 8, 35, 128])",torch.bfloat16,71680
slice_154,"torch.Size([1, 8, 35, 128])",torch.bfloat16,71680
slice_155,"torch.Size([1, 8, 35, 128])",torch.bfloat16,71680
unsqueeze_41,"torch.Size([1, 8, 1, 35, 128])",torch.bfloat16,71680
slice_156,"torch.Size([1, 8, 1, 35, 128])",torch.bfloat16,71680
slice_157,"torch.Size([1, 8, 1, 35, 128])",torch.bfloat16,71680
expand_70,"torch.Size([1, 8, 4, 35, 128])",torch.bfloat16,286720
clone_23,"torch.Size([1, 8, 4, 35, 128])",torch.bfloat16,286720
_unsafe_view_14,"torch.Size([1, 32, 35, 128])",torch.bfloat16,286720
slice_158,"torch.Size([1, 8, 35, 128])",torch.bfloat16,71680
slice_159,"torch.Size([1, 8, 35, 128])",torch.bfloat16,71680
unsqueeze_42,"torch.Size([1, 8, 1, 35, 128])",torch.bfloat16,71680
slice_160,"torch.Size([1, 8, 1, 35, 128])",torch.bfloat16,71680
slice_161,"torch.Size([1, 8, 1, 35, 128])",torch.bfloat16,71680
expand_71,"torch.Size([1, 8, 4, 35, 128])",torch.bfloat16,286720
clone_24,"torch.Size([1, 8, 4, 35, 128])",torch.bfloat16,286720
_unsafe_view_15,"torch.Size([1, 32, 35, 128])",torch.bfloat16,286720
slice_162,"torch.Size([1, 1, 35, 35])",torch.bfloat16,2450
slice_163,"torch.Size([1, 1, 35, 35])",torch.bfloat16,2450
slice_164,"torch.Size([1, 1, 35, 35])",torch.bfloat16,2450
clone_25,"torch.Size([1, 32, 35, 128])",torch.bfloat16,286720
constant_pad_nd_8,"torch.Size([1, 1, 35, 40])",torch.bfloat16,2800
slice_165,"torch.Size([1, 1, 35, 35])",torch.bfloat16,2450
expand_72,"torch.Size([1, 32, 35, 35])",torch.bfloat16,78400
getitem_434,"torch.Size([1, 32, 35, 128])",torch.bfloat16,286720
transpose_194,"torch.Size([1, 35, 32, 128])",torch.bfloat16,286720
view_807,"torch.Size([1, 35, 4096])",torch.bfloat16,286720
t_293,"torch.Size([4096, 4096])",torch.bfloat16,33554432
view_808,"torch.Size([35, 4096])",torch.bfloat16,286720
mm_212,"torch.Size([35, 4096])",torch.bfloat16,286720
view_809,"torch.Size([1, 35, 4096])",torch.bfloat16,286720
add_130,"torch.Size([1, 35, 4096])",torch.bfloat16,286720
_to_copy_42,"torch.Size([1, 35, 4096])",torch.float32,573440
pow_18,"torch.Size([1, 35, 4096])",torch.float32,573440
mean_17,"torch.Size([1, 35, 1])",torch.float32,140
add_131,"torch.Size([1, 35, 1])",torch.float32,140
rsqrt_17,"torch.Size([1, 35, 1])",torch.float32,140
mul_98,"torch.Size([1, 35, 4096])",torch.float32,573440
_to_copy_43,"torch.Size([1, 35, 4096])",torch.bfloat16,286720
mul_99,"torch.Size([1, 35, 4096])",torch.bfloat16,286720
t_294,"torch.Size([4096, 14336])",torch.bfloat16,117440512
view_810,"torch.Size([35, 4096])",torch.bfloat16,286720
mm_213,"torch.Size([35, 14336])",torch.bfloat16,1003520
view_811,"torch.Size([1, 35, 14336])",torch.bfloat16,1003520
silu_7,"torch.Size([1, 35, 14336])",torch.bfloat16,1003520
t_295,"torch.Size([4096, 14336])",torch.bfloat16,117440512
view_812,"torch.Size([35, 4096])",torch.bfloat16,286720
mm_214,"torch.Size([35, 14336])",torch.bfloat16,1003520
view_813,"torch.Size([1, 35, 14336])",torch.bfloat16,1003520
mul_100,"torch.Size([1, 35, 14336])",torch.bfloat16,1003520
t_296,"torch.Size([14336, 4096])",torch.bfloat16,117440512
view_814,"torch.Size([35, 14336])",torch.bfloat16,1003520
mm_215,"torch.Size([35, 4096])",torch.bfloat16,286720
view_815,"torch.Size([1, 35, 4096])",torch.bfloat16,286720
add_132,"torch.Size([1, 35, 4096])",torch.bfloat16,286720
_to_copy_44,"torch.Size([1, 35, 4096])",torch.float32,573440
pow_19,"torch.Size([1, 35, 4096])",torch.float32,573440
mean_18,"torch.Size([1, 35, 1])",torch.float32,140
add_133,"torch.Size([1, 35, 1])",torch.float32,140
rsqrt_18,"torch.Size([1, 35, 1])",torch.float32,140
mul_101,"torch.Size([1, 35, 4096])",torch.float32,573440
_to_copy_45,"torch.Size([1, 35, 4096])",torch.bfloat16,286720
mul_102,"torch.Size([1, 35, 4096])",torch.bfloat16,286720
t_297,"torch.Size([4096, 4096])",torch.bfloat16,33554432
view_816,"torch.Size([35, 4096])",torch.bfloat16,286720
mm_216,"torch.Size([35, 4096])",torch.bfloat16,286720
view_817,"torch.Size([1, 35, 4096])",torch.bfloat16,286720
view_818,"torch.Size([1, 35, 32, 128])",torch.bfloat16,286720
transpose_195,"torch.Size([1, 32, 35, 128])",torch.bfloat16,286720
_to_copy_46,"torch.Size([1, 32, 35, 128])",torch.float32,573440
pow_20,"torch.Size([1, 32, 35, 128])",torch.float32,573440
mean_19,"torch.Size([1, 32, 35, 1])",torch.float32,4480
add_134,"torch.Size([1, 32, 35, 1])",torch.float32,4480
rsqrt_19,"torch.Size([1, 32, 35, 1])",torch.float32,4480
mul_103,"torch.Size([1, 32, 35, 128])",torch.float32,573440
_to_copy_47,"torch.Size([1, 32, 35, 128])",torch.bfloat16,286720
mul_104,"torch.Size([1, 32, 35, 128])",torch.bfloat16,286720
t_298,"torch.Size([4096, 1024])",torch.bfloat16,8388608
view_819,"torch.Size([6404, 4096])",torch.bfloat16,52461568
mm_217,"torch.Size([6404, 1024])",torch.bfloat16,13115392
view_820,"torch.Size([4, 1601, 1024])",torch.bfloat16,13115392
t_299,"torch.Size([4096, 1024])",torch.bfloat16,8388608
view_821,"torch.Size([6404, 4096])",torch.bfloat16,52461568
mm_218,"torch.Size([6404, 1024])",torch.bfloat16,13115392
view_822,"torch.Size([4, 1601, 1024])",torch.bfloat16,13115392
view_823,"torch.Size([1, 6404, 8, 128])",torch.bfloat16,13115392
transpose_196,"torch.Size([1, 8, 6404, 128])",torch.bfloat16,13115392
view_824,"torch.Size([1, 6404, 8, 128])",torch.bfloat16,13115392
transpose_197,"torch.Size([1, 8, 6404, 128])",torch.bfloat16,13115392
slice_166,"torch.Size([1, 8, 6404, 128])",torch.bfloat16,13115392
slice_167,"torch.Size([1, 8, 6404, 128])",torch.bfloat16,13115392
unsqueeze_43,"torch.Size([1, 8, 1, 6404, 128])",torch.bfloat16,13115392
slice_168,"torch.Size([1, 8, 1, 6404, 128])",torch.bfloat16,13115392
slice_169,"torch.Size([1, 8, 1, 6404, 128])",torch.bfloat16,13115392
expand_73,"torch.Size([1, 8, 4, 6404, 128])",torch.bfloat16,52461568
clone_26,"torch.Size([1, 8, 4, 6404, 128])",torch.bfloat16,52461568
_unsafe_view_16,"torch.Size([1, 32, 6404, 128])",torch.bfloat16,52461568
slice_170,"torch.Size([1, 8, 6404, 128])",torch.bfloat16,13115392
slice_171,"torch.Size([1, 8, 6404, 128])",torch.bfloat16,13115392
unsqueeze_44,"torch.Size([1, 8, 1, 6404, 128])",torch.bfloat16,13115392
slice_172,"torch.Size([1, 8, 1, 6404, 128])",torch.bfloat16,13115392
slice_173,"torch.Size([1, 8, 1, 6404, 128])",torch.bfloat16,13115392
expand_74,"torch.Size([1, 8, 4, 6404, 128])",torch.bfloat16,52461568
clone_27,"torch.Size([1, 8, 4, 6404, 128])",torch.bfloat16,52461568
_unsafe_view_17,"torch.Size([1, 32, 6404, 128])",torch.bfloat16,52461568
_to_copy_48,"torch.Size([1, 32, 6404, 128])",torch.float32,104923136
pow_21,"torch.Size([1, 32, 6404, 128])",torch.float32,104923136
mean_20,"torch.Size([1, 32, 6404, 1])",torch.float32,819712
add_135,"torch.Size([1, 32, 6404, 1])",torch.float32,819712
rsqrt_20,"torch.Size([1, 32, 6404, 1])",torch.float32,819712
mul_105,"torch.Size([1, 32, 6404, 128])",torch.float32,104923136
_to_copy_49,"torch.Size([1, 32, 6404, 128])",torch.bfloat16,52461568
mul_106,"torch.Size([1, 32, 6404, 128])",torch.bfloat16,52461568
clone_28,"torch.Size([1, 32, 35, 128])",torch.bfloat16,286720
constant_pad_nd_9,"torch.Size([1, 1, 35, 6408])",torch.bfloat16,448560
slice_174,"torch.Size([1, 1, 35, 6404])",torch.bfloat16,448280
expand_75,"torch.Size([1, 32, 35, 6404])",torch.bfloat16,14344960
getitem_438,"torch.Size([1, 32, 35, 128])",torch.bfloat16,286720
transpose_198,"torch.Size([1, 35, 32, 128])",torch.bfloat16,286720
view_825,"torch.Size([1, 35, 4096])",torch.bfloat16,286720
t_300,"torch.Size([4096, 4096])",torch.bfloat16,33554432
view_826,"torch.Size([35, 4096])",torch.bfloat16,286720
mm_219,"torch.Size([35, 4096])",torch.bfloat16,286720
view_827,"torch.Size([1, 35, 4096])",torch.bfloat16,286720
tanh_22,torch.Size([1]),torch.bfloat16,2
mul_107,"torch.Size([1, 35, 4096])",torch.bfloat16,286720
add_136,"torch.Size([1, 35, 4096])",torch.bfloat16,286720
_to_copy_50,"torch.Size([1, 35, 4096])",torch.float32,573440
pow_22,"torch.Size([1, 35, 4096])",torch.float32,573440
mean_21,"torch.Size([1, 35, 1])",torch.float32,140
add_137,"torch.Size([1, 35, 1])",torch.float32,140
rsqrt_21,"torch.Size([1, 35, 1])",torch.float32,140
mul_108,"torch.Size([1, 35, 4096])",torch.float32,573440
_to_copy_51,"torch.Size([1, 35, 4096])",torch.bfloat16,286720
mul_109,"torch.Size([1, 35, 4096])",torch.bfloat16,286720
t_301,"torch.Size([4096, 14336])",torch.bfloat16,117440512
view_828,"torch.Size([35, 4096])",torch.bfloat16,286720
mm_220,"torch.Size([35, 14336])",torch.bfloat16,1003520
view_829,"torch.Size([1, 35, 14336])",torch.bfloat16,1003520
silu_8,"torch.Size([1, 35, 14336])",torch.bfloat16,1003520
t_302,"torch.Size([4096, 14336])",torch.bfloat16,117440512
view_830,"torch.Size([35, 4096])",torch.bfloat16,286720
mm_221,"torch.Size([35, 14336])",torch.bfloat16,1003520
view_831,"torch.Size([1, 35, 14336])",torch.bfloat16,1003520
mul_110,"torch.Size([1, 35, 14336])",torch.bfloat16,1003520
t_303,"torch.Size([14336, 4096])",torch.bfloat16,117440512
view_832,"torch.Size([35, 14336])",torch.bfloat16,1003520
mm_222,"torch.Size([35, 4096])",torch.bfloat16,286720
view_833,"torch.Size([1, 35, 4096])",torch.bfloat16,286720
slice_175,"torch.Size([1, 1, 35, 1])",torch.bfloat16,70
select_1,"torch.Size([1, 35, 1])",torch.bfloat16,70
mul_111,"torch.Size([1, 35, 4096])",torch.bfloat16,286720
tanh_23,torch.Size([1]),torch.bfloat16,2
mul_112,"torch.Size([1, 35, 4096])",torch.bfloat16,286720
add_138,"torch.Size([1, 35, 4096])",torch.bfloat16,286720
_to_copy_52,"torch.Size([1, 35, 4096])",torch.float32,573440
pow_23,"torch.Size([1, 35, 4096])",torch.float32,573440
mean_22,"torch.Size([1, 35, 1])",torch.float32,140
add_139,"torch.Size([1, 35, 1])",torch.float32,140
rsqrt_22,"torch.Size([1, 35, 1])",torch.float32,140
mul_113,"torch.Size([1, 35, 4096])",torch.float32,573440
_to_copy_53,"torch.Size([1, 35, 4096])",torch.bfloat16,286720
mul_114,"torch.Size([1, 35, 4096])",torch.bfloat16,286720
t_304,"torch.Size([4096, 4096])",torch.bfloat16,33554432
view_834,"torch.Size([35, 4096])",torch.bfloat16,286720
mm_223,"torch.Size([35, 4096])",torch.bfloat16,286720
view_835,"torch.Size([1, 35, 4096])",torch.bfloat16,286720
t_305,"torch.Size([4096, 1024])",torch.bfloat16,8388608
view_836,"torch.Size([35, 4096])",torch.bfloat16,286720
mm_224,"torch.Size([35, 1024])",torch.bfloat16,71680
view_837,"torch.Size([1, 35, 1024])",torch.bfloat16,71680
t_306,"torch.Size([4096, 1024])",torch.bfloat16,8388608
view_838,"torch.Size([35, 4096])",torch.bfloat16,286720
mm_225,"torch.Size([35, 1024])",torch.bfloat16,71680
view_839,"torch.Size([1, 35, 1024])",torch.bfloat16,71680
view_840,"torch.Size([1, 35, 32, 128])",torch.bfloat16,286720
transpose_199,"torch.Size([1, 32, 35, 128])",torch.bfloat16,286720
view_841,"torch.Size([1, 35, 8, 128])",torch.bfloat16,71680
transpose_200,"torch.Size([1, 8, 35, 128])",torch.bfloat16,71680
view_842,"torch.Size([1, 35, 8, 128])",torch.bfloat16,71680
transpose_201,"torch.Size([1, 8, 35, 128])",torch.bfloat16,71680
unsqueeze_45,"torch.Size([1, 1, 35, 128])",torch.bfloat16,8960
unsqueeze_46,"torch.Size([1, 1, 35, 128])",torch.bfloat16,8960
mul_115,"torch.Size([1, 32, 35, 128])",torch.bfloat16,286720
slice_176,"torch.Size([1, 32, 35, 64])",torch.bfloat16,143360
slice_177,"torch.Size([1, 32, 35, 64])",torch.bfloat16,143360
neg_14,"torch.Size([1, 32, 35, 64])",torch.bfloat16,143360
cat_17,"torch.Size([1, 32, 35, 128])",torch.bfloat16,286720
mul_116,"torch.Size([1, 32, 35, 128])",torch.bfloat16,286720
add_140,"torch.Size([1, 32, 35, 128])",torch.bfloat16,286720
mul_117,"torch.Size([1, 8, 35, 128])",torch.bfloat16,71680
slice_178,"torch.Size([1, 8, 35, 64])",torch.bfloat16,35840
slice_179,"torch.Size([1, 8, 35, 64])",torch.bfloat16,35840
neg_15,"torch.Size([1, 8, 35, 64])",torch.bfloat16,35840
cat_18,"torch.Size([1, 8, 35, 128])",torch.bfloat16,71680
mul_118,"torch.Size([1, 8, 35, 128])",torch.bfloat16,71680
add_141,"torch.Size([1, 8, 35, 128])",torch.bfloat16,71680
slice_180,"torch.Size([1, 8, 35, 128])",torch.bfloat16,71680
slice_181,"torch.Size([1, 8, 35, 128])",torch.bfloat16,71680
unsqueeze_47,"torch.Size([1, 8, 1, 35, 128])",torch.bfloat16,71680
slice_182,"torch.Size([1, 8, 1, 35, 128])",torch.bfloat16,71680
slice_183,"torch.Size([1, 8, 1, 35, 128])",torch.bfloat16,71680
expand_76,"torch.Size([1, 8, 4, 35, 128])",torch.bfloat16,286720
clone_29,"torch.Size([1, 8, 4, 35, 128])",torch.bfloat16,286720
_unsafe_view_18,"torch.Size([1, 32, 35, 128])",torch.bfloat16,286720
slice_184,"torch.Size([1, 8, 35, 128])",torch.bfloat16,71680
slice_185,"torch.Size([1, 8, 35, 128])",torch.bfloat16,71680
unsqueeze_48,"torch.Size([1, 8, 1, 35, 128])",torch.bfloat16,71680
slice_186,"torch.Size([1, 8, 1, 35, 128])",torch.bfloat16,71680
slice_187,"torch.Size([1, 8, 1, 35, 128])",torch.bfloat16,71680
expand_77,"torch.Size([1, 8, 4, 35, 128])",torch.bfloat16,286720
clone_30,"torch.Size([1, 8, 4, 35, 128])",torch.bfloat16,286720
_unsafe_view_19,"torch.Size([1, 32, 35, 128])",torch.bfloat16,286720
slice_188,"torch.Size([1, 1, 35, 35])",torch.bfloat16,2450
slice_189,"torch.Size([1, 1, 35, 35])",torch.bfloat16,2450
slice_190,"torch.Size([1, 1, 35, 35])",torch.bfloat16,2450
clone_31,"torch.Size([1, 32, 35, 128])",torch.bfloat16,286720
constant_pad_nd_10,"torch.Size([1, 1, 35, 40])",torch.bfloat16,2800
slice_191,"torch.Size([1, 1, 35, 35])",torch.bfloat16,2450
expand_78,"torch.Size([1, 32, 35, 35])",torch.bfloat16,78400
getitem_442,"torch.Size([1, 32, 35, 128])",torch.bfloat16,286720
transpose_202,"torch.Size([1, 35, 32, 128])",torch.bfloat16,286720
view_843,"torch.Size([1, 35, 4096])",torch.bfloat16,286720
t_307,"torch.Size([4096, 4096])",torch.bfloat16,33554432
view_844,"torch.Size([35, 4096])",torch.bfloat16,286720
mm_226,"torch.Size([35, 4096])",torch.bfloat16,286720
view_845,"torch.Size([1, 35, 4096])",torch.bfloat16,286720
add_142,"torch.Size([1, 35, 4096])",torch.bfloat16,286720
_to_copy_54,"torch.Size([1, 35, 4096])",torch.float32,573440
pow_24,"torch.Size([1, 35, 4096])",torch.float32,573440
mean_23,"torch.Size([1, 35, 1])",torch.float32,140
add_143,"torch.Size([1, 35, 1])",torch.float32,140
rsqrt_23,"torch.Size([1, 35, 1])",torch.float32,140
mul_119,"torch.Size([1, 35, 4096])",torch.float32,573440
_to_copy_55,"torch.Size([1, 35, 4096])",torch.bfloat16,286720
mul_120,"torch.Size([1, 35, 4096])",torch.bfloat16,286720
t_308,"torch.Size([4096, 14336])",torch.bfloat16,117440512
view_846,"torch.Size([35, 4096])",torch.bfloat16,286720
mm_227,"torch.Size([35, 14336])",torch.bfloat16,1003520
view_847,"torch.Size([1, 35, 14336])",torch.bfloat16,1003520
silu_9,"torch.Size([1, 35, 14336])",torch.bfloat16,1003520
t_309,"torch.Size([4096, 14336])",torch.bfloat16,117440512
view_848,"torch.Size([35, 4096])",torch.bfloat16,286720
mm_228,"torch.Size([35, 14336])",torch.bfloat16,1003520
view_849,"torch.Size([1, 35, 14336])",torch.bfloat16,1003520
mul_121,"torch.Size([1, 35, 14336])",torch.bfloat16,1003520
t_310,"torch.Size([14336, 4096])",torch.bfloat16,117440512
view_850,"torch.Size([35, 14336])",torch.bfloat16,1003520
mm_229,"torch.Size([35, 4096])",torch.bfloat16,286720
view_851,"torch.Size([1, 35, 4096])",torch.bfloat16,286720
add_144,"torch.Size([1, 35, 4096])",torch.bfloat16,286720
_to_copy_56,"torch.Size([1, 35, 4096])",torch.float32,573440
pow_25,"torch.Size([1, 35, 4096])",torch.float32,573440
mean_24,"torch.Size([1, 35, 1])",torch.float32,140
add_145,"torch.Size([1, 35, 1])",torch.float32,140
rsqrt_24,"torch.Size([1, 35, 1])",torch.float32,140
mul_122,"torch.Size([1, 35, 4096])",torch.float32,573440
_to_copy_57,"torch.Size([1, 35, 4096])",torch.bfloat16,286720
mul_123,"torch.Size([1, 35, 4096])",torch.bfloat16,286720
t_311,"torch.Size([4096, 4096])",torch.bfloat16,33554432
view_852,"torch.Size([35, 4096])",torch.bfloat16,286720
mm_230,"torch.Size([35, 4096])",torch.bfloat16,286720
view_853,"torch.Size([1, 35, 4096])",torch.bfloat16,286720
t_312,"torch.Size([4096, 1024])",torch.bfloat16,8388608
view_854,"torch.Size([35, 4096])",torch.bfloat16,286720
mm_231,"torch.Size([35, 1024])",torch.bfloat16,71680
view_855,"torch.Size([1, 35, 1024])",torch.bfloat16,71680
t_313,"torch.Size([4096, 1024])",torch.bfloat16,8388608
view_856,"torch.Size([35, 4096])",torch.bfloat16,286720
mm_232,"torch.Size([35, 1024])",torch.bfloat16,71680
view_857,"torch.Size([1, 35, 1024])",torch.bfloat16,71680
view_858,"torch.Size([1, 35, 32, 128])",torch.bfloat16,286720
transpose_203,"torch.Size([1, 32, 35, 128])",torch.bfloat16,286720
view_859,"torch.Size([1, 35, 8, 128])",torch.bfloat16,71680
transpose_204,"torch.Size([1, 8, 35, 128])",torch.bfloat16,71680
view_860,"torch.Size([1, 35, 8, 128])",torch.bfloat16,71680
transpose_205,"torch.Size([1, 8, 35, 128])",torch.bfloat16,71680
unsqueeze_49,"torch.Size([1, 1, 35, 128])",torch.bfloat16,8960
unsqueeze_50,"torch.Size([1, 1, 35, 128])",torch.bfloat16,8960
mul_124,"torch.Size([1, 32, 35, 128])",torch.bfloat16,286720
slice_192,"torch.Size([1, 32, 35, 64])",torch.bfloat16,143360
slice_193,"torch.Size([1, 32, 35, 64])",torch.bfloat16,143360
neg_16,"torch.Size([1, 32, 35, 64])",torch.bfloat16,143360
cat_19,"torch.Size([1, 32, 35, 128])",torch.bfloat16,286720
mul_125,"torch.Size([1, 32, 35, 128])",torch.bfloat16,286720
add_146,"torch.Size([1, 32, 35, 128])",torch.bfloat16,286720
mul_126,"torch.Size([1, 8, 35, 128])",torch.bfloat16,71680
slice_194,"torch.Size([1, 8, 35, 64])",torch.bfloat16,35840
slice_195,"torch.Size([1, 8, 35, 64])",torch.bfloat16,35840
neg_17,"torch.Size([1, 8, 35, 64])",torch.bfloat16,35840
cat_20,"torch.Size([1, 8, 35, 128])",torch.bfloat16,71680
mul_127,"torch.Size([1, 8, 35, 128])",torch.bfloat16,71680
add_147,"torch.Size([1, 8, 35, 128])",torch.bfloat16,71680
slice_196,"torch.Size([1, 8, 35, 128])",torch.bfloat16,71680
slice_197,"torch.Size([1, 8, 35, 128])",torch.bfloat16,71680
unsqueeze_51,"torch.Size([1, 8, 1, 35, 128])",torch.bfloat16,71680
slice_198,"torch.Size([1, 8, 1, 35, 128])",torch.bfloat16,71680
slice_199,"torch.Size([1, 8, 1, 35, 128])",torch.bfloat16,71680
expand_79,"torch.Size([1, 8, 4, 35, 128])",torch.bfloat16,286720
clone_32,"torch.Size([1, 8, 4, 35, 128])",torch.bfloat16,286720
_unsafe_view_20,"torch.Size([1, 32, 35, 128])",torch.bfloat16,286720
slice_200,"torch.Size([1, 8, 35, 128])",torch.bfloat16,71680
slice_201,"torch.Size([1, 8, 35, 128])",torch.bfloat16,71680
unsqueeze_52,"torch.Size([1, 8, 1, 35, 128])",torch.bfloat16,71680
slice_202,"torch.Size([1, 8, 1, 35, 128])",torch.bfloat16,71680
slice_203,"torch.Size([1, 8, 1, 35, 128])",torch.bfloat16,71680
expand_80,"torch.Size([1, 8, 4, 35, 128])",torch.bfloat16,286720
clone_33,"torch.Size([1, 8, 4, 35, 128])",torch.bfloat16,286720
_unsafe_view_21,"torch.Size([1, 32, 35, 128])",torch.bfloat16,286720
slice_204,"torch.Size([1, 1, 35, 35])",torch.bfloat16,2450
slice_205,"torch.Size([1, 1, 35, 35])",torch.bfloat16,2450
slice_206,"torch.Size([1, 1, 35, 35])",torch.bfloat16,2450
clone_34,"torch.Size([1, 32, 35, 128])",torch.bfloat16,286720
constant_pad_nd_11,"torch.Size([1, 1, 35, 40])",torch.bfloat16,2800
slice_207,"torch.Size([1, 1, 35, 35])",torch.bfloat16,2450
expand_81,"torch.Size([1, 32, 35, 35])",torch.bfloat16,78400
getitem_446,"torch.Size([1, 32, 35, 128])",torch.bfloat16,286720
transpose_206,"torch.Size([1, 35, 32, 128])",torch.bfloat16,286720
view_861,"torch.Size([1, 35, 4096])",torch.bfloat16,286720
t_314,"torch.Size([4096, 4096])",torch.bfloat16,33554432
view_862,"torch.Size([35, 4096])",torch.bfloat16,286720
mm_233,"torch.Size([35, 4096])",torch.bfloat16,286720
view_863,"torch.Size([1, 35, 4096])",torch.bfloat16,286720
add_148,"torch.Size([1, 35, 4096])",torch.bfloat16,286720
_to_copy_58,"torch.Size([1, 35, 4096])",torch.float32,573440
pow_26,"torch.Size([1, 35, 4096])",torch.float32,573440
mean_25,"torch.Size([1, 35, 1])",torch.float32,140
add_149,"torch.Size([1, 35, 1])",torch.float32,140
rsqrt_25,"torch.Size([1, 35, 1])",torch.float32,140
mul_128,"torch.Size([1, 35, 4096])",torch.float32,573440
_to_copy_59,"torch.Size([1, 35, 4096])",torch.bfloat16,286720
mul_129,"torch.Size([1, 35, 4096])",torch.bfloat16,286720
t_315,"torch.Size([4096, 14336])",torch.bfloat16,117440512
view_864,"torch.Size([35, 4096])",torch.bfloat16,286720
mm_234,"torch.Size([35, 14336])",torch.bfloat16,1003520
view_865,"torch.Size([1, 35, 14336])",torch.bfloat16,1003520
silu_10,"torch.Size([1, 35, 14336])",torch.bfloat16,1003520
t_316,"torch.Size([4096, 14336])",torch.bfloat16,117440512
view_866,"torch.Size([35, 4096])",torch.bfloat16,286720
mm_235,"torch.Size([35, 14336])",torch.bfloat16,1003520
view_867,"torch.Size([1, 35, 14336])",torch.bfloat16,1003520
mul_130,"torch.Size([1, 35, 14336])",torch.bfloat16,1003520
t_317,"torch.Size([14336, 4096])",torch.bfloat16,117440512
view_868,"torch.Size([35, 14336])",torch.bfloat16,1003520
mm_236,"torch.Size([35, 4096])",torch.bfloat16,286720
view_869,"torch.Size([1, 35, 4096])",torch.bfloat16,286720
add_150,"torch.Size([1, 35, 4096])",torch.bfloat16,286720
_to_copy_60,"torch.Size([1, 35, 4096])",torch.float32,573440
pow_27,"torch.Size([1, 35, 4096])",torch.float32,573440
mean_26,"torch.Size([1, 35, 1])",torch.float32,140
add_151,"torch.Size([1, 35, 1])",torch.float32,140
rsqrt_26,"torch.Size([1, 35, 1])",torch.float32,140
mul_131,"torch.Size([1, 35, 4096])",torch.float32,573440
_to_copy_61,"torch.Size([1, 35, 4096])",torch.bfloat16,286720
mul_132,"torch.Size([1, 35, 4096])",torch.bfloat16,286720
t_318,"torch.Size([4096, 4096])",torch.bfloat16,33554432
view_870,"torch.Size([35, 4096])",torch.bfloat16,286720
mm_237,"torch.Size([35, 4096])",torch.bfloat16,286720
view_871,"torch.Size([1, 35, 4096])",torch.bfloat16,286720
t_319,"torch.Size([4096, 1024])",torch.bfloat16,8388608
view_872,"torch.Size([35, 4096])",torch.bfloat16,286720
mm_238,"torch.Size([35, 1024])",torch.bfloat16,71680
view_873,"torch.Size([1, 35, 1024])",torch.bfloat16,71680
t_320,"torch.Size([4096, 1024])",torch.bfloat16,8388608
view_874,"torch.Size([35, 4096])",torch.bfloat16,286720
mm_239,"torch.Size([35, 1024])",torch.bfloat16,71680
view_875,"torch.Size([1, 35, 1024])",torch.bfloat16,71680
view_876,"torch.Size([1, 35, 32, 128])",torch.bfloat16,286720
transpose_207,"torch.Size([1, 32, 35, 128])",torch.bfloat16,286720
view_877,"torch.Size([1, 35, 8, 128])",torch.bfloat16,71680
transpose_208,"torch.Size([1, 8, 35, 128])",torch.bfloat16,71680
view_878,"torch.Size([1, 35, 8, 128])",torch.bfloat16,71680
transpose_209,"torch.Size([1, 8, 35, 128])",torch.bfloat16,71680
unsqueeze_53,"torch.Size([1, 1, 35, 128])",torch.bfloat16,8960
unsqueeze_54,"torch.Size([1, 1, 35, 128])",torch.bfloat16,8960
mul_133,"torch.Size([1, 32, 35, 128])",torch.bfloat16,286720
slice_208,"torch.Size([1, 32, 35, 64])",torch.bfloat16,143360
slice_209,"torch.Size([1, 32, 35, 64])",torch.bfloat16,143360
neg_18,"torch.Size([1, 32, 35, 64])",torch.bfloat16,143360
cat_21,"torch.Size([1, 32, 35, 128])",torch.bfloat16,286720
mul_134,"torch.Size([1, 32, 35, 128])",torch.bfloat16,286720
add_152,"torch.Size([1, 32, 35, 128])",torch.bfloat16,286720
mul_135,"torch.Size([1, 8, 35, 128])",torch.bfloat16,71680
slice_210,"torch.Size([1, 8, 35, 64])",torch.bfloat16,35840
slice_211,"torch.Size([1, 8, 35, 64])",torch.bfloat16,35840
neg_19,"torch.Size([1, 8, 35, 64])",torch.bfloat16,35840
cat_22,"torch.Size([1, 8, 35, 128])",torch.bfloat16,71680
mul_136,"torch.Size([1, 8, 35, 128])",torch.bfloat16,71680
add_153,"torch.Size([1, 8, 35, 128])",torch.bfloat16,71680
slice_212,"torch.Size([1, 8, 35, 128])",torch.bfloat16,71680
slice_213,"torch.Size([1, 8, 35, 128])",torch.bfloat16,71680
unsqueeze_55,"torch.Size([1, 8, 1, 35, 128])",torch.bfloat16,71680
slice_214,"torch.Size([1, 8, 1, 35, 128])",torch.bfloat16,71680
slice_215,"torch.Size([1, 8, 1, 35, 128])",torch.bfloat16,71680
expand_82,"torch.Size([1, 8, 4, 35, 128])",torch.bfloat16,286720
clone_35,"torch.Size([1, 8, 4, 35, 128])",torch.bfloat16,286720
_unsafe_view_22,"torch.Size([1, 32, 35, 128])",torch.bfloat16,286720
slice_216,"torch.Size([1, 8, 35, 128])",torch.bfloat16,71680
slice_217,"torch.Size([1, 8, 35, 128])",torch.bfloat16,71680
unsqueeze_56,"torch.Size([1, 8, 1, 35, 128])",torch.bfloat16,71680
slice_218,"torch.Size([1, 8, 1, 35, 128])",torch.bfloat16,71680
slice_219,"torch.Size([1, 8, 1, 35, 128])",torch.bfloat16,71680
expand_83,"torch.Size([1, 8, 4, 35, 128])",torch.bfloat16,286720
clone_36,"torch.Size([1, 8, 4, 35, 128])",torch.bfloat16,286720
_unsafe_view_23,"torch.Size([1, 32, 35, 128])",torch.bfloat16,286720
slice_220,"torch.Size([1, 1, 35, 35])",torch.bfloat16,2450
slice_221,"torch.Size([1, 1, 35, 35])",torch.bfloat16,2450
slice_222,"torch.Size([1, 1, 35, 35])",torch.bfloat16,2450
clone_37,"torch.Size([1, 32, 35, 128])",torch.bfloat16,286720
constant_pad_nd_12,"torch.Size([1, 1, 35, 40])",torch.bfloat16,2800
slice_223,"torch.Size([1, 1, 35, 35])",torch.bfloat16,2450
expand_84,"torch.Size([1, 32, 35, 35])",torch.bfloat16,78400
getitem_450,"torch.Size([1, 32, 35, 128])",torch.bfloat16,286720
transpose_210,"torch.Size([1, 35, 32, 128])",torch.bfloat16,286720
view_879,"torch.Size([1, 35, 4096])",torch.bfloat16,286720
t_321,"torch.Size([4096, 4096])",torch.bfloat16,33554432
view_880,"torch.Size([35, 4096])",torch.bfloat16,286720
mm_240,"torch.Size([35, 4096])",torch.bfloat16,286720
view_881,"torch.Size([1, 35, 4096])",torch.bfloat16,286720
add_154,"torch.Size([1, 35, 4096])",torch.bfloat16,286720
_to_copy_62,"torch.Size([1, 35, 4096])",torch.float32,573440
pow_28,"torch.Size([1, 35, 4096])",torch.float32,573440
mean_27,"torch.Size([1, 35, 1])",torch.float32,140
add_155,"torch.Size([1, 35, 1])",torch.float32,140
rsqrt_27,"torch.Size([1, 35, 1])",torch.float32,140
mul_137,"torch.Size([1, 35, 4096])",torch.float32,573440
_to_copy_63,"torch.Size([1, 35, 4096])",torch.bfloat16,286720
mul_138,"torch.Size([1, 35, 4096])",torch.bfloat16,286720
t_322,"torch.Size([4096, 14336])",torch.bfloat16,117440512
view_882,"torch.Size([35, 4096])",torch.bfloat16,286720
mm_241,"torch.Size([35, 14336])",torch.bfloat16,1003520
view_883,"torch.Size([1, 35, 14336])",torch.bfloat16,1003520
silu_11,"torch.Size([1, 35, 14336])",torch.bfloat16,1003520
t_323,"torch.Size([4096, 14336])",torch.bfloat16,117440512
view_884,"torch.Size([35, 4096])",torch.bfloat16,286720
mm_242,"torch.Size([35, 14336])",torch.bfloat16,1003520
view_885,"torch.Size([1, 35, 14336])",torch.bfloat16,1003520
mul_139,"torch.Size([1, 35, 14336])",torch.bfloat16,1003520
t_324,"torch.Size([14336, 4096])",torch.bfloat16,117440512
view_886,"torch.Size([35, 14336])",torch.bfloat16,1003520
mm_243,"torch.Size([35, 4096])",torch.bfloat16,286720
view_887,"torch.Size([1, 35, 4096])",torch.bfloat16,286720
add_156,"torch.Size([1, 35, 4096])",torch.bfloat16,286720
_to_copy_64,"torch.Size([1, 35, 4096])",torch.float32,573440
pow_29,"torch.Size([1, 35, 4096])",torch.float32,573440
mean_28,"torch.Size([1, 35, 1])",torch.float32,140
add_157,"torch.Size([1, 35, 1])",torch.float32,140
rsqrt_28,"torch.Size([1, 35, 1])",torch.float32,140
mul_140,"torch.Size([1, 35, 4096])",torch.float32,573440
_to_copy_65,"torch.Size([1, 35, 4096])",torch.bfloat16,286720
mul_141,"torch.Size([1, 35, 4096])",torch.bfloat16,286720
t_325,"torch.Size([4096, 4096])",torch.bfloat16,33554432
view_888,"torch.Size([35, 4096])",torch.bfloat16,286720
mm_244,"torch.Size([35, 4096])",torch.bfloat16,286720
view_889,"torch.Size([1, 35, 4096])",torch.bfloat16,286720
t_326,"torch.Size([4096, 1024])",torch.bfloat16,8388608
view_890,"torch.Size([35, 4096])",torch.bfloat16,286720
mm_245,"torch.Size([35, 1024])",torch.bfloat16,71680
view_891,"torch.Size([1, 35, 1024])",torch.bfloat16,71680
t_327,"torch.Size([4096, 1024])",torch.bfloat16,8388608
view_892,"torch.Size([35, 4096])",torch.bfloat16,286720
mm_246,"torch.Size([35, 1024])",torch.bfloat16,71680
view_893,"torch.Size([1, 35, 1024])",torch.bfloat16,71680
view_894,"torch.Size([1, 35, 32, 128])",torch.bfloat16,286720
transpose_211,"torch.Size([1, 32, 35, 128])",torch.bfloat16,286720
view_895,"torch.Size([1, 35, 8, 128])",torch.bfloat16,71680
transpose_212,"torch.Size([1, 8, 35, 128])",torch.bfloat16,71680
view_896,"torch.Size([1, 35, 8, 128])",torch.bfloat16,71680
transpose_213,"torch.Size([1, 8, 35, 128])",torch.bfloat16,71680
unsqueeze_57,"torch.Size([1, 1, 35, 128])",torch.bfloat16,8960
unsqueeze_58,"torch.Size([1, 1, 35, 128])",torch.bfloat16,8960
mul_142,"torch.Size([1, 32, 35, 128])",torch.bfloat16,286720
slice_224,"torch.Size([1, 32, 35, 64])",torch.bfloat16,143360
slice_225,"torch.Size([1, 32, 35, 64])",torch.bfloat16,143360
neg_20,"torch.Size([1, 32, 35, 64])",torch.bfloat16,143360
cat_23,"torch.Size([1, 32, 35, 128])",torch.bfloat16,286720
mul_143,"torch.Size([1, 32, 35, 128])",torch.bfloat16,286720
add_158,"torch.Size([1, 32, 35, 128])",torch.bfloat16,286720
mul_144,"torch.Size([1, 8, 35, 128])",torch.bfloat16,71680
slice_226,"torch.Size([1, 8, 35, 64])",torch.bfloat16,35840
slice_227,"torch.Size([1, 8, 35, 64])",torch.bfloat16,35840
neg_21,"torch.Size([1, 8, 35, 64])",torch.bfloat16,35840
cat_24,"torch.Size([1, 8, 35, 128])",torch.bfloat16,71680
mul_145,"torch.Size([1, 8, 35, 128])",torch.bfloat16,71680
add_159,"torch.Size([1, 8, 35, 128])",torch.bfloat16,71680
slice_228,"torch.Size([1, 8, 35, 128])",torch.bfloat16,71680
slice_229,"torch.Size([1, 8, 35, 128])",torch.bfloat16,71680
unsqueeze_59,"torch.Size([1, 8, 1, 35, 128])",torch.bfloat16,71680
slice_230,"torch.Size([1, 8, 1, 35, 128])",torch.bfloat16,71680
slice_231,"torch.Size([1, 8, 1, 35, 128])",torch.bfloat16,71680
expand_85,"torch.Size([1, 8, 4, 35, 128])",torch.bfloat16,286720
clone_38,"torch.Size([1, 8, 4, 35, 128])",torch.bfloat16,286720
_unsafe_view_24,"torch.Size([1, 32, 35, 128])",torch.bfloat16,286720
slice_232,"torch.Size([1, 8, 35, 128])",torch.bfloat16,71680
slice_233,"torch.Size([1, 8, 35, 128])",torch.bfloat16,71680
unsqueeze_60,"torch.Size([1, 8, 1, 35, 128])",torch.bfloat16,71680
slice_234,"torch.Size([1, 8, 1, 35, 128])",torch.bfloat16,71680
slice_235,"torch.Size([1, 8, 1, 35, 128])",torch.bfloat16,71680
expand_86,"torch.Size([1, 8, 4, 35, 128])",torch.bfloat16,286720
clone_39,"torch.Size([1, 8, 4, 35, 128])",torch.bfloat16,286720
_unsafe_view_25,"torch.Size([1, 32, 35, 128])",torch.bfloat16,286720
slice_236,"torch.Size([1, 1, 35, 35])",torch.bfloat16,2450
slice_237,"torch.Size([1, 1, 35, 35])",torch.bfloat16,2450
slice_238,"torch.Size([1, 1, 35, 35])",torch.bfloat16,2450
clone_40,"torch.Size([1, 32, 35, 128])",torch.bfloat16,286720
constant_pad_nd_13,"torch.Size([1, 1, 35, 40])",torch.bfloat16,2800
slice_239,"torch.Size([1, 1, 35, 35])",torch.bfloat16,2450
expand_87,"torch.Size([1, 32, 35, 35])",torch.bfloat16,78400
getitem_454,"torch.Size([1, 32, 35, 128])",torch.bfloat16,286720
transpose_214,"torch.Size([1, 35, 32, 128])",torch.bfloat16,286720
view_897,"torch.Size([1, 35, 4096])",torch.bfloat16,286720
t_328,"torch.Size([4096, 4096])",torch.bfloat16,33554432
view_898,"torch.Size([35, 4096])",torch.bfloat16,286720
mm_247,"torch.Size([35, 4096])",torch.bfloat16,286720
view_899,"torch.Size([1, 35, 4096])",torch.bfloat16,286720
add_160,"torch.Size([1, 35, 4096])",torch.bfloat16,286720
_to_copy_66,"torch.Size([1, 35, 4096])",torch.float32,573440
pow_30,"torch.Size([1, 35, 4096])",torch.float32,573440
mean_29,"torch.Size([1, 35, 1])",torch.float32,140
add_161,"torch.Size([1, 35, 1])",torch.float32,140
rsqrt_29,"torch.Size([1, 35, 1])",torch.float32,140
mul_146,"torch.Size([1, 35, 4096])",torch.float32,573440
_to_copy_67,"torch.Size([1, 35, 4096])",torch.bfloat16,286720
mul_147,"torch.Size([1, 35, 4096])",torch.bfloat16,286720
t_329,"torch.Size([4096, 14336])",torch.bfloat16,117440512
view_900,"torch.Size([35, 4096])",torch.bfloat16,286720
mm_248,"torch.Size([35, 14336])",torch.bfloat16,1003520
view_901,"torch.Size([1, 35, 14336])",torch.bfloat16,1003520
silu_12,"torch.Size([1, 35, 14336])",torch.bfloat16,1003520
t_330,"torch.Size([4096, 14336])",torch.bfloat16,117440512
view_902,"torch.Size([35, 4096])",torch.bfloat16,286720
mm_249,"torch.Size([35, 14336])",torch.bfloat16,1003520
view_903,"torch.Size([1, 35, 14336])",torch.bfloat16,1003520
mul_148,"torch.Size([1, 35, 14336])",torch.bfloat16,1003520
t_331,"torch.Size([14336, 4096])",torch.bfloat16,117440512
view_904,"torch.Size([35, 14336])",torch.bfloat16,1003520
mm_250,"torch.Size([35, 4096])",torch.bfloat16,286720
view_905,"torch.Size([1, 35, 4096])",torch.bfloat16,286720
add_162,"torch.Size([1, 35, 4096])",torch.bfloat16,286720
_to_copy_68,"torch.Size([1, 35, 4096])",torch.float32,573440
pow_31,"torch.Size([1, 35, 4096])",torch.float32,573440
mean_30,"torch.Size([1, 35, 1])",torch.float32,140
add_163,"torch.Size([1, 35, 1])",torch.float32,140
rsqrt_30,"torch.Size([1, 35, 1])",torch.float32,140
mul_149,"torch.Size([1, 35, 4096])",torch.float32,573440
_to_copy_69,"torch.Size([1, 35, 4096])",torch.bfloat16,286720
mul_150,"torch.Size([1, 35, 4096])",torch.bfloat16,286720
t_332,"torch.Size([4096, 4096])",torch.bfloat16,33554432
view_906,"torch.Size([35, 4096])",torch.bfloat16,286720
mm_251,"torch.Size([35, 4096])",torch.bfloat16,286720
view_907,"torch.Size([1, 35, 4096])",torch.bfloat16,286720
view_908,"torch.Size([1, 35, 32, 128])",torch.bfloat16,286720
transpose_215,"torch.Size([1, 32, 35, 128])",torch.bfloat16,286720
_to_copy_70,"torch.Size([1, 32, 35, 128])",torch.float32,573440
pow_32,"torch.Size([1, 32, 35, 128])",torch.float32,573440
mean_31,"torch.Size([1, 32, 35, 1])",torch.float32,4480
add_164,"torch.Size([1, 32, 35, 1])",torch.float32,4480
rsqrt_31,"torch.Size([1, 32, 35, 1])",torch.float32,4480
mul_151,"torch.Size([1, 32, 35, 128])",torch.float32,573440
_to_copy_71,"torch.Size([1, 32, 35, 128])",torch.bfloat16,286720
mul_152,"torch.Size([1, 32, 35, 128])",torch.bfloat16,286720
t_333,"torch.Size([4096, 1024])",torch.bfloat16,8388608
view_909,"torch.Size([6404, 4096])",torch.bfloat16,52461568
mm_252,"torch.Size([6404, 1024])",torch.bfloat16,13115392
view_910,"torch.Size([4, 1601, 1024])",torch.bfloat16,13115392
t_334,"torch.Size([4096, 1024])",torch.bfloat16,8388608
view_911,"torch.Size([6404, 4096])",torch.bfloat16,52461568
mm_253,"torch.Size([6404, 1024])",torch.bfloat16,13115392
view_912,"torch.Size([4, 1601, 1024])",torch.bfloat16,13115392
view_913,"torch.Size([1, 6404, 8, 128])",torch.bfloat16,13115392
transpose_216,"torch.Size([1, 8, 6404, 128])",torch.bfloat16,13115392
view_914,"torch.Size([1, 6404, 8, 128])",torch.bfloat16,13115392
transpose_217,"torch.Size([1, 8, 6404, 128])",torch.bfloat16,13115392
slice_240,"torch.Size([1, 8, 6404, 128])",torch.bfloat16,13115392
slice_241,"torch.Size([1, 8, 6404, 128])",torch.bfloat16,13115392
unsqueeze_61,"torch.Size([1, 8, 1, 6404, 128])",torch.bfloat16,13115392
slice_242,"torch.Size([1, 8, 1, 6404, 128])",torch.bfloat16,13115392
slice_243,"torch.Size([1, 8, 1, 6404, 128])",torch.bfloat16,13115392
expand_88,"torch.Size([1, 8, 4, 6404, 128])",torch.bfloat16,52461568
clone_41,"torch.Size([1, 8, 4, 6404, 128])",torch.bfloat16,52461568
_unsafe_view_26,"torch.Size([1, 32, 6404, 128])",torch.bfloat16,52461568
slice_244,"torch.Size([1, 8, 6404, 128])",torch.bfloat16,13115392
slice_245,"torch.Size([1, 8, 6404, 128])",torch.bfloat16,13115392
unsqueeze_62,"torch.Size([1, 8, 1, 6404, 128])",torch.bfloat16,13115392
slice_246,"torch.Size([1, 8, 1, 6404, 128])",torch.bfloat16,13115392
slice_247,"torch.Size([1, 8, 1, 6404, 128])",torch.bfloat16,13115392
expand_89,"torch.Size([1, 8, 4, 6404, 128])",torch.bfloat16,52461568
clone_42,"torch.Size([1, 8, 4, 6404, 128])",torch.bfloat16,52461568
_unsafe_view_27,"torch.Size([1, 32, 6404, 128])",torch.bfloat16,52461568
_to_copy_72,"torch.Size([1, 32, 6404, 128])",torch.float32,104923136
pow_33,"torch.Size([1, 32, 6404, 128])",torch.float32,104923136
mean_32,"torch.Size([1, 32, 6404, 1])",torch.float32,819712
add_165,"torch.Size([1, 32, 6404, 1])",torch.float32,819712
rsqrt_32,"torch.Size([1, 32, 6404, 1])",torch.float32,819712
mul_153,"torch.Size([1, 32, 6404, 128])",torch.float32,104923136
_to_copy_73,"torch.Size([1, 32, 6404, 128])",torch.bfloat16,52461568
mul_154,"torch.Size([1, 32, 6404, 128])",torch.bfloat16,52461568
clone_43,"torch.Size([1, 32, 35, 128])",torch.bfloat16,286720
constant_pad_nd_14,"torch.Size([1, 1, 35, 6408])",torch.bfloat16,448560
slice_248,"torch.Size([1, 1, 35, 6404])",torch.bfloat16,448280
expand_90,"torch.Size([1, 32, 35, 6404])",torch.bfloat16,14344960
getitem_458,"torch.Size([1, 32, 35, 128])",torch.bfloat16,286720
transpose_218,"torch.Size([1, 35, 32, 128])",torch.bfloat16,286720
view_915,"torch.Size([1, 35, 4096])",torch.bfloat16,286720
t_335,"torch.Size([4096, 4096])",torch.bfloat16,33554432
view_916,"torch.Size([35, 4096])",torch.bfloat16,286720
mm_254,"torch.Size([35, 4096])",torch.bfloat16,286720
view_917,"torch.Size([1, 35, 4096])",torch.bfloat16,286720
tanh_24,torch.Size([1]),torch.bfloat16,2
mul_155,"torch.Size([1, 35, 4096])",torch.bfloat16,286720
add_166,"torch.Size([1, 35, 4096])",torch.bfloat16,286720
_to_copy_74,"torch.Size([1, 35, 4096])",torch.float32,573440
pow_34,"torch.Size([1, 35, 4096])",torch.float32,573440
mean_33,"torch.Size([1, 35, 1])",torch.float32,140
add_167,"torch.Size([1, 35, 1])",torch.float32,140
rsqrt_33,"torch.Size([1, 35, 1])",torch.float32,140
mul_156,"torch.Size([1, 35, 4096])",torch.float32,573440
_to_copy_75,"torch.Size([1, 35, 4096])",torch.bfloat16,286720
mul_157,"torch.Size([1, 35, 4096])",torch.bfloat16,286720
t_336,"torch.Size([4096, 14336])",torch.bfloat16,117440512
view_918,"torch.Size([35, 4096])",torch.bfloat16,286720
mm_255,"torch.Size([35, 14336])",torch.bfloat16,1003520
view_919,"torch.Size([1, 35, 14336])",torch.bfloat16,1003520
silu_13,"torch.Size([1, 35, 14336])",torch.bfloat16,1003520
t_337,"torch.Size([4096, 14336])",torch.bfloat16,117440512
view_920,"torch.Size([35, 4096])",torch.bfloat16,286720
mm_256,"torch.Size([35, 14336])",torch.bfloat16,1003520
view_921,"torch.Size([1, 35, 14336])",torch.bfloat16,1003520
mul_158,"torch.Size([1, 35, 14336])",torch.bfloat16,1003520
t_338,"torch.Size([14336, 4096])",torch.bfloat16,117440512
view_922,"torch.Size([35, 14336])",torch.bfloat16,1003520
mm_257,"torch.Size([35, 4096])",torch.bfloat16,286720
view_923,"torch.Size([1, 35, 4096])",torch.bfloat16,286720
slice_249,"torch.Size([1, 1, 35, 1])",torch.bfloat16,70
select_2,"torch.Size([1, 35, 1])",torch.bfloat16,70
mul_159,"torch.Size([1, 35, 4096])",torch.bfloat16,286720
tanh_25,torch.Size([1]),torch.bfloat16,2
mul_160,"torch.Size([1, 35, 4096])",torch.bfloat16,286720
add_168,"torch.Size([1, 35, 4096])",torch.bfloat16,286720
_to_copy_76,"torch.Size([1, 35, 4096])",torch.float32,573440
pow_35,"torch.Size([1, 35, 4096])",torch.float32,573440
mean_34,"torch.Size([1, 35, 1])",torch.float32,140
add_169,"torch.Size([1, 35, 1])",torch.float32,140
rsqrt_34,"torch.Size([1, 35, 1])",torch.float32,140
mul_161,"torch.Size([1, 35, 4096])",torch.float32,573440
_to_copy_77,"torch.Size([1, 35, 4096])",torch.bfloat16,286720
mul_162,"torch.Size([1, 35, 4096])",torch.bfloat16,286720
t_339,"torch.Size([4096, 4096])",torch.bfloat16,33554432
view_924,"torch.Size([35, 4096])",torch.bfloat16,286720
mm_258,"torch.Size([35, 4096])",torch.bfloat16,286720
view_925,"torch.Size([1, 35, 4096])",torch.bfloat16,286720
t_340,"torch.Size([4096, 1024])",torch.bfloat16,8388608
view_926,"torch.Size([35, 4096])",torch.bfloat16,286720
mm_259,"torch.Size([35, 1024])",torch.bfloat16,71680
view_927,"torch.Size([1, 35, 1024])",torch.bfloat16,71680
t_341,"torch.Size([4096, 1024])",torch.bfloat16,8388608
view_928,"torch.Size([35, 4096])",torch.bfloat16,286720
mm_260,"torch.Size([35, 1024])",torch.bfloat16,71680
view_929,"torch.Size([1, 35, 1024])",torch.bfloat16,71680
view_930,"torch.Size([1, 35, 32, 128])",torch.bfloat16,286720
transpose_219,"torch.Size([1, 32, 35, 128])",torch.bfloat16,286720
view_931,"torch.Size([1, 35, 8, 128])",torch.bfloat16,71680
transpose_220,"torch.Size([1, 8, 35, 128])",torch.bfloat16,71680
view_932,"torch.Size([1, 35, 8, 128])",torch.bfloat16,71680
transpose_221,"torch.Size([1, 8, 35, 128])",torch.bfloat16,71680
unsqueeze_63,"torch.Size([1, 1, 35, 128])",torch.bfloat16,8960
unsqueeze_64,"torch.Size([1, 1, 35, 128])",torch.bfloat16,8960
mul_163,"torch.Size([1, 32, 35, 128])",torch.bfloat16,286720
slice_250,"torch.Size([1, 32, 35, 64])",torch.bfloat16,143360
slice_251,"torch.Size([1, 32, 35, 64])",torch.bfloat16,143360
neg_22,"torch.Size([1, 32, 35, 64])",torch.bfloat16,143360
cat_25,"torch.Size([1, 32, 35, 128])",torch.bfloat16,286720
mul_164,"torch.Size([1, 32, 35, 128])",torch.bfloat16,286720
add_170,"torch.Size([1, 32, 35, 128])",torch.bfloat16,286720
mul_165,"torch.Size([1, 8, 35, 128])",torch.bfloat16,71680
slice_252,"torch.Size([1, 8, 35, 64])",torch.bfloat16,35840
slice_253,"torch.Size([1, 8, 35, 64])",torch.bfloat16,35840
neg_23,"torch.Size([1, 8, 35, 64])",torch.bfloat16,35840
cat_26,"torch.Size([1, 8, 35, 128])",torch.bfloat16,71680
mul_166,"torch.Size([1, 8, 35, 128])",torch.bfloat16,71680
add_171,"torch.Size([1, 8, 35, 128])",torch.bfloat16,71680
slice_254,"torch.Size([1, 8, 35, 128])",torch.bfloat16,71680
slice_255,"torch.Size([1, 8, 35, 128])",torch.bfloat16,71680
unsqueeze_65,"torch.Size([1, 8, 1, 35, 128])",torch.bfloat16,71680
slice_256,"torch.Size([1, 8, 1, 35, 128])",torch.bfloat16,71680
slice_257,"torch.Size([1, 8, 1, 35, 128])",torch.bfloat16,71680
expand_91,"torch.Size([1, 8, 4, 35, 128])",torch.bfloat16,286720
clone_44,"torch.Size([1, 8, 4, 35, 128])",torch.bfloat16,286720
_unsafe_view_28,"torch.Size([1, 32, 35, 128])",torch.bfloat16,286720
slice_258,"torch.Size([1, 8, 35, 128])",torch.bfloat16,71680
slice_259,"torch.Size([1, 8, 35, 128])",torch.bfloat16,71680
unsqueeze_66,"torch.Size([1, 8, 1, 35, 128])",torch.bfloat16,71680
slice_260,"torch.Size([1, 8, 1, 35, 128])",torch.bfloat16,71680
slice_261,"torch.Size([1, 8, 1, 35, 128])",torch.bfloat16,71680
expand_92,"torch.Size([1, 8, 4, 35, 128])",torch.bfloat16,286720
clone_45,"torch.Size([1, 8, 4, 35, 128])",torch.bfloat16,286720
_unsafe_view_29,"torch.Size([1, 32, 35, 128])",torch.bfloat16,286720
slice_262,"torch.Size([1, 1, 35, 35])",torch.bfloat16,2450
slice_263,"torch.Size([1, 1, 35, 35])",torch.bfloat16,2450
slice_264,"torch.Size([1, 1, 35, 35])",torch.bfloat16,2450
clone_46,"torch.Size([1, 32, 35, 128])",torch.bfloat16,286720
constant_pad_nd_15,"torch.Size([1, 1, 35, 40])",torch.bfloat16,2800
slice_265,"torch.Size([1, 1, 35, 35])",torch.bfloat16,2450
expand_93,"torch.Size([1, 32, 35, 35])",torch.bfloat16,78400
getitem_462,"torch.Size([1, 32, 35, 128])",torch.bfloat16,286720
transpose_222,"torch.Size([1, 35, 32, 128])",torch.bfloat16,286720
view_933,"torch.Size([1, 35, 4096])",torch.bfloat16,286720
t_342,"torch.Size([4096, 4096])",torch.bfloat16,33554432
view_934,"torch.Size([35, 4096])",torch.bfloat16,286720
mm_261,"torch.Size([35, 4096])",torch.bfloat16,286720
view_935,"torch.Size([1, 35, 4096])",torch.bfloat16,286720
add_172,"torch.Size([1, 35, 4096])",torch.bfloat16,286720
_to_copy_78,"torch.Size([1, 35, 4096])",torch.float32,573440
pow_36,"torch.Size([1, 35, 4096])",torch.float32,573440
mean_35,"torch.Size([1, 35, 1])",torch.float32,140
add_173,"torch.Size([1, 35, 1])",torch.float32,140
rsqrt_35,"torch.Size([1, 35, 1])",torch.float32,140
mul_167,"torch.Size([1, 35, 4096])",torch.float32,573440
_to_copy_79,"torch.Size([1, 35, 4096])",torch.bfloat16,286720
mul_168,"torch.Size([1, 35, 4096])",torch.bfloat16,286720
t_343,"torch.Size([4096, 14336])",torch.bfloat16,117440512
view_936,"torch.Size([35, 4096])",torch.bfloat16,286720
mm_262,"torch.Size([35, 14336])",torch.bfloat16,1003520
view_937,"torch.Size([1, 35, 14336])",torch.bfloat16,1003520
silu_14,"torch.Size([1, 35, 14336])",torch.bfloat16,1003520
t_344,"torch.Size([4096, 14336])",torch.bfloat16,117440512
view_938,"torch.Size([35, 4096])",torch.bfloat16,286720
mm_263,"torch.Size([35, 14336])",torch.bfloat16,1003520
view_939,"torch.Size([1, 35, 14336])",torch.bfloat16,1003520
mul_169,"torch.Size([1, 35, 14336])",torch.bfloat16,1003520
t_345,"torch.Size([14336, 4096])",torch.bfloat16,117440512
view_940,"torch.Size([35, 14336])",torch.bfloat16,1003520
mm_264,"torch.Size([35, 4096])",torch.bfloat16,286720
view_941,"torch.Size([1, 35, 4096])",torch.bfloat16,286720
add_174,"torch.Size([1, 35, 4096])",torch.bfloat16,286720
_to_copy_80,"torch.Size([1, 35, 4096])",torch.float32,573440
pow_37,"torch.Size([1, 35, 4096])",torch.float32,573440
mean_36,"torch.Size([1, 35, 1])",torch.float32,140
add_175,"torch.Size([1, 35, 1])",torch.float32,140
rsqrt_36,"torch.Size([1, 35, 1])",torch.float32,140
mul_170,"torch.Size([1, 35, 4096])",torch.float32,573440
_to_copy_81,"torch.Size([1, 35, 4096])",torch.bfloat16,286720
mul_171,"torch.Size([1, 35, 4096])",torch.bfloat16,286720
t_346,"torch.Size([4096, 4096])",torch.bfloat16,33554432
view_942,"torch.Size([35, 4096])",torch.bfloat16,286720
mm_265,"torch.Size([35, 4096])",torch.bfloat16,286720
view_943,"torch.Size([1, 35, 4096])",torch.bfloat16,286720
t_347,"torch.Size([4096, 1024])",torch.bfloat16,8388608
view_944,"torch.Size([35, 4096])",torch.bfloat16,286720
mm_266,"torch.Size([35, 1024])",torch.bfloat16,71680
view_945,"torch.Size([1, 35, 1024])",torch.bfloat16,71680
t_348,"torch.Size([4096, 1024])",torch.bfloat16,8388608
view_946,"torch.Size([35, 4096])",torch.bfloat16,286720
mm_267,"torch.Size([35, 1024])",torch.bfloat16,71680
view_947,"torch.Size([1, 35, 1024])",torch.bfloat16,71680
view_948,"torch.Size([1, 35, 32, 128])",torch.bfloat16,286720
transpose_223,"torch.Size([1, 32, 35, 128])",torch.bfloat16,286720
view_949,"torch.Size([1, 35, 8, 128])",torch.bfloat16,71680
transpose_224,"torch.Size([1, 8, 35, 128])",torch.bfloat16,71680
view_950,"torch.Size([1, 35, 8, 128])",torch.bfloat16,71680
transpose_225,"torch.Size([1, 8, 35, 128])",torch.bfloat16,71680
unsqueeze_67,"torch.Size([1, 1, 35, 128])",torch.bfloat16,8960
unsqueeze_68,"torch.Size([1, 1, 35, 128])",torch.bfloat16,8960
mul_172,"torch.Size([1, 32, 35, 128])",torch.bfloat16,286720
slice_266,"torch.Size([1, 32, 35, 64])",torch.bfloat16,143360
slice_267,"torch.Size([1, 32, 35, 64])",torch.bfloat16,143360
neg_24,"torch.Size([1, 32, 35, 64])",torch.bfloat16,143360
cat_27,"torch.Size([1, 32, 35, 128])",torch.bfloat16,286720
mul_173,"torch.Size([1, 32, 35, 128])",torch.bfloat16,286720
add_176,"torch.Size([1, 32, 35, 128])",torch.bfloat16,286720
mul_174,"torch.Size([1, 8, 35, 128])",torch.bfloat16,71680
slice_268,"torch.Size([1, 8, 35, 64])",torch.bfloat16,35840
slice_269,"torch.Size([1, 8, 35, 64])",torch.bfloat16,35840
neg_25,"torch.Size([1, 8, 35, 64])",torch.bfloat16,35840
cat_28,"torch.Size([1, 8, 35, 128])",torch.bfloat16,71680
mul_175,"torch.Size([1, 8, 35, 128])",torch.bfloat16,71680
add_177,"torch.Size([1, 8, 35, 128])",torch.bfloat16,71680
slice_270,"torch.Size([1, 8, 35, 128])",torch.bfloat16,71680
slice_271,"torch.Size([1, 8, 35, 128])",torch.bfloat16,71680
unsqueeze_69,"torch.Size([1, 8, 1, 35, 128])",torch.bfloat16,71680
slice_272,"torch.Size([1, 8, 1, 35, 128])",torch.bfloat16,71680
slice_273,"torch.Size([1, 8, 1, 35, 128])",torch.bfloat16,71680
expand_94,"torch.Size([1, 8, 4, 35, 128])",torch.bfloat16,286720
clone_47,"torch.Size([1, 8, 4, 35, 128])",torch.bfloat16,286720
_unsafe_view_30,"torch.Size([1, 32, 35, 128])",torch.bfloat16,286720
slice_274,"torch.Size([1, 8, 35, 128])",torch.bfloat16,71680
slice_275,"torch.Size([1, 8, 35, 128])",torch.bfloat16,71680
unsqueeze_70,"torch.Size([1, 8, 1, 35, 128])",torch.bfloat16,71680
slice_276,"torch.Size([1, 8, 1, 35, 128])",torch.bfloat16,71680
slice_277,"torch.Size([1, 8, 1, 35, 128])",torch.bfloat16,71680
expand_95,"torch.Size([1, 8, 4, 35, 128])",torch.bfloat16,286720
clone_48,"torch.Size([1, 8, 4, 35, 128])",torch.bfloat16,286720
_unsafe_view_31,"torch.Size([1, 32, 35, 128])",torch.bfloat16,286720
slice_278,"torch.Size([1, 1, 35, 35])",torch.bfloat16,2450
slice_279,"torch.Size([1, 1, 35, 35])",torch.bfloat16,2450
slice_280,"torch.Size([1, 1, 35, 35])",torch.bfloat16,2450
clone_49,"torch.Size([1, 32, 35, 128])",torch.bfloat16,286720
constant_pad_nd_16,"torch.Size([1, 1, 35, 40])",torch.bfloat16,2800
slice_281,"torch.Size([1, 1, 35, 35])",torch.bfloat16,2450
expand_96,"torch.Size([1, 32, 35, 35])",torch.bfloat16,78400
getitem_466,"torch.Size([1, 32, 35, 128])",torch.bfloat16,286720
transpose_226,"torch.Size([1, 35, 32, 128])",torch.bfloat16,286720
view_951,"torch.Size([1, 35, 4096])",torch.bfloat16,286720
t_349,"torch.Size([4096, 4096])",torch.bfloat16,33554432
view_952,"torch.Size([35, 4096])",torch.bfloat16,286720
mm_268,"torch.Size([35, 4096])",torch.bfloat16,286720
view_953,"torch.Size([1, 35, 4096])",torch.bfloat16,286720
add_178,"torch.Size([1, 35, 4096])",torch.bfloat16,286720
_to_copy_82,"torch.Size([1, 35, 4096])",torch.float32,573440
pow_38,"torch.Size([1, 35, 4096])",torch.float32,573440
mean_37,"torch.Size([1, 35, 1])",torch.float32,140
add_179,"torch.Size([1, 35, 1])",torch.float32,140
rsqrt_37,"torch.Size([1, 35, 1])",torch.float32,140
mul_176,"torch.Size([1, 35, 4096])",torch.float32,573440
_to_copy_83,"torch.Size([1, 35, 4096])",torch.bfloat16,286720
mul_177,"torch.Size([1, 35, 4096])",torch.bfloat16,286720
t_350,"torch.Size([4096, 14336])",torch.bfloat16,117440512
view_954,"torch.Size([35, 4096])",torch.bfloat16,286720
mm_269,"torch.Size([35, 14336])",torch.bfloat16,1003520
view_955,"torch.Size([1, 35, 14336])",torch.bfloat16,1003520
silu_15,"torch.Size([1, 35, 14336])",torch.bfloat16,1003520
t_351,"torch.Size([4096, 14336])",torch.bfloat16,117440512
view_956,"torch.Size([35, 4096])",torch.bfloat16,286720
mm_270,"torch.Size([35, 14336])",torch.bfloat16,1003520
view_957,"torch.Size([1, 35, 14336])",torch.bfloat16,1003520
mul_178,"torch.Size([1, 35, 14336])",torch.bfloat16,1003520
t_352,"torch.Size([14336, 4096])",torch.bfloat16,117440512
view_958,"torch.Size([35, 14336])",torch.bfloat16,1003520
mm_271,"torch.Size([35, 4096])",torch.bfloat16,286720
view_959,"torch.Size([1, 35, 4096])",torch.bfloat16,286720
add_180,"torch.Size([1, 35, 4096])",torch.bfloat16,286720
_to_copy_84,"torch.Size([1, 35, 4096])",torch.float32,573440
pow_39,"torch.Size([1, 35, 4096])",torch.float32,573440
mean_38,"torch.Size([1, 35, 1])",torch.float32,140
add_181,"torch.Size([1, 35, 1])",torch.float32,140
rsqrt_38,"torch.Size([1, 35, 1])",torch.float32,140
mul_179,"torch.Size([1, 35, 4096])",torch.float32,573440
_to_copy_85,"torch.Size([1, 35, 4096])",torch.bfloat16,286720
mul_180,"torch.Size([1, 35, 4096])",torch.bfloat16,286720
t_353,"torch.Size([4096, 4096])",torch.bfloat16,33554432
view_960,"torch.Size([35, 4096])",torch.bfloat16,286720
mm_272,"torch.Size([35, 4096])",torch.bfloat16,286720
view_961,"torch.Size([1, 35, 4096])",torch.bfloat16,286720
t_354,"torch.Size([4096, 1024])",torch.bfloat16,8388608
view_962,"torch.Size([35, 4096])",torch.bfloat16,286720
mm_273,"torch.Size([35, 1024])",torch.bfloat16,71680
view_963,"torch.Size([1, 35, 1024])",torch.bfloat16,71680
t_355,"torch.Size([4096, 1024])",torch.bfloat16,8388608
view_964,"torch.Size([35, 4096])",torch.bfloat16,286720
mm_274,"torch.Size([35, 1024])",torch.bfloat16,71680
view_965,"torch.Size([1, 35, 1024])",torch.bfloat16,71680
view_966,"torch.Size([1, 35, 32, 128])",torch.bfloat16,286720
transpose_227,"torch.Size([1, 32, 35, 128])",torch.bfloat16,286720
view_967,"torch.Size([1, 35, 8, 128])",torch.bfloat16,71680
transpose_228,"torch.Size([1, 8, 35, 128])",torch.bfloat16,71680
view_968,"torch.Size([1, 35, 8, 128])",torch.bfloat16,71680
transpose_229,"torch.Size([1, 8, 35, 128])",torch.bfloat16,71680
unsqueeze_71,"torch.Size([1, 1, 35, 128])",torch.bfloat16,8960
unsqueeze_72,"torch.Size([1, 1, 35, 128])",torch.bfloat16,8960
mul_181,"torch.Size([1, 32, 35, 128])",torch.bfloat16,286720
slice_282,"torch.Size([1, 32, 35, 64])",torch.bfloat16,143360
slice_283,"torch.Size([1, 32, 35, 64])",torch.bfloat16,143360
neg_26,"torch.Size([1, 32, 35, 64])",torch.bfloat16,143360
cat_29,"torch.Size([1, 32, 35, 128])",torch.bfloat16,286720
mul_182,"torch.Size([1, 32, 35, 128])",torch.bfloat16,286720
add_182,"torch.Size([1, 32, 35, 128])",torch.bfloat16,286720
mul_183,"torch.Size([1, 8, 35, 128])",torch.bfloat16,71680
slice_284,"torch.Size([1, 8, 35, 64])",torch.bfloat16,35840
slice_285,"torch.Size([1, 8, 35, 64])",torch.bfloat16,35840
neg_27,"torch.Size([1, 8, 35, 64])",torch.bfloat16,35840
cat_30,"torch.Size([1, 8, 35, 128])",torch.bfloat16,71680
mul_184,"torch.Size([1, 8, 35, 128])",torch.bfloat16,71680
add_183,"torch.Size([1, 8, 35, 128])",torch.bfloat16,71680
slice_286,"torch.Size([1, 8, 35, 128])",torch.bfloat16,71680
slice_287,"torch.Size([1, 8, 35, 128])",torch.bfloat16,71680
unsqueeze_73,"torch.Size([1, 8, 1, 35, 128])",torch.bfloat16,71680
slice_288,"torch.Size([1, 8, 1, 35, 128])",torch.bfloat16,71680
slice_289,"torch.Size([1, 8, 1, 35, 128])",torch.bfloat16,71680
expand_97,"torch.Size([1, 8, 4, 35, 128])",torch.bfloat16,286720
clone_50,"torch.Size([1, 8, 4, 35, 128])",torch.bfloat16,286720
_unsafe_view_32,"torch.Size([1, 32, 35, 128])",torch.bfloat16,286720
slice_290,"torch.Size([1, 8, 35, 128])",torch.bfloat16,71680
slice_291,"torch.Size([1, 8, 35, 128])",torch.bfloat16,71680
unsqueeze_74,"torch.Size([1, 8, 1, 35, 128])",torch.bfloat16,71680
slice_292,"torch.Size([1, 8, 1, 35, 128])",torch.bfloat16,71680
slice_293,"torch.Size([1, 8, 1, 35, 128])",torch.bfloat16,71680
expand_98,"torch.Size([1, 8, 4, 35, 128])",torch.bfloat16,286720
clone_51,"torch.Size([1, 8, 4, 35, 128])",torch.bfloat16,286720
_unsafe_view_33,"torch.Size([1, 32, 35, 128])",torch.bfloat16,286720
slice_294,"torch.Size([1, 1, 35, 35])",torch.bfloat16,2450
slice_295,"torch.Size([1, 1, 35, 35])",torch.bfloat16,2450
slice_296,"torch.Size([1, 1, 35, 35])",torch.bfloat16,2450
clone_52,"torch.Size([1, 32, 35, 128])",torch.bfloat16,286720
constant_pad_nd_17,"torch.Size([1, 1, 35, 40])",torch.bfloat16,2800
slice_297,"torch.Size([1, 1, 35, 35])",torch.bfloat16,2450
expand_99,"torch.Size([1, 32, 35, 35])",torch.bfloat16,78400
getitem_470,"torch.Size([1, 32, 35, 128])",torch.bfloat16,286720
transpose_230,"torch.Size([1, 35, 32, 128])",torch.bfloat16,286720
view_969,"torch.Size([1, 35, 4096])",torch.bfloat16,286720
t_356,"torch.Size([4096, 4096])",torch.bfloat16,33554432
view_970,"torch.Size([35, 4096])",torch.bfloat16,286720
mm_275,"torch.Size([35, 4096])",torch.bfloat16,286720
view_971,"torch.Size([1, 35, 4096])",torch.bfloat16,286720
add_184,"torch.Size([1, 35, 4096])",torch.bfloat16,286720
_to_copy_86,"torch.Size([1, 35, 4096])",torch.float32,573440
pow_40,"torch.Size([1, 35, 4096])",torch.float32,573440
mean_39,"torch.Size([1, 35, 1])",torch.float32,140
add_185,"torch.Size([1, 35, 1])",torch.float32,140
rsqrt_39,"torch.Size([1, 35, 1])",torch.float32,140
mul_185,"torch.Size([1, 35, 4096])",torch.float32,573440
_to_copy_87,"torch.Size([1, 35, 4096])",torch.bfloat16,286720
mul_186,"torch.Size([1, 35, 4096])",torch.bfloat16,286720
t_357,"torch.Size([4096, 14336])",torch.bfloat16,117440512
view_972,"torch.Size([35, 4096])",torch.bfloat16,286720
mm_276,"torch.Size([35, 14336])",torch.bfloat16,1003520
view_973,"torch.Size([1, 35, 14336])",torch.bfloat16,1003520
silu_16,"torch.Size([1, 35, 14336])",torch.bfloat16,1003520
t_358,"torch.Size([4096, 14336])",torch.bfloat16,117440512
view_974,"torch.Size([35, 4096])",torch.bfloat16,286720
mm_277,"torch.Size([35, 14336])",torch.bfloat16,1003520
view_975,"torch.Size([1, 35, 14336])",torch.bfloat16,1003520
mul_187,"torch.Size([1, 35, 14336])",torch.bfloat16,1003520
t_359,"torch.Size([14336, 4096])",torch.bfloat16,117440512
view_976,"torch.Size([35, 14336])",torch.bfloat16,1003520
mm_278,"torch.Size([35, 4096])",torch.bfloat16,286720
view_977,"torch.Size([1, 35, 4096])",torch.bfloat16,286720
add_186,"torch.Size([1, 35, 4096])",torch.bfloat16,286720
_to_copy_88,"torch.Size([1, 35, 4096])",torch.float32,573440
pow_41,"torch.Size([1, 35, 4096])",torch.float32,573440
mean_40,"torch.Size([1, 35, 1])",torch.float32,140
add_187,"torch.Size([1, 35, 1])",torch.float32,140
rsqrt_40,"torch.Size([1, 35, 1])",torch.float32,140
mul_188,"torch.Size([1, 35, 4096])",torch.float32,573440
_to_copy_89,"torch.Size([1, 35, 4096])",torch.bfloat16,286720
mul_189,"torch.Size([1, 35, 4096])",torch.bfloat16,286720
t_360,"torch.Size([4096, 4096])",torch.bfloat16,33554432
view_978,"torch.Size([35, 4096])",torch.bfloat16,286720
mm_279,"torch.Size([35, 4096])",torch.bfloat16,286720
view_979,"torch.Size([1, 35, 4096])",torch.bfloat16,286720
t_361,"torch.Size([4096, 1024])",torch.bfloat16,8388608
view_980,"torch.Size([35, 4096])",torch.bfloat16,286720
mm_280,"torch.Size([35, 1024])",torch.bfloat16,71680
view_981,"torch.Size([1, 35, 1024])",torch.bfloat16,71680
t_362,"torch.Size([4096, 1024])",torch.bfloat16,8388608
view_982,"torch.Size([35, 4096])",torch.bfloat16,286720
mm_281,"torch.Size([35, 1024])",torch.bfloat16,71680
view_983,"torch.Size([1, 35, 1024])",torch.bfloat16,71680
view_984,"torch.Size([1, 35, 32, 128])",torch.bfloat16,286720
transpose_231,"torch.Size([1, 32, 35, 128])",torch.bfloat16,286720
view_985,"torch.Size([1, 35, 8, 128])",torch.bfloat16,71680
transpose_232,"torch.Size([1, 8, 35, 128])",torch.bfloat16,71680
view_986,"torch.Size([1, 35, 8, 128])",torch.bfloat16,71680
transpose_233,"torch.Size([1, 8, 35, 128])",torch.bfloat16,71680
unsqueeze_75,"torch.Size([1, 1, 35, 128])",torch.bfloat16,8960
unsqueeze_76,"torch.Size([1, 1, 35, 128])",torch.bfloat16,8960
mul_190,"torch.Size([1, 32, 35, 128])",torch.bfloat16,286720
slice_298,"torch.Size([1, 32, 35, 64])",torch.bfloat16,143360
slice_299,"torch.Size([1, 32, 35, 64])",torch.bfloat16,143360
neg_28,"torch.Size([1, 32, 35, 64])",torch.bfloat16,143360
cat_31,"torch.Size([1, 32, 35, 128])",torch.bfloat16,286720
mul_191,"torch.Size([1, 32, 35, 128])",torch.bfloat16,286720
add_188,"torch.Size([1, 32, 35, 128])",torch.bfloat16,286720
mul_192,"torch.Size([1, 8, 35, 128])",torch.bfloat16,71680
slice_300,"torch.Size([1, 8, 35, 64])",torch.bfloat16,35840
slice_301,"torch.Size([1, 8, 35, 64])",torch.bfloat16,35840
neg_29,"torch.Size([1, 8, 35, 64])",torch.bfloat16,35840
cat_32,"torch.Size([1, 8, 35, 128])",torch.bfloat16,71680
mul_193,"torch.Size([1, 8, 35, 128])",torch.bfloat16,71680
add_189,"torch.Size([1, 8, 35, 128])",torch.bfloat16,71680
slice_302,"torch.Size([1, 8, 35, 128])",torch.bfloat16,71680
slice_303,"torch.Size([1, 8, 35, 128])",torch.bfloat16,71680
unsqueeze_77,"torch.Size([1, 8, 1, 35, 128])",torch.bfloat16,71680
slice_304,"torch.Size([1, 8, 1, 35, 128])",torch.bfloat16,71680
slice_305,"torch.Size([1, 8, 1, 35, 128])",torch.bfloat16,71680
expand_100,"torch.Size([1, 8, 4, 35, 128])",torch.bfloat16,286720
clone_53,"torch.Size([1, 8, 4, 35, 128])",torch.bfloat16,286720
_unsafe_view_34,"torch.Size([1, 32, 35, 128])",torch.bfloat16,286720
slice_306,"torch.Size([1, 8, 35, 128])",torch.bfloat16,71680
slice_307,"torch.Size([1, 8, 35, 128])",torch.bfloat16,71680
unsqueeze_78,"torch.Size([1, 8, 1, 35, 128])",torch.bfloat16,71680
slice_308,"torch.Size([1, 8, 1, 35, 128])",torch.bfloat16,71680
slice_309,"torch.Size([1, 8, 1, 35, 128])",torch.bfloat16,71680
expand_101,"torch.Size([1, 8, 4, 35, 128])",torch.bfloat16,286720
clone_54,"torch.Size([1, 8, 4, 35, 128])",torch.bfloat16,286720
_unsafe_view_35,"torch.Size([1, 32, 35, 128])",torch.bfloat16,286720
slice_310,"torch.Size([1, 1, 35, 35])",torch.bfloat16,2450
slice_311,"torch.Size([1, 1, 35, 35])",torch.bfloat16,2450
slice_312,"torch.Size([1, 1, 35, 35])",torch.bfloat16,2450
clone_55,"torch.Size([1, 32, 35, 128])",torch.bfloat16,286720
constant_pad_nd_18,"torch.Size([1, 1, 35, 40])",torch.bfloat16,2800
slice_313,"torch.Size([1, 1, 35, 35])",torch.bfloat16,2450
expand_102,"torch.Size([1, 32, 35, 35])",torch.bfloat16,78400
getitem_474,"torch.Size([1, 32, 35, 128])",torch.bfloat16,286720
transpose_234,"torch.Size([1, 35, 32, 128])",torch.bfloat16,286720
view_987,"torch.Size([1, 35, 4096])",torch.bfloat16,286720
t_363,"torch.Size([4096, 4096])",torch.bfloat16,33554432
view_988,"torch.Size([35, 4096])",torch.bfloat16,286720
mm_282,"torch.Size([35, 4096])",torch.bfloat16,286720
view_989,"torch.Size([1, 35, 4096])",torch.bfloat16,286720
add_190,"torch.Size([1, 35, 4096])",torch.bfloat16,286720
_to_copy_90,"torch.Size([1, 35, 4096])",torch.float32,573440
pow_42,"torch.Size([1, 35, 4096])",torch.float32,573440
mean_41,"torch.Size([1, 35, 1])",torch.float32,140
add_191,"torch.Size([1, 35, 1])",torch.float32,140
rsqrt_41,"torch.Size([1, 35, 1])",torch.float32,140
mul_194,"torch.Size([1, 35, 4096])",torch.float32,573440
_to_copy_91,"torch.Size([1, 35, 4096])",torch.bfloat16,286720
mul_195,"torch.Size([1, 35, 4096])",torch.bfloat16,286720
t_364,"torch.Size([4096, 14336])",torch.bfloat16,117440512
view_990,"torch.Size([35, 4096])",torch.bfloat16,286720
mm_283,"torch.Size([35, 14336])",torch.bfloat16,1003520
view_991,"torch.Size([1, 35, 14336])",torch.bfloat16,1003520
silu_17,"torch.Size([1, 35, 14336])",torch.bfloat16,1003520
t_365,"torch.Size([4096, 14336])",torch.bfloat16,117440512
view_992,"torch.Size([35, 4096])",torch.bfloat16,286720
mm_284,"torch.Size([35, 14336])",torch.bfloat16,1003520
view_993,"torch.Size([1, 35, 14336])",torch.bfloat16,1003520
mul_196,"torch.Size([1, 35, 14336])",torch.bfloat16,1003520
t_366,"torch.Size([14336, 4096])",torch.bfloat16,117440512
view_994,"torch.Size([35, 14336])",torch.bfloat16,1003520
mm_285,"torch.Size([35, 4096])",torch.bfloat16,286720
view_995,"torch.Size([1, 35, 4096])",torch.bfloat16,286720
add_192,"torch.Size([1, 35, 4096])",torch.bfloat16,286720
_to_copy_92,"torch.Size([1, 35, 4096])",torch.float32,573440
pow_43,"torch.Size([1, 35, 4096])",torch.float32,573440
mean_42,"torch.Size([1, 35, 1])",torch.float32,140
add_193,"torch.Size([1, 35, 1])",torch.float32,140
rsqrt_42,"torch.Size([1, 35, 1])",torch.float32,140
mul_197,"torch.Size([1, 35, 4096])",torch.float32,573440
_to_copy_93,"torch.Size([1, 35, 4096])",torch.bfloat16,286720
mul_198,"torch.Size([1, 35, 4096])",torch.bfloat16,286720
t_367,"torch.Size([4096, 4096])",torch.bfloat16,33554432
view_996,"torch.Size([35, 4096])",torch.bfloat16,286720
mm_286,"torch.Size([35, 4096])",torch.bfloat16,286720
view_997,"torch.Size([1, 35, 4096])",torch.bfloat16,286720
view_998,"torch.Size([1, 35, 32, 128])",torch.bfloat16,286720
transpose_235,"torch.Size([1, 32, 35, 128])",torch.bfloat16,286720
_to_copy_94,"torch.Size([1, 32, 35, 128])",torch.float32,573440
pow_44,"torch.Size([1, 32, 35, 128])",torch.float32,573440
mean_43,"torch.Size([1, 32, 35, 1])",torch.float32,4480
add_194,"torch.Size([1, 32, 35, 1])",torch.float32,4480
rsqrt_43,"torch.Size([1, 32, 35, 1])",torch.float32,4480
mul_199,"torch.Size([1, 32, 35, 128])",torch.float32,573440
_to_copy_95,"torch.Size([1, 32, 35, 128])",torch.bfloat16,286720
mul_200,"torch.Size([1, 32, 35, 128])",torch.bfloat16,286720
t_368,"torch.Size([4096, 1024])",torch.bfloat16,8388608
view_999,"torch.Size([6404, 4096])",torch.bfloat16,52461568
mm_287,"torch.Size([6404, 1024])",torch.bfloat16,13115392
view_1000,"torch.Size([4, 1601, 1024])",torch.bfloat16,13115392
t_369,"torch.Size([4096, 1024])",torch.bfloat16,8388608
view_1001,"torch.Size([6404, 4096])",torch.bfloat16,52461568
mm_288,"torch.Size([6404, 1024])",torch.bfloat16,13115392
view_1002,"torch.Size([4, 1601, 1024])",torch.bfloat16,13115392
view_1003,"torch.Size([1, 6404, 8, 128])",torch.bfloat16,13115392
transpose_236,"torch.Size([1, 8, 6404, 128])",torch.bfloat16,13115392
view_1004,"torch.Size([1, 6404, 8, 128])",torch.bfloat16,13115392
transpose_237,"torch.Size([1, 8, 6404, 128])",torch.bfloat16,13115392
slice_314,"torch.Size([1, 8, 6404, 128])",torch.bfloat16,13115392
slice_315,"torch.Size([1, 8, 6404, 128])",torch.bfloat16,13115392
unsqueeze_79,"torch.Size([1, 8, 1, 6404, 128])",torch.bfloat16,13115392
slice_316,"torch.Size([1, 8, 1, 6404, 128])",torch.bfloat16,13115392
slice_317,"torch.Size([1, 8, 1, 6404, 128])",torch.bfloat16,13115392
expand_103,"torch.Size([1, 8, 4, 6404, 128])",torch.bfloat16,52461568
clone_56,"torch.Size([1, 8, 4, 6404, 128])",torch.bfloat16,52461568
_unsafe_view_36,"torch.Size([1, 32, 6404, 128])",torch.bfloat16,52461568
slice_318,"torch.Size([1, 8, 6404, 128])",torch.bfloat16,13115392
slice_319,"torch.Size([1, 8, 6404, 128])",torch.bfloat16,13115392
unsqueeze_80,"torch.Size([1, 8, 1, 6404, 128])",torch.bfloat16,13115392
slice_320,"torch.Size([1, 8, 1, 6404, 128])",torch.bfloat16,13115392
slice_321,"torch.Size([1, 8, 1, 6404, 128])",torch.bfloat16,13115392
expand_104,"torch.Size([1, 8, 4, 6404, 128])",torch.bfloat16,52461568
clone_57,"torch.Size([1, 8, 4, 6404, 128])",torch.bfloat16,52461568
_unsafe_view_37,"torch.Size([1, 32, 6404, 128])",torch.bfloat16,52461568
_to_copy_96,"torch.Size([1, 32, 6404, 128])",torch.float32,104923136
pow_45,"torch.Size([1, 32, 6404, 128])",torch.float32,104923136
mean_44,"torch.Size([1, 32, 6404, 1])",torch.float32,819712
add_195,"torch.Size([1, 32, 6404, 1])",torch.float32,819712
rsqrt_44,"torch.Size([1, 32, 6404, 1])",torch.float32,819712
mul_201,"torch.Size([1, 32, 6404, 128])",torch.float32,104923136
_to_copy_97,"torch.Size([1, 32, 6404, 128])",torch.bfloat16,52461568
mul_202,"torch.Size([1, 32, 6404, 128])",torch.bfloat16,52461568
clone_58,"torch.Size([1, 32, 35, 128])",torch.bfloat16,286720
constant_pad_nd_19,"torch.Size([1, 1, 35, 6408])",torch.bfloat16,448560
slice_322,"torch.Size([1, 1, 35, 6404])",torch.bfloat16,448280
expand_105,"torch.Size([1, 32, 35, 6404])",torch.bfloat16,14344960
getitem_478,"torch.Size([1, 32, 35, 128])",torch.bfloat16,286720
transpose_238,"torch.Size([1, 35, 32, 128])",torch.bfloat16,286720
view_1005,"torch.Size([1, 35, 4096])",torch.bfloat16,286720
t_370,"torch.Size([4096, 4096])",torch.bfloat16,33554432
view_1006,"torch.Size([35, 4096])",torch.bfloat16,286720
mm_289,"torch.Size([35, 4096])",torch.bfloat16,286720
view_1007,"torch.Size([1, 35, 4096])",torch.bfloat16,286720
tanh_26,torch.Size([1]),torch.bfloat16,2
mul_203,"torch.Size([1, 35, 4096])",torch.bfloat16,286720
add_196,"torch.Size([1, 35, 4096])",torch.bfloat16,286720
_to_copy_98,"torch.Size([1, 35, 4096])",torch.float32,573440
pow_46,"torch.Size([1, 35, 4096])",torch.float32,573440
mean_45,"torch.Size([1, 35, 1])",torch.float32,140
add_197,"torch.Size([1, 35, 1])",torch.float32,140
rsqrt_45,"torch.Size([1, 35, 1])",torch.float32,140
mul_204,"torch.Size([1, 35, 4096])",torch.float32,573440
_to_copy_99,"torch.Size([1, 35, 4096])",torch.bfloat16,286720
mul_205,"torch.Size([1, 35, 4096])",torch.bfloat16,286720
t_371,"torch.Size([4096, 14336])",torch.bfloat16,117440512
view_1008,"torch.Size([35, 4096])",torch.bfloat16,286720
mm_290,"torch.Size([35, 14336])",torch.bfloat16,1003520
view_1009,"torch.Size([1, 35, 14336])",torch.bfloat16,1003520
silu_18,"torch.Size([1, 35, 14336])",torch.bfloat16,1003520
t_372,"torch.Size([4096, 14336])",torch.bfloat16,117440512
view_1010,"torch.Size([35, 4096])",torch.bfloat16,286720
mm_291,"torch.Size([35, 14336])",torch.bfloat16,1003520
view_1011,"torch.Size([1, 35, 14336])",torch.bfloat16,1003520
mul_206,"torch.Size([1, 35, 14336])",torch.bfloat16,1003520
t_373,"torch.Size([14336, 4096])",torch.bfloat16,117440512
view_1012,"torch.Size([35, 14336])",torch.bfloat16,1003520
mm_292,"torch.Size([35, 4096])",torch.bfloat16,286720
view_1013,"torch.Size([1, 35, 4096])",torch.bfloat16,286720
slice_323,"torch.Size([1, 1, 35, 1])",torch.bfloat16,70
select_3,"torch.Size([1, 35, 1])",torch.bfloat16,70
mul_207,"torch.Size([1, 35, 4096])",torch.bfloat16,286720
tanh_27,torch.Size([1]),torch.bfloat16,2
mul_208,"torch.Size([1, 35, 4096])",torch.bfloat16,286720
add_198,"torch.Size([1, 35, 4096])",torch.bfloat16,286720
_to_copy_100,"torch.Size([1, 35, 4096])",torch.float32,573440
pow_47,"torch.Size([1, 35, 4096])",torch.float32,573440
mean_46,"torch.Size([1, 35, 1])",torch.float32,140
add_199,"torch.Size([1, 35, 1])",torch.float32,140
rsqrt_46,"torch.Size([1, 35, 1])",torch.float32,140
mul_209,"torch.Size([1, 35, 4096])",torch.float32,573440
_to_copy_101,"torch.Size([1, 35, 4096])",torch.bfloat16,286720
mul_210,"torch.Size([1, 35, 4096])",torch.bfloat16,286720
t_374,"torch.Size([4096, 4096])",torch.bfloat16,33554432
view_1014,"torch.Size([35, 4096])",torch.bfloat16,286720
mm_293,"torch.Size([35, 4096])",torch.bfloat16,286720
view_1015,"torch.Size([1, 35, 4096])",torch.bfloat16,286720
t_375,"torch.Size([4096, 1024])",torch.bfloat16,8388608
view_1016,"torch.Size([35, 4096])",torch.bfloat16,286720
mm_294,"torch.Size([35, 1024])",torch.bfloat16,71680
view_1017,"torch.Size([1, 35, 1024])",torch.bfloat16,71680
t_376,"torch.Size([4096, 1024])",torch.bfloat16,8388608
view_1018,"torch.Size([35, 4096])",torch.bfloat16,286720
mm_295,"torch.Size([35, 1024])",torch.bfloat16,71680
view_1019,"torch.Size([1, 35, 1024])",torch.bfloat16,71680
view_1020,"torch.Size([1, 35, 32, 128])",torch.bfloat16,286720
transpose_239,"torch.Size([1, 32, 35, 128])",torch.bfloat16,286720
view_1021,"torch.Size([1, 35, 8, 128])",torch.bfloat16,71680
transpose_240,"torch.Size([1, 8, 35, 128])",torch.bfloat16,71680
view_1022,"torch.Size([1, 35, 8, 128])",torch.bfloat16,71680
transpose_241,"torch.Size([1, 8, 35, 128])",torch.bfloat16,71680
unsqueeze_81,"torch.Size([1, 1, 35, 128])",torch.bfloat16,8960
unsqueeze_82,"torch.Size([1, 1, 35, 128])",torch.bfloat16,8960
mul_211,"torch.Size([1, 32, 35, 128])",torch.bfloat16,286720
slice_324,"torch.Size([1, 32, 35, 64])",torch.bfloat16,143360
slice_325,"torch.Size([1, 32, 35, 64])",torch.bfloat16,143360
neg_30,"torch.Size([1, 32, 35, 64])",torch.bfloat16,143360
cat_33,"torch.Size([1, 32, 35, 128])",torch.bfloat16,286720
mul_212,"torch.Size([1, 32, 35, 128])",torch.bfloat16,286720
add_200,"torch.Size([1, 32, 35, 128])",torch.bfloat16,286720
mul_213,"torch.Size([1, 8, 35, 128])",torch.bfloat16,71680
slice_326,"torch.Size([1, 8, 35, 64])",torch.bfloat16,35840
slice_327,"torch.Size([1, 8, 35, 64])",torch.bfloat16,35840
neg_31,"torch.Size([1, 8, 35, 64])",torch.bfloat16,35840
cat_34,"torch.Size([1, 8, 35, 128])",torch.bfloat16,71680
mul_214,"torch.Size([1, 8, 35, 128])",torch.bfloat16,71680
add_201,"torch.Size([1, 8, 35, 128])",torch.bfloat16,71680
slice_328,"torch.Size([1, 8, 35, 128])",torch.bfloat16,71680
slice_329,"torch.Size([1, 8, 35, 128])",torch.bfloat16,71680
unsqueeze_83,"torch.Size([1, 8, 1, 35, 128])",torch.bfloat16,71680
slice_330,"torch.Size([1, 8, 1, 35, 128])",torch.bfloat16,71680
slice_331,"torch.Size([1, 8, 1, 35, 128])",torch.bfloat16,71680
expand_106,"torch.Size([1, 8, 4, 35, 128])",torch.bfloat16,286720
clone_59,"torch.Size([1, 8, 4, 35, 128])",torch.bfloat16,286720
_unsafe_view_38,"torch.Size([1, 32, 35, 128])",torch.bfloat16,286720
slice_332,"torch.Size([1, 8, 35, 128])",torch.bfloat16,71680
slice_333,"torch.Size([1, 8, 35, 128])",torch.bfloat16,71680
unsqueeze_84,"torch.Size([1, 8, 1, 35, 128])",torch.bfloat16,71680
slice_334,"torch.Size([1, 8, 1, 35, 128])",torch.bfloat16,71680
slice_335,"torch.Size([1, 8, 1, 35, 128])",torch.bfloat16,71680
expand_107,"torch.Size([1, 8, 4, 35, 128])",torch.bfloat16,286720
clone_60,"torch.Size([1, 8, 4, 35, 128])",torch.bfloat16,286720
_unsafe_view_39,"torch.Size([1, 32, 35, 128])",torch.bfloat16,286720
slice_336,"torch.Size([1, 1, 35, 35])",torch.bfloat16,2450
slice_337,"torch.Size([1, 1, 35, 35])",torch.bfloat16,2450
slice_338,"torch.Size([1, 1, 35, 35])",torch.bfloat16,2450
clone_61,"torch.Size([1, 32, 35, 128])",torch.bfloat16,286720
constant_pad_nd_20,"torch.Size([1, 1, 35, 40])",torch.bfloat16,2800
slice_339,"torch.Size([1, 1, 35, 35])",torch.bfloat16,2450
expand_108,"torch.Size([1, 32, 35, 35])",torch.bfloat16,78400
getitem_482,"torch.Size([1, 32, 35, 128])",torch.bfloat16,286720
transpose_242,"torch.Size([1, 35, 32, 128])",torch.bfloat16,286720
view_1023,"torch.Size([1, 35, 4096])",torch.bfloat16,286720
t_377,"torch.Size([4096, 4096])",torch.bfloat16,33554432
view_1024,"torch.Size([35, 4096])",torch.bfloat16,286720
mm_296,"torch.Size([35, 4096])",torch.bfloat16,286720
view_1025,"torch.Size([1, 35, 4096])",torch.bfloat16,286720
add_202,"torch.Size([1, 35, 4096])",torch.bfloat16,286720
_to_copy_102,"torch.Size([1, 35, 4096])",torch.float32,573440
pow_48,"torch.Size([1, 35, 4096])",torch.float32,573440
mean_47,"torch.Size([1, 35, 1])",torch.float32,140
add_203,"torch.Size([1, 35, 1])",torch.float32,140
rsqrt_47,"torch.Size([1, 35, 1])",torch.float32,140
mul_215,"torch.Size([1, 35, 4096])",torch.float32,573440
_to_copy_103,"torch.Size([1, 35, 4096])",torch.bfloat16,286720
mul_216,"torch.Size([1, 35, 4096])",torch.bfloat16,286720
t_378,"torch.Size([4096, 14336])",torch.bfloat16,117440512
view_1026,"torch.Size([35, 4096])",torch.bfloat16,286720
mm_297,"torch.Size([35, 14336])",torch.bfloat16,1003520
view_1027,"torch.Size([1, 35, 14336])",torch.bfloat16,1003520
silu_19,"torch.Size([1, 35, 14336])",torch.bfloat16,1003520
t_379,"torch.Size([4096, 14336])",torch.bfloat16,117440512
view_1028,"torch.Size([35, 4096])",torch.bfloat16,286720
mm_298,"torch.Size([35, 14336])",torch.bfloat16,1003520
view_1029,"torch.Size([1, 35, 14336])",torch.bfloat16,1003520
mul_217,"torch.Size([1, 35, 14336])",torch.bfloat16,1003520
t_380,"torch.Size([14336, 4096])",torch.bfloat16,117440512
view_1030,"torch.Size([35, 14336])",torch.bfloat16,1003520
mm_299,"torch.Size([35, 4096])",torch.bfloat16,286720
view_1031,"torch.Size([1, 35, 4096])",torch.bfloat16,286720
add_204,"torch.Size([1, 35, 4096])",torch.bfloat16,286720
_to_copy_104,"torch.Size([1, 35, 4096])",torch.float32,573440
pow_49,"torch.Size([1, 35, 4096])",torch.float32,573440
mean_48,"torch.Size([1, 35, 1])",torch.float32,140
add_205,"torch.Size([1, 35, 1])",torch.float32,140
rsqrt_48,"torch.Size([1, 35, 1])",torch.float32,140
mul_218,"torch.Size([1, 35, 4096])",torch.float32,573440
_to_copy_105,"torch.Size([1, 35, 4096])",torch.bfloat16,286720
mul_219,"torch.Size([1, 35, 4096])",torch.bfloat16,286720
t_381,"torch.Size([4096, 4096])",torch.bfloat16,33554432
view_1032,"torch.Size([35, 4096])",torch.bfloat16,286720
mm_300,"torch.Size([35, 4096])",torch.bfloat16,286720
view_1033,"torch.Size([1, 35, 4096])",torch.bfloat16,286720
t_382,"torch.Size([4096, 1024])",torch.bfloat16,8388608
view_1034,"torch.Size([35, 4096])",torch.bfloat16,286720
mm_301,"torch.Size([35, 1024])",torch.bfloat16,71680
view_1035,"torch.Size([1, 35, 1024])",torch.bfloat16,71680
t_383,"torch.Size([4096, 1024])",torch.bfloat16,8388608
view_1036,"torch.Size([35, 4096])",torch.bfloat16,286720
mm_302,"torch.Size([35, 1024])",torch.bfloat16,71680
view_1037,"torch.Size([1, 35, 1024])",torch.bfloat16,71680
view_1038,"torch.Size([1, 35, 32, 128])",torch.bfloat16,286720
transpose_243,"torch.Size([1, 32, 35, 128])",torch.bfloat16,286720
view_1039,"torch.Size([1, 35, 8, 128])",torch.bfloat16,71680
transpose_244,"torch.Size([1, 8, 35, 128])",torch.bfloat16,71680
view_1040,"torch.Size([1, 35, 8, 128])",torch.bfloat16,71680
transpose_245,"torch.Size([1, 8, 35, 128])",torch.bfloat16,71680
unsqueeze_85,"torch.Size([1, 1, 35, 128])",torch.bfloat16,8960
unsqueeze_86,"torch.Size([1, 1, 35, 128])",torch.bfloat16,8960
mul_220,"torch.Size([1, 32, 35, 128])",torch.bfloat16,286720
slice_340,"torch.Size([1, 32, 35, 64])",torch.bfloat16,143360
slice_341,"torch.Size([1, 32, 35, 64])",torch.bfloat16,143360
neg_32,"torch.Size([1, 32, 35, 64])",torch.bfloat16,143360
cat_35,"torch.Size([1, 32, 35, 128])",torch.bfloat16,286720
mul_221,"torch.Size([1, 32, 35, 128])",torch.bfloat16,286720
add_206,"torch.Size([1, 32, 35, 128])",torch.bfloat16,286720
mul_222,"torch.Size([1, 8, 35, 128])",torch.bfloat16,71680
slice_342,"torch.Size([1, 8, 35, 64])",torch.bfloat16,35840
slice_343,"torch.Size([1, 8, 35, 64])",torch.bfloat16,35840
neg_33,"torch.Size([1, 8, 35, 64])",torch.bfloat16,35840
cat_36,"torch.Size([1, 8, 35, 128])",torch.bfloat16,71680
mul_223,"torch.Size([1, 8, 35, 128])",torch.bfloat16,71680
add_207,"torch.Size([1, 8, 35, 128])",torch.bfloat16,71680
slice_344,"torch.Size([1, 8, 35, 128])",torch.bfloat16,71680
slice_345,"torch.Size([1, 8, 35, 128])",torch.bfloat16,71680
unsqueeze_87,"torch.Size([1, 8, 1, 35, 128])",torch.bfloat16,71680
slice_346,"torch.Size([1, 8, 1, 35, 128])",torch.bfloat16,71680
slice_347,"torch.Size([1, 8, 1, 35, 128])",torch.bfloat16,71680
expand_109,"torch.Size([1, 8, 4, 35, 128])",torch.bfloat16,286720
clone_62,"torch.Size([1, 8, 4, 35, 128])",torch.bfloat16,286720
_unsafe_view_40,"torch.Size([1, 32, 35, 128])",torch.bfloat16,286720
slice_348,"torch.Size([1, 8, 35, 128])",torch.bfloat16,71680
slice_349,"torch.Size([1, 8, 35, 128])",torch.bfloat16,71680
unsqueeze_88,"torch.Size([1, 8, 1, 35, 128])",torch.bfloat16,71680
slice_350,"torch.Size([1, 8, 1, 35, 128])",torch.bfloat16,71680
slice_351,"torch.Size([1, 8, 1, 35, 128])",torch.bfloat16,71680
expand_110,"torch.Size([1, 8, 4, 35, 128])",torch.bfloat16,286720
clone_63,"torch.Size([1, 8, 4, 35, 128])",torch.bfloat16,286720
_unsafe_view_41,"torch.Size([1, 32, 35, 128])",torch.bfloat16,286720
slice_352,"torch.Size([1, 1, 35, 35])",torch.bfloat16,2450
slice_353,"torch.Size([1, 1, 35, 35])",torch.bfloat16,2450
slice_354,"torch.Size([1, 1, 35, 35])",torch.bfloat16,2450
clone_64,"torch.Size([1, 32, 35, 128])",torch.bfloat16,286720
constant_pad_nd_21,"torch.Size([1, 1, 35, 40])",torch.bfloat16,2800
slice_355,"torch.Size([1, 1, 35, 35])",torch.bfloat16,2450
expand_111,"torch.Size([1, 32, 35, 35])",torch.bfloat16,78400
getitem_486,"torch.Size([1, 32, 35, 128])",torch.bfloat16,286720
transpose_246,"torch.Size([1, 35, 32, 128])",torch.bfloat16,286720
view_1041,"torch.Size([1, 35, 4096])",torch.bfloat16,286720
t_384,"torch.Size([4096, 4096])",torch.bfloat16,33554432
view_1042,"torch.Size([35, 4096])",torch.bfloat16,286720
mm_303,"torch.Size([35, 4096])",torch.bfloat16,286720
view_1043,"torch.Size([1, 35, 4096])",torch.bfloat16,286720
add_208,"torch.Size([1, 35, 4096])",torch.bfloat16,286720
_to_copy_106,"torch.Size([1, 35, 4096])",torch.float32,573440
pow_50,"torch.Size([1, 35, 4096])",torch.float32,573440
mean_49,"torch.Size([1, 35, 1])",torch.float32,140
add_209,"torch.Size([1, 35, 1])",torch.float32,140
rsqrt_49,"torch.Size([1, 35, 1])",torch.float32,140
mul_224,"torch.Size([1, 35, 4096])",torch.float32,573440
_to_copy_107,"torch.Size([1, 35, 4096])",torch.bfloat16,286720
mul_225,"torch.Size([1, 35, 4096])",torch.bfloat16,286720
t_385,"torch.Size([4096, 14336])",torch.bfloat16,117440512
view_1044,"torch.Size([35, 4096])",torch.bfloat16,286720
mm_304,"torch.Size([35, 14336])",torch.bfloat16,1003520
view_1045,"torch.Size([1, 35, 14336])",torch.bfloat16,1003520
silu_20,"torch.Size([1, 35, 14336])",torch.bfloat16,1003520
t_386,"torch.Size([4096, 14336])",torch.bfloat16,117440512
view_1046,"torch.Size([35, 4096])",torch.bfloat16,286720
mm_305,"torch.Size([35, 14336])",torch.bfloat16,1003520
view_1047,"torch.Size([1, 35, 14336])",torch.bfloat16,1003520
mul_226,"torch.Size([1, 35, 14336])",torch.bfloat16,1003520
t_387,"torch.Size([14336, 4096])",torch.bfloat16,117440512
view_1048,"torch.Size([35, 14336])",torch.bfloat16,1003520
mm_306,"torch.Size([35, 4096])",torch.bfloat16,286720
view_1049,"torch.Size([1, 35, 4096])",torch.bfloat16,286720
add_210,"torch.Size([1, 35, 4096])",torch.bfloat16,286720
_to_copy_108,"torch.Size([1, 35, 4096])",torch.float32,573440
pow_51,"torch.Size([1, 35, 4096])",torch.float32,573440
mean_50,"torch.Size([1, 35, 1])",torch.float32,140
add_211,"torch.Size([1, 35, 1])",torch.float32,140
rsqrt_50,"torch.Size([1, 35, 1])",torch.float32,140
mul_227,"torch.Size([1, 35, 4096])",torch.float32,573440
_to_copy_109,"torch.Size([1, 35, 4096])",torch.bfloat16,286720
mul_228,"torch.Size([1, 35, 4096])",torch.bfloat16,286720
t_388,"torch.Size([4096, 4096])",torch.bfloat16,33554432
view_1050,"torch.Size([35, 4096])",torch.bfloat16,286720
mm_307,"torch.Size([35, 4096])",torch.bfloat16,286720
view_1051,"torch.Size([1, 35, 4096])",torch.bfloat16,286720
t_389,"torch.Size([4096, 1024])",torch.bfloat16,8388608
view_1052,"torch.Size([35, 4096])",torch.bfloat16,286720
mm_308,"torch.Size([35, 1024])",torch.bfloat16,71680
view_1053,"torch.Size([1, 35, 1024])",torch.bfloat16,71680
t_390,"torch.Size([4096, 1024])",torch.bfloat16,8388608
view_1054,"torch.Size([35, 4096])",torch.bfloat16,286720
mm_309,"torch.Size([35, 1024])",torch.bfloat16,71680
view_1055,"torch.Size([1, 35, 1024])",torch.bfloat16,71680
view_1056,"torch.Size([1, 35, 32, 128])",torch.bfloat16,286720
transpose_247,"torch.Size([1, 32, 35, 128])",torch.bfloat16,286720
view_1057,"torch.Size([1, 35, 8, 128])",torch.bfloat16,71680
transpose_248,"torch.Size([1, 8, 35, 128])",torch.bfloat16,71680
view_1058,"torch.Size([1, 35, 8, 128])",torch.bfloat16,71680
transpose_249,"torch.Size([1, 8, 35, 128])",torch.bfloat16,71680
unsqueeze_89,"torch.Size([1, 1, 35, 128])",torch.bfloat16,8960
unsqueeze_90,"torch.Size([1, 1, 35, 128])",torch.bfloat16,8960
mul_229,"torch.Size([1, 32, 35, 128])",torch.bfloat16,286720
slice_356,"torch.Size([1, 32, 35, 64])",torch.bfloat16,143360
slice_357,"torch.Size([1, 32, 35, 64])",torch.bfloat16,143360
neg_34,"torch.Size([1, 32, 35, 64])",torch.bfloat16,143360
cat_37,"torch.Size([1, 32, 35, 128])",torch.bfloat16,286720
mul_230,"torch.Size([1, 32, 35, 128])",torch.bfloat16,286720
add_212,"torch.Size([1, 32, 35, 128])",torch.bfloat16,286720
mul_231,"torch.Size([1, 8, 35, 128])",torch.bfloat16,71680
slice_358,"torch.Size([1, 8, 35, 64])",torch.bfloat16,35840
slice_359,"torch.Size([1, 8, 35, 64])",torch.bfloat16,35840
neg_35,"torch.Size([1, 8, 35, 64])",torch.bfloat16,35840
cat_38,"torch.Size([1, 8, 35, 128])",torch.bfloat16,71680
mul_232,"torch.Size([1, 8, 35, 128])",torch.bfloat16,71680
add_213,"torch.Size([1, 8, 35, 128])",torch.bfloat16,71680
slice_360,"torch.Size([1, 8, 35, 128])",torch.bfloat16,71680
slice_361,"torch.Size([1, 8, 35, 128])",torch.bfloat16,71680
unsqueeze_91,"torch.Size([1, 8, 1, 35, 128])",torch.bfloat16,71680
slice_362,"torch.Size([1, 8, 1, 35, 128])",torch.bfloat16,71680
slice_363,"torch.Size([1, 8, 1, 35, 128])",torch.bfloat16,71680
expand_112,"torch.Size([1, 8, 4, 35, 128])",torch.bfloat16,286720
clone_65,"torch.Size([1, 8, 4, 35, 128])",torch.bfloat16,286720
_unsafe_view_42,"torch.Size([1, 32, 35, 128])",torch.bfloat16,286720
slice_364,"torch.Size([1, 8, 35, 128])",torch.bfloat16,71680
slice_365,"torch.Size([1, 8, 35, 128])",torch.bfloat16,71680
unsqueeze_92,"torch.Size([1, 8, 1, 35, 128])",torch.bfloat16,71680
slice_366,"torch.Size([1, 8, 1, 35, 128])",torch.bfloat16,71680
slice_367,"torch.Size([1, 8, 1, 35, 128])",torch.bfloat16,71680
expand_113,"torch.Size([1, 8, 4, 35, 128])",torch.bfloat16,286720
clone_66,"torch.Size([1, 8, 4, 35, 128])",torch.bfloat16,286720
_unsafe_view_43,"torch.Size([1, 32, 35, 128])",torch.bfloat16,286720
slice_368,"torch.Size([1, 1, 35, 35])",torch.bfloat16,2450
slice_369,"torch.Size([1, 1, 35, 35])",torch.bfloat16,2450
slice_370,"torch.Size([1, 1, 35, 35])",torch.bfloat16,2450
clone_67,"torch.Size([1, 32, 35, 128])",torch.bfloat16,286720
constant_pad_nd_22,"torch.Size([1, 1, 35, 40])",torch.bfloat16,2800
slice_371,"torch.Size([1, 1, 35, 35])",torch.bfloat16,2450
expand_114,"torch.Size([1, 32, 35, 35])",torch.bfloat16,78400
getitem_490,"torch.Size([1, 32, 35, 128])",torch.bfloat16,286720
transpose_250,"torch.Size([1, 35, 32, 128])",torch.bfloat16,286720
view_1059,"torch.Size([1, 35, 4096])",torch.bfloat16,286720
t_391,"torch.Size([4096, 4096])",torch.bfloat16,33554432
view_1060,"torch.Size([35, 4096])",torch.bfloat16,286720
mm_310,"torch.Size([35, 4096])",torch.bfloat16,286720
view_1061,"torch.Size([1, 35, 4096])",torch.bfloat16,286720
add_214,"torch.Size([1, 35, 4096])",torch.bfloat16,286720
_to_copy_110,"torch.Size([1, 35, 4096])",torch.float32,573440
pow_52,"torch.Size([1, 35, 4096])",torch.float32,573440
mean_51,"torch.Size([1, 35, 1])",torch.float32,140
add_215,"torch.Size([1, 35, 1])",torch.float32,140
rsqrt_51,"torch.Size([1, 35, 1])",torch.float32,140
mul_233,"torch.Size([1, 35, 4096])",torch.float32,573440
_to_copy_111,"torch.Size([1, 35, 4096])",torch.bfloat16,286720
mul_234,"torch.Size([1, 35, 4096])",torch.bfloat16,286720
t_392,"torch.Size([4096, 14336])",torch.bfloat16,117440512
view_1062,"torch.Size([35, 4096])",torch.bfloat16,286720
mm_311,"torch.Size([35, 14336])",torch.bfloat16,1003520
view_1063,"torch.Size([1, 35, 14336])",torch.bfloat16,1003520
silu_21,"torch.Size([1, 35, 14336])",torch.bfloat16,1003520
t_393,"torch.Size([4096, 14336])",torch.bfloat16,117440512
view_1064,"torch.Size([35, 4096])",torch.bfloat16,286720
mm_312,"torch.Size([35, 14336])",torch.bfloat16,1003520
view_1065,"torch.Size([1, 35, 14336])",torch.bfloat16,1003520
mul_235,"torch.Size([1, 35, 14336])",torch.bfloat16,1003520
t_394,"torch.Size([14336, 4096])",torch.bfloat16,117440512
view_1066,"torch.Size([35, 14336])",torch.bfloat16,1003520
mm_313,"torch.Size([35, 4096])",torch.bfloat16,286720
view_1067,"torch.Size([1, 35, 4096])",torch.bfloat16,286720
add_216,"torch.Size([1, 35, 4096])",torch.bfloat16,286720
_to_copy_112,"torch.Size([1, 35, 4096])",torch.float32,573440
pow_53,"torch.Size([1, 35, 4096])",torch.float32,573440
mean_52,"torch.Size([1, 35, 1])",torch.float32,140
add_217,"torch.Size([1, 35, 1])",torch.float32,140
rsqrt_52,"torch.Size([1, 35, 1])",torch.float32,140
mul_236,"torch.Size([1, 35, 4096])",torch.float32,573440
_to_copy_113,"torch.Size([1, 35, 4096])",torch.bfloat16,286720
mul_237,"torch.Size([1, 35, 4096])",torch.bfloat16,286720
t_395,"torch.Size([4096, 4096])",torch.bfloat16,33554432
view_1068,"torch.Size([35, 4096])",torch.bfloat16,286720
mm_314,"torch.Size([35, 4096])",torch.bfloat16,286720
view_1069,"torch.Size([1, 35, 4096])",torch.bfloat16,286720
t_396,"torch.Size([4096, 1024])",torch.bfloat16,8388608
view_1070,"torch.Size([35, 4096])",torch.bfloat16,286720
mm_315,"torch.Size([35, 1024])",torch.bfloat16,71680
view_1071,"torch.Size([1, 35, 1024])",torch.bfloat16,71680
t_397,"torch.Size([4096, 1024])",torch.bfloat16,8388608
view_1072,"torch.Size([35, 4096])",torch.bfloat16,286720
mm_316,"torch.Size([35, 1024])",torch.bfloat16,71680
view_1073,"torch.Size([1, 35, 1024])",torch.bfloat16,71680
view_1074,"torch.Size([1, 35, 32, 128])",torch.bfloat16,286720
transpose_251,"torch.Size([1, 32, 35, 128])",torch.bfloat16,286720
view_1075,"torch.Size([1, 35, 8, 128])",torch.bfloat16,71680
transpose_252,"torch.Size([1, 8, 35, 128])",torch.bfloat16,71680
view_1076,"torch.Size([1, 35, 8, 128])",torch.bfloat16,71680
transpose_253,"torch.Size([1, 8, 35, 128])",torch.bfloat16,71680
unsqueeze_93,"torch.Size([1, 1, 35, 128])",torch.bfloat16,8960
unsqueeze_94,"torch.Size([1, 1, 35, 128])",torch.bfloat16,8960
mul_238,"torch.Size([1, 32, 35, 128])",torch.bfloat16,286720
slice_372,"torch.Size([1, 32, 35, 64])",torch.bfloat16,143360
slice_373,"torch.Size([1, 32, 35, 64])",torch.bfloat16,143360
neg_36,"torch.Size([1, 32, 35, 64])",torch.bfloat16,143360
cat_39,"torch.Size([1, 32, 35, 128])",torch.bfloat16,286720
mul_239,"torch.Size([1, 32, 35, 128])",torch.bfloat16,286720
add_218,"torch.Size([1, 32, 35, 128])",torch.bfloat16,286720
mul_240,"torch.Size([1, 8, 35, 128])",torch.bfloat16,71680
slice_374,"torch.Size([1, 8, 35, 64])",torch.bfloat16,35840
slice_375,"torch.Size([1, 8, 35, 64])",torch.bfloat16,35840
neg_37,"torch.Size([1, 8, 35, 64])",torch.bfloat16,35840
cat_40,"torch.Size([1, 8, 35, 128])",torch.bfloat16,71680
mul_241,"torch.Size([1, 8, 35, 128])",torch.bfloat16,71680
add_219,"torch.Size([1, 8, 35, 128])",torch.bfloat16,71680
slice_376,"torch.Size([1, 8, 35, 128])",torch.bfloat16,71680
slice_377,"torch.Size([1, 8, 35, 128])",torch.bfloat16,71680
unsqueeze_95,"torch.Size([1, 8, 1, 35, 128])",torch.bfloat16,71680
slice_378,"torch.Size([1, 8, 1, 35, 128])",torch.bfloat16,71680
slice_379,"torch.Size([1, 8, 1, 35, 128])",torch.bfloat16,71680
expand_115,"torch.Size([1, 8, 4, 35, 128])",torch.bfloat16,286720
clone_68,"torch.Size([1, 8, 4, 35, 128])",torch.bfloat16,286720
_unsafe_view_44,"torch.Size([1, 32, 35, 128])",torch.bfloat16,286720
slice_380,"torch.Size([1, 8, 35, 128])",torch.bfloat16,71680
slice_381,"torch.Size([1, 8, 35, 128])",torch.bfloat16,71680
unsqueeze_96,"torch.Size([1, 8, 1, 35, 128])",torch.bfloat16,71680
slice_382,"torch.Size([1, 8, 1, 35, 128])",torch.bfloat16,71680
slice_383,"torch.Size([1, 8, 1, 35, 128])",torch.bfloat16,71680
expand_116,"torch.Size([1, 8, 4, 35, 128])",torch.bfloat16,286720
clone_69,"torch.Size([1, 8, 4, 35, 128])",torch.bfloat16,286720
_unsafe_view_45,"torch.Size([1, 32, 35, 128])",torch.bfloat16,286720
slice_384,"torch.Size([1, 1, 35, 35])",torch.bfloat16,2450
slice_385,"torch.Size([1, 1, 35, 35])",torch.bfloat16,2450
slice_386,"torch.Size([1, 1, 35, 35])",torch.bfloat16,2450
clone_70,"torch.Size([1, 32, 35, 128])",torch.bfloat16,286720
constant_pad_nd_23,"torch.Size([1, 1, 35, 40])",torch.bfloat16,2800
slice_387,"torch.Size([1, 1, 35, 35])",torch.bfloat16,2450
expand_117,"torch.Size([1, 32, 35, 35])",torch.bfloat16,78400
getitem_494,"torch.Size([1, 32, 35, 128])",torch.bfloat16,286720
transpose_254,"torch.Size([1, 35, 32, 128])",torch.bfloat16,286720
view_1077,"torch.Size([1, 35, 4096])",torch.bfloat16,286720
t_398,"torch.Size([4096, 4096])",torch.bfloat16,33554432
view_1078,"torch.Size([35, 4096])",torch.bfloat16,286720
mm_317,"torch.Size([35, 4096])",torch.bfloat16,286720
view_1079,"torch.Size([1, 35, 4096])",torch.bfloat16,286720
add_220,"torch.Size([1, 35, 4096])",torch.bfloat16,286720
_to_copy_114,"torch.Size([1, 35, 4096])",torch.float32,573440
pow_54,"torch.Size([1, 35, 4096])",torch.float32,573440
mean_53,"torch.Size([1, 35, 1])",torch.float32,140
add_221,"torch.Size([1, 35, 1])",torch.float32,140
rsqrt_53,"torch.Size([1, 35, 1])",torch.float32,140
mul_242,"torch.Size([1, 35, 4096])",torch.float32,573440
_to_copy_115,"torch.Size([1, 35, 4096])",torch.bfloat16,286720
mul_243,"torch.Size([1, 35, 4096])",torch.bfloat16,286720
t_399,"torch.Size([4096, 14336])",torch.bfloat16,117440512
view_1080,"torch.Size([35, 4096])",torch.bfloat16,286720
mm_318,"torch.Size([35, 14336])",torch.bfloat16,1003520
view_1081,"torch.Size([1, 35, 14336])",torch.bfloat16,1003520
silu_22,"torch.Size([1, 35, 14336])",torch.bfloat16,1003520
t_400,"torch.Size([4096, 14336])",torch.bfloat16,117440512
view_1082,"torch.Size([35, 4096])",torch.bfloat16,286720
mm_319,"torch.Size([35, 14336])",torch.bfloat16,1003520
view_1083,"torch.Size([1, 35, 14336])",torch.bfloat16,1003520
mul_244,"torch.Size([1, 35, 14336])",torch.bfloat16,1003520
t_401,"torch.Size([14336, 4096])",torch.bfloat16,117440512
view_1084,"torch.Size([35, 14336])",torch.bfloat16,1003520
mm_320,"torch.Size([35, 4096])",torch.bfloat16,286720
view_1085,"torch.Size([1, 35, 4096])",torch.bfloat16,286720
add_222,"torch.Size([1, 35, 4096])",torch.bfloat16,286720
_to_copy_116,"torch.Size([1, 35, 4096])",torch.float32,573440
pow_55,"torch.Size([1, 35, 4096])",torch.float32,573440
mean_54,"torch.Size([1, 35, 1])",torch.float32,140
add_223,"torch.Size([1, 35, 1])",torch.float32,140
rsqrt_54,"torch.Size([1, 35, 1])",torch.float32,140
mul_245,"torch.Size([1, 35, 4096])",torch.float32,573440
_to_copy_117,"torch.Size([1, 35, 4096])",torch.bfloat16,286720
mul_246,"torch.Size([1, 35, 4096])",torch.bfloat16,286720
t_402,"torch.Size([4096, 4096])",torch.bfloat16,33554432
view_1086,"torch.Size([35, 4096])",torch.bfloat16,286720
mm_321,"torch.Size([35, 4096])",torch.bfloat16,286720
view_1087,"torch.Size([1, 35, 4096])",torch.bfloat16,286720
view_1088,"torch.Size([1, 35, 32, 128])",torch.bfloat16,286720
transpose_255,"torch.Size([1, 32, 35, 128])",torch.bfloat16,286720
_to_copy_118,"torch.Size([1, 32, 35, 128])",torch.float32,573440
pow_56,"torch.Size([1, 32, 35, 128])",torch.float32,573440
mean_55,"torch.Size([1, 32, 35, 1])",torch.float32,4480
add_224,"torch.Size([1, 32, 35, 1])",torch.float32,4480
rsqrt_55,"torch.Size([1, 32, 35, 1])",torch.float32,4480
mul_247,"torch.Size([1, 32, 35, 128])",torch.float32,573440
_to_copy_119,"torch.Size([1, 32, 35, 128])",torch.bfloat16,286720
mul_248,"torch.Size([1, 32, 35, 128])",torch.bfloat16,286720
t_403,"torch.Size([4096, 1024])",torch.bfloat16,8388608
view_1089,"torch.Size([6404, 4096])",torch.bfloat16,52461568
mm_322,"torch.Size([6404, 1024])",torch.bfloat16,13115392
view_1090,"torch.Size([4, 1601, 1024])",torch.bfloat16,13115392
t_404,"torch.Size([4096, 1024])",torch.bfloat16,8388608
view_1091,"torch.Size([6404, 4096])",torch.bfloat16,52461568
mm_323,"torch.Size([6404, 1024])",torch.bfloat16,13115392
view_1092,"torch.Size([4, 1601, 1024])",torch.bfloat16,13115392
view_1093,"torch.Size([1, 6404, 8, 128])",torch.bfloat16,13115392
transpose_256,"torch.Size([1, 8, 6404, 128])",torch.bfloat16,13115392
view_1094,"torch.Size([1, 6404, 8, 128])",torch.bfloat16,13115392
transpose_257,"torch.Size([1, 8, 6404, 128])",torch.bfloat16,13115392
slice_388,"torch.Size([1, 8, 6404, 128])",torch.bfloat16,13115392
slice_389,"torch.Size([1, 8, 6404, 128])",torch.bfloat16,13115392
unsqueeze_97,"torch.Size([1, 8, 1, 6404, 128])",torch.bfloat16,13115392
slice_390,"torch.Size([1, 8, 1, 6404, 128])",torch.bfloat16,13115392
slice_391,"torch.Size([1, 8, 1, 6404, 128])",torch.bfloat16,13115392
expand_118,"torch.Size([1, 8, 4, 6404, 128])",torch.bfloat16,52461568
clone_71,"torch.Size([1, 8, 4, 6404, 128])",torch.bfloat16,52461568
_unsafe_view_46,"torch.Size([1, 32, 6404, 128])",torch.bfloat16,52461568
slice_392,"torch.Size([1, 8, 6404, 128])",torch.bfloat16,13115392
slice_393,"torch.Size([1, 8, 6404, 128])",torch.bfloat16,13115392
unsqueeze_98,"torch.Size([1, 8, 1, 6404, 128])",torch.bfloat16,13115392
slice_394,"torch.Size([1, 8, 1, 6404, 128])",torch.bfloat16,13115392
slice_395,"torch.Size([1, 8, 1, 6404, 128])",torch.bfloat16,13115392
expand_119,"torch.Size([1, 8, 4, 6404, 128])",torch.bfloat16,52461568
clone_72,"torch.Size([1, 8, 4, 6404, 128])",torch.bfloat16,52461568
_unsafe_view_47,"torch.Size([1, 32, 6404, 128])",torch.bfloat16,52461568
_to_copy_120,"torch.Size([1, 32, 6404, 128])",torch.float32,104923136
pow_57,"torch.Size([1, 32, 6404, 128])",torch.float32,104923136
mean_56,"torch.Size([1, 32, 6404, 1])",torch.float32,819712
add_225,"torch.Size([1, 32, 6404, 1])",torch.float32,819712
rsqrt_56,"torch.Size([1, 32, 6404, 1])",torch.float32,819712
mul_249,"torch.Size([1, 32, 6404, 128])",torch.float32,104923136
_to_copy_121,"torch.Size([1, 32, 6404, 128])",torch.bfloat16,52461568
mul_250,"torch.Size([1, 32, 6404, 128])",torch.bfloat16,52461568
clone_73,"torch.Size([1, 32, 35, 128])",torch.bfloat16,286720
constant_pad_nd_24,"torch.Size([1, 1, 35, 6408])",torch.bfloat16,448560
slice_396,"torch.Size([1, 1, 35, 6404])",torch.bfloat16,448280
expand_120,"torch.Size([1, 32, 35, 6404])",torch.bfloat16,14344960
getitem_498,"torch.Size([1, 32, 35, 128])",torch.bfloat16,286720
transpose_258,"torch.Size([1, 35, 32, 128])",torch.bfloat16,286720
view_1095,"torch.Size([1, 35, 4096])",torch.bfloat16,286720
t_405,"torch.Size([4096, 4096])",torch.bfloat16,33554432
view_1096,"torch.Size([35, 4096])",torch.bfloat16,286720
mm_324,"torch.Size([35, 4096])",torch.bfloat16,286720
view_1097,"torch.Size([1, 35, 4096])",torch.bfloat16,286720
tanh_28,torch.Size([1]),torch.bfloat16,2
mul_251,"torch.Size([1, 35, 4096])",torch.bfloat16,286720
add_226,"torch.Size([1, 35, 4096])",torch.bfloat16,286720
_to_copy_122,"torch.Size([1, 35, 4096])",torch.float32,573440
pow_58,"torch.Size([1, 35, 4096])",torch.float32,573440
mean_57,"torch.Size([1, 35, 1])",torch.float32,140
add_227,"torch.Size([1, 35, 1])",torch.float32,140
rsqrt_57,"torch.Size([1, 35, 1])",torch.float32,140
mul_252,"torch.Size([1, 35, 4096])",torch.float32,573440
_to_copy_123,"torch.Size([1, 35, 4096])",torch.bfloat16,286720
mul_253,"torch.Size([1, 35, 4096])",torch.bfloat16,286720
t_406,"torch.Size([4096, 14336])",torch.bfloat16,117440512
view_1098,"torch.Size([35, 4096])",torch.bfloat16,286720
mm_325,"torch.Size([35, 14336])",torch.bfloat16,1003520
view_1099,"torch.Size([1, 35, 14336])",torch.bfloat16,1003520
silu_23,"torch.Size([1, 35, 14336])",torch.bfloat16,1003520
t_407,"torch.Size([4096, 14336])",torch.bfloat16,117440512
view_1100,"torch.Size([35, 4096])",torch.bfloat16,286720
mm_326,"torch.Size([35, 14336])",torch.bfloat16,1003520
view_1101,"torch.Size([1, 35, 14336])",torch.bfloat16,1003520
mul_254,"torch.Size([1, 35, 14336])",torch.bfloat16,1003520
t_408,"torch.Size([14336, 4096])",torch.bfloat16,117440512
view_1102,"torch.Size([35, 14336])",torch.bfloat16,1003520
mm_327,"torch.Size([35, 4096])",torch.bfloat16,286720
view_1103,"torch.Size([1, 35, 4096])",torch.bfloat16,286720
slice_397,"torch.Size([1, 1, 35, 1])",torch.bfloat16,70
select_4,"torch.Size([1, 35, 1])",torch.bfloat16,70
mul_255,"torch.Size([1, 35, 4096])",torch.bfloat16,286720
tanh_29,torch.Size([1]),torch.bfloat16,2
mul_256,"torch.Size([1, 35, 4096])",torch.bfloat16,286720
add_228,"torch.Size([1, 35, 4096])",torch.bfloat16,286720
_to_copy_124,"torch.Size([1, 35, 4096])",torch.float32,573440
pow_59,"torch.Size([1, 35, 4096])",torch.float32,573440
mean_58,"torch.Size([1, 35, 1])",torch.float32,140
add_229,"torch.Size([1, 35, 1])",torch.float32,140
rsqrt_58,"torch.Size([1, 35, 1])",torch.float32,140
mul_257,"torch.Size([1, 35, 4096])",torch.float32,573440
_to_copy_125,"torch.Size([1, 35, 4096])",torch.bfloat16,286720
mul_258,"torch.Size([1, 35, 4096])",torch.bfloat16,286720
t_409,"torch.Size([4096, 4096])",torch.bfloat16,33554432
view_1104,"torch.Size([35, 4096])",torch.bfloat16,286720
mm_328,"torch.Size([35, 4096])",torch.bfloat16,286720
view_1105,"torch.Size([1, 35, 4096])",torch.bfloat16,286720
t_410,"torch.Size([4096, 1024])",torch.bfloat16,8388608
view_1106,"torch.Size([35, 4096])",torch.bfloat16,286720
mm_329,"torch.Size([35, 1024])",torch.bfloat16,71680
view_1107,"torch.Size([1, 35, 1024])",torch.bfloat16,71680
t_411,"torch.Size([4096, 1024])",torch.bfloat16,8388608
view_1108,"torch.Size([35, 4096])",torch.bfloat16,286720
mm_330,"torch.Size([35, 1024])",torch.bfloat16,71680
view_1109,"torch.Size([1, 35, 1024])",torch.bfloat16,71680
view_1110,"torch.Size([1, 35, 32, 128])",torch.bfloat16,286720
transpose_259,"torch.Size([1, 32, 35, 128])",torch.bfloat16,286720
view_1111,"torch.Size([1, 35, 8, 128])",torch.bfloat16,71680
transpose_260,"torch.Size([1, 8, 35, 128])",torch.bfloat16,71680
view_1112,"torch.Size([1, 35, 8, 128])",torch.bfloat16,71680
transpose_261,"torch.Size([1, 8, 35, 128])",torch.bfloat16,71680
unsqueeze_99,"torch.Size([1, 1, 35, 128])",torch.bfloat16,8960
unsqueeze_100,"torch.Size([1, 1, 35, 128])",torch.bfloat16,8960
mul_259,"torch.Size([1, 32, 35, 128])",torch.bfloat16,286720
slice_398,"torch.Size([1, 32, 35, 64])",torch.bfloat16,143360
slice_399,"torch.Size([1, 32, 35, 64])",torch.bfloat16,143360
neg_38,"torch.Size([1, 32, 35, 64])",torch.bfloat16,143360
cat_41,"torch.Size([1, 32, 35, 128])",torch.bfloat16,286720
mul_260,"torch.Size([1, 32, 35, 128])",torch.bfloat16,286720
add_230,"torch.Size([1, 32, 35, 128])",torch.bfloat16,286720
mul_261,"torch.Size([1, 8, 35, 128])",torch.bfloat16,71680
slice_400,"torch.Size([1, 8, 35, 64])",torch.bfloat16,35840
slice_401,"torch.Size([1, 8, 35, 64])",torch.bfloat16,35840
neg_39,"torch.Size([1, 8, 35, 64])",torch.bfloat16,35840
cat_42,"torch.Size([1, 8, 35, 128])",torch.bfloat16,71680
mul_262,"torch.Size([1, 8, 35, 128])",torch.bfloat16,71680
add_231,"torch.Size([1, 8, 35, 128])",torch.bfloat16,71680
slice_402,"torch.Size([1, 8, 35, 128])",torch.bfloat16,71680
slice_403,"torch.Size([1, 8, 35, 128])",torch.bfloat16,71680
unsqueeze_101,"torch.Size([1, 8, 1, 35, 128])",torch.bfloat16,71680
slice_404,"torch.Size([1, 8, 1, 35, 128])",torch.bfloat16,71680
slice_405,"torch.Size([1, 8, 1, 35, 128])",torch.bfloat16,71680
expand_121,"torch.Size([1, 8, 4, 35, 128])",torch.bfloat16,286720
clone_74,"torch.Size([1, 8, 4, 35, 128])",torch.bfloat16,286720
_unsafe_view_48,"torch.Size([1, 32, 35, 128])",torch.bfloat16,286720
slice_406,"torch.Size([1, 8, 35, 128])",torch.bfloat16,71680
slice_407,"torch.Size([1, 8, 35, 128])",torch.bfloat16,71680
unsqueeze_102,"torch.Size([1, 8, 1, 35, 128])",torch.bfloat16,71680
slice_408,"torch.Size([1, 8, 1, 35, 128])",torch.bfloat16,71680
slice_409,"torch.Size([1, 8, 1, 35, 128])",torch.bfloat16,71680
expand_122,"torch.Size([1, 8, 4, 35, 128])",torch.bfloat16,286720
clone_75,"torch.Size([1, 8, 4, 35, 128])",torch.bfloat16,286720
_unsafe_view_49,"torch.Size([1, 32, 35, 128])",torch.bfloat16,286720
slice_410,"torch.Size([1, 1, 35, 35])",torch.bfloat16,2450
slice_411,"torch.Size([1, 1, 35, 35])",torch.bfloat16,2450
slice_412,"torch.Size([1, 1, 35, 35])",torch.bfloat16,2450
clone_76,"torch.Size([1, 32, 35, 128])",torch.bfloat16,286720
constant_pad_nd_25,"torch.Size([1, 1, 35, 40])",torch.bfloat16,2800
slice_413,"torch.Size([1, 1, 35, 35])",torch.bfloat16,2450
expand_123,"torch.Size([1, 32, 35, 35])",torch.bfloat16,78400
getitem_502,"torch.Size([1, 32, 35, 128])",torch.bfloat16,286720
transpose_262,"torch.Size([1, 35, 32, 128])",torch.bfloat16,286720
view_1113,"torch.Size([1, 35, 4096])",torch.bfloat16,286720
t_412,"torch.Size([4096, 4096])",torch.bfloat16,33554432
view_1114,"torch.Size([35, 4096])",torch.bfloat16,286720
mm_331,"torch.Size([35, 4096])",torch.bfloat16,286720
view_1115,"torch.Size([1, 35, 4096])",torch.bfloat16,286720
add_232,"torch.Size([1, 35, 4096])",torch.bfloat16,286720
_to_copy_126,"torch.Size([1, 35, 4096])",torch.float32,573440
pow_60,"torch.Size([1, 35, 4096])",torch.float32,573440
mean_59,"torch.Size([1, 35, 1])",torch.float32,140
add_233,"torch.Size([1, 35, 1])",torch.float32,140
rsqrt_59,"torch.Size([1, 35, 1])",torch.float32,140
mul_263,"torch.Size([1, 35, 4096])",torch.float32,573440
_to_copy_127,"torch.Size([1, 35, 4096])",torch.bfloat16,286720
mul_264,"torch.Size([1, 35, 4096])",torch.bfloat16,286720
t_413,"torch.Size([4096, 14336])",torch.bfloat16,117440512
view_1116,"torch.Size([35, 4096])",torch.bfloat16,286720
mm_332,"torch.Size([35, 14336])",torch.bfloat16,1003520
view_1117,"torch.Size([1, 35, 14336])",torch.bfloat16,1003520
silu_24,"torch.Size([1, 35, 14336])",torch.bfloat16,1003520
t_414,"torch.Size([4096, 14336])",torch.bfloat16,117440512
view_1118,"torch.Size([35, 4096])",torch.bfloat16,286720
mm_333,"torch.Size([35, 14336])",torch.bfloat16,1003520
view_1119,"torch.Size([1, 35, 14336])",torch.bfloat16,1003520
mul_265,"torch.Size([1, 35, 14336])",torch.bfloat16,1003520
t_415,"torch.Size([14336, 4096])",torch.bfloat16,117440512
view_1120,"torch.Size([35, 14336])",torch.bfloat16,1003520
mm_334,"torch.Size([35, 4096])",torch.bfloat16,286720
view_1121,"torch.Size([1, 35, 4096])",torch.bfloat16,286720
add_234,"torch.Size([1, 35, 4096])",torch.bfloat16,286720
_to_copy_128,"torch.Size([1, 35, 4096])",torch.float32,573440
pow_61,"torch.Size([1, 35, 4096])",torch.float32,573440
mean_60,"torch.Size([1, 35, 1])",torch.float32,140
add_235,"torch.Size([1, 35, 1])",torch.float32,140
rsqrt_60,"torch.Size([1, 35, 1])",torch.float32,140
mul_266,"torch.Size([1, 35, 4096])",torch.float32,573440
_to_copy_129,"torch.Size([1, 35, 4096])",torch.bfloat16,286720
mul_267,"torch.Size([1, 35, 4096])",torch.bfloat16,286720
t_416,"torch.Size([4096, 4096])",torch.bfloat16,33554432
view_1122,"torch.Size([35, 4096])",torch.bfloat16,286720
mm_335,"torch.Size([35, 4096])",torch.bfloat16,286720
view_1123,"torch.Size([1, 35, 4096])",torch.bfloat16,286720
t_417,"torch.Size([4096, 1024])",torch.bfloat16,8388608
view_1124,"torch.Size([35, 4096])",torch.bfloat16,286720
mm_336,"torch.Size([35, 1024])",torch.bfloat16,71680
view_1125,"torch.Size([1, 35, 1024])",torch.bfloat16,71680
t_418,"torch.Size([4096, 1024])",torch.bfloat16,8388608
view_1126,"torch.Size([35, 4096])",torch.bfloat16,286720
mm_337,"torch.Size([35, 1024])",torch.bfloat16,71680
view_1127,"torch.Size([1, 35, 1024])",torch.bfloat16,71680
view_1128,"torch.Size([1, 35, 32, 128])",torch.bfloat16,286720
transpose_263,"torch.Size([1, 32, 35, 128])",torch.bfloat16,286720
view_1129,"torch.Size([1, 35, 8, 128])",torch.bfloat16,71680
transpose_264,"torch.Size([1, 8, 35, 128])",torch.bfloat16,71680
view_1130,"torch.Size([1, 35, 8, 128])",torch.bfloat16,71680
transpose_265,"torch.Size([1, 8, 35, 128])",torch.bfloat16,71680
unsqueeze_103,"torch.Size([1, 1, 35, 128])",torch.bfloat16,8960
unsqueeze_104,"torch.Size([1, 1, 35, 128])",torch.bfloat16,8960
mul_268,"torch.Size([1, 32, 35, 128])",torch.bfloat16,286720
slice_414,"torch.Size([1, 32, 35, 64])",torch.bfloat16,143360
slice_415,"torch.Size([1, 32, 35, 64])",torch.bfloat16,143360
neg_40,"torch.Size([1, 32, 35, 64])",torch.bfloat16,143360
cat_43,"torch.Size([1, 32, 35, 128])",torch.bfloat16,286720
mul_269,"torch.Size([1, 32, 35, 128])",torch.bfloat16,286720
add_236,"torch.Size([1, 32, 35, 128])",torch.bfloat16,286720
mul_270,"torch.Size([1, 8, 35, 128])",torch.bfloat16,71680
slice_416,"torch.Size([1, 8, 35, 64])",torch.bfloat16,35840
slice_417,"torch.Size([1, 8, 35, 64])",torch.bfloat16,35840
neg_41,"torch.Size([1, 8, 35, 64])",torch.bfloat16,35840
cat_44,"torch.Size([1, 8, 35, 128])",torch.bfloat16,71680
mul_271,"torch.Size([1, 8, 35, 128])",torch.bfloat16,71680
add_237,"torch.Size([1, 8, 35, 128])",torch.bfloat16,71680
slice_418,"torch.Size([1, 8, 35, 128])",torch.bfloat16,71680
slice_419,"torch.Size([1, 8, 35, 128])",torch.bfloat16,71680
unsqueeze_105,"torch.Size([1, 8, 1, 35, 128])",torch.bfloat16,71680
slice_420,"torch.Size([1, 8, 1, 35, 128])",torch.bfloat16,71680
slice_421,"torch.Size([1, 8, 1, 35, 128])",torch.bfloat16,71680
expand_124,"torch.Size([1, 8, 4, 35, 128])",torch.bfloat16,286720
clone_77,"torch.Size([1, 8, 4, 35, 128])",torch.bfloat16,286720
_unsafe_view_50,"torch.Size([1, 32, 35, 128])",torch.bfloat16,286720
slice_422,"torch.Size([1, 8, 35, 128])",torch.bfloat16,71680
slice_423,"torch.Size([1, 8, 35, 128])",torch.bfloat16,71680
unsqueeze_106,"torch.Size([1, 8, 1, 35, 128])",torch.bfloat16,71680
slice_424,"torch.Size([1, 8, 1, 35, 128])",torch.bfloat16,71680
slice_425,"torch.Size([1, 8, 1, 35, 128])",torch.bfloat16,71680
expand_125,"torch.Size([1, 8, 4, 35, 128])",torch.bfloat16,286720
clone_78,"torch.Size([1, 8, 4, 35, 128])",torch.bfloat16,286720
_unsafe_view_51,"torch.Size([1, 32, 35, 128])",torch.bfloat16,286720
slice_426,"torch.Size([1, 1, 35, 35])",torch.bfloat16,2450
slice_427,"torch.Size([1, 1, 35, 35])",torch.bfloat16,2450
slice_428,"torch.Size([1, 1, 35, 35])",torch.bfloat16,2450
clone_79,"torch.Size([1, 32, 35, 128])",torch.bfloat16,286720
constant_pad_nd_26,"torch.Size([1, 1, 35, 40])",torch.bfloat16,2800
slice_429,"torch.Size([1, 1, 35, 35])",torch.bfloat16,2450
expand_126,"torch.Size([1, 32, 35, 35])",torch.bfloat16,78400
getitem_506,"torch.Size([1, 32, 35, 128])",torch.bfloat16,286720
transpose_266,"torch.Size([1, 35, 32, 128])",torch.bfloat16,286720
view_1131,"torch.Size([1, 35, 4096])",torch.bfloat16,286720
t_419,"torch.Size([4096, 4096])",torch.bfloat16,33554432
view_1132,"torch.Size([35, 4096])",torch.bfloat16,286720
mm_338,"torch.Size([35, 4096])",torch.bfloat16,286720
view_1133,"torch.Size([1, 35, 4096])",torch.bfloat16,286720
add_238,"torch.Size([1, 35, 4096])",torch.bfloat16,286720
_to_copy_130,"torch.Size([1, 35, 4096])",torch.float32,573440
pow_62,"torch.Size([1, 35, 4096])",torch.float32,573440
mean_61,"torch.Size([1, 35, 1])",torch.float32,140
add_239,"torch.Size([1, 35, 1])",torch.float32,140
rsqrt_61,"torch.Size([1, 35, 1])",torch.float32,140
mul_272,"torch.Size([1, 35, 4096])",torch.float32,573440
_to_copy_131,"torch.Size([1, 35, 4096])",torch.bfloat16,286720
mul_273,"torch.Size([1, 35, 4096])",torch.bfloat16,286720
t_420,"torch.Size([4096, 14336])",torch.bfloat16,117440512
view_1134,"torch.Size([35, 4096])",torch.bfloat16,286720
mm_339,"torch.Size([35, 14336])",torch.bfloat16,1003520
view_1135,"torch.Size([1, 35, 14336])",torch.bfloat16,1003520
silu_25,"torch.Size([1, 35, 14336])",torch.bfloat16,1003520
t_421,"torch.Size([4096, 14336])",torch.bfloat16,117440512
view_1136,"torch.Size([35, 4096])",torch.bfloat16,286720
mm_340,"torch.Size([35, 14336])",torch.bfloat16,1003520
view_1137,"torch.Size([1, 35, 14336])",torch.bfloat16,1003520
mul_274,"torch.Size([1, 35, 14336])",torch.bfloat16,1003520
t_422,"torch.Size([14336, 4096])",torch.bfloat16,117440512
view_1138,"torch.Size([35, 14336])",torch.bfloat16,1003520
mm_341,"torch.Size([35, 4096])",torch.bfloat16,286720
view_1139,"torch.Size([1, 35, 4096])",torch.bfloat16,286720
add_240,"torch.Size([1, 35, 4096])",torch.bfloat16,286720
_to_copy_132,"torch.Size([1, 35, 4096])",torch.float32,573440
pow_63,"torch.Size([1, 35, 4096])",torch.float32,573440
mean_62,"torch.Size([1, 35, 1])",torch.float32,140
add_241,"torch.Size([1, 35, 1])",torch.float32,140
rsqrt_62,"torch.Size([1, 35, 1])",torch.float32,140
mul_275,"torch.Size([1, 35, 4096])",torch.float32,573440
_to_copy_133,"torch.Size([1, 35, 4096])",torch.bfloat16,286720
mul_276,"torch.Size([1, 35, 4096])",torch.bfloat16,286720
t_423,"torch.Size([4096, 4096])",torch.bfloat16,33554432
view_1140,"torch.Size([35, 4096])",torch.bfloat16,286720
mm_342,"torch.Size([35, 4096])",torch.bfloat16,286720
view_1141,"torch.Size([1, 35, 4096])",torch.bfloat16,286720
t_424,"torch.Size([4096, 1024])",torch.bfloat16,8388608
view_1142,"torch.Size([35, 4096])",torch.bfloat16,286720
mm_343,"torch.Size([35, 1024])",torch.bfloat16,71680
view_1143,"torch.Size([1, 35, 1024])",torch.bfloat16,71680
t_425,"torch.Size([4096, 1024])",torch.bfloat16,8388608
view_1144,"torch.Size([35, 4096])",torch.bfloat16,286720
mm_344,"torch.Size([35, 1024])",torch.bfloat16,71680
view_1145,"torch.Size([1, 35, 1024])",torch.bfloat16,71680
view_1146,"torch.Size([1, 35, 32, 128])",torch.bfloat16,286720
transpose_267,"torch.Size([1, 32, 35, 128])",torch.bfloat16,286720
view_1147,"torch.Size([1, 35, 8, 128])",torch.bfloat16,71680
transpose_268,"torch.Size([1, 8, 35, 128])",torch.bfloat16,71680
view_1148,"torch.Size([1, 35, 8, 128])",torch.bfloat16,71680
transpose_269,"torch.Size([1, 8, 35, 128])",torch.bfloat16,71680
unsqueeze_107,"torch.Size([1, 1, 35, 128])",torch.bfloat16,8960
unsqueeze_108,"torch.Size([1, 1, 35, 128])",torch.bfloat16,8960
mul_277,"torch.Size([1, 32, 35, 128])",torch.bfloat16,286720
slice_430,"torch.Size([1, 32, 35, 64])",torch.bfloat16,143360
slice_431,"torch.Size([1, 32, 35, 64])",torch.bfloat16,143360
neg_42,"torch.Size([1, 32, 35, 64])",torch.bfloat16,143360
cat_45,"torch.Size([1, 32, 35, 128])",torch.bfloat16,286720
mul_278,"torch.Size([1, 32, 35, 128])",torch.bfloat16,286720
add_242,"torch.Size([1, 32, 35, 128])",torch.bfloat16,286720
mul_279,"torch.Size([1, 8, 35, 128])",torch.bfloat16,71680
slice_432,"torch.Size([1, 8, 35, 64])",torch.bfloat16,35840
slice_433,"torch.Size([1, 8, 35, 64])",torch.bfloat16,35840
neg_43,"torch.Size([1, 8, 35, 64])",torch.bfloat16,35840
cat_46,"torch.Size([1, 8, 35, 128])",torch.bfloat16,71680
mul_280,"torch.Size([1, 8, 35, 128])",torch.bfloat16,71680
add_243,"torch.Size([1, 8, 35, 128])",torch.bfloat16,71680
slice_434,"torch.Size([1, 8, 35, 128])",torch.bfloat16,71680
slice_435,"torch.Size([1, 8, 35, 128])",torch.bfloat16,71680
unsqueeze_109,"torch.Size([1, 8, 1, 35, 128])",torch.bfloat16,71680
slice_436,"torch.Size([1, 8, 1, 35, 128])",torch.bfloat16,71680
slice_437,"torch.Size([1, 8, 1, 35, 128])",torch.bfloat16,71680
expand_127,"torch.Size([1, 8, 4, 35, 128])",torch.bfloat16,286720
clone_80,"torch.Size([1, 8, 4, 35, 128])",torch.bfloat16,286720
_unsafe_view_52,"torch.Size([1, 32, 35, 128])",torch.bfloat16,286720
slice_438,"torch.Size([1, 8, 35, 128])",torch.bfloat16,71680
slice_439,"torch.Size([1, 8, 35, 128])",torch.bfloat16,71680
unsqueeze_110,"torch.Size([1, 8, 1, 35, 128])",torch.bfloat16,71680
slice_440,"torch.Size([1, 8, 1, 35, 128])",torch.bfloat16,71680
slice_441,"torch.Size([1, 8, 1, 35, 128])",torch.bfloat16,71680
expand_128,"torch.Size([1, 8, 4, 35, 128])",torch.bfloat16,286720
clone_81,"torch.Size([1, 8, 4, 35, 128])",torch.bfloat16,286720
_unsafe_view_53,"torch.Size([1, 32, 35, 128])",torch.bfloat16,286720
slice_442,"torch.Size([1, 1, 35, 35])",torch.bfloat16,2450
slice_443,"torch.Size([1, 1, 35, 35])",torch.bfloat16,2450
slice_444,"torch.Size([1, 1, 35, 35])",torch.bfloat16,2450
clone_82,"torch.Size([1, 32, 35, 128])",torch.bfloat16,286720
constant_pad_nd_27,"torch.Size([1, 1, 35, 40])",torch.bfloat16,2800
slice_445,"torch.Size([1, 1, 35, 35])",torch.bfloat16,2450
expand_129,"torch.Size([1, 32, 35, 35])",torch.bfloat16,78400
getitem_510,"torch.Size([1, 32, 35, 128])",torch.bfloat16,286720
transpose_270,"torch.Size([1, 35, 32, 128])",torch.bfloat16,286720
view_1149,"torch.Size([1, 35, 4096])",torch.bfloat16,286720
t_426,"torch.Size([4096, 4096])",torch.bfloat16,33554432
view_1150,"torch.Size([35, 4096])",torch.bfloat16,286720
mm_345,"torch.Size([35, 4096])",torch.bfloat16,286720
view_1151,"torch.Size([1, 35, 4096])",torch.bfloat16,286720
add_244,"torch.Size([1, 35, 4096])",torch.bfloat16,286720
_to_copy_134,"torch.Size([1, 35, 4096])",torch.float32,573440
pow_64,"torch.Size([1, 35, 4096])",torch.float32,573440
mean_63,"torch.Size([1, 35, 1])",torch.float32,140
add_245,"torch.Size([1, 35, 1])",torch.float32,140
rsqrt_63,"torch.Size([1, 35, 1])",torch.float32,140
mul_281,"torch.Size([1, 35, 4096])",torch.float32,573440
_to_copy_135,"torch.Size([1, 35, 4096])",torch.bfloat16,286720
mul_282,"torch.Size([1, 35, 4096])",torch.bfloat16,286720
t_427,"torch.Size([4096, 14336])",torch.bfloat16,117440512
view_1152,"torch.Size([35, 4096])",torch.bfloat16,286720
mm_346,"torch.Size([35, 14336])",torch.bfloat16,1003520
view_1153,"torch.Size([1, 35, 14336])",torch.bfloat16,1003520
silu_26,"torch.Size([1, 35, 14336])",torch.bfloat16,1003520
t_428,"torch.Size([4096, 14336])",torch.bfloat16,117440512
view_1154,"torch.Size([35, 4096])",torch.bfloat16,286720
mm_347,"torch.Size([35, 14336])",torch.bfloat16,1003520
view_1155,"torch.Size([1, 35, 14336])",torch.bfloat16,1003520
mul_283,"torch.Size([1, 35, 14336])",torch.bfloat16,1003520
t_429,"torch.Size([14336, 4096])",torch.bfloat16,117440512
view_1156,"torch.Size([35, 14336])",torch.bfloat16,1003520
mm_348,"torch.Size([35, 4096])",torch.bfloat16,286720
view_1157,"torch.Size([1, 35, 4096])",torch.bfloat16,286720
add_246,"torch.Size([1, 35, 4096])",torch.bfloat16,286720
_to_copy_136,"torch.Size([1, 35, 4096])",torch.float32,573440
pow_65,"torch.Size([1, 35, 4096])",torch.float32,573440
mean_64,"torch.Size([1, 35, 1])",torch.float32,140
add_247,"torch.Size([1, 35, 1])",torch.float32,140
rsqrt_64,"torch.Size([1, 35, 1])",torch.float32,140
mul_284,"torch.Size([1, 35, 4096])",torch.float32,573440
_to_copy_137,"torch.Size([1, 35, 4096])",torch.bfloat16,286720
mul_285,"torch.Size([1, 35, 4096])",torch.bfloat16,286720
t_430,"torch.Size([4096, 4096])",torch.bfloat16,33554432
view_1158,"torch.Size([35, 4096])",torch.bfloat16,286720
mm_349,"torch.Size([35, 4096])",torch.bfloat16,286720
view_1159,"torch.Size([1, 35, 4096])",torch.bfloat16,286720
t_431,"torch.Size([4096, 1024])",torch.bfloat16,8388608
view_1160,"torch.Size([35, 4096])",torch.bfloat16,286720
mm_350,"torch.Size([35, 1024])",torch.bfloat16,71680
view_1161,"torch.Size([1, 35, 1024])",torch.bfloat16,71680
t_432,"torch.Size([4096, 1024])",torch.bfloat16,8388608
view_1162,"torch.Size([35, 4096])",torch.bfloat16,286720
mm_351,"torch.Size([35, 1024])",torch.bfloat16,71680
view_1163,"torch.Size([1, 35, 1024])",torch.bfloat16,71680
view_1164,"torch.Size([1, 35, 32, 128])",torch.bfloat16,286720
transpose_271,"torch.Size([1, 32, 35, 128])",torch.bfloat16,286720
view_1165,"torch.Size([1, 35, 8, 128])",torch.bfloat16,71680
transpose_272,"torch.Size([1, 8, 35, 128])",torch.bfloat16,71680
view_1166,"torch.Size([1, 35, 8, 128])",torch.bfloat16,71680
transpose_273,"torch.Size([1, 8, 35, 128])",torch.bfloat16,71680
unsqueeze_111,"torch.Size([1, 1, 35, 128])",torch.bfloat16,8960
unsqueeze_112,"torch.Size([1, 1, 35, 128])",torch.bfloat16,8960
mul_286,"torch.Size([1, 32, 35, 128])",torch.bfloat16,286720
slice_446,"torch.Size([1, 32, 35, 64])",torch.bfloat16,143360
slice_447,"torch.Size([1, 32, 35, 64])",torch.bfloat16,143360
neg_44,"torch.Size([1, 32, 35, 64])",torch.bfloat16,143360
cat_47,"torch.Size([1, 32, 35, 128])",torch.bfloat16,286720
mul_287,"torch.Size([1, 32, 35, 128])",torch.bfloat16,286720
add_248,"torch.Size([1, 32, 35, 128])",torch.bfloat16,286720
mul_288,"torch.Size([1, 8, 35, 128])",torch.bfloat16,71680
slice_448,"torch.Size([1, 8, 35, 64])",torch.bfloat16,35840
slice_449,"torch.Size([1, 8, 35, 64])",torch.bfloat16,35840
neg_45,"torch.Size([1, 8, 35, 64])",torch.bfloat16,35840
cat_48,"torch.Size([1, 8, 35, 128])",torch.bfloat16,71680
mul_289,"torch.Size([1, 8, 35, 128])",torch.bfloat16,71680
add_249,"torch.Size([1, 8, 35, 128])",torch.bfloat16,71680
slice_450,"torch.Size([1, 8, 35, 128])",torch.bfloat16,71680
slice_451,"torch.Size([1, 8, 35, 128])",torch.bfloat16,71680
unsqueeze_113,"torch.Size([1, 8, 1, 35, 128])",torch.bfloat16,71680
slice_452,"torch.Size([1, 8, 1, 35, 128])",torch.bfloat16,71680
slice_453,"torch.Size([1, 8, 1, 35, 128])",torch.bfloat16,71680
expand_130,"torch.Size([1, 8, 4, 35, 128])",torch.bfloat16,286720
clone_83,"torch.Size([1, 8, 4, 35, 128])",torch.bfloat16,286720
_unsafe_view_54,"torch.Size([1, 32, 35, 128])",torch.bfloat16,286720
slice_454,"torch.Size([1, 8, 35, 128])",torch.bfloat16,71680
slice_455,"torch.Size([1, 8, 35, 128])",torch.bfloat16,71680
unsqueeze_114,"torch.Size([1, 8, 1, 35, 128])",torch.bfloat16,71680
slice_456,"torch.Size([1, 8, 1, 35, 128])",torch.bfloat16,71680
slice_457,"torch.Size([1, 8, 1, 35, 128])",torch.bfloat16,71680
expand_131,"torch.Size([1, 8, 4, 35, 128])",torch.bfloat16,286720
clone_84,"torch.Size([1, 8, 4, 35, 128])",torch.bfloat16,286720
_unsafe_view_55,"torch.Size([1, 32, 35, 128])",torch.bfloat16,286720
slice_458,"torch.Size([1, 1, 35, 35])",torch.bfloat16,2450
slice_459,"torch.Size([1, 1, 35, 35])",torch.bfloat16,2450
slice_460,"torch.Size([1, 1, 35, 35])",torch.bfloat16,2450
clone_85,"torch.Size([1, 32, 35, 128])",torch.bfloat16,286720
constant_pad_nd_28,"torch.Size([1, 1, 35, 40])",torch.bfloat16,2800
slice_461,"torch.Size([1, 1, 35, 35])",torch.bfloat16,2450
expand_132,"torch.Size([1, 32, 35, 35])",torch.bfloat16,78400
getitem_514,"torch.Size([1, 32, 35, 128])",torch.bfloat16,286720
transpose_274,"torch.Size([1, 35, 32, 128])",torch.bfloat16,286720
view_1167,"torch.Size([1, 35, 4096])",torch.bfloat16,286720
t_433,"torch.Size([4096, 4096])",torch.bfloat16,33554432
view_1168,"torch.Size([35, 4096])",torch.bfloat16,286720
mm_352,"torch.Size([35, 4096])",torch.bfloat16,286720
view_1169,"torch.Size([1, 35, 4096])",torch.bfloat16,286720
add_250,"torch.Size([1, 35, 4096])",torch.bfloat16,286720
_to_copy_138,"torch.Size([1, 35, 4096])",torch.float32,573440
pow_66,"torch.Size([1, 35, 4096])",torch.float32,573440
mean_65,"torch.Size([1, 35, 1])",torch.float32,140
add_251,"torch.Size([1, 35, 1])",torch.float32,140
rsqrt_65,"torch.Size([1, 35, 1])",torch.float32,140
mul_290,"torch.Size([1, 35, 4096])",torch.float32,573440
_to_copy_139,"torch.Size([1, 35, 4096])",torch.bfloat16,286720
mul_291,"torch.Size([1, 35, 4096])",torch.bfloat16,286720
t_434,"torch.Size([4096, 14336])",torch.bfloat16,117440512
view_1170,"torch.Size([35, 4096])",torch.bfloat16,286720
mm_353,"torch.Size([35, 14336])",torch.bfloat16,1003520
view_1171,"torch.Size([1, 35, 14336])",torch.bfloat16,1003520
silu_27,"torch.Size([1, 35, 14336])",torch.bfloat16,1003520
t_435,"torch.Size([4096, 14336])",torch.bfloat16,117440512
view_1172,"torch.Size([35, 4096])",torch.bfloat16,286720
mm_354,"torch.Size([35, 14336])",torch.bfloat16,1003520
view_1173,"torch.Size([1, 35, 14336])",torch.bfloat16,1003520
mul_292,"torch.Size([1, 35, 14336])",torch.bfloat16,1003520
t_436,"torch.Size([14336, 4096])",torch.bfloat16,117440512
view_1174,"torch.Size([35, 14336])",torch.bfloat16,1003520
mm_355,"torch.Size([35, 4096])",torch.bfloat16,286720
view_1175,"torch.Size([1, 35, 4096])",torch.bfloat16,286720
add_252,"torch.Size([1, 35, 4096])",torch.bfloat16,286720
_to_copy_140,"torch.Size([1, 35, 4096])",torch.float32,573440
pow_67,"torch.Size([1, 35, 4096])",torch.float32,573440
mean_66,"torch.Size([1, 35, 1])",torch.float32,140
add_253,"torch.Size([1, 35, 1])",torch.float32,140
rsqrt_66,"torch.Size([1, 35, 1])",torch.float32,140
mul_293,"torch.Size([1, 35, 4096])",torch.float32,573440
_to_copy_141,"torch.Size([1, 35, 4096])",torch.bfloat16,286720
mul_294,"torch.Size([1, 35, 4096])",torch.bfloat16,286720
t_437,"torch.Size([4096, 4096])",torch.bfloat16,33554432
view_1176,"torch.Size([35, 4096])",torch.bfloat16,286720
mm_356,"torch.Size([35, 4096])",torch.bfloat16,286720
view_1177,"torch.Size([1, 35, 4096])",torch.bfloat16,286720
view_1178,"torch.Size([1, 35, 32, 128])",torch.bfloat16,286720
transpose_275,"torch.Size([1, 32, 35, 128])",torch.bfloat16,286720
_to_copy_142,"torch.Size([1, 32, 35, 128])",torch.float32,573440
pow_68,"torch.Size([1, 32, 35, 128])",torch.float32,573440
mean_67,"torch.Size([1, 32, 35, 1])",torch.float32,4480
add_254,"torch.Size([1, 32, 35, 1])",torch.float32,4480
rsqrt_67,"torch.Size([1, 32, 35, 1])",torch.float32,4480
mul_295,"torch.Size([1, 32, 35, 128])",torch.float32,573440
_to_copy_143,"torch.Size([1, 32, 35, 128])",torch.bfloat16,286720
mul_296,"torch.Size([1, 32, 35, 128])",torch.bfloat16,286720
t_438,"torch.Size([4096, 1024])",torch.bfloat16,8388608
view_1179,"torch.Size([6404, 4096])",torch.bfloat16,52461568
mm_357,"torch.Size([6404, 1024])",torch.bfloat16,13115392
view_1180,"torch.Size([4, 1601, 1024])",torch.bfloat16,13115392
t_439,"torch.Size([4096, 1024])",torch.bfloat16,8388608
view_1181,"torch.Size([6404, 4096])",torch.bfloat16,52461568
mm_358,"torch.Size([6404, 1024])",torch.bfloat16,13115392
view_1182,"torch.Size([4, 1601, 1024])",torch.bfloat16,13115392
view_1183,"torch.Size([1, 6404, 8, 128])",torch.bfloat16,13115392
transpose_276,"torch.Size([1, 8, 6404, 128])",torch.bfloat16,13115392
view_1184,"torch.Size([1, 6404, 8, 128])",torch.bfloat16,13115392
transpose_277,"torch.Size([1, 8, 6404, 128])",torch.bfloat16,13115392
slice_462,"torch.Size([1, 8, 6404, 128])",torch.bfloat16,13115392
slice_463,"torch.Size([1, 8, 6404, 128])",torch.bfloat16,13115392
unsqueeze_115,"torch.Size([1, 8, 1, 6404, 128])",torch.bfloat16,13115392
slice_464,"torch.Size([1, 8, 1, 6404, 128])",torch.bfloat16,13115392
slice_465,"torch.Size([1, 8, 1, 6404, 128])",torch.bfloat16,13115392
expand_133,"torch.Size([1, 8, 4, 6404, 128])",torch.bfloat16,52461568
clone_86,"torch.Size([1, 8, 4, 6404, 128])",torch.bfloat16,52461568
_unsafe_view_56,"torch.Size([1, 32, 6404, 128])",torch.bfloat16,52461568
slice_466,"torch.Size([1, 8, 6404, 128])",torch.bfloat16,13115392
slice_467,"torch.Size([1, 8, 6404, 128])",torch.bfloat16,13115392
unsqueeze_116,"torch.Size([1, 8, 1, 6404, 128])",torch.bfloat16,13115392
slice_468,"torch.Size([1, 8, 1, 6404, 128])",torch.bfloat16,13115392
slice_469,"torch.Size([1, 8, 1, 6404, 128])",torch.bfloat16,13115392
expand_134,"torch.Size([1, 8, 4, 6404, 128])",torch.bfloat16,52461568
clone_87,"torch.Size([1, 8, 4, 6404, 128])",torch.bfloat16,52461568
_unsafe_view_57,"torch.Size([1, 32, 6404, 128])",torch.bfloat16,52461568
_to_copy_144,"torch.Size([1, 32, 6404, 128])",torch.float32,104923136
pow_69,"torch.Size([1, 32, 6404, 128])",torch.float32,104923136
mean_68,"torch.Size([1, 32, 6404, 1])",torch.float32,819712
add_255,"torch.Size([1, 32, 6404, 1])",torch.float32,819712
rsqrt_68,"torch.Size([1, 32, 6404, 1])",torch.float32,819712
mul_297,"torch.Size([1, 32, 6404, 128])",torch.float32,104923136
_to_copy_145,"torch.Size([1, 32, 6404, 128])",torch.bfloat16,52461568
mul_298,"torch.Size([1, 32, 6404, 128])",torch.bfloat16,52461568
clone_88,"torch.Size([1, 32, 35, 128])",torch.bfloat16,286720
constant_pad_nd_29,"torch.Size([1, 1, 35, 6408])",torch.bfloat16,448560
slice_470,"torch.Size([1, 1, 35, 6404])",torch.bfloat16,448280
expand_135,"torch.Size([1, 32, 35, 6404])",torch.bfloat16,14344960
getitem_518,"torch.Size([1, 32, 35, 128])",torch.bfloat16,286720
transpose_278,"torch.Size([1, 35, 32, 128])",torch.bfloat16,286720
view_1185,"torch.Size([1, 35, 4096])",torch.bfloat16,286720
t_440,"torch.Size([4096, 4096])",torch.bfloat16,33554432
view_1186,"torch.Size([35, 4096])",torch.bfloat16,286720
mm_359,"torch.Size([35, 4096])",torch.bfloat16,286720
view_1187,"torch.Size([1, 35, 4096])",torch.bfloat16,286720
tanh_30,torch.Size([1]),torch.bfloat16,2
mul_299,"torch.Size([1, 35, 4096])",torch.bfloat16,286720
add_256,"torch.Size([1, 35, 4096])",torch.bfloat16,286720
_to_copy_146,"torch.Size([1, 35, 4096])",torch.float32,573440
pow_70,"torch.Size([1, 35, 4096])",torch.float32,573440
mean_69,"torch.Size([1, 35, 1])",torch.float32,140
add_257,"torch.Size([1, 35, 1])",torch.float32,140
rsqrt_69,"torch.Size([1, 35, 1])",torch.float32,140
mul_300,"torch.Size([1, 35, 4096])",torch.float32,573440
_to_copy_147,"torch.Size([1, 35, 4096])",torch.bfloat16,286720
mul_301,"torch.Size([1, 35, 4096])",torch.bfloat16,286720
t_441,"torch.Size([4096, 14336])",torch.bfloat16,117440512
view_1188,"torch.Size([35, 4096])",torch.bfloat16,286720
mm_360,"torch.Size([35, 14336])",torch.bfloat16,1003520
view_1189,"torch.Size([1, 35, 14336])",torch.bfloat16,1003520
silu_28,"torch.Size([1, 35, 14336])",torch.bfloat16,1003520
t_442,"torch.Size([4096, 14336])",torch.bfloat16,117440512
view_1190,"torch.Size([35, 4096])",torch.bfloat16,286720
mm_361,"torch.Size([35, 14336])",torch.bfloat16,1003520
view_1191,"torch.Size([1, 35, 14336])",torch.bfloat16,1003520
mul_302,"torch.Size([1, 35, 14336])",torch.bfloat16,1003520
t_443,"torch.Size([14336, 4096])",torch.bfloat16,117440512
view_1192,"torch.Size([35, 14336])",torch.bfloat16,1003520
mm_362,"torch.Size([35, 4096])",torch.bfloat16,286720
view_1193,"torch.Size([1, 35, 4096])",torch.bfloat16,286720
slice_471,"torch.Size([1, 1, 35, 1])",torch.bfloat16,70
select_5,"torch.Size([1, 35, 1])",torch.bfloat16,70
mul_303,"torch.Size([1, 35, 4096])",torch.bfloat16,286720
tanh_31,torch.Size([1]),torch.bfloat16,2
mul_304,"torch.Size([1, 35, 4096])",torch.bfloat16,286720
add_258,"torch.Size([1, 35, 4096])",torch.bfloat16,286720
_to_copy_148,"torch.Size([1, 35, 4096])",torch.float32,573440
pow_71,"torch.Size([1, 35, 4096])",torch.float32,573440
mean_70,"torch.Size([1, 35, 1])",torch.float32,140
add_259,"torch.Size([1, 35, 1])",torch.float32,140
rsqrt_70,"torch.Size([1, 35, 1])",torch.float32,140
mul_305,"torch.Size([1, 35, 4096])",torch.float32,573440
_to_copy_149,"torch.Size([1, 35, 4096])",torch.bfloat16,286720
mul_306,"torch.Size([1, 35, 4096])",torch.bfloat16,286720
t_444,"torch.Size([4096, 4096])",torch.bfloat16,33554432
view_1194,"torch.Size([35, 4096])",torch.bfloat16,286720
mm_363,"torch.Size([35, 4096])",torch.bfloat16,286720
view_1195,"torch.Size([1, 35, 4096])",torch.bfloat16,286720
t_445,"torch.Size([4096, 1024])",torch.bfloat16,8388608
view_1196,"torch.Size([35, 4096])",torch.bfloat16,286720
mm_364,"torch.Size([35, 1024])",torch.bfloat16,71680
view_1197,"torch.Size([1, 35, 1024])",torch.bfloat16,71680
t_446,"torch.Size([4096, 1024])",torch.bfloat16,8388608
view_1198,"torch.Size([35, 4096])",torch.bfloat16,286720
mm_365,"torch.Size([35, 1024])",torch.bfloat16,71680
view_1199,"torch.Size([1, 35, 1024])",torch.bfloat16,71680
view_1200,"torch.Size([1, 35, 32, 128])",torch.bfloat16,286720
transpose_279,"torch.Size([1, 32, 35, 128])",torch.bfloat16,286720
view_1201,"torch.Size([1, 35, 8, 128])",torch.bfloat16,71680
transpose_280,"torch.Size([1, 8, 35, 128])",torch.bfloat16,71680
view_1202,"torch.Size([1, 35, 8, 128])",torch.bfloat16,71680
transpose_281,"torch.Size([1, 8, 35, 128])",torch.bfloat16,71680
unsqueeze_117,"torch.Size([1, 1, 35, 128])",torch.bfloat16,8960
unsqueeze_118,"torch.Size([1, 1, 35, 128])",torch.bfloat16,8960
mul_307,"torch.Size([1, 32, 35, 128])",torch.bfloat16,286720
slice_472,"torch.Size([1, 32, 35, 64])",torch.bfloat16,143360
slice_473,"torch.Size([1, 32, 35, 64])",torch.bfloat16,143360
neg_46,"torch.Size([1, 32, 35, 64])",torch.bfloat16,143360
cat_49,"torch.Size([1, 32, 35, 128])",torch.bfloat16,286720
mul_308,"torch.Size([1, 32, 35, 128])",torch.bfloat16,286720
add_260,"torch.Size([1, 32, 35, 128])",torch.bfloat16,286720
mul_309,"torch.Size([1, 8, 35, 128])",torch.bfloat16,71680
slice_474,"torch.Size([1, 8, 35, 64])",torch.bfloat16,35840
slice_475,"torch.Size([1, 8, 35, 64])",torch.bfloat16,35840
neg_47,"torch.Size([1, 8, 35, 64])",torch.bfloat16,35840
cat_50,"torch.Size([1, 8, 35, 128])",torch.bfloat16,71680
mul_310,"torch.Size([1, 8, 35, 128])",torch.bfloat16,71680
add_261,"torch.Size([1, 8, 35, 128])",torch.bfloat16,71680
slice_476,"torch.Size([1, 8, 35, 128])",torch.bfloat16,71680
slice_477,"torch.Size([1, 8, 35, 128])",torch.bfloat16,71680
unsqueeze_119,"torch.Size([1, 8, 1, 35, 128])",torch.bfloat16,71680
slice_478,"torch.Size([1, 8, 1, 35, 128])",torch.bfloat16,71680
slice_479,"torch.Size([1, 8, 1, 35, 128])",torch.bfloat16,71680
expand_136,"torch.Size([1, 8, 4, 35, 128])",torch.bfloat16,286720
clone_89,"torch.Size([1, 8, 4, 35, 128])",torch.bfloat16,286720
_unsafe_view_58,"torch.Size([1, 32, 35, 128])",torch.bfloat16,286720
slice_480,"torch.Size([1, 8, 35, 128])",torch.bfloat16,71680
slice_481,"torch.Size([1, 8, 35, 128])",torch.bfloat16,71680
unsqueeze_120,"torch.Size([1, 8, 1, 35, 128])",torch.bfloat16,71680
slice_482,"torch.Size([1, 8, 1, 35, 128])",torch.bfloat16,71680
slice_483,"torch.Size([1, 8, 1, 35, 128])",torch.bfloat16,71680
expand_137,"torch.Size([1, 8, 4, 35, 128])",torch.bfloat16,286720
clone_90,"torch.Size([1, 8, 4, 35, 128])",torch.bfloat16,286720
_unsafe_view_59,"torch.Size([1, 32, 35, 128])",torch.bfloat16,286720
slice_484,"torch.Size([1, 1, 35, 35])",torch.bfloat16,2450
slice_485,"torch.Size([1, 1, 35, 35])",torch.bfloat16,2450
slice_486,"torch.Size([1, 1, 35, 35])",torch.bfloat16,2450
clone_91,"torch.Size([1, 32, 35, 128])",torch.bfloat16,286720
constant_pad_nd_30,"torch.Size([1, 1, 35, 40])",torch.bfloat16,2800
slice_487,"torch.Size([1, 1, 35, 35])",torch.bfloat16,2450
expand_138,"torch.Size([1, 32, 35, 35])",torch.bfloat16,78400
getitem_522,"torch.Size([1, 32, 35, 128])",torch.bfloat16,286720
transpose_282,"torch.Size([1, 35, 32, 128])",torch.bfloat16,286720
view_1203,"torch.Size([1, 35, 4096])",torch.bfloat16,286720
t_447,"torch.Size([4096, 4096])",torch.bfloat16,33554432
view_1204,"torch.Size([35, 4096])",torch.bfloat16,286720
mm_366,"torch.Size([35, 4096])",torch.bfloat16,286720
view_1205,"torch.Size([1, 35, 4096])",torch.bfloat16,286720
add_262,"torch.Size([1, 35, 4096])",torch.bfloat16,286720
_to_copy_150,"torch.Size([1, 35, 4096])",torch.float32,573440
pow_72,"torch.Size([1, 35, 4096])",torch.float32,573440
mean_71,"torch.Size([1, 35, 1])",torch.float32,140
add_263,"torch.Size([1, 35, 1])",torch.float32,140
rsqrt_71,"torch.Size([1, 35, 1])",torch.float32,140
mul_311,"torch.Size([1, 35, 4096])",torch.float32,573440
_to_copy_151,"torch.Size([1, 35, 4096])",torch.bfloat16,286720
mul_312,"torch.Size([1, 35, 4096])",torch.bfloat16,286720
t_448,"torch.Size([4096, 14336])",torch.bfloat16,117440512
view_1206,"torch.Size([35, 4096])",torch.bfloat16,286720
mm_367,"torch.Size([35, 14336])",torch.bfloat16,1003520
view_1207,"torch.Size([1, 35, 14336])",torch.bfloat16,1003520
silu_29,"torch.Size([1, 35, 14336])",torch.bfloat16,1003520
t_449,"torch.Size([4096, 14336])",torch.bfloat16,117440512
view_1208,"torch.Size([35, 4096])",torch.bfloat16,286720
mm_368,"torch.Size([35, 14336])",torch.bfloat16,1003520
view_1209,"torch.Size([1, 35, 14336])",torch.bfloat16,1003520
mul_313,"torch.Size([1, 35, 14336])",torch.bfloat16,1003520
t_450,"torch.Size([14336, 4096])",torch.bfloat16,117440512
view_1210,"torch.Size([35, 14336])",torch.bfloat16,1003520
mm_369,"torch.Size([35, 4096])",torch.bfloat16,286720
view_1211,"torch.Size([1, 35, 4096])",torch.bfloat16,286720
add_264,"torch.Size([1, 35, 4096])",torch.bfloat16,286720
_to_copy_152,"torch.Size([1, 35, 4096])",torch.float32,573440
pow_73,"torch.Size([1, 35, 4096])",torch.float32,573440
mean_72,"torch.Size([1, 35, 1])",torch.float32,140
add_265,"torch.Size([1, 35, 1])",torch.float32,140
rsqrt_72,"torch.Size([1, 35, 1])",torch.float32,140
mul_314,"torch.Size([1, 35, 4096])",torch.float32,573440
_to_copy_153,"torch.Size([1, 35, 4096])",torch.bfloat16,286720
mul_315,"torch.Size([1, 35, 4096])",torch.bfloat16,286720
t_451,"torch.Size([4096, 4096])",torch.bfloat16,33554432
view_1212,"torch.Size([35, 4096])",torch.bfloat16,286720
mm_370,"torch.Size([35, 4096])",torch.bfloat16,286720
view_1213,"torch.Size([1, 35, 4096])",torch.bfloat16,286720
t_452,"torch.Size([4096, 1024])",torch.bfloat16,8388608
view_1214,"torch.Size([35, 4096])",torch.bfloat16,286720
mm_371,"torch.Size([35, 1024])",torch.bfloat16,71680
view_1215,"torch.Size([1, 35, 1024])",torch.bfloat16,71680
t_453,"torch.Size([4096, 1024])",torch.bfloat16,8388608
view_1216,"torch.Size([35, 4096])",torch.bfloat16,286720
mm_372,"torch.Size([35, 1024])",torch.bfloat16,71680
view_1217,"torch.Size([1, 35, 1024])",torch.bfloat16,71680
view_1218,"torch.Size([1, 35, 32, 128])",torch.bfloat16,286720
transpose_283,"torch.Size([1, 32, 35, 128])",torch.bfloat16,286720
view_1219,"torch.Size([1, 35, 8, 128])",torch.bfloat16,71680
transpose_284,"torch.Size([1, 8, 35, 128])",torch.bfloat16,71680
view_1220,"torch.Size([1, 35, 8, 128])",torch.bfloat16,71680
transpose_285,"torch.Size([1, 8, 35, 128])",torch.bfloat16,71680
unsqueeze_121,"torch.Size([1, 1, 35, 128])",torch.bfloat16,8960
unsqueeze_122,"torch.Size([1, 1, 35, 128])",torch.bfloat16,8960
mul_316,"torch.Size([1, 32, 35, 128])",torch.bfloat16,286720
slice_488,"torch.Size([1, 32, 35, 64])",torch.bfloat16,143360
slice_489,"torch.Size([1, 32, 35, 64])",torch.bfloat16,143360
neg_48,"torch.Size([1, 32, 35, 64])",torch.bfloat16,143360
cat_51,"torch.Size([1, 32, 35, 128])",torch.bfloat16,286720
mul_317,"torch.Size([1, 32, 35, 128])",torch.bfloat16,286720
add_266,"torch.Size([1, 32, 35, 128])",torch.bfloat16,286720
mul_318,"torch.Size([1, 8, 35, 128])",torch.bfloat16,71680
slice_490,"torch.Size([1, 8, 35, 64])",torch.bfloat16,35840
slice_491,"torch.Size([1, 8, 35, 64])",torch.bfloat16,35840
neg_49,"torch.Size([1, 8, 35, 64])",torch.bfloat16,35840
cat_52,"torch.Size([1, 8, 35, 128])",torch.bfloat16,71680
mul_319,"torch.Size([1, 8, 35, 128])",torch.bfloat16,71680
add_267,"torch.Size([1, 8, 35, 128])",torch.bfloat16,71680
slice_492,"torch.Size([1, 8, 35, 128])",torch.bfloat16,71680
slice_493,"torch.Size([1, 8, 35, 128])",torch.bfloat16,71680
unsqueeze_123,"torch.Size([1, 8, 1, 35, 128])",torch.bfloat16,71680
slice_494,"torch.Size([1, 8, 1, 35, 128])",torch.bfloat16,71680
slice_495,"torch.Size([1, 8, 1, 35, 128])",torch.bfloat16,71680
expand_139,"torch.Size([1, 8, 4, 35, 128])",torch.bfloat16,286720
clone_92,"torch.Size([1, 8, 4, 35, 128])",torch.bfloat16,286720
_unsafe_view_60,"torch.Size([1, 32, 35, 128])",torch.bfloat16,286720
slice_496,"torch.Size([1, 8, 35, 128])",torch.bfloat16,71680
slice_497,"torch.Size([1, 8, 35, 128])",torch.bfloat16,71680
unsqueeze_124,"torch.Size([1, 8, 1, 35, 128])",torch.bfloat16,71680
slice_498,"torch.Size([1, 8, 1, 35, 128])",torch.bfloat16,71680
slice_499,"torch.Size([1, 8, 1, 35, 128])",torch.bfloat16,71680
expand_140,"torch.Size([1, 8, 4, 35, 128])",torch.bfloat16,286720
clone_93,"torch.Size([1, 8, 4, 35, 128])",torch.bfloat16,286720
_unsafe_view_61,"torch.Size([1, 32, 35, 128])",torch.bfloat16,286720
slice_500,"torch.Size([1, 1, 35, 35])",torch.bfloat16,2450
slice_501,"torch.Size([1, 1, 35, 35])",torch.bfloat16,2450
slice_502,"torch.Size([1, 1, 35, 35])",torch.bfloat16,2450
clone_94,"torch.Size([1, 32, 35, 128])",torch.bfloat16,286720
constant_pad_nd_31,"torch.Size([1, 1, 35, 40])",torch.bfloat16,2800
slice_503,"torch.Size([1, 1, 35, 35])",torch.bfloat16,2450
expand_141,"torch.Size([1, 32, 35, 35])",torch.bfloat16,78400
getitem_526,"torch.Size([1, 32, 35, 128])",torch.bfloat16,286720
transpose_286,"torch.Size([1, 35, 32, 128])",torch.bfloat16,286720
view_1221,"torch.Size([1, 35, 4096])",torch.bfloat16,286720
t_454,"torch.Size([4096, 4096])",torch.bfloat16,33554432
view_1222,"torch.Size([35, 4096])",torch.bfloat16,286720
mm_373,"torch.Size([35, 4096])",torch.bfloat16,286720
view_1223,"torch.Size([1, 35, 4096])",torch.bfloat16,286720
add_268,"torch.Size([1, 35, 4096])",torch.bfloat16,286720
_to_copy_154,"torch.Size([1, 35, 4096])",torch.float32,573440
pow_74,"torch.Size([1, 35, 4096])",torch.float32,573440
mean_73,"torch.Size([1, 35, 1])",torch.float32,140
add_269,"torch.Size([1, 35, 1])",torch.float32,140
rsqrt_73,"torch.Size([1, 35, 1])",torch.float32,140
mul_320,"torch.Size([1, 35, 4096])",torch.float32,573440
_to_copy_155,"torch.Size([1, 35, 4096])",torch.bfloat16,286720
mul_321,"torch.Size([1, 35, 4096])",torch.bfloat16,286720
t_455,"torch.Size([4096, 14336])",torch.bfloat16,117440512
view_1224,"torch.Size([35, 4096])",torch.bfloat16,286720
mm_374,"torch.Size([35, 14336])",torch.bfloat16,1003520
view_1225,"torch.Size([1, 35, 14336])",torch.bfloat16,1003520
silu_30,"torch.Size([1, 35, 14336])",torch.bfloat16,1003520
t_456,"torch.Size([4096, 14336])",torch.bfloat16,117440512
view_1226,"torch.Size([35, 4096])",torch.bfloat16,286720
mm_375,"torch.Size([35, 14336])",torch.bfloat16,1003520
view_1227,"torch.Size([1, 35, 14336])",torch.bfloat16,1003520
mul_322,"torch.Size([1, 35, 14336])",torch.bfloat16,1003520
t_457,"torch.Size([14336, 4096])",torch.bfloat16,117440512
view_1228,"torch.Size([35, 14336])",torch.bfloat16,1003520
mm_376,"torch.Size([35, 4096])",torch.bfloat16,286720
view_1229,"torch.Size([1, 35, 4096])",torch.bfloat16,286720
add_270,"torch.Size([1, 35, 4096])",torch.bfloat16,286720
_to_copy_156,"torch.Size([1, 35, 4096])",torch.float32,573440
pow_75,"torch.Size([1, 35, 4096])",torch.float32,573440
mean_74,"torch.Size([1, 35, 1])",torch.float32,140
add_271,"torch.Size([1, 35, 1])",torch.float32,140
rsqrt_74,"torch.Size([1, 35, 1])",torch.float32,140
mul_323,"torch.Size([1, 35, 4096])",torch.float32,573440
_to_copy_157,"torch.Size([1, 35, 4096])",torch.bfloat16,286720
mul_324,"torch.Size([1, 35, 4096])",torch.bfloat16,286720
t_458,"torch.Size([4096, 4096])",torch.bfloat16,33554432
view_1230,"torch.Size([35, 4096])",torch.bfloat16,286720
mm_377,"torch.Size([35, 4096])",torch.bfloat16,286720
view_1231,"torch.Size([1, 35, 4096])",torch.bfloat16,286720
t_459,"torch.Size([4096, 1024])",torch.bfloat16,8388608
view_1232,"torch.Size([35, 4096])",torch.bfloat16,286720
mm_378,"torch.Size([35, 1024])",torch.bfloat16,71680
view_1233,"torch.Size([1, 35, 1024])",torch.bfloat16,71680
t_460,"torch.Size([4096, 1024])",torch.bfloat16,8388608
view_1234,"torch.Size([35, 4096])",torch.bfloat16,286720
mm_379,"torch.Size([35, 1024])",torch.bfloat16,71680
view_1235,"torch.Size([1, 35, 1024])",torch.bfloat16,71680
view_1236,"torch.Size([1, 35, 32, 128])",torch.bfloat16,286720
transpose_287,"torch.Size([1, 32, 35, 128])",torch.bfloat16,286720
view_1237,"torch.Size([1, 35, 8, 128])",torch.bfloat16,71680
transpose_288,"torch.Size([1, 8, 35, 128])",torch.bfloat16,71680
view_1238,"torch.Size([1, 35, 8, 128])",torch.bfloat16,71680
transpose_289,"torch.Size([1, 8, 35, 128])",torch.bfloat16,71680
unsqueeze_125,"torch.Size([1, 1, 35, 128])",torch.bfloat16,8960
unsqueeze_126,"torch.Size([1, 1, 35, 128])",torch.bfloat16,8960
mul_325,"torch.Size([1, 32, 35, 128])",torch.bfloat16,286720
slice_504,"torch.Size([1, 32, 35, 64])",torch.bfloat16,143360
slice_505,"torch.Size([1, 32, 35, 64])",torch.bfloat16,143360
neg_50,"torch.Size([1, 32, 35, 64])",torch.bfloat16,143360
cat_53,"torch.Size([1, 32, 35, 128])",torch.bfloat16,286720
mul_326,"torch.Size([1, 32, 35, 128])",torch.bfloat16,286720
add_272,"torch.Size([1, 32, 35, 128])",torch.bfloat16,286720
mul_327,"torch.Size([1, 8, 35, 128])",torch.bfloat16,71680
slice_506,"torch.Size([1, 8, 35, 64])",torch.bfloat16,35840
slice_507,"torch.Size([1, 8, 35, 64])",torch.bfloat16,35840
neg_51,"torch.Size([1, 8, 35, 64])",torch.bfloat16,35840
cat_54,"torch.Size([1, 8, 35, 128])",torch.bfloat16,71680
mul_328,"torch.Size([1, 8, 35, 128])",torch.bfloat16,71680
add_273,"torch.Size([1, 8, 35, 128])",torch.bfloat16,71680
slice_508,"torch.Size([1, 8, 35, 128])",torch.bfloat16,71680
slice_509,"torch.Size([1, 8, 35, 128])",torch.bfloat16,71680
unsqueeze_127,"torch.Size([1, 8, 1, 35, 128])",torch.bfloat16,71680
slice_510,"torch.Size([1, 8, 1, 35, 128])",torch.bfloat16,71680
slice_511,"torch.Size([1, 8, 1, 35, 128])",torch.bfloat16,71680
expand_142,"torch.Size([1, 8, 4, 35, 128])",torch.bfloat16,286720
clone_95,"torch.Size([1, 8, 4, 35, 128])",torch.bfloat16,286720
_unsafe_view_62,"torch.Size([1, 32, 35, 128])",torch.bfloat16,286720
slice_512,"torch.Size([1, 8, 35, 128])",torch.bfloat16,71680
slice_513,"torch.Size([1, 8, 35, 128])",torch.bfloat16,71680
unsqueeze_128,"torch.Size([1, 8, 1, 35, 128])",torch.bfloat16,71680
slice_514,"torch.Size([1, 8, 1, 35, 128])",torch.bfloat16,71680
slice_515,"torch.Size([1, 8, 1, 35, 128])",torch.bfloat16,71680
expand_143,"torch.Size([1, 8, 4, 35, 128])",torch.bfloat16,286720
clone_96,"torch.Size([1, 8, 4, 35, 128])",torch.bfloat16,286720
_unsafe_view_63,"torch.Size([1, 32, 35, 128])",torch.bfloat16,286720
slice_516,"torch.Size([1, 1, 35, 35])",torch.bfloat16,2450
slice_517,"torch.Size([1, 1, 35, 35])",torch.bfloat16,2450
slice_518,"torch.Size([1, 1, 35, 35])",torch.bfloat16,2450
clone_97,"torch.Size([1, 32, 35, 128])",torch.bfloat16,286720
constant_pad_nd_32,"torch.Size([1, 1, 35, 40])",torch.bfloat16,2800
slice_519,"torch.Size([1, 1, 35, 35])",torch.bfloat16,2450
expand_144,"torch.Size([1, 32, 35, 35])",torch.bfloat16,78400
getitem_530,"torch.Size([1, 32, 35, 128])",torch.bfloat16,286720
transpose_290,"torch.Size([1, 35, 32, 128])",torch.bfloat16,286720
view_1239,"torch.Size([1, 35, 4096])",torch.bfloat16,286720
t_461,"torch.Size([4096, 4096])",torch.bfloat16,33554432
view_1240,"torch.Size([35, 4096])",torch.bfloat16,286720
mm_380,"torch.Size([35, 4096])",torch.bfloat16,286720
view_1241,"torch.Size([1, 35, 4096])",torch.bfloat16,286720
add_274,"torch.Size([1, 35, 4096])",torch.bfloat16,286720
_to_copy_158,"torch.Size([1, 35, 4096])",torch.float32,573440
pow_76,"torch.Size([1, 35, 4096])",torch.float32,573440
mean_75,"torch.Size([1, 35, 1])",torch.float32,140
add_275,"torch.Size([1, 35, 1])",torch.float32,140
rsqrt_75,"torch.Size([1, 35, 1])",torch.float32,140
mul_329,"torch.Size([1, 35, 4096])",torch.float32,573440
_to_copy_159,"torch.Size([1, 35, 4096])",torch.bfloat16,286720
mul_330,"torch.Size([1, 35, 4096])",torch.bfloat16,286720
t_462,"torch.Size([4096, 14336])",torch.bfloat16,117440512
view_1242,"torch.Size([35, 4096])",torch.bfloat16,286720
mm_381,"torch.Size([35, 14336])",torch.bfloat16,1003520
view_1243,"torch.Size([1, 35, 14336])",torch.bfloat16,1003520
silu_31,"torch.Size([1, 35, 14336])",torch.bfloat16,1003520
t_463,"torch.Size([4096, 14336])",torch.bfloat16,117440512
view_1244,"torch.Size([35, 4096])",torch.bfloat16,286720
mm_382,"torch.Size([35, 14336])",torch.bfloat16,1003520
view_1245,"torch.Size([1, 35, 14336])",torch.bfloat16,1003520
mul_331,"torch.Size([1, 35, 14336])",torch.bfloat16,1003520
t_464,"torch.Size([14336, 4096])",torch.bfloat16,117440512
view_1246,"torch.Size([35, 14336])",torch.bfloat16,1003520
mm_383,"torch.Size([35, 4096])",torch.bfloat16,286720
view_1247,"torch.Size([1, 35, 4096])",torch.bfloat16,286720
add_276,"torch.Size([1, 35, 4096])",torch.bfloat16,286720
_to_copy_160,"torch.Size([1, 35, 4096])",torch.float32,573440
pow_77,"torch.Size([1, 35, 4096])",torch.float32,573440
mean_76,"torch.Size([1, 35, 1])",torch.float32,140
add_277,"torch.Size([1, 35, 1])",torch.float32,140
rsqrt_76,"torch.Size([1, 35, 1])",torch.float32,140
mul_332,"torch.Size([1, 35, 4096])",torch.float32,573440
_to_copy_161,"torch.Size([1, 35, 4096])",torch.bfloat16,286720
mul_333,"torch.Size([1, 35, 4096])",torch.bfloat16,286720
t_465,"torch.Size([4096, 4096])",torch.bfloat16,33554432
view_1248,"torch.Size([35, 4096])",torch.bfloat16,286720
mm_384,"torch.Size([35, 4096])",torch.bfloat16,286720
view_1249,"torch.Size([1, 35, 4096])",torch.bfloat16,286720
t_466,"torch.Size([4096, 1024])",torch.bfloat16,8388608
view_1250,"torch.Size([35, 4096])",torch.bfloat16,286720
mm_385,"torch.Size([35, 1024])",torch.bfloat16,71680
view_1251,"torch.Size([1, 35, 1024])",torch.bfloat16,71680
t_467,"torch.Size([4096, 1024])",torch.bfloat16,8388608
view_1252,"torch.Size([35, 4096])",torch.bfloat16,286720
mm_386,"torch.Size([35, 1024])",torch.bfloat16,71680
view_1253,"torch.Size([1, 35, 1024])",torch.bfloat16,71680
view_1254,"torch.Size([1, 35, 32, 128])",torch.bfloat16,286720
transpose_291,"torch.Size([1, 32, 35, 128])",torch.bfloat16,286720
view_1255,"torch.Size([1, 35, 8, 128])",torch.bfloat16,71680
transpose_292,"torch.Size([1, 8, 35, 128])",torch.bfloat16,71680
view_1256,"torch.Size([1, 35, 8, 128])",torch.bfloat16,71680
transpose_293,"torch.Size([1, 8, 35, 128])",torch.bfloat16,71680
unsqueeze_129,"torch.Size([1, 1, 35, 128])",torch.bfloat16,8960
unsqueeze_130,"torch.Size([1, 1, 35, 128])",torch.bfloat16,8960
mul_334,"torch.Size([1, 32, 35, 128])",torch.bfloat16,286720
slice_520,"torch.Size([1, 32, 35, 64])",torch.bfloat16,143360
slice_521,"torch.Size([1, 32, 35, 64])",torch.bfloat16,143360
neg_52,"torch.Size([1, 32, 35, 64])",torch.bfloat16,143360
cat_55,"torch.Size([1, 32, 35, 128])",torch.bfloat16,286720
mul_335,"torch.Size([1, 32, 35, 128])",torch.bfloat16,286720
add_278,"torch.Size([1, 32, 35, 128])",torch.bfloat16,286720
mul_336,"torch.Size([1, 8, 35, 128])",torch.bfloat16,71680
slice_522,"torch.Size([1, 8, 35, 64])",torch.bfloat16,35840
slice_523,"torch.Size([1, 8, 35, 64])",torch.bfloat16,35840
neg_53,"torch.Size([1, 8, 35, 64])",torch.bfloat16,35840
cat_56,"torch.Size([1, 8, 35, 128])",torch.bfloat16,71680
mul_337,"torch.Size([1, 8, 35, 128])",torch.bfloat16,71680
add_279,"torch.Size([1, 8, 35, 128])",torch.bfloat16,71680
slice_524,"torch.Size([1, 8, 35, 128])",torch.bfloat16,71680
slice_525,"torch.Size([1, 8, 35, 128])",torch.bfloat16,71680
unsqueeze_131,"torch.Size([1, 8, 1, 35, 128])",torch.bfloat16,71680
slice_526,"torch.Size([1, 8, 1, 35, 128])",torch.bfloat16,71680
slice_527,"torch.Size([1, 8, 1, 35, 128])",torch.bfloat16,71680
expand_145,"torch.Size([1, 8, 4, 35, 128])",torch.bfloat16,286720
clone_98,"torch.Size([1, 8, 4, 35, 128])",torch.bfloat16,286720
_unsafe_view_64,"torch.Size([1, 32, 35, 128])",torch.bfloat16,286720
slice_528,"torch.Size([1, 8, 35, 128])",torch.bfloat16,71680
slice_529,"torch.Size([1, 8, 35, 128])",torch.bfloat16,71680
unsqueeze_132,"torch.Size([1, 8, 1, 35, 128])",torch.bfloat16,71680
slice_530,"torch.Size([1, 8, 1, 35, 128])",torch.bfloat16,71680
slice_531,"torch.Size([1, 8, 1, 35, 128])",torch.bfloat16,71680
expand_146,"torch.Size([1, 8, 4, 35, 128])",torch.bfloat16,286720
clone_99,"torch.Size([1, 8, 4, 35, 128])",torch.bfloat16,286720
_unsafe_view_65,"torch.Size([1, 32, 35, 128])",torch.bfloat16,286720
slice_532,"torch.Size([1, 1, 35, 35])",torch.bfloat16,2450
slice_533,"torch.Size([1, 1, 35, 35])",torch.bfloat16,2450
slice_534,"torch.Size([1, 1, 35, 35])",torch.bfloat16,2450
clone_100,"torch.Size([1, 32, 35, 128])",torch.bfloat16,286720
constant_pad_nd_33,"torch.Size([1, 1, 35, 40])",torch.bfloat16,2800
slice_535,"torch.Size([1, 1, 35, 35])",torch.bfloat16,2450
expand_147,"torch.Size([1, 32, 35, 35])",torch.bfloat16,78400
getitem_534,"torch.Size([1, 32, 35, 128])",torch.bfloat16,286720
transpose_294,"torch.Size([1, 35, 32, 128])",torch.bfloat16,286720
view_1257,"torch.Size([1, 35, 4096])",torch.bfloat16,286720
t_468,"torch.Size([4096, 4096])",torch.bfloat16,33554432
view_1258,"torch.Size([35, 4096])",torch.bfloat16,286720
mm_387,"torch.Size([35, 4096])",torch.bfloat16,286720
view_1259,"torch.Size([1, 35, 4096])",torch.bfloat16,286720
add_280,"torch.Size([1, 35, 4096])",torch.bfloat16,286720
_to_copy_162,"torch.Size([1, 35, 4096])",torch.float32,573440
pow_78,"torch.Size([1, 35, 4096])",torch.float32,573440
mean_77,"torch.Size([1, 35, 1])",torch.float32,140
add_281,"torch.Size([1, 35, 1])",torch.float32,140
rsqrt_77,"torch.Size([1, 35, 1])",torch.float32,140
mul_338,"torch.Size([1, 35, 4096])",torch.float32,573440
_to_copy_163,"torch.Size([1, 35, 4096])",torch.bfloat16,286720
mul_339,"torch.Size([1, 35, 4096])",torch.bfloat16,286720
t_469,"torch.Size([4096, 14336])",torch.bfloat16,117440512
view_1260,"torch.Size([35, 4096])",torch.bfloat16,286720
mm_388,"torch.Size([35, 14336])",torch.bfloat16,1003520
view_1261,"torch.Size([1, 35, 14336])",torch.bfloat16,1003520
silu_32,"torch.Size([1, 35, 14336])",torch.bfloat16,1003520
t_470,"torch.Size([4096, 14336])",torch.bfloat16,117440512
view_1262,"torch.Size([35, 4096])",torch.bfloat16,286720
mm_389,"torch.Size([35, 14336])",torch.bfloat16,1003520
view_1263,"torch.Size([1, 35, 14336])",torch.bfloat16,1003520
mul_340,"torch.Size([1, 35, 14336])",torch.bfloat16,1003520
t_471,"torch.Size([14336, 4096])",torch.bfloat16,117440512
view_1264,"torch.Size([35, 14336])",torch.bfloat16,1003520
mm_390,"torch.Size([35, 4096])",torch.bfloat16,286720
view_1265,"torch.Size([1, 35, 4096])",torch.bfloat16,286720
add_282,"torch.Size([1, 35, 4096])",torch.bfloat16,286720
_to_copy_164,"torch.Size([1, 35, 4096])",torch.float32,573440
pow_79,"torch.Size([1, 35, 4096])",torch.float32,573440
mean_78,"torch.Size([1, 35, 1])",torch.float32,140
add_283,"torch.Size([1, 35, 1])",torch.float32,140
rsqrt_78,"torch.Size([1, 35, 1])",torch.float32,140
mul_341,"torch.Size([1, 35, 4096])",torch.float32,573440
_to_copy_165,"torch.Size([1, 35, 4096])",torch.bfloat16,286720
mul_342,"torch.Size([1, 35, 4096])",torch.bfloat16,286720
t_472,"torch.Size([4096, 4096])",torch.bfloat16,33554432
view_1266,"torch.Size([35, 4096])",torch.bfloat16,286720
mm_391,"torch.Size([35, 4096])",torch.bfloat16,286720
view_1267,"torch.Size([1, 35, 4096])",torch.bfloat16,286720
view_1268,"torch.Size([1, 35, 32, 128])",torch.bfloat16,286720
transpose_295,"torch.Size([1, 32, 35, 128])",torch.bfloat16,286720
_to_copy_166,"torch.Size([1, 32, 35, 128])",torch.float32,573440
pow_80,"torch.Size([1, 32, 35, 128])",torch.float32,573440
mean_79,"torch.Size([1, 32, 35, 1])",torch.float32,4480
add_284,"torch.Size([1, 32, 35, 1])",torch.float32,4480
rsqrt_79,"torch.Size([1, 32, 35, 1])",torch.float32,4480
mul_343,"torch.Size([1, 32, 35, 128])",torch.float32,573440
_to_copy_167,"torch.Size([1, 32, 35, 128])",torch.bfloat16,286720
mul_344,"torch.Size([1, 32, 35, 128])",torch.bfloat16,286720
t_473,"torch.Size([4096, 1024])",torch.bfloat16,8388608
view_1269,"torch.Size([6404, 4096])",torch.bfloat16,52461568
mm_392,"torch.Size([6404, 1024])",torch.bfloat16,13115392
view_1270,"torch.Size([4, 1601, 1024])",torch.bfloat16,13115392
t_474,"torch.Size([4096, 1024])",torch.bfloat16,8388608
view_1271,"torch.Size([6404, 4096])",torch.bfloat16,52461568
mm_393,"torch.Size([6404, 1024])",torch.bfloat16,13115392
view_1272,"torch.Size([4, 1601, 1024])",torch.bfloat16,13115392
view_1273,"torch.Size([1, 6404, 8, 128])",torch.bfloat16,13115392
transpose_296,"torch.Size([1, 8, 6404, 128])",torch.bfloat16,13115392
view_1274,"torch.Size([1, 6404, 8, 128])",torch.bfloat16,13115392
transpose_297,"torch.Size([1, 8, 6404, 128])",torch.bfloat16,13115392
slice_536,"torch.Size([1, 8, 6404, 128])",torch.bfloat16,13115392
slice_537,"torch.Size([1, 8, 6404, 128])",torch.bfloat16,13115392
unsqueeze_133,"torch.Size([1, 8, 1, 6404, 128])",torch.bfloat16,13115392
slice_538,"torch.Size([1, 8, 1, 6404, 128])",torch.bfloat16,13115392
slice_539,"torch.Size([1, 8, 1, 6404, 128])",torch.bfloat16,13115392
expand_148,"torch.Size([1, 8, 4, 6404, 128])",torch.bfloat16,52461568
clone_101,"torch.Size([1, 8, 4, 6404, 128])",torch.bfloat16,52461568
_unsafe_view_66,"torch.Size([1, 32, 6404, 128])",torch.bfloat16,52461568
slice_540,"torch.Size([1, 8, 6404, 128])",torch.bfloat16,13115392
slice_541,"torch.Size([1, 8, 6404, 128])",torch.bfloat16,13115392
unsqueeze_134,"torch.Size([1, 8, 1, 6404, 128])",torch.bfloat16,13115392
slice_542,"torch.Size([1, 8, 1, 6404, 128])",torch.bfloat16,13115392
slice_543,"torch.Size([1, 8, 1, 6404, 128])",torch.bfloat16,13115392
expand_149,"torch.Size([1, 8, 4, 6404, 128])",torch.bfloat16,52461568
clone_102,"torch.Size([1, 8, 4, 6404, 128])",torch.bfloat16,52461568
_unsafe_view_67,"torch.Size([1, 32, 6404, 128])",torch.bfloat16,52461568
_to_copy_168,"torch.Size([1, 32, 6404, 128])",torch.float32,104923136
pow_81,"torch.Size([1, 32, 6404, 128])",torch.float32,104923136
mean_80,"torch.Size([1, 32, 6404, 1])",torch.float32,819712
add_285,"torch.Size([1, 32, 6404, 1])",torch.float32,819712
rsqrt_80,"torch.Size([1, 32, 6404, 1])",torch.float32,819712
mul_345,"torch.Size([1, 32, 6404, 128])",torch.float32,104923136
_to_copy_169,"torch.Size([1, 32, 6404, 128])",torch.bfloat16,52461568
mul_346,"torch.Size([1, 32, 6404, 128])",torch.bfloat16,52461568
clone_103,"torch.Size([1, 32, 35, 128])",torch.bfloat16,286720
constant_pad_nd_34,"torch.Size([1, 1, 35, 6408])",torch.bfloat16,448560
slice_544,"torch.Size([1, 1, 35, 6404])",torch.bfloat16,448280
expand_150,"torch.Size([1, 32, 35, 6404])",torch.bfloat16,14344960
getitem_538,"torch.Size([1, 32, 35, 128])",torch.bfloat16,286720
transpose_298,"torch.Size([1, 35, 32, 128])",torch.bfloat16,286720
view_1275,"torch.Size([1, 35, 4096])",torch.bfloat16,286720
t_475,"torch.Size([4096, 4096])",torch.bfloat16,33554432
view_1276,"torch.Size([35, 4096])",torch.bfloat16,286720
mm_394,"torch.Size([35, 4096])",torch.bfloat16,286720
view_1277,"torch.Size([1, 35, 4096])",torch.bfloat16,286720
tanh_32,torch.Size([1]),torch.bfloat16,2
mul_347,"torch.Size([1, 35, 4096])",torch.bfloat16,286720
add_286,"torch.Size([1, 35, 4096])",torch.bfloat16,286720
_to_copy_170,"torch.Size([1, 35, 4096])",torch.float32,573440
pow_82,"torch.Size([1, 35, 4096])",torch.float32,573440
mean_81,"torch.Size([1, 35, 1])",torch.float32,140
add_287,"torch.Size([1, 35, 1])",torch.float32,140
rsqrt_81,"torch.Size([1, 35, 1])",torch.float32,140
mul_348,"torch.Size([1, 35, 4096])",torch.float32,573440
_to_copy_171,"torch.Size([1, 35, 4096])",torch.bfloat16,286720
mul_349,"torch.Size([1, 35, 4096])",torch.bfloat16,286720
t_476,"torch.Size([4096, 14336])",torch.bfloat16,117440512
view_1278,"torch.Size([35, 4096])",torch.bfloat16,286720
mm_395,"torch.Size([35, 14336])",torch.bfloat16,1003520
view_1279,"torch.Size([1, 35, 14336])",torch.bfloat16,1003520
silu_33,"torch.Size([1, 35, 14336])",torch.bfloat16,1003520
t_477,"torch.Size([4096, 14336])",torch.bfloat16,117440512
view_1280,"torch.Size([35, 4096])",torch.bfloat16,286720
mm_396,"torch.Size([35, 14336])",torch.bfloat16,1003520
view_1281,"torch.Size([1, 35, 14336])",torch.bfloat16,1003520
mul_350,"torch.Size([1, 35, 14336])",torch.bfloat16,1003520
t_478,"torch.Size([14336, 4096])",torch.bfloat16,117440512
view_1282,"torch.Size([35, 14336])",torch.bfloat16,1003520
mm_397,"torch.Size([35, 4096])",torch.bfloat16,286720
view_1283,"torch.Size([1, 35, 4096])",torch.bfloat16,286720
slice_545,"torch.Size([1, 1, 35, 1])",torch.bfloat16,70
select_6,"torch.Size([1, 35, 1])",torch.bfloat16,70
mul_351,"torch.Size([1, 35, 4096])",torch.bfloat16,286720
tanh_33,torch.Size([1]),torch.bfloat16,2
mul_352,"torch.Size([1, 35, 4096])",torch.bfloat16,286720
add_288,"torch.Size([1, 35, 4096])",torch.bfloat16,286720
_to_copy_172,"torch.Size([1, 35, 4096])",torch.float32,573440
pow_83,"torch.Size([1, 35, 4096])",torch.float32,573440
mean_82,"torch.Size([1, 35, 1])",torch.float32,140
add_289,"torch.Size([1, 35, 1])",torch.float32,140
rsqrt_82,"torch.Size([1, 35, 1])",torch.float32,140
mul_353,"torch.Size([1, 35, 4096])",torch.float32,573440
_to_copy_173,"torch.Size([1, 35, 4096])",torch.bfloat16,286720
mul_354,"torch.Size([1, 35, 4096])",torch.bfloat16,286720
t_479,"torch.Size([4096, 4096])",torch.bfloat16,33554432
view_1284,"torch.Size([35, 4096])",torch.bfloat16,286720
mm_398,"torch.Size([35, 4096])",torch.bfloat16,286720
view_1285,"torch.Size([1, 35, 4096])",torch.bfloat16,286720
t_480,"torch.Size([4096, 1024])",torch.bfloat16,8388608
view_1286,"torch.Size([35, 4096])",torch.bfloat16,286720
mm_399,"torch.Size([35, 1024])",torch.bfloat16,71680
view_1287,"torch.Size([1, 35, 1024])",torch.bfloat16,71680
t_481,"torch.Size([4096, 1024])",torch.bfloat16,8388608
view_1288,"torch.Size([35, 4096])",torch.bfloat16,286720
mm_400,"torch.Size([35, 1024])",torch.bfloat16,71680
view_1289,"torch.Size([1, 35, 1024])",torch.bfloat16,71680
view_1290,"torch.Size([1, 35, 32, 128])",torch.bfloat16,286720
transpose_299,"torch.Size([1, 32, 35, 128])",torch.bfloat16,286720
view_1291,"torch.Size([1, 35, 8, 128])",torch.bfloat16,71680
transpose_300,"torch.Size([1, 8, 35, 128])",torch.bfloat16,71680
view_1292,"torch.Size([1, 35, 8, 128])",torch.bfloat16,71680
transpose_301,"torch.Size([1, 8, 35, 128])",torch.bfloat16,71680
unsqueeze_135,"torch.Size([1, 1, 35, 128])",torch.bfloat16,8960
unsqueeze_136,"torch.Size([1, 1, 35, 128])",torch.bfloat16,8960
mul_355,"torch.Size([1, 32, 35, 128])",torch.bfloat16,286720
slice_546,"torch.Size([1, 32, 35, 64])",torch.bfloat16,143360
slice_547,"torch.Size([1, 32, 35, 64])",torch.bfloat16,143360
neg_54,"torch.Size([1, 32, 35, 64])",torch.bfloat16,143360
cat_57,"torch.Size([1, 32, 35, 128])",torch.bfloat16,286720
mul_356,"torch.Size([1, 32, 35, 128])",torch.bfloat16,286720
add_290,"torch.Size([1, 32, 35, 128])",torch.bfloat16,286720
mul_357,"torch.Size([1, 8, 35, 128])",torch.bfloat16,71680
slice_548,"torch.Size([1, 8, 35, 64])",torch.bfloat16,35840
slice_549,"torch.Size([1, 8, 35, 64])",torch.bfloat16,35840
neg_55,"torch.Size([1, 8, 35, 64])",torch.bfloat16,35840
cat_58,"torch.Size([1, 8, 35, 128])",torch.bfloat16,71680
mul_358,"torch.Size([1, 8, 35, 128])",torch.bfloat16,71680
add_291,"torch.Size([1, 8, 35, 128])",torch.bfloat16,71680
slice_550,"torch.Size([1, 8, 35, 128])",torch.bfloat16,71680
slice_551,"torch.Size([1, 8, 35, 128])",torch.bfloat16,71680
unsqueeze_137,"torch.Size([1, 8, 1, 35, 128])",torch.bfloat16,71680
slice_552,"torch.Size([1, 8, 1, 35, 128])",torch.bfloat16,71680
slice_553,"torch.Size([1, 8, 1, 35, 128])",torch.bfloat16,71680
expand_151,"torch.Size([1, 8, 4, 35, 128])",torch.bfloat16,286720
clone_104,"torch.Size([1, 8, 4, 35, 128])",torch.bfloat16,286720
_unsafe_view_68,"torch.Size([1, 32, 35, 128])",torch.bfloat16,286720
slice_554,"torch.Size([1, 8, 35, 128])",torch.bfloat16,71680
slice_555,"torch.Size([1, 8, 35, 128])",torch.bfloat16,71680
unsqueeze_138,"torch.Size([1, 8, 1, 35, 128])",torch.bfloat16,71680
slice_556,"torch.Size([1, 8, 1, 35, 128])",torch.bfloat16,71680
slice_557,"torch.Size([1, 8, 1, 35, 128])",torch.bfloat16,71680
expand_152,"torch.Size([1, 8, 4, 35, 128])",torch.bfloat16,286720
clone_105,"torch.Size([1, 8, 4, 35, 128])",torch.bfloat16,286720
_unsafe_view_69,"torch.Size([1, 32, 35, 128])",torch.bfloat16,286720
slice_558,"torch.Size([1, 1, 35, 35])",torch.bfloat16,2450
slice_559,"torch.Size([1, 1, 35, 35])",torch.bfloat16,2450
slice_560,"torch.Size([1, 1, 35, 35])",torch.bfloat16,2450
clone_106,"torch.Size([1, 32, 35, 128])",torch.bfloat16,286720
constant_pad_nd_35,"torch.Size([1, 1, 35, 40])",torch.bfloat16,2800
slice_561,"torch.Size([1, 1, 35, 35])",torch.bfloat16,2450
expand_153,"torch.Size([1, 32, 35, 35])",torch.bfloat16,78400
getitem_542,"torch.Size([1, 32, 35, 128])",torch.bfloat16,286720
transpose_302,"torch.Size([1, 35, 32, 128])",torch.bfloat16,286720
view_1293,"torch.Size([1, 35, 4096])",torch.bfloat16,286720
t_482,"torch.Size([4096, 4096])",torch.bfloat16,33554432
view_1294,"torch.Size([35, 4096])",torch.bfloat16,286720
mm_401,"torch.Size([35, 4096])",torch.bfloat16,286720
view_1295,"torch.Size([1, 35, 4096])",torch.bfloat16,286720
add_292,"torch.Size([1, 35, 4096])",torch.bfloat16,286720
_to_copy_174,"torch.Size([1, 35, 4096])",torch.float32,573440
pow_84,"torch.Size([1, 35, 4096])",torch.float32,573440
mean_83,"torch.Size([1, 35, 1])",torch.float32,140
add_293,"torch.Size([1, 35, 1])",torch.float32,140
rsqrt_83,"torch.Size([1, 35, 1])",torch.float32,140
mul_359,"torch.Size([1, 35, 4096])",torch.float32,573440
_to_copy_175,"torch.Size([1, 35, 4096])",torch.bfloat16,286720
mul_360,"torch.Size([1, 35, 4096])",torch.bfloat16,286720
t_483,"torch.Size([4096, 14336])",torch.bfloat16,117440512
view_1296,"torch.Size([35, 4096])",torch.bfloat16,286720
mm_402,"torch.Size([35, 14336])",torch.bfloat16,1003520
view_1297,"torch.Size([1, 35, 14336])",torch.bfloat16,1003520
silu_34,"torch.Size([1, 35, 14336])",torch.bfloat16,1003520
t_484,"torch.Size([4096, 14336])",torch.bfloat16,117440512
view_1298,"torch.Size([35, 4096])",torch.bfloat16,286720
mm_403,"torch.Size([35, 14336])",torch.bfloat16,1003520
view_1299,"torch.Size([1, 35, 14336])",torch.bfloat16,1003520
mul_361,"torch.Size([1, 35, 14336])",torch.bfloat16,1003520
t_485,"torch.Size([14336, 4096])",torch.bfloat16,117440512
view_1300,"torch.Size([35, 14336])",torch.bfloat16,1003520
mm_404,"torch.Size([35, 4096])",torch.bfloat16,286720
view_1301,"torch.Size([1, 35, 4096])",torch.bfloat16,286720
add_294,"torch.Size([1, 35, 4096])",torch.bfloat16,286720
_to_copy_176,"torch.Size([1, 35, 4096])",torch.float32,573440
pow_85,"torch.Size([1, 35, 4096])",torch.float32,573440
mean_84,"torch.Size([1, 35, 1])",torch.float32,140
add_295,"torch.Size([1, 35, 1])",torch.float32,140
rsqrt_84,"torch.Size([1, 35, 1])",torch.float32,140
mul_362,"torch.Size([1, 35, 4096])",torch.float32,573440
_to_copy_177,"torch.Size([1, 35, 4096])",torch.bfloat16,286720
mul_363,"torch.Size([1, 35, 4096])",torch.bfloat16,286720
t_486,"torch.Size([4096, 4096])",torch.bfloat16,33554432
view_1302,"torch.Size([35, 4096])",torch.bfloat16,286720
mm_405,"torch.Size([35, 4096])",torch.bfloat16,286720
view_1303,"torch.Size([1, 35, 4096])",torch.bfloat16,286720
t_487,"torch.Size([4096, 1024])",torch.bfloat16,8388608
view_1304,"torch.Size([35, 4096])",torch.bfloat16,286720
mm_406,"torch.Size([35, 1024])",torch.bfloat16,71680
view_1305,"torch.Size([1, 35, 1024])",torch.bfloat16,71680
t_488,"torch.Size([4096, 1024])",torch.bfloat16,8388608
view_1306,"torch.Size([35, 4096])",torch.bfloat16,286720
mm_407,"torch.Size([35, 1024])",torch.bfloat16,71680
view_1307,"torch.Size([1, 35, 1024])",torch.bfloat16,71680
view_1308,"torch.Size([1, 35, 32, 128])",torch.bfloat16,286720
transpose_303,"torch.Size([1, 32, 35, 128])",torch.bfloat16,286720
view_1309,"torch.Size([1, 35, 8, 128])",torch.bfloat16,71680
transpose_304,"torch.Size([1, 8, 35, 128])",torch.bfloat16,71680
view_1310,"torch.Size([1, 35, 8, 128])",torch.bfloat16,71680
transpose_305,"torch.Size([1, 8, 35, 128])",torch.bfloat16,71680
unsqueeze_139,"torch.Size([1, 1, 35, 128])",torch.bfloat16,8960
unsqueeze_140,"torch.Size([1, 1, 35, 128])",torch.bfloat16,8960
mul_364,"torch.Size([1, 32, 35, 128])",torch.bfloat16,286720
slice_562,"torch.Size([1, 32, 35, 64])",torch.bfloat16,143360
slice_563,"torch.Size([1, 32, 35, 64])",torch.bfloat16,143360
neg_56,"torch.Size([1, 32, 35, 64])",torch.bfloat16,143360
cat_59,"torch.Size([1, 32, 35, 128])",torch.bfloat16,286720
mul_365,"torch.Size([1, 32, 35, 128])",torch.bfloat16,286720
add_296,"torch.Size([1, 32, 35, 128])",torch.bfloat16,286720
mul_366,"torch.Size([1, 8, 35, 128])",torch.bfloat16,71680
slice_564,"torch.Size([1, 8, 35, 64])",torch.bfloat16,35840
slice_565,"torch.Size([1, 8, 35, 64])",torch.bfloat16,35840
neg_57,"torch.Size([1, 8, 35, 64])",torch.bfloat16,35840
cat_60,"torch.Size([1, 8, 35, 128])",torch.bfloat16,71680
mul_367,"torch.Size([1, 8, 35, 128])",torch.bfloat16,71680
add_297,"torch.Size([1, 8, 35, 128])",torch.bfloat16,71680
slice_566,"torch.Size([1, 8, 35, 128])",torch.bfloat16,71680
slice_567,"torch.Size([1, 8, 35, 128])",torch.bfloat16,71680
unsqueeze_141,"torch.Size([1, 8, 1, 35, 128])",torch.bfloat16,71680
slice_568,"torch.Size([1, 8, 1, 35, 128])",torch.bfloat16,71680
slice_569,"torch.Size([1, 8, 1, 35, 128])",torch.bfloat16,71680
expand_154,"torch.Size([1, 8, 4, 35, 128])",torch.bfloat16,286720
clone_107,"torch.Size([1, 8, 4, 35, 128])",torch.bfloat16,286720
_unsafe_view_70,"torch.Size([1, 32, 35, 128])",torch.bfloat16,286720
slice_570,"torch.Size([1, 8, 35, 128])",torch.bfloat16,71680
slice_571,"torch.Size([1, 8, 35, 128])",torch.bfloat16,71680
unsqueeze_142,"torch.Size([1, 8, 1, 35, 128])",torch.bfloat16,71680
slice_572,"torch.Size([1, 8, 1, 35, 128])",torch.bfloat16,71680
slice_573,"torch.Size([1, 8, 1, 35, 128])",torch.bfloat16,71680
expand_155,"torch.Size([1, 8, 4, 35, 128])",torch.bfloat16,286720
clone_108,"torch.Size([1, 8, 4, 35, 128])",torch.bfloat16,286720
_unsafe_view_71,"torch.Size([1, 32, 35, 128])",torch.bfloat16,286720
slice_574,"torch.Size([1, 1, 35, 35])",torch.bfloat16,2450
slice_575,"torch.Size([1, 1, 35, 35])",torch.bfloat16,2450
slice_576,"torch.Size([1, 1, 35, 35])",torch.bfloat16,2450
clone_109,"torch.Size([1, 32, 35, 128])",torch.bfloat16,286720
constant_pad_nd_36,"torch.Size([1, 1, 35, 40])",torch.bfloat16,2800
slice_577,"torch.Size([1, 1, 35, 35])",torch.bfloat16,2450
expand_156,"torch.Size([1, 32, 35, 35])",torch.bfloat16,78400
getitem_546,"torch.Size([1, 32, 35, 128])",torch.bfloat16,286720
transpose_306,"torch.Size([1, 35, 32, 128])",torch.bfloat16,286720
view_1311,"torch.Size([1, 35, 4096])",torch.bfloat16,286720
t_489,"torch.Size([4096, 4096])",torch.bfloat16,33554432
view_1312,"torch.Size([35, 4096])",torch.bfloat16,286720
mm_408,"torch.Size([35, 4096])",torch.bfloat16,286720
view_1313,"torch.Size([1, 35, 4096])",torch.bfloat16,286720
add_298,"torch.Size([1, 35, 4096])",torch.bfloat16,286720
_to_copy_178,"torch.Size([1, 35, 4096])",torch.float32,573440
pow_86,"torch.Size([1, 35, 4096])",torch.float32,573440
mean_85,"torch.Size([1, 35, 1])",torch.float32,140
add_299,"torch.Size([1, 35, 1])",torch.float32,140
rsqrt_85,"torch.Size([1, 35, 1])",torch.float32,140
mul_368,"torch.Size([1, 35, 4096])",torch.float32,573440
_to_copy_179,"torch.Size([1, 35, 4096])",torch.bfloat16,286720
mul_369,"torch.Size([1, 35, 4096])",torch.bfloat16,286720
t_490,"torch.Size([4096, 14336])",torch.bfloat16,117440512
view_1314,"torch.Size([35, 4096])",torch.bfloat16,286720
mm_409,"torch.Size([35, 14336])",torch.bfloat16,1003520
view_1315,"torch.Size([1, 35, 14336])",torch.bfloat16,1003520
silu_35,"torch.Size([1, 35, 14336])",torch.bfloat16,1003520
t_491,"torch.Size([4096, 14336])",torch.bfloat16,117440512
view_1316,"torch.Size([35, 4096])",torch.bfloat16,286720
mm_410,"torch.Size([35, 14336])",torch.bfloat16,1003520
view_1317,"torch.Size([1, 35, 14336])",torch.bfloat16,1003520
mul_370,"torch.Size([1, 35, 14336])",torch.bfloat16,1003520
t_492,"torch.Size([14336, 4096])",torch.bfloat16,117440512
view_1318,"torch.Size([35, 14336])",torch.bfloat16,1003520
mm_411,"torch.Size([35, 4096])",torch.bfloat16,286720
view_1319,"torch.Size([1, 35, 4096])",torch.bfloat16,286720
add_300,"torch.Size([1, 35, 4096])",torch.bfloat16,286720
_to_copy_180,"torch.Size([1, 35, 4096])",torch.float32,573440
pow_87,"torch.Size([1, 35, 4096])",torch.float32,573440
mean_86,"torch.Size([1, 35, 1])",torch.float32,140
add_301,"torch.Size([1, 35, 1])",torch.float32,140
rsqrt_86,"torch.Size([1, 35, 1])",torch.float32,140
mul_371,"torch.Size([1, 35, 4096])",torch.float32,573440
_to_copy_181,"torch.Size([1, 35, 4096])",torch.bfloat16,286720
mul_372,"torch.Size([1, 35, 4096])",torch.bfloat16,286720
t_493,"torch.Size([4096, 4096])",torch.bfloat16,33554432
view_1320,"torch.Size([35, 4096])",torch.bfloat16,286720
mm_412,"torch.Size([35, 4096])",torch.bfloat16,286720
view_1321,"torch.Size([1, 35, 4096])",torch.bfloat16,286720
t_494,"torch.Size([4096, 1024])",torch.bfloat16,8388608
view_1322,"torch.Size([35, 4096])",torch.bfloat16,286720
mm_413,"torch.Size([35, 1024])",torch.bfloat16,71680
view_1323,"torch.Size([1, 35, 1024])",torch.bfloat16,71680
t_495,"torch.Size([4096, 1024])",torch.bfloat16,8388608
view_1324,"torch.Size([35, 4096])",torch.bfloat16,286720
mm_414,"torch.Size([35, 1024])",torch.bfloat16,71680
view_1325,"torch.Size([1, 35, 1024])",torch.bfloat16,71680
view_1326,"torch.Size([1, 35, 32, 128])",torch.bfloat16,286720
transpose_307,"torch.Size([1, 32, 35, 128])",torch.bfloat16,286720
view_1327,"torch.Size([1, 35, 8, 128])",torch.bfloat16,71680
transpose_308,"torch.Size([1, 8, 35, 128])",torch.bfloat16,71680
view_1328,"torch.Size([1, 35, 8, 128])",torch.bfloat16,71680
transpose_309,"torch.Size([1, 8, 35, 128])",torch.bfloat16,71680
unsqueeze_143,"torch.Size([1, 1, 35, 128])",torch.bfloat16,8960
unsqueeze_144,"torch.Size([1, 1, 35, 128])",torch.bfloat16,8960
mul_373,"torch.Size([1, 32, 35, 128])",torch.bfloat16,286720
slice_578,"torch.Size([1, 32, 35, 64])",torch.bfloat16,143360
slice_579,"torch.Size([1, 32, 35, 64])",torch.bfloat16,143360
neg_58,"torch.Size([1, 32, 35, 64])",torch.bfloat16,143360
cat_61,"torch.Size([1, 32, 35, 128])",torch.bfloat16,286720
mul_374,"torch.Size([1, 32, 35, 128])",torch.bfloat16,286720
add_302,"torch.Size([1, 32, 35, 128])",torch.bfloat16,286720
mul_375,"torch.Size([1, 8, 35, 128])",torch.bfloat16,71680
slice_580,"torch.Size([1, 8, 35, 64])",torch.bfloat16,35840
slice_581,"torch.Size([1, 8, 35, 64])",torch.bfloat16,35840
neg_59,"torch.Size([1, 8, 35, 64])",torch.bfloat16,35840
cat_62,"torch.Size([1, 8, 35, 128])",torch.bfloat16,71680
mul_376,"torch.Size([1, 8, 35, 128])",torch.bfloat16,71680
add_303,"torch.Size([1, 8, 35, 128])",torch.bfloat16,71680
slice_582,"torch.Size([1, 8, 35, 128])",torch.bfloat16,71680
slice_583,"torch.Size([1, 8, 35, 128])",torch.bfloat16,71680
unsqueeze_145,"torch.Size([1, 8, 1, 35, 128])",torch.bfloat16,71680
slice_584,"torch.Size([1, 8, 1, 35, 128])",torch.bfloat16,71680
slice_585,"torch.Size([1, 8, 1, 35, 128])",torch.bfloat16,71680
expand_157,"torch.Size([1, 8, 4, 35, 128])",torch.bfloat16,286720
clone_110,"torch.Size([1, 8, 4, 35, 128])",torch.bfloat16,286720
_unsafe_view_72,"torch.Size([1, 32, 35, 128])",torch.bfloat16,286720
slice_586,"torch.Size([1, 8, 35, 128])",torch.bfloat16,71680
slice_587,"torch.Size([1, 8, 35, 128])",torch.bfloat16,71680
unsqueeze_146,"torch.Size([1, 8, 1, 35, 128])",torch.bfloat16,71680
slice_588,"torch.Size([1, 8, 1, 35, 128])",torch.bfloat16,71680
slice_589,"torch.Size([1, 8, 1, 35, 128])",torch.bfloat16,71680
expand_158,"torch.Size([1, 8, 4, 35, 128])",torch.bfloat16,286720
clone_111,"torch.Size([1, 8, 4, 35, 128])",torch.bfloat16,286720
_unsafe_view_73,"torch.Size([1, 32, 35, 128])",torch.bfloat16,286720
slice_590,"torch.Size([1, 1, 35, 35])",torch.bfloat16,2450
slice_591,"torch.Size([1, 1, 35, 35])",torch.bfloat16,2450
slice_592,"torch.Size([1, 1, 35, 35])",torch.bfloat16,2450
clone_112,"torch.Size([1, 32, 35, 128])",torch.bfloat16,286720
constant_pad_nd_37,"torch.Size([1, 1, 35, 40])",torch.bfloat16,2800
slice_593,"torch.Size([1, 1, 35, 35])",torch.bfloat16,2450
expand_159,"torch.Size([1, 32, 35, 35])",torch.bfloat16,78400
getitem_550,"torch.Size([1, 32, 35, 128])",torch.bfloat16,286720
transpose_310,"torch.Size([1, 35, 32, 128])",torch.bfloat16,286720
view_1329,"torch.Size([1, 35, 4096])",torch.bfloat16,286720
t_496,"torch.Size([4096, 4096])",torch.bfloat16,33554432
view_1330,"torch.Size([35, 4096])",torch.bfloat16,286720
mm_415,"torch.Size([35, 4096])",torch.bfloat16,286720
view_1331,"torch.Size([1, 35, 4096])",torch.bfloat16,286720
add_304,"torch.Size([1, 35, 4096])",torch.bfloat16,286720
_to_copy_182,"torch.Size([1, 35, 4096])",torch.float32,573440
pow_88,"torch.Size([1, 35, 4096])",torch.float32,573440
mean_87,"torch.Size([1, 35, 1])",torch.float32,140
add_305,"torch.Size([1, 35, 1])",torch.float32,140
rsqrt_87,"torch.Size([1, 35, 1])",torch.float32,140
mul_377,"torch.Size([1, 35, 4096])",torch.float32,573440
_to_copy_183,"torch.Size([1, 35, 4096])",torch.bfloat16,286720
mul_378,"torch.Size([1, 35, 4096])",torch.bfloat16,286720
t_497,"torch.Size([4096, 14336])",torch.bfloat16,117440512
view_1332,"torch.Size([35, 4096])",torch.bfloat16,286720
mm_416,"torch.Size([35, 14336])",torch.bfloat16,1003520
view_1333,"torch.Size([1, 35, 14336])",torch.bfloat16,1003520
silu_36,"torch.Size([1, 35, 14336])",torch.bfloat16,1003520
t_498,"torch.Size([4096, 14336])",torch.bfloat16,117440512
view_1334,"torch.Size([35, 4096])",torch.bfloat16,286720
mm_417,"torch.Size([35, 14336])",torch.bfloat16,1003520
view_1335,"torch.Size([1, 35, 14336])",torch.bfloat16,1003520
mul_379,"torch.Size([1, 35, 14336])",torch.bfloat16,1003520
t_499,"torch.Size([14336, 4096])",torch.bfloat16,117440512
view_1336,"torch.Size([35, 14336])",torch.bfloat16,1003520
mm_418,"torch.Size([35, 4096])",torch.bfloat16,286720
view_1337,"torch.Size([1, 35, 4096])",torch.bfloat16,286720
add_306,"torch.Size([1, 35, 4096])",torch.bfloat16,286720
_to_copy_184,"torch.Size([1, 35, 4096])",torch.float32,573440
pow_89,"torch.Size([1, 35, 4096])",torch.float32,573440
mean_88,"torch.Size([1, 35, 1])",torch.float32,140
add_307,"torch.Size([1, 35, 1])",torch.float32,140
rsqrt_88,"torch.Size([1, 35, 1])",torch.float32,140
mul_380,"torch.Size([1, 35, 4096])",torch.float32,573440
_to_copy_185,"torch.Size([1, 35, 4096])",torch.bfloat16,286720
mul_381,"torch.Size([1, 35, 4096])",torch.bfloat16,286720
t_500,"torch.Size([4096, 4096])",torch.bfloat16,33554432
view_1338,"torch.Size([35, 4096])",torch.bfloat16,286720
mm_419,"torch.Size([35, 4096])",torch.bfloat16,286720
view_1339,"torch.Size([1, 35, 4096])",torch.bfloat16,286720
t_501,"torch.Size([4096, 1024])",torch.bfloat16,8388608
view_1340,"torch.Size([35, 4096])",torch.bfloat16,286720
mm_420,"torch.Size([35, 1024])",torch.bfloat16,71680
view_1341,"torch.Size([1, 35, 1024])",torch.bfloat16,71680
t_502,"torch.Size([4096, 1024])",torch.bfloat16,8388608
view_1342,"torch.Size([35, 4096])",torch.bfloat16,286720
mm_421,"torch.Size([35, 1024])",torch.bfloat16,71680
view_1343,"torch.Size([1, 35, 1024])",torch.bfloat16,71680
view_1344,"torch.Size([1, 35, 32, 128])",torch.bfloat16,286720
transpose_311,"torch.Size([1, 32, 35, 128])",torch.bfloat16,286720
view_1345,"torch.Size([1, 35, 8, 128])",torch.bfloat16,71680
transpose_312,"torch.Size([1, 8, 35, 128])",torch.bfloat16,71680
view_1346,"torch.Size([1, 35, 8, 128])",torch.bfloat16,71680
transpose_313,"torch.Size([1, 8, 35, 128])",torch.bfloat16,71680
unsqueeze_147,"torch.Size([1, 1, 35, 128])",torch.bfloat16,8960
unsqueeze_148,"torch.Size([1, 1, 35, 128])",torch.bfloat16,8960
mul_382,"torch.Size([1, 32, 35, 128])",torch.bfloat16,286720
slice_594,"torch.Size([1, 32, 35, 64])",torch.bfloat16,143360
slice_595,"torch.Size([1, 32, 35, 64])",torch.bfloat16,143360
neg_60,"torch.Size([1, 32, 35, 64])",torch.bfloat16,143360
cat_63,"torch.Size([1, 32, 35, 128])",torch.bfloat16,286720
mul_383,"torch.Size([1, 32, 35, 128])",torch.bfloat16,286720
add_308,"torch.Size([1, 32, 35, 128])",torch.bfloat16,286720
mul_384,"torch.Size([1, 8, 35, 128])",torch.bfloat16,71680
slice_596,"torch.Size([1, 8, 35, 64])",torch.bfloat16,35840
slice_597,"torch.Size([1, 8, 35, 64])",torch.bfloat16,35840
neg_61,"torch.Size([1, 8, 35, 64])",torch.bfloat16,35840
cat_64,"torch.Size([1, 8, 35, 128])",torch.bfloat16,71680
mul_385,"torch.Size([1, 8, 35, 128])",torch.bfloat16,71680
add_309,"torch.Size([1, 8, 35, 128])",torch.bfloat16,71680
slice_598,"torch.Size([1, 8, 35, 128])",torch.bfloat16,71680
slice_599,"torch.Size([1, 8, 35, 128])",torch.bfloat16,71680
unsqueeze_149,"torch.Size([1, 8, 1, 35, 128])",torch.bfloat16,71680
slice_600,"torch.Size([1, 8, 1, 35, 128])",torch.bfloat16,71680
slice_601,"torch.Size([1, 8, 1, 35, 128])",torch.bfloat16,71680
expand_160,"torch.Size([1, 8, 4, 35, 128])",torch.bfloat16,286720
clone_113,"torch.Size([1, 8, 4, 35, 128])",torch.bfloat16,286720
_unsafe_view_74,"torch.Size([1, 32, 35, 128])",torch.bfloat16,286720
slice_602,"torch.Size([1, 8, 35, 128])",torch.bfloat16,71680
slice_603,"torch.Size([1, 8, 35, 128])",torch.bfloat16,71680
unsqueeze_150,"torch.Size([1, 8, 1, 35, 128])",torch.bfloat16,71680
slice_604,"torch.Size([1, 8, 1, 35, 128])",torch.bfloat16,71680
slice_605,"torch.Size([1, 8, 1, 35, 128])",torch.bfloat16,71680
expand_161,"torch.Size([1, 8, 4, 35, 128])",torch.bfloat16,286720
clone_114,"torch.Size([1, 8, 4, 35, 128])",torch.bfloat16,286720
_unsafe_view_75,"torch.Size([1, 32, 35, 128])",torch.bfloat16,286720
slice_606,"torch.Size([1, 1, 35, 35])",torch.bfloat16,2450
slice_607,"torch.Size([1, 1, 35, 35])",torch.bfloat16,2450
slice_608,"torch.Size([1, 1, 35, 35])",torch.bfloat16,2450
clone_115,"torch.Size([1, 32, 35, 128])",torch.bfloat16,286720
constant_pad_nd_38,"torch.Size([1, 1, 35, 40])",torch.bfloat16,2800
slice_609,"torch.Size([1, 1, 35, 35])",torch.bfloat16,2450
expand_162,"torch.Size([1, 32, 35, 35])",torch.bfloat16,78400
getitem_554,"torch.Size([1, 32, 35, 128])",torch.bfloat16,286720
transpose_314,"torch.Size([1, 35, 32, 128])",torch.bfloat16,286720
view_1347,"torch.Size([1, 35, 4096])",torch.bfloat16,286720
t_503,"torch.Size([4096, 4096])",torch.bfloat16,33554432
view_1348,"torch.Size([35, 4096])",torch.bfloat16,286720
mm_422,"torch.Size([35, 4096])",torch.bfloat16,286720
view_1349,"torch.Size([1, 35, 4096])",torch.bfloat16,286720
add_310,"torch.Size([1, 35, 4096])",torch.bfloat16,286720
_to_copy_186,"torch.Size([1, 35, 4096])",torch.float32,573440
pow_90,"torch.Size([1, 35, 4096])",torch.float32,573440
mean_89,"torch.Size([1, 35, 1])",torch.float32,140
add_311,"torch.Size([1, 35, 1])",torch.float32,140
rsqrt_89,"torch.Size([1, 35, 1])",torch.float32,140
mul_386,"torch.Size([1, 35, 4096])",torch.float32,573440
_to_copy_187,"torch.Size([1, 35, 4096])",torch.bfloat16,286720
mul_387,"torch.Size([1, 35, 4096])",torch.bfloat16,286720
t_504,"torch.Size([4096, 14336])",torch.bfloat16,117440512
view_1350,"torch.Size([35, 4096])",torch.bfloat16,286720
mm_423,"torch.Size([35, 14336])",torch.bfloat16,1003520
view_1351,"torch.Size([1, 35, 14336])",torch.bfloat16,1003520
silu_37,"torch.Size([1, 35, 14336])",torch.bfloat16,1003520
t_505,"torch.Size([4096, 14336])",torch.bfloat16,117440512
view_1352,"torch.Size([35, 4096])",torch.bfloat16,286720
mm_424,"torch.Size([35, 14336])",torch.bfloat16,1003520
view_1353,"torch.Size([1, 35, 14336])",torch.bfloat16,1003520
mul_388,"torch.Size([1, 35, 14336])",torch.bfloat16,1003520
t_506,"torch.Size([14336, 4096])",torch.bfloat16,117440512
view_1354,"torch.Size([35, 14336])",torch.bfloat16,1003520
mm_425,"torch.Size([35, 4096])",torch.bfloat16,286720
view_1355,"torch.Size([1, 35, 4096])",torch.bfloat16,286720
add_312,"torch.Size([1, 35, 4096])",torch.bfloat16,286720
_to_copy_188,"torch.Size([1, 35, 4096])",torch.float32,573440
pow_91,"torch.Size([1, 35, 4096])",torch.float32,573440
mean_90,"torch.Size([1, 35, 1])",torch.float32,140
add_313,"torch.Size([1, 35, 1])",torch.float32,140
rsqrt_90,"torch.Size([1, 35, 1])",torch.float32,140
mul_389,"torch.Size([1, 35, 4096])",torch.float32,573440
_to_copy_189,"torch.Size([1, 35, 4096])",torch.bfloat16,286720
mul_390,"torch.Size([1, 35, 4096])",torch.bfloat16,286720
t_507,"torch.Size([4096, 4096])",torch.bfloat16,33554432
view_1356,"torch.Size([35, 4096])",torch.bfloat16,286720
mm_426,"torch.Size([35, 4096])",torch.bfloat16,286720
view_1357,"torch.Size([1, 35, 4096])",torch.bfloat16,286720
view_1358,"torch.Size([1, 35, 32, 128])",torch.bfloat16,286720
transpose_315,"torch.Size([1, 32, 35, 128])",torch.bfloat16,286720
_to_copy_190,"torch.Size([1, 32, 35, 128])",torch.float32,573440
pow_92,"torch.Size([1, 32, 35, 128])",torch.float32,573440
mean_91,"torch.Size([1, 32, 35, 1])",torch.float32,4480
add_314,"torch.Size([1, 32, 35, 1])",torch.float32,4480
rsqrt_91,"torch.Size([1, 32, 35, 1])",torch.float32,4480
mul_391,"torch.Size([1, 32, 35, 128])",torch.float32,573440
_to_copy_191,"torch.Size([1, 32, 35, 128])",torch.bfloat16,286720
mul_392,"torch.Size([1, 32, 35, 128])",torch.bfloat16,286720
t_508,"torch.Size([4096, 1024])",torch.bfloat16,8388608
view_1359,"torch.Size([6404, 4096])",torch.bfloat16,52461568
mm_427,"torch.Size([6404, 1024])",torch.bfloat16,13115392
view_1360,"torch.Size([4, 1601, 1024])",torch.bfloat16,13115392
t_509,"torch.Size([4096, 1024])",torch.bfloat16,8388608
view_1361,"torch.Size([6404, 4096])",torch.bfloat16,52461568
mm_428,"torch.Size([6404, 1024])",torch.bfloat16,13115392
view_1362,"torch.Size([4, 1601, 1024])",torch.bfloat16,13115392
view_1363,"torch.Size([1, 6404, 8, 128])",torch.bfloat16,13115392
transpose_316,"torch.Size([1, 8, 6404, 128])",torch.bfloat16,13115392
view_1364,"torch.Size([1, 6404, 8, 128])",torch.bfloat16,13115392
transpose_317,"torch.Size([1, 8, 6404, 128])",torch.bfloat16,13115392
slice_610,"torch.Size([1, 8, 6404, 128])",torch.bfloat16,13115392
slice_611,"torch.Size([1, 8, 6404, 128])",torch.bfloat16,13115392
unsqueeze_151,"torch.Size([1, 8, 1, 6404, 128])",torch.bfloat16,13115392
slice_612,"torch.Size([1, 8, 1, 6404, 128])",torch.bfloat16,13115392
slice_613,"torch.Size([1, 8, 1, 6404, 128])",torch.bfloat16,13115392
expand_163,"torch.Size([1, 8, 4, 6404, 128])",torch.bfloat16,52461568
clone_116,"torch.Size([1, 8, 4, 6404, 128])",torch.bfloat16,52461568
_unsafe_view_76,"torch.Size([1, 32, 6404, 128])",torch.bfloat16,52461568
slice_614,"torch.Size([1, 8, 6404, 128])",torch.bfloat16,13115392
slice_615,"torch.Size([1, 8, 6404, 128])",torch.bfloat16,13115392
unsqueeze_152,"torch.Size([1, 8, 1, 6404, 128])",torch.bfloat16,13115392
slice_616,"torch.Size([1, 8, 1, 6404, 128])",torch.bfloat16,13115392
slice_617,"torch.Size([1, 8, 1, 6404, 128])",torch.bfloat16,13115392
expand_164,"torch.Size([1, 8, 4, 6404, 128])",torch.bfloat16,52461568
clone_117,"torch.Size([1, 8, 4, 6404, 128])",torch.bfloat16,52461568
_unsafe_view_77,"torch.Size([1, 32, 6404, 128])",torch.bfloat16,52461568
_to_copy_192,"torch.Size([1, 32, 6404, 128])",torch.float32,104923136
pow_93,"torch.Size([1, 32, 6404, 128])",torch.float32,104923136
mean_92,"torch.Size([1, 32, 6404, 1])",torch.float32,819712
add_315,"torch.Size([1, 32, 6404, 1])",torch.float32,819712
rsqrt_92,"torch.Size([1, 32, 6404, 1])",torch.float32,819712
mul_393,"torch.Size([1, 32, 6404, 128])",torch.float32,104923136
_to_copy_193,"torch.Size([1, 32, 6404, 128])",torch.bfloat16,52461568
mul_394,"torch.Size([1, 32, 6404, 128])",torch.bfloat16,52461568
clone_118,"torch.Size([1, 32, 35, 128])",torch.bfloat16,286720
constant_pad_nd_39,"torch.Size([1, 1, 35, 6408])",torch.bfloat16,448560
slice_618,"torch.Size([1, 1, 35, 6404])",torch.bfloat16,448280
expand_165,"torch.Size([1, 32, 35, 6404])",torch.bfloat16,14344960
getitem_558,"torch.Size([1, 32, 35, 128])",torch.bfloat16,286720
transpose_318,"torch.Size([1, 35, 32, 128])",torch.bfloat16,286720
view_1365,"torch.Size([1, 35, 4096])",torch.bfloat16,286720
t_510,"torch.Size([4096, 4096])",torch.bfloat16,33554432
view_1366,"torch.Size([35, 4096])",torch.bfloat16,286720
mm_429,"torch.Size([35, 4096])",torch.bfloat16,286720
view_1367,"torch.Size([1, 35, 4096])",torch.bfloat16,286720
tanh_34,torch.Size([1]),torch.bfloat16,2
mul_395,"torch.Size([1, 35, 4096])",torch.bfloat16,286720
add_316,"torch.Size([1, 35, 4096])",torch.bfloat16,286720
_to_copy_194,"torch.Size([1, 35, 4096])",torch.float32,573440
pow_94,"torch.Size([1, 35, 4096])",torch.float32,573440
mean_93,"torch.Size([1, 35, 1])",torch.float32,140
add_317,"torch.Size([1, 35, 1])",torch.float32,140
rsqrt_93,"torch.Size([1, 35, 1])",torch.float32,140
mul_396,"torch.Size([1, 35, 4096])",torch.float32,573440
_to_copy_195,"torch.Size([1, 35, 4096])",torch.bfloat16,286720
mul_397,"torch.Size([1, 35, 4096])",torch.bfloat16,286720
t_511,"torch.Size([4096, 14336])",torch.bfloat16,117440512
view_1368,"torch.Size([35, 4096])",torch.bfloat16,286720
mm_430,"torch.Size([35, 14336])",torch.bfloat16,1003520
view_1369,"torch.Size([1, 35, 14336])",torch.bfloat16,1003520
silu_38,"torch.Size([1, 35, 14336])",torch.bfloat16,1003520
t_512,"torch.Size([4096, 14336])",torch.bfloat16,117440512
view_1370,"torch.Size([35, 4096])",torch.bfloat16,286720
mm_431,"torch.Size([35, 14336])",torch.bfloat16,1003520
view_1371,"torch.Size([1, 35, 14336])",torch.bfloat16,1003520
mul_398,"torch.Size([1, 35, 14336])",torch.bfloat16,1003520
t_513,"torch.Size([14336, 4096])",torch.bfloat16,117440512
view_1372,"torch.Size([35, 14336])",torch.bfloat16,1003520
mm_432,"torch.Size([35, 4096])",torch.bfloat16,286720
view_1373,"torch.Size([1, 35, 4096])",torch.bfloat16,286720
slice_619,"torch.Size([1, 1, 35, 1])",torch.bfloat16,70
select_7,"torch.Size([1, 35, 1])",torch.bfloat16,70
mul_399,"torch.Size([1, 35, 4096])",torch.bfloat16,286720
tanh_35,torch.Size([1]),torch.bfloat16,2
mul_400,"torch.Size([1, 35, 4096])",torch.bfloat16,286720
add_318,"torch.Size([1, 35, 4096])",torch.bfloat16,286720
_to_copy_196,"torch.Size([1, 35, 4096])",torch.float32,573440
pow_95,"torch.Size([1, 35, 4096])",torch.float32,573440
mean_94,"torch.Size([1, 35, 1])",torch.float32,140
add_319,"torch.Size([1, 35, 1])",torch.float32,140
rsqrt_94,"torch.Size([1, 35, 1])",torch.float32,140
mul_401,"torch.Size([1, 35, 4096])",torch.float32,573440
_to_copy_197,"torch.Size([1, 35, 4096])",torch.bfloat16,286720
mul_402,"torch.Size([1, 35, 4096])",torch.bfloat16,286720
t_514,"torch.Size([4096, 4096])",torch.bfloat16,33554432
view_1374,"torch.Size([35, 4096])",torch.bfloat16,286720
mm_433,"torch.Size([35, 4096])",torch.bfloat16,286720
view_1375,"torch.Size([1, 35, 4096])",torch.bfloat16,286720
t_515,"torch.Size([4096, 1024])",torch.bfloat16,8388608
view_1376,"torch.Size([35, 4096])",torch.bfloat16,286720
mm_434,"torch.Size([35, 1024])",torch.bfloat16,71680
view_1377,"torch.Size([1, 35, 1024])",torch.bfloat16,71680
t_516,"torch.Size([4096, 1024])",torch.bfloat16,8388608
view_1378,"torch.Size([35, 4096])",torch.bfloat16,286720
mm_435,"torch.Size([35, 1024])",torch.bfloat16,71680
view_1379,"torch.Size([1, 35, 1024])",torch.bfloat16,71680
view_1380,"torch.Size([1, 35, 32, 128])",torch.bfloat16,286720
transpose_319,"torch.Size([1, 32, 35, 128])",torch.bfloat16,286720
view_1381,"torch.Size([1, 35, 8, 128])",torch.bfloat16,71680
transpose_320,"torch.Size([1, 8, 35, 128])",torch.bfloat16,71680
view_1382,"torch.Size([1, 35, 8, 128])",torch.bfloat16,71680
transpose_321,"torch.Size([1, 8, 35, 128])",torch.bfloat16,71680
unsqueeze_153,"torch.Size([1, 1, 35, 128])",torch.bfloat16,8960
unsqueeze_154,"torch.Size([1, 1, 35, 128])",torch.bfloat16,8960
mul_403,"torch.Size([1, 32, 35, 128])",torch.bfloat16,286720
slice_620,"torch.Size([1, 32, 35, 64])",torch.bfloat16,143360
slice_621,"torch.Size([1, 32, 35, 64])",torch.bfloat16,143360
neg_62,"torch.Size([1, 32, 35, 64])",torch.bfloat16,143360
cat_65,"torch.Size([1, 32, 35, 128])",torch.bfloat16,286720
mul_404,"torch.Size([1, 32, 35, 128])",torch.bfloat16,286720
add_320,"torch.Size([1, 32, 35, 128])",torch.bfloat16,286720
mul_405,"torch.Size([1, 8, 35, 128])",torch.bfloat16,71680
slice_622,"torch.Size([1, 8, 35, 64])",torch.bfloat16,35840
slice_623,"torch.Size([1, 8, 35, 64])",torch.bfloat16,35840
neg_63,"torch.Size([1, 8, 35, 64])",torch.bfloat16,35840
cat_66,"torch.Size([1, 8, 35, 128])",torch.bfloat16,71680
mul_406,"torch.Size([1, 8, 35, 128])",torch.bfloat16,71680
add_321,"torch.Size([1, 8, 35, 128])",torch.bfloat16,71680
slice_624,"torch.Size([1, 8, 35, 128])",torch.bfloat16,71680
slice_625,"torch.Size([1, 8, 35, 128])",torch.bfloat16,71680
unsqueeze_155,"torch.Size([1, 8, 1, 35, 128])",torch.bfloat16,71680
slice_626,"torch.Size([1, 8, 1, 35, 128])",torch.bfloat16,71680
slice_627,"torch.Size([1, 8, 1, 35, 128])",torch.bfloat16,71680
expand_166,"torch.Size([1, 8, 4, 35, 128])",torch.bfloat16,286720
clone_119,"torch.Size([1, 8, 4, 35, 128])",torch.bfloat16,286720
_unsafe_view_78,"torch.Size([1, 32, 35, 128])",torch.bfloat16,286720
slice_628,"torch.Size([1, 8, 35, 128])",torch.bfloat16,71680
slice_629,"torch.Size([1, 8, 35, 128])",torch.bfloat16,71680
unsqueeze_156,"torch.Size([1, 8, 1, 35, 128])",torch.bfloat16,71680
slice_630,"torch.Size([1, 8, 1, 35, 128])",torch.bfloat16,71680
slice_631,"torch.Size([1, 8, 1, 35, 128])",torch.bfloat16,71680
expand_167,"torch.Size([1, 8, 4, 35, 128])",torch.bfloat16,286720
clone_120,"torch.Size([1, 8, 4, 35, 128])",torch.bfloat16,286720
_unsafe_view_79,"torch.Size([1, 32, 35, 128])",torch.bfloat16,286720
slice_632,"torch.Size([1, 1, 35, 35])",torch.bfloat16,2450
slice_633,"torch.Size([1, 1, 35, 35])",torch.bfloat16,2450
slice_634,"torch.Size([1, 1, 35, 35])",torch.bfloat16,2450
clone_121,"torch.Size([1, 32, 35, 128])",torch.bfloat16,286720
constant_pad_nd_40,"torch.Size([1, 1, 35, 40])",torch.bfloat16,2800
slice_635,"torch.Size([1, 1, 35, 35])",torch.bfloat16,2450
expand_168,"torch.Size([1, 32, 35, 35])",torch.bfloat16,78400
getitem_562,"torch.Size([1, 32, 35, 128])",torch.bfloat16,286720
transpose_322,"torch.Size([1, 35, 32, 128])",torch.bfloat16,286720
view_1383,"torch.Size([1, 35, 4096])",torch.bfloat16,286720
t_517,"torch.Size([4096, 4096])",torch.bfloat16,33554432
view_1384,"torch.Size([35, 4096])",torch.bfloat16,286720
mm_436,"torch.Size([35, 4096])",torch.bfloat16,286720
view_1385,"torch.Size([1, 35, 4096])",torch.bfloat16,286720
add_322,"torch.Size([1, 35, 4096])",torch.bfloat16,286720
_to_copy_198,"torch.Size([1, 35, 4096])",torch.float32,573440
pow_96,"torch.Size([1, 35, 4096])",torch.float32,573440
mean_95,"torch.Size([1, 35, 1])",torch.float32,140
add_323,"torch.Size([1, 35, 1])",torch.float32,140
rsqrt_95,"torch.Size([1, 35, 1])",torch.float32,140
mul_407,"torch.Size([1, 35, 4096])",torch.float32,573440
_to_copy_199,"torch.Size([1, 35, 4096])",torch.bfloat16,286720
mul_408,"torch.Size([1, 35, 4096])",torch.bfloat16,286720
t_518,"torch.Size([4096, 14336])",torch.bfloat16,117440512
view_1386,"torch.Size([35, 4096])",torch.bfloat16,286720
mm_437,"torch.Size([35, 14336])",torch.bfloat16,1003520
view_1387,"torch.Size([1, 35, 14336])",torch.bfloat16,1003520
silu_39,"torch.Size([1, 35, 14336])",torch.bfloat16,1003520
t_519,"torch.Size([4096, 14336])",torch.bfloat16,117440512
view_1388,"torch.Size([35, 4096])",torch.bfloat16,286720
mm_438,"torch.Size([35, 14336])",torch.bfloat16,1003520
view_1389,"torch.Size([1, 35, 14336])",torch.bfloat16,1003520
mul_409,"torch.Size([1, 35, 14336])",torch.bfloat16,1003520
t_520,"torch.Size([14336, 4096])",torch.bfloat16,117440512
view_1390,"torch.Size([35, 14336])",torch.bfloat16,1003520
mm_439,"torch.Size([35, 4096])",torch.bfloat16,286720
view_1391,"torch.Size([1, 35, 4096])",torch.bfloat16,286720
add_324,"torch.Size([1, 35, 4096])",torch.bfloat16,286720
_to_copy_200,"torch.Size([1, 35, 4096])",torch.float32,573440
pow_97,"torch.Size([1, 35, 4096])",torch.float32,573440
mean_96,"torch.Size([1, 35, 1])",torch.float32,140
add_325,"torch.Size([1, 35, 1])",torch.float32,140
rsqrt_96,"torch.Size([1, 35, 1])",torch.float32,140
mul_410,"torch.Size([1, 35, 4096])",torch.float32,573440
_to_copy_201,"torch.Size([1, 35, 4096])",torch.bfloat16,286720
mul_411,"torch.Size([1, 35, 4096])",torch.bfloat16,286720
slice_636,"torch.Size([1, 35, 4096])",torch.bfloat16,286720
slice_637,"torch.Size([1, 1, 4096])",torch.bfloat16,8192
slice_638,"torch.Size([1, 1, 4096])",torch.bfloat16,8192
t_521,"torch.Size([4096, 128256])",torch.bfloat16,1050673152
view_1392,"torch.Size([1, 4096])",torch.bfloat16,8192
mm_440,"torch.Size([1, 128256])",torch.bfloat16,256512
view_1393,"torch.Size([1, 1, 128256])",torch.bfloat16,256512
_to_copy_202,"torch.Size([1, 1, 128256])",torch.float32,513024
