node_name,cpu-mem
embedding,0
_to_copy,0
view,0
convolution,0
view_1,0
slice_1,0
slice_2,0
view_2,0
slice_3,0
slice_4,0
view_3,0
cos,1536
sin,1536
slice_5,0
select,0
slice_6,0
select_1,0
mul,14480
slice_7,0
select_2,0
pow_1,32768
mean,3
add,25941604
rsqrt,4
_to_copy_1,0
mul_1,1526
t,0
addmm,16384
permute,0
unbind,0
unsqueeze,0
unsqueeze_1,0
neg,8192
mul_2,1526
neg_1,1024
mul_3,32768
add_1,8
_to_copy_2,0
_to_copy_3,0
zeros,0
silu,59136
t_1,0
addmm_1,2048
t_2,0
addmm_2,2048
add_2,0
gelu,36628480
eq,3619
sum_1,-28808
expand,0
masked_scatter,0
full,1
arange,0
gt,3621
arange_1,0
sub,1
le,3621
bitwise_or,3621
unsqueeze_2,0
unsqueeze_3,0
expand_1,0
clone,0
slice_8,0
unsqueeze_4,0
unsqueeze_5,0
slice_9,0
slice_10,0
slice_11,0
slice_12,0
masked_fill,0
slice_13,0
slice_14,0
slice_15,0
copy,0
slice_16,0
slice_17,0
slice_scatter,0
slice_scatter_1,0
slice_scatter_2,0
unsqueeze_6,0
unsqueeze_7,0
slice_21,0
unsqueeze_8,0
expand_2,0
slice_22,0
slice_23,0
unsqueeze_9,0
slice_24,0
expand_3,0
expand_4,0
bmm,768
view_4,0
transpose,0
_to_copy_4,0
mul_4,16384
view_5,0
view_6,0
view_7,0
view_8,0
view_9,0
view_10,0
view_11,0
transpose_1,0
view_12,0
transpose_2,0
view_13,0
transpose_3,0
split_with_sizes,0
select_3,0
select_4,0
select_5,0
unsqueeze_10,0
split_with_sizes_1,0
select_6,0
select_7,0
select_8,0
select_9,0
select_10,0
select_11,0
unsqueeze_11,0
mul_5,16384
slice_25,0
slice_26,0
mul_6,16384
mul_7,2048
slice_27,0
slice_28,0
mul_8,2048
add_3,-6
slice_29,0
slice_30,0
unsqueeze_12,0
slice_31,0
slice_32,0
expand_5,0
clone_1,0
_unsafe_view,0
slice_33,0
slice_34,0
unsqueeze_13,0
slice_35,0
slice_36,0
expand_6,0
clone_2,0
_unsafe_view_1,0
slice_40,0
slice_41,0
slice_42,0
_scaled_dot_product_flash_attention_for_cpu,-344422
transpose_4,0
view_14,0
t_3,0
view_15,0
mm,16384
view_16,0
add_4,16384
_to_copy_5,0
pow_2,32768
mean_1,3
add_5,2048
rsqrt_1,4
mul_9,32768
_to_copy_6,0
mul_10,16384
t_4,0
view_17,0
mm_1,59136
view_18,0
t_5,0
view_19,0
mm_2,59136
view_20,0
mul_11,59136
t_6,0
view_21,0
mm_3,16384
view_22,0
add_6,16384
_to_copy_7,0
pow_3,32768
mean_2,3
add_7,-6
rsqrt_2,4
mul_12,32768
_to_copy_8,0
mul_13,16384
view_23,0
t_7,0
addmm_3,16384
view_24,0
view_25,0
t_8,0
addmm_4,2048
view_26,0
view_27,0
t_9,0
addmm_5,2048
view_28,0
view_29,0
transpose_5,0
view_30,0
transpose_6,0
view_31,0
transpose_7,0
split_with_sizes_2,0
select_12,0
select_13,0
select_14,0
select_15,0
select_16,0
select_17,0
unsqueeze_14,0
split_with_sizes_3,0
select_18,0
select_19,0
select_20,0
select_21,0
select_22,0
select_23,0
unsqueeze_15,0
mul_14,16384
slice_43,0
slice_44,0
neg_2,8192
mul_15,16384
add_8,16384
mul_16,2048
slice_45,0
slice_46,0
neg_3,1024
mul_17,2048
add_9,-6
slice_47,0
slice_48,0
unsqueeze_16,0
slice_49,0
slice_50,0
expand_7,0
clone_3,0
_unsafe_view_2,0
slice_51,0
slice_52,0
unsqueeze_17,0
slice_53,0
slice_54,0
expand_8,0
clone_4,0
_unsafe_view_3,0
slice_58,0
slice_59,0
slice_60,0
_scaled_dot_product_flash_attention_for_cpu_1,-344422
transpose_8,0
view_32,0
t_10,0
view_33,0
mm_4,16384
view_34,0
add_10,16384
_to_copy_9,0
pow_4,32768
mean_3,3
add_11,2048
rsqrt_3,4
mul_18,32768
_to_copy_10,0
mul_19,16384
t_11,0
view_35,0
mm_5,59136
view_36,0
silu_1,59136
t_12,0
view_37,0
mm_6,59136
view_38,0
mul_20,59136
t_13,0
view_39,0
mm_7,16384
view_40,0
add_12,16384
_to_copy_11,0
pow_5,32768
mean_4,3
add_13,-6
rsqrt_4,4
mul_21,32768
_to_copy_12,0
mul_22,16384
view_41,0
t_14,0
addmm_6,16384
view_42,0
view_43,0
t_15,0
addmm_7,2048
view_44,0
view_45,0
t_16,0
addmm_8,2048
view_46,0
view_47,0
transpose_9,0
view_48,0
transpose_10,0
view_49,0
transpose_11,0
split_with_sizes_4,0
select_24,0
select_25,0
select_26,0
select_27,0
select_28,0
select_29,0
unsqueeze_18,0
split_with_sizes_5,0
select_30,0
select_31,0
select_32,0
select_33,0
select_34,0
select_35,0
unsqueeze_19,0
mul_23,16384
slice_61,0
slice_62,0
neg_4,8192
mul_24,16384
add_14,16384
mul_25,2048
slice_63,0
slice_64,0
neg_5,1024
mul_26,2048
add_15,-6
slice_65,0
slice_66,0
unsqueeze_20,0
slice_67,0
slice_68,0
expand_9,0
clone_5,0
_unsafe_view_4,0
slice_69,0
slice_70,0
unsqueeze_21,0
slice_71,0
slice_72,0
expand_10,0
clone_6,0
_unsafe_view_5,0
slice_76,0
slice_77,0
slice_78,0
_scaled_dot_product_flash_attention_for_cpu_2,-344422
transpose_12,0
view_50,0
t_17,0
view_51,0
mm_8,16384
view_52,0
add_16,16384
_to_copy_13,0
pow_6,32768
mean_5,3
add_17,2048
rsqrt_5,4
mul_27,32768
_to_copy_14,0
mul_28,16384
t_18,0
view_53,0
mm_9,59136
view_54,0
silu_2,59136
t_19,0
view_55,0
mm_10,59136
view_56,0
mul_29,59136
t_20,0
view_57,0
mm_11,16384
view_58,0
add_18,16384
_to_copy_15,0
pow_7,32768
mean_6,3
add_19,-6
rsqrt_6,4
mul_30,32768
_to_copy_16,0
mul_31,16384
view_59,0
t_21,0
addmm_9,16384
view_60,0
view_61,0
t_22,0
addmm_10,2048
view_62,0
view_63,0
t_23,0
addmm_11,2048
view_64,0
view_65,0
transpose_13,0
view_66,0
transpose_14,0
view_67,0
transpose_15,0
split_with_sizes_6,0
select_36,0
select_37,0
select_38,0
select_39,0
select_40,0
select_41,0
unsqueeze_22,0
split_with_sizes_7,0
select_42,0
select_43,0
select_44,0
select_45,0
select_46,0
select_47,0
unsqueeze_23,0
mul_32,16384
slice_79,0
slice_80,0
neg_6,8192
mul_33,16384
add_20,16384
mul_34,2048
slice_81,0
slice_82,0
neg_7,1024
mul_35,2048
add_21,-6
slice_83,0
slice_84,0
unsqueeze_24,0
slice_85,0
slice_86,0
expand_11,0
clone_7,0
_unsafe_view_6,0
slice_87,0
slice_88,0
unsqueeze_25,0
slice_89,0
slice_90,0
expand_12,0
clone_8,0
_unsafe_view_7,0
slice_94,0
slice_95,0
slice_96,0
_scaled_dot_product_flash_attention_for_cpu_3,-344422
transpose_16,0
view_68,0
t_24,0
view_69,0
mm_12,16384
view_70,0
add_22,16384
_to_copy_17,0
pow_8,32768
mean_7,3
add_23,2048
rsqrt_7,4
mul_36,32768
_to_copy_18,0
mul_37,16384
t_25,0
view_71,0
mm_13,59136
view_72,0
silu_3,59136
t_26,0
view_73,0
mm_14,59136
view_74,0
mul_38,59136
t_27,0
view_75,0
mm_15,16384
view_76,0
add_24,16384
_to_copy_19,0
pow_9,32768
mean_8,3
add_25,-6
rsqrt_8,4
mul_39,32768
_to_copy_20,0
mul_40,16384
view_77,0
t_28,0
addmm_12,16384
view_78,0
view_79,0
t_29,0
addmm_13,2048
view_80,0
view_81,0
t_30,0
addmm_14,2048
view_82,0
view_83,0
transpose_17,0
view_84,0
transpose_18,0
view_85,0
transpose_19,0
split_with_sizes_8,0
select_48,0
select_49,0
select_50,0
select_51,0
select_52,0
select_53,0
unsqueeze_26,0
split_with_sizes_9,0
select_54,0
select_55,0
select_56,0
select_57,0
select_58,0
select_59,0
unsqueeze_27,0
mul_41,16384
slice_97,0
slice_98,0
neg_8,8192
mul_42,16384
add_26,16384
mul_43,2048
slice_99,0
slice_100,0
neg_9,1024
mul_44,2048
add_27,-6
slice_101,0
slice_102,0
unsqueeze_28,0
slice_103,0
slice_104,0
expand_13,0
clone_9,0
_unsafe_view_8,0
slice_105,0
slice_106,0
unsqueeze_29,0
slice_107,0
slice_108,0
expand_14,0
clone_10,0
_unsafe_view_9,0
slice_112,0
slice_113,0
slice_114,0
_scaled_dot_product_flash_attention_for_cpu_4,-344422
transpose_20,0
view_86,0
t_31,0
view_87,0
mm_16,16384
view_88,0
add_28,16384
_to_copy_21,0
pow_10,32768
mean_9,3
add_29,2048
rsqrt_9,4
mul_45,32768
_to_copy_22,0
mul_46,16384
t_32,0
view_89,0
mm_17,59136
view_90,0
silu_4,59136
t_33,0
view_91,0
mm_18,59136
view_92,0
mul_47,59136
t_34,0
view_93,0
mm_19,16384
view_94,0
add_30,16384
_to_copy_23,0
pow_11,32768
mean_10,3
add_31,-6
rsqrt_10,4
mul_48,32768
_to_copy_24,0
mul_49,16384
view_95,0
t_35,0
addmm_15,16384
view_96,0
view_97,0
t_36,0
addmm_16,2048
view_98,0
view_99,0
t_37,0
addmm_17,2048
view_100,0
view_101,0
transpose_21,0
view_102,0
transpose_22,0
view_103,0
transpose_23,0
split_with_sizes_10,0
select_60,0
select_61,0
select_62,0
select_63,0
select_64,0
select_65,0
unsqueeze_30,0
split_with_sizes_11,0
select_66,0
select_67,0
select_68,0
select_69,0
select_70,0
select_71,0
unsqueeze_31,0
mul_50,16384
slice_115,0
slice_116,0
neg_10,8192
mul_51,16384
add_32,16384
mul_52,2048
slice_117,0
slice_118,0
neg_11,1024
mul_53,2048
add_33,-6
slice_119,0
slice_120,0
unsqueeze_32,0
slice_121,0
slice_122,0
expand_15,0
clone_11,0
_unsafe_view_10,0
slice_123,0
slice_124,0
unsqueeze_33,0
slice_125,0
slice_126,0
expand_16,0
clone_12,0
_unsafe_view_11,0
slice_130,0
slice_131,0
slice_132,0
_scaled_dot_product_flash_attention_for_cpu_5,-344422
transpose_24,0
view_104,0
t_38,0
view_105,0
mm_20,16384
view_106,0
add_34,16384
_to_copy_25,0
pow_12,32768
mean_11,3
add_35,2048
rsqrt_11,4
mul_54,32768
_to_copy_26,0
mul_55,16384
t_39,0
view_107,0
mm_21,59136
view_108,0
silu_5,59136
t_40,0
view_109,0
mm_22,59136
view_110,0
mul_56,59136
t_41,0
view_111,0
mm_23,16384
view_112,0
add_36,16384
_to_copy_27,0
pow_13,32768
mean_12,3
add_37,-6
rsqrt_12,4
mul_57,32768
_to_copy_28,0
mul_58,16384
view_113,0
t_42,0
addmm_18,16384
view_114,0
view_115,0
t_43,0
addmm_19,2048
view_116,0
view_117,0
t_44,0
addmm_20,2048
view_118,0
view_119,0
transpose_25,0
view_120,0
transpose_26,0
view_121,0
transpose_27,0
split_with_sizes_12,0
select_72,0
select_73,0
select_74,0
select_75,0
select_76,0
select_77,0
unsqueeze_34,0
split_with_sizes_13,0
select_78,0
select_79,0
select_80,0
select_81,0
select_82,0
select_83,0
unsqueeze_35,0
mul_59,16384
slice_133,0
slice_134,0
neg_12,8192
mul_60,16384
add_38,16384
mul_61,2048
slice_135,0
slice_136,0
neg_13,1024
mul_62,2048
add_39,-6
slice_137,0
slice_138,0
unsqueeze_36,0
slice_139,0
slice_140,0
expand_17,0
clone_13,0
_unsafe_view_12,0
slice_141,0
slice_142,0
unsqueeze_37,0
slice_143,0
slice_144,0
expand_18,0
clone_14,0
_unsafe_view_13,0
slice_148,0
slice_149,0
slice_150,0
_scaled_dot_product_flash_attention_for_cpu_6,-344422
transpose_28,0
view_122,0
t_45,0
view_123,0
mm_24,16384
view_124,0
add_40,16384
_to_copy_29,0
pow_14,32768
mean_13,3
add_41,2048
rsqrt_13,4
mul_63,32768
_to_copy_30,0
mul_64,16384
t_46,0
view_125,0
mm_25,59136
view_126,0
silu_6,59136
t_47,0
view_127,0
mm_26,59136
view_128,0
mul_65,59136
t_48,0
view_129,0
mm_27,16384
view_130,0
add_42,16384
_to_copy_31,0
pow_15,32768
mean_14,3
add_43,-6
rsqrt_14,4
mul_66,32768
_to_copy_32,0
mul_67,16384
view_131,0
t_49,0
addmm_21,16384
view_132,0
view_133,0
t_50,0
addmm_22,2048
view_134,0
view_135,0
t_51,0
addmm_23,2048
view_136,0
view_137,0
transpose_29,0
view_138,0
transpose_30,0
view_139,0
transpose_31,0
split_with_sizes_14,0
select_84,0
select_85,0
select_86,0
select_87,0
select_88,0
select_89,0
unsqueeze_38,0
split_with_sizes_15,0
select_90,0
select_91,0
select_92,0
select_93,0
select_94,0
select_95,0
unsqueeze_39,0
mul_68,16384
slice_151,0
slice_152,0
neg_14,8192
mul_69,16384
add_44,16384
mul_70,2048
slice_153,0
slice_154,0
neg_15,1024
mul_71,2048
add_45,-6
slice_155,0
slice_156,0
unsqueeze_40,0
slice_157,0
slice_158,0
expand_19,0
clone_15,0
_unsafe_view_14,0
slice_159,0
slice_160,0
unsqueeze_41,0
slice_161,0
slice_162,0
expand_20,0
clone_16,0
_unsafe_view_15,0
slice_166,0
slice_167,0
slice_168,0
_scaled_dot_product_flash_attention_for_cpu_7,-344422
transpose_32,0
view_140,0
t_52,0
view_141,0
mm_28,16384
view_142,0
add_46,16384
_to_copy_33,0
pow_16,32768
mean_15,3
add_47,2048
rsqrt_15,4
mul_72,32768
_to_copy_34,0
mul_73,16384
t_53,0
view_143,0
mm_29,59136
view_144,0
silu_7,59136
t_54,0
view_145,0
mm_30,59136
view_146,0
mul_74,59136
t_55,0
view_147,0
mm_31,16384
view_148,0
add_48,16384
_to_copy_35,0
pow_17,32768
mean_16,3
add_49,-6
rsqrt_16,4
mul_75,32768
_to_copy_36,0
mul_76,16384
view_149,0
t_56,0
addmm_24,16384
view_150,0
view_151,0
t_57,0
addmm_25,2048
view_152,0
view_153,0
t_58,0
addmm_26,2048
view_154,0
view_155,0
transpose_33,0
view_156,0
transpose_34,0
view_157,0
transpose_35,0
split_with_sizes_16,0
select_96,0
select_97,0
select_98,0
select_99,0
select_100,0
select_101,0
unsqueeze_42,0
split_with_sizes_17,0
select_102,0
select_103,0
select_104,0
select_105,0
select_106,0
select_107,0
unsqueeze_43,0
mul_77,16384
slice_169,0
slice_170,0
neg_16,8192
mul_78,16384
add_50,16384
mul_79,2048
slice_171,0
slice_172,0
neg_17,1024
mul_80,2048
add_51,-6
slice_173,0
slice_174,0
unsqueeze_44,0
slice_175,0
slice_176,0
expand_21,0
clone_17,0
_unsafe_view_16,0
slice_177,0
slice_178,0
unsqueeze_45,0
slice_179,0
slice_180,0
expand_22,0
clone_18,0
_unsafe_view_17,0
slice_184,0
slice_185,0
slice_186,0
_scaled_dot_product_flash_attention_for_cpu_8,-344422
transpose_36,0
view_158,0
t_59,0
view_159,0
mm_32,16384
view_160,0
add_52,16384
_to_copy_37,0
pow_18,32768
mean_17,3
add_53,2048
rsqrt_17,4
mul_81,32768
_to_copy_38,0
mul_82,16384
t_60,0
view_161,0
mm_33,59136
view_162,0
silu_8,59136
t_61,0
view_163,0
mm_34,59136
view_164,0
mul_83,59136
t_62,0
view_165,0
mm_35,16384
view_166,0
add_54,16384
_to_copy_39,0
pow_19,32768
mean_18,3
add_55,-6
rsqrt_18,4
mul_84,32768
_to_copy_40,0
mul_85,16384
view_167,0
t_63,0
addmm_27,16384
view_168,0
view_169,0
t_64,0
addmm_28,2048
view_170,0
view_171,0
t_65,0
addmm_29,2048
view_172,0
view_173,0
transpose_37,0
view_174,0
transpose_38,0
view_175,0
transpose_39,0
split_with_sizes_18,0
select_108,0
select_109,0
select_110,0
select_111,0
select_112,0
select_113,0
unsqueeze_46,0
split_with_sizes_19,0
select_114,0
select_115,0
select_116,0
select_117,0
select_118,0
select_119,0
unsqueeze_47,0
mul_86,16384
slice_187,0
slice_188,0
neg_18,8192
mul_87,16384
add_56,16384
mul_88,2048
slice_189,0
slice_190,0
neg_19,1024
mul_89,2048
add_57,-6
slice_191,0
slice_192,0
unsqueeze_48,0
slice_193,0
slice_194,0
expand_23,0
clone_19,0
_unsafe_view_18,0
slice_195,0
slice_196,0
unsqueeze_49,0
slice_197,0
slice_198,0
expand_24,0
clone_20,0
_unsafe_view_19,0
slice_202,0
slice_203,0
slice_204,0
_scaled_dot_product_flash_attention_for_cpu_9,-344422
transpose_40,0
view_176,0
t_66,0
view_177,0
mm_36,16384
view_178,0
add_58,16384
_to_copy_41,0
pow_20,32768
mean_19,3
add_59,2048
rsqrt_19,4
mul_90,32768
_to_copy_42,0
mul_91,16384
t_67,0
view_179,0
mm_37,59136
view_180,0
silu_9,59136
t_68,0
view_181,0
mm_38,59136
view_182,0
mul_92,59136
t_69,0
view_183,0
mm_39,16384
view_184,0
add_60,16384
_to_copy_43,0
pow_21,32768
mean_20,3
add_61,-6
rsqrt_20,4
mul_93,32768
_to_copy_44,0
mul_94,16384
view_185,0
t_70,0
addmm_30,16384
view_186,0
view_187,0
t_71,0
addmm_31,2048
view_188,0
view_189,0
t_72,0
addmm_32,2048
view_190,0
view_191,0
transpose_41,0
view_192,0
transpose_42,0
view_193,0
transpose_43,0
split_with_sizes_20,0
select_120,0
select_121,0
select_122,0
select_123,0
select_124,0
select_125,0
unsqueeze_50,0
split_with_sizes_21,0
select_126,0
select_127,0
select_128,0
select_129,0
select_130,0
select_131,0
unsqueeze_51,0
mul_95,16384
slice_205,0
slice_206,0
neg_20,8192
mul_96,16384
add_62,16384
mul_97,2048
slice_207,0
slice_208,0
neg_21,1024
mul_98,2048
add_63,-6
slice_209,0
slice_210,0
unsqueeze_52,0
slice_211,0
slice_212,0
expand_25,0
clone_21,0
_unsafe_view_20,0
slice_213,0
slice_214,0
unsqueeze_53,0
slice_215,0
slice_216,0
expand_26,0
clone_22,0
_unsafe_view_21,0
slice_220,0
slice_221,0
slice_222,0
_scaled_dot_product_flash_attention_for_cpu_10,-344422
transpose_44,0
view_194,0
t_73,0
view_195,0
mm_40,16384
view_196,0
add_64,16384
_to_copy_45,0
pow_22,32768
mean_21,3
add_65,2048
rsqrt_21,4
mul_99,32768
_to_copy_46,0
mul_100,16384
t_74,0
view_197,0
mm_41,59136
view_198,0
silu_10,59136
t_75,0
view_199,0
mm_42,59136
view_200,0
mul_101,59136
t_76,0
view_201,0
mm_43,16384
view_202,0
add_66,16384
_to_copy_47,0
pow_23,32768
mean_22,3
add_67,-6
rsqrt_22,4
mul_102,32768
_to_copy_48,0
mul_103,16384
view_203,0
t_77,0
addmm_33,16384
view_204,0
view_205,0
t_78,0
addmm_34,2048
view_206,0
view_207,0
t_79,0
addmm_35,2048
view_208,0
view_209,0
transpose_45,0
view_210,0
transpose_46,0
view_211,0
transpose_47,0
split_with_sizes_22,0
select_132,0
select_133,0
select_134,0
select_135,0
select_136,0
select_137,0
unsqueeze_54,0
split_with_sizes_23,0
select_138,0
select_139,0
select_140,0
select_141,0
select_142,0
select_143,0
unsqueeze_55,0
mul_104,16384
slice_223,0
slice_224,0
neg_22,8192
mul_105,16384
add_68,16384
mul_106,2048
slice_225,0
slice_226,0
neg_23,1024
mul_107,2048
add_69,-6
slice_227,0
slice_228,0
unsqueeze_56,0
slice_229,0
slice_230,0
expand_27,0
clone_23,0
_unsafe_view_22,0
slice_231,0
slice_232,0
unsqueeze_57,0
slice_233,0
slice_234,0
expand_28,0
clone_24,0
_unsafe_view_23,0
slice_238,0
slice_239,0
slice_240,0
_scaled_dot_product_flash_attention_for_cpu_11,-344422
transpose_48,0
view_212,0
t_80,0
view_213,0
mm_44,16384
view_214,0
add_70,16384
_to_copy_49,0
pow_24,32768
mean_23,3
add_71,2048
rsqrt_23,4
mul_108,32768
_to_copy_50,0
mul_109,16384
t_81,0
view_215,0
mm_45,59136
view_216,0
silu_11,59136
t_82,0
view_217,0
mm_46,59136
view_218,0
mul_110,59136
t_83,0
view_219,0
mm_47,16384
view_220,0
add_72,16384
_to_copy_51,0
pow_25,32768
mean_24,3
add_73,-6
rsqrt_24,4
mul_111,32768
_to_copy_52,0
mul_112,16384
view_221,0
t_84,0
addmm_36,16384
view_222,0
view_223,0
t_85,0
addmm_37,2048
view_224,0
view_225,0
t_86,0
addmm_38,2048
view_226,0
view_227,0
transpose_49,0
view_228,0
transpose_50,0
view_229,0
transpose_51,0
split_with_sizes_24,0
select_144,0
select_145,0
select_146,0
select_147,0
select_148,0
select_149,0
unsqueeze_58,0
split_with_sizes_25,0
select_150,0
select_151,0
select_152,0
select_153,0
select_154,0
select_155,0
unsqueeze_59,0
mul_113,16384
slice_241,0
slice_242,0
neg_24,8192
mul_114,16384
add_74,16384
mul_115,2048
slice_243,0
slice_244,0
neg_25,1024
mul_116,2048
add_75,-6
slice_245,0
slice_246,0
unsqueeze_60,0
slice_247,0
slice_248,0
expand_29,0
clone_25,0
_unsafe_view_24,0
slice_249,0
slice_250,0
unsqueeze_61,0
slice_251,0
slice_252,0
expand_30,0
clone_26,0
_unsafe_view_25,0
slice_256,0
slice_257,0
slice_258,0
_scaled_dot_product_flash_attention_for_cpu_12,-344422
transpose_52,0
view_230,0
t_87,0
view_231,0
mm_48,16384
view_232,0
add_76,16384
_to_copy_53,0
pow_26,32768
mean_25,3
add_77,2048
rsqrt_25,4
mul_117,32768
_to_copy_54,0
mul_118,16384
t_88,0
view_233,0
mm_49,59136
view_234,0
silu_12,59136
t_89,0
view_235,0
mm_50,59136
view_236,0
mul_119,59136
t_90,0
view_237,0
mm_51,16384
view_238,0
add_78,16384
_to_copy_55,0
pow_27,32768
mean_26,3
add_79,-6
rsqrt_26,4
mul_120,32768
_to_copy_56,0
mul_121,16384
view_239,0
t_91,0
addmm_39,16384
view_240,0
view_241,0
t_92,0
addmm_40,2048
view_242,0
view_243,0
t_93,0
addmm_41,2048
view_244,0
view_245,0
transpose_53,0
view_246,0
transpose_54,0
view_247,0
transpose_55,0
split_with_sizes_26,0
select_156,0
select_157,0
select_158,0
select_159,0
select_160,0
select_161,0
unsqueeze_62,0
split_with_sizes_27,0
select_162,0
select_163,0
select_164,0
select_165,0
select_166,0
select_167,0
unsqueeze_63,0
mul_122,16384
slice_259,0
slice_260,0
neg_26,8192
mul_123,16384
add_80,16384
mul_124,2048
slice_261,0
slice_262,0
neg_27,1024
mul_125,2048
add_81,-6
slice_263,0
slice_264,0
unsqueeze_64,0
slice_265,0
slice_266,0
expand_31,0
clone_27,0
_unsafe_view_26,0
slice_267,0
slice_268,0
unsqueeze_65,0
slice_269,0
slice_270,0
expand_32,0
clone_28,0
_unsafe_view_27,0
slice_274,0
slice_275,0
slice_276,0
_scaled_dot_product_flash_attention_for_cpu_13,-344422
transpose_56,0
view_248,0
t_94,0
view_249,0
mm_52,16384
view_250,0
add_82,16384
_to_copy_57,0
pow_28,32768
mean_27,3
add_83,2048
rsqrt_27,4
mul_126,32768
_to_copy_58,0
mul_127,16384
t_95,0
view_251,0
mm_53,59136
view_252,0
silu_13,59136
t_96,0
view_253,0
mm_54,59136
view_254,0
mul_128,59136
t_97,0
view_255,0
mm_55,16384
view_256,0
add_84,16384
_to_copy_59,0
pow_29,32768
mean_28,3
add_85,-6
rsqrt_28,4
mul_129,32768
_to_copy_60,0
mul_130,16384
view_257,0
t_98,0
addmm_42,16384
view_258,0
view_259,0
t_99,0
addmm_43,2048
view_260,0
view_261,0
t_100,0
addmm_44,2048
view_262,0
view_263,0
transpose_57,0
view_264,0
transpose_58,0
view_265,0
transpose_59,0
split_with_sizes_28,0
select_168,0
select_169,0
select_170,0
select_171,0
select_172,0
select_173,0
unsqueeze_66,0
split_with_sizes_29,0
select_174,0
select_175,0
select_176,0
select_177,0
select_178,0
select_179,0
unsqueeze_67,0
mul_131,16384
slice_277,0
slice_278,0
neg_28,8192
mul_132,16384
add_86,16384
mul_133,2048
slice_279,0
slice_280,0
neg_29,1024
mul_134,2048
add_87,-6
slice_281,0
slice_282,0
unsqueeze_68,0
slice_283,0
slice_284,0
expand_33,0
clone_29,0
_unsafe_view_28,0
slice_285,0
slice_286,0
unsqueeze_69,0
slice_287,0
slice_288,0
expand_34,0
clone_30,0
_unsafe_view_29,0
slice_292,0
slice_293,0
slice_294,0
_scaled_dot_product_flash_attention_for_cpu_14,-344422
transpose_60,0
view_266,0
t_101,0
view_267,0
mm_56,16384
view_268,0
add_88,16384
_to_copy_61,0
pow_30,32768
mean_29,3
add_89,2048
rsqrt_29,4
mul_135,32768
_to_copy_62,0
mul_136,16384
t_102,0
view_269,0
mm_57,59136
view_270,0
silu_14,59136
t_103,0
view_271,0
mm_58,59136
view_272,0
mul_137,59136
t_104,0
view_273,0
mm_59,16384
view_274,0
add_90,16384
_to_copy_63,0
pow_31,32768
mean_30,3
add_91,-6
rsqrt_30,4
mul_138,32768
_to_copy_64,0
mul_139,16384
view_275,0
t_105,0
addmm_45,16384
view_276,0
view_277,0
t_106,0
addmm_46,2048
view_278,0
view_279,0
t_107,0
addmm_47,2048
view_280,0
view_281,0
transpose_61,0
view_282,0
transpose_62,0
view_283,0
transpose_63,0
split_with_sizes_30,0
select_180,0
select_181,0
select_182,0
select_183,0
select_184,0
select_185,0
unsqueeze_70,0
split_with_sizes_31,0
select_186,0
select_187,0
select_188,0
select_189,0
select_190,0
select_191,0
unsqueeze_71,0
mul_140,16384
slice_295,0
slice_296,0
neg_30,8192
mul_141,16384
add_92,16384
mul_142,2048
slice_297,0
slice_298,0
neg_31,1024
mul_143,2048
add_93,-6
slice_299,0
slice_300,0
unsqueeze_72,0
slice_301,0
slice_302,0
expand_35,0
clone_31,0
_unsafe_view_30,0
slice_303,0
slice_304,0
unsqueeze_73,0
slice_305,0
slice_306,0
expand_36,0
clone_32,0
_unsafe_view_31,0
slice_310,0
slice_311,0
slice_312,0
_scaled_dot_product_flash_attention_for_cpu_15,-344422
transpose_64,0
view_284,0
t_108,0
view_285,0
mm_60,16384
view_286,0
add_94,16384
_to_copy_65,0
pow_32,32768
mean_31,3
add_95,2048
rsqrt_31,4
mul_144,32768
_to_copy_66,0
mul_145,16384
t_109,0
view_287,0
mm_61,59136
view_288,0
silu_15,59136
t_110,0
view_289,0
mm_62,59136
view_290,0
mul_146,59136
t_111,0
view_291,0
mm_63,16384
view_292,0
add_96,16384
_to_copy_67,0
pow_33,32768
mean_32,3
add_97,-6
rsqrt_32,4
mul_147,32768
_to_copy_68,0
mul_148,16384
view_293,0
t_112,0
addmm_48,16384
view_294,0
view_295,0
t_113,0
addmm_49,2048
view_296,0
view_297,0
t_114,0
addmm_50,2048
view_298,0
view_299,0
transpose_65,0
view_300,0
transpose_66,0
view_301,0
transpose_67,0
split_with_sizes_32,0
select_192,0
select_193,0
select_194,0
select_195,0
select_196,0
select_197,0
unsqueeze_74,0
split_with_sizes_33,0
select_198,0
select_199,0
select_200,0
select_201,0
select_202,0
select_203,0
unsqueeze_75,0
mul_149,16384
slice_313,0
slice_314,0
neg_32,8192
mul_150,16384
add_98,16384
mul_151,2048
slice_315,0
slice_316,0
neg_33,1024
mul_152,2048
add_99,-6
slice_317,0
slice_318,0
unsqueeze_76,0
slice_319,0
slice_320,0
expand_37,0
clone_33,0
_unsafe_view_32,0
slice_321,0
slice_322,0
unsqueeze_77,0
slice_323,0
slice_324,0
expand_38,0
clone_34,0
_unsafe_view_33,0
slice_328,0
slice_329,0
slice_330,0
_scaled_dot_product_flash_attention_for_cpu_16,-344422
transpose_68,0
view_302,0
t_115,0
view_303,0
mm_64,16384
view_304,0
add_100,16384
_to_copy_69,0
pow_34,32768
mean_33,3
add_101,2048
rsqrt_33,4
mul_153,32768
_to_copy_70,0
mul_154,16384
t_116,0
view_305,0
mm_65,59136
view_306,0
silu_16,59136
t_117,0
view_307,0
mm_66,59136
view_308,0
mul_155,59136
t_118,0
view_309,0
mm_67,16384
view_310,0
add_102,16384
_to_copy_71,0
pow_35,32768
mean_34,3
add_103,-6
rsqrt_34,4
mul_156,32768
_to_copy_72,0
mul_157,16384
view_311,0
t_119,0
addmm_51,16384
view_312,0
view_313,0
t_120,0
addmm_52,2048
view_314,0
view_315,0
t_121,0
addmm_53,2048
view_316,0
view_317,0
transpose_69,0
view_318,0
transpose_70,0
view_319,0
transpose_71,0
split_with_sizes_34,0
select_204,0
select_205,0
select_206,0
select_207,0
select_208,0
select_209,0
unsqueeze_78,0
split_with_sizes_35,0
select_210,0
select_211,0
select_212,0
select_213,0
select_214,0
select_215,0
unsqueeze_79,0
mul_158,16384
slice_331,0
slice_332,0
neg_34,8192
mul_159,16384
add_104,16384
mul_160,2048
slice_333,0
slice_334,0
neg_35,1024
mul_161,2048
add_105,-6
slice_335,0
slice_336,0
unsqueeze_80,0
slice_337,0
slice_338,0
expand_39,0
clone_35,0
_unsafe_view_34,0
slice_339,0
slice_340,0
unsqueeze_81,0
slice_341,0
slice_342,0
expand_40,0
clone_36,0
_unsafe_view_35,0
slice_346,0
slice_347,0
slice_348,0
_scaled_dot_product_flash_attention_for_cpu_17,-344422
transpose_72,0
view_320,0
t_122,0
view_321,0
mm_68,16384
view_322,0
add_106,16384
_to_copy_73,0
pow_36,32768
mean_35,3
add_107,2048
rsqrt_35,4
mul_162,32768
_to_copy_74,0
mul_163,16384
t_123,0
view_323,0
mm_69,59136
view_324,0
silu_17,59136
t_124,0
view_325,0
mm_70,59136
view_326,0
mul_164,59136
t_125,0
view_327,0
mm_71,16384
view_328,0
add_108,16384
_to_copy_75,0
pow_37,32768
mean_36,3
add_109,-6
rsqrt_36,4
mul_165,32768
_to_copy_76,0
mul_166,16384
view_329,0
t_126,0
addmm_54,16384
view_330,0
view_331,0
t_127,0
addmm_55,2048
view_332,0
view_333,0
t_128,0
addmm_56,2048
view_334,0
view_335,0
transpose_73,0
view_336,0
transpose_74,0
view_337,0
transpose_75,0
split_with_sizes_36,0
select_216,0
select_217,0
select_218,0
select_219,0
select_220,0
select_221,0
unsqueeze_82,0
split_with_sizes_37,0
select_222,0
select_223,0
select_224,0
select_225,0
select_226,0
select_227,0
unsqueeze_83,0
mul_167,16384
slice_349,0
slice_350,0
neg_36,8192
mul_168,16384
add_110,16384
mul_169,2048
slice_351,0
slice_352,0
neg_37,1024
mul_170,2048
add_111,-6
slice_353,0
slice_354,0
unsqueeze_84,0
slice_355,0
slice_356,0
expand_41,0
clone_37,0
_unsafe_view_36,0
slice_357,0
slice_358,0
unsqueeze_85,0
slice_359,0
slice_360,0
expand_42,0
clone_38,0
_unsafe_view_37,0
slice_364,0
slice_365,0
slice_366,0
_scaled_dot_product_flash_attention_for_cpu_18,-344422
transpose_76,0
view_338,0
t_129,0
view_339,0
mm_72,16384
view_340,0
add_112,16384
_to_copy_77,0
pow_38,32768
mean_37,3
add_113,2048
rsqrt_37,4
mul_171,32768
_to_copy_78,0
mul_172,16384
t_130,0
view_341,0
mm_73,59136
view_342,0
silu_18,59136
t_131,0
view_343,0
mm_74,59136
view_344,0
mul_173,59136
t_132,0
view_345,0
mm_75,16384
view_346,0
add_114,16384
_to_copy_79,0
pow_39,32768
mean_38,3
add_115,-6
rsqrt_38,4
mul_174,32768
_to_copy_80,0
mul_175,16384
view_347,0
t_133,0
addmm_57,16384
view_348,0
view_349,0
t_134,0
addmm_58,2048
view_350,0
view_351,0
t_135,0
addmm_59,2048
view_352,0
view_353,0
transpose_77,0
view_354,0
transpose_78,0
view_355,0
transpose_79,0
split_with_sizes_38,0
select_228,0
select_229,0
select_230,0
select_231,0
select_232,0
select_233,0
unsqueeze_86,0
split_with_sizes_39,0
select_234,0
select_235,0
select_236,0
select_237,0
select_238,0
select_239,0
unsqueeze_87,0
mul_176,16384
slice_367,0
slice_368,0
neg_38,8192
mul_177,16384
add_116,16384
mul_178,2048
slice_369,0
slice_370,0
neg_39,1024
mul_179,2048
add_117,-6
slice_371,0
slice_372,0
unsqueeze_88,0
slice_373,0
slice_374,0
expand_43,0
clone_39,0
_unsafe_view_38,0
slice_375,0
slice_376,0
unsqueeze_89,0
slice_377,0
slice_378,0
expand_44,0
clone_40,0
_unsafe_view_39,0
slice_382,0
slice_383,0
slice_384,0
_scaled_dot_product_flash_attention_for_cpu_19,-344422
transpose_80,0
view_356,0
t_136,0
view_357,0
mm_76,16384
view_358,0
add_118,16384
_to_copy_81,0
pow_40,32768
mean_39,3
add_119,2048
rsqrt_39,4
mul_180,32768
_to_copy_82,0
mul_181,16384
t_137,0
view_359,0
mm_77,59136
view_360,0
silu_19,59136
t_138,0
view_361,0
mm_78,59136
view_362,0
mul_182,59136
t_139,0
view_363,0
mm_79,16384
view_364,0
add_120,16384
_to_copy_83,0
pow_41,32768
mean_40,3
add_121,-6
rsqrt_40,4
mul_183,32768
_to_copy_84,0
mul_184,16384
view_365,0
t_140,0
addmm_60,16384
view_366,0
view_367,0
t_141,0
addmm_61,2048
view_368,0
view_369,0
t_142,0
addmm_62,2048
view_370,0
view_371,0
transpose_81,0
view_372,0
transpose_82,0
view_373,0
transpose_83,0
split_with_sizes_40,0
select_240,0
select_241,0
select_242,0
select_243,0
select_244,0
select_245,0
unsqueeze_90,0
split_with_sizes_41,0
select_246,0
select_247,0
select_248,0
select_249,0
select_250,0
select_251,0
unsqueeze_91,0
mul_185,16384
slice_385,0
slice_386,0
neg_40,8192
mul_186,16384
add_122,16384
mul_187,2048
slice_387,0
slice_388,0
neg_41,1024
mul_188,2048
add_123,-6
slice_389,0
slice_390,0
unsqueeze_92,0
slice_391,0
slice_392,0
expand_45,0
clone_41,0
_unsafe_view_40,0
slice_393,0
slice_394,0
unsqueeze_93,0
slice_395,0
slice_396,0
expand_46,0
clone_42,0
_unsafe_view_41,0
slice_400,0
slice_401,0
slice_402,0
_scaled_dot_product_flash_attention_for_cpu_20,-344422
transpose_84,0
view_374,0
t_143,0
view_375,0
mm_80,16384
view_376,0
add_124,16384
_to_copy_85,0
pow_42,32768
mean_41,3
add_125,2048
rsqrt_41,4
mul_189,32768
_to_copy_86,0
mul_190,16384
t_144,0
view_377,0
mm_81,59136
view_378,0
silu_20,59136
t_145,0
view_379,0
mm_82,59136
view_380,0
mul_191,59136
t_146,0
view_381,0
mm_83,16384
view_382,0
add_126,16384
_to_copy_87,0
pow_43,32768
mean_42,3
add_127,-6
rsqrt_42,4
mul_192,32768
_to_copy_88,0
mul_193,16384
view_383,0
t_147,0
addmm_63,16384
view_384,0
view_385,0
t_148,0
addmm_64,2048
view_386,0
view_387,0
t_149,0
addmm_65,2048
view_388,0
view_389,0
transpose_85,0
view_390,0
transpose_86,0
view_391,0
transpose_87,0
split_with_sizes_42,0
select_252,0
select_253,0
select_254,0
select_255,0
select_256,0
select_257,0
unsqueeze_94,0
split_with_sizes_43,0
select_258,0
select_259,0
select_260,0
select_261,0
select_262,0
select_263,0
unsqueeze_95,0
mul_194,16384
slice_403,0
slice_404,0
neg_42,8192
mul_195,16384
add_128,16384
mul_196,2048
slice_405,0
slice_406,0
neg_43,1024
mul_197,2048
add_129,-6
slice_407,0
slice_408,0
unsqueeze_96,0
slice_409,0
slice_410,0
expand_47,0
clone_43,0
_unsafe_view_42,0
slice_411,0
slice_412,0
unsqueeze_97,0
slice_413,0
slice_414,0
expand_48,0
clone_44,0
_unsafe_view_43,0
slice_418,0
slice_419,0
slice_420,0
_scaled_dot_product_flash_attention_for_cpu_21,-344422
transpose_88,0
view_392,0
t_150,0
view_393,0
mm_84,16384
view_394,0
add_130,16384
_to_copy_89,0
pow_44,32768
mean_43,3
add_131,2048
rsqrt_43,4
mul_198,32768
_to_copy_90,0
mul_199,16384
t_151,0
view_395,0
mm_85,59136
view_396,0
silu_21,59136
t_152,0
view_397,0
mm_86,59136
view_398,0
mul_200,59136
t_153,0
view_399,0
mm_87,16384
view_400,0
add_132,16384
_to_copy_91,0
pow_45,32768
mean_44,3
add_133,-6
rsqrt_44,4
mul_201,32768
_to_copy_92,0
mul_202,16384
view_401,0
t_154,0
addmm_66,16384
view_402,0
view_403,0
t_155,0
addmm_67,2048
view_404,0
view_405,0
t_156,0
addmm_68,2048
view_406,0
view_407,0
transpose_89,0
view_408,0
transpose_90,0
view_409,0
transpose_91,0
split_with_sizes_44,0
select_264,0
select_265,0
select_266,0
select_267,0
select_268,0
select_269,0
unsqueeze_98,0
split_with_sizes_45,0
select_270,0
select_271,0
select_272,0
select_273,0
select_274,0
select_275,0
unsqueeze_99,0
mul_203,16384
slice_421,0
slice_422,0
neg_44,8192
mul_204,16384
add_134,16384
mul_205,2048
slice_423,0
slice_424,0
neg_45,1024
mul_206,2048
add_135,-6
slice_425,0
slice_426,0
unsqueeze_100,0
slice_427,0
slice_428,0
expand_49,0
clone_45,0
_unsafe_view_44,0
slice_429,0
slice_430,0
unsqueeze_101,0
slice_431,0
slice_432,0
expand_50,0
clone_46,0
_unsafe_view_45,0
slice_436,0
slice_437,0
slice_438,0
_scaled_dot_product_flash_attention_for_cpu_22,-344422
transpose_92,0
view_410,0
t_157,0
view_411,0
mm_88,16384
view_412,0
add_136,16384
_to_copy_93,0
pow_46,32768
mean_45,3
add_137,2048
rsqrt_45,4
mul_207,32768
_to_copy_94,0
mul_208,16384
t_158,0
view_413,0
mm_89,59136
view_414,0
silu_22,59136
t_159,0
view_415,0
mm_90,59136
view_416,0
mul_209,59136
t_160,0
view_417,0
mm_91,16384
view_418,0
add_138,16384
_to_copy_95,0
pow_47,32768
mean_46,3
add_139,-6
rsqrt_46,4
mul_210,32768
_to_copy_96,0
mul_211,16384
view_419,0
t_161,0
addmm_69,16384
view_420,0
view_421,0
t_162,0
addmm_70,2048
view_422,0
view_423,0
t_163,0
addmm_71,2048
view_424,0
view_425,0
transpose_93,0
view_426,0
transpose_94,0
view_427,0
transpose_95,0
split_with_sizes_46,0
select_276,0
select_277,0
select_278,0
select_279,0
select_280,0
select_281,0
unsqueeze_102,0
split_with_sizes_47,0
select_282,0
select_283,0
select_284,0
select_285,0
select_286,0
select_287,0
unsqueeze_103,0
mul_212,16384
slice_439,0
slice_440,0
neg_46,8192
mul_213,16384
add_140,16384
mul_214,2048
slice_441,0
slice_442,0
neg_47,1024
mul_215,2048
add_141,-6
slice_443,0
slice_444,0
unsqueeze_104,0
slice_445,0
slice_446,0
expand_51,0
clone_47,0
_unsafe_view_46,0
slice_447,0
slice_448,0
unsqueeze_105,0
slice_449,0
slice_450,0
expand_52,0
clone_48,0
_unsafe_view_47,0
slice_454,0
slice_455,0
slice_456,0
_scaled_dot_product_flash_attention_for_cpu_23,-344422
transpose_96,0
view_428,0
t_164,0
view_429,0
mm_92,16384
view_430,0
add_142,16384
_to_copy_97,0
pow_48,32768
mean_47,3
add_143,2048
rsqrt_47,4
mul_216,32768
_to_copy_98,0
mul_217,16384
t_165,0
view_431,0
mm_93,59136
view_432,0
silu_23,59136
t_166,0
view_433,0
mm_94,59136
view_434,0
mul_218,59136
t_167,0
view_435,0
mm_95,16384
view_436,0
add_144,16384
_to_copy_99,0
pow_49,32768
mean_48,3
add_145,-6
rsqrt_48,4
mul_219,32768
_to_copy_100,0
mul_220,16384
view_437,0
t_168,0
addmm_72,16384
view_438,0
view_439,0
t_169,0
addmm_73,2048
view_440,0
view_441,0
t_170,0
addmm_74,2048
view_442,0
view_443,0
transpose_97,0
view_444,0
transpose_98,0
view_445,0
transpose_99,0
split_with_sizes_48,0
select_288,0
select_289,0
select_290,0
select_291,0
select_292,0
select_293,0
unsqueeze_106,0
split_with_sizes_49,0
select_294,0
select_295,0
select_296,0
select_297,0
select_298,0
select_299,0
unsqueeze_107,0
mul_221,16384
slice_457,0
slice_458,0
neg_48,8192
mul_222,16384
add_146,16384
mul_223,2048
slice_459,0
slice_460,0
neg_49,1024
mul_224,2048
add_147,-6
slice_461,0
slice_462,0
unsqueeze_108,0
slice_463,0
slice_464,0
expand_53,0
clone_49,0
_unsafe_view_48,0
slice_465,0
slice_466,0
unsqueeze_109,0
slice_467,0
slice_468,0
expand_54,0
clone_50,0
_unsafe_view_49,0
slice_472,0
slice_473,0
slice_474,0
_scaled_dot_product_flash_attention_for_cpu_24,-344422
transpose_100,0
view_446,0
t_171,0
view_447,0
mm_96,16384
view_448,0
add_148,16384
_to_copy_101,0
pow_50,32768
mean_49,3
add_149,2048
rsqrt_49,4
mul_225,32768
_to_copy_102,0
mul_226,16384
t_172,0
view_449,0
mm_97,59136
view_450,0
silu_24,59136
t_173,0
view_451,0
mm_98,59136
view_452,0
mul_227,59136
t_174,0
view_453,0
mm_99,16384
view_454,0
add_150,16384
_to_copy_103,0
pow_51,32768
mean_50,3
add_151,-6
rsqrt_50,4
mul_228,32768
_to_copy_104,0
mul_229,16384
view_455,0
t_175,0
addmm_75,16384
view_456,0
view_457,0
t_176,0
addmm_76,2048
view_458,0
view_459,0
t_177,0
addmm_77,2048
view_460,0
view_461,0
transpose_101,0
view_462,0
transpose_102,0
view_463,0
transpose_103,0
split_with_sizes_50,0
select_300,0
select_301,0
select_302,0
select_303,0
select_304,0
select_305,0
unsqueeze_110,0
split_with_sizes_51,0
select_306,0
select_307,0
select_308,0
select_309,0
select_310,0
select_311,0
unsqueeze_111,0
mul_230,16384
slice_475,0
slice_476,0
neg_50,8192
mul_231,16384
add_152,16384
mul_232,2048
slice_477,0
slice_478,0
neg_51,1024
mul_233,2048
add_153,-6
slice_479,0
slice_480,0
unsqueeze_112,0
slice_481,0
slice_482,0
expand_55,0
clone_51,0
_unsafe_view_50,0
slice_483,0
slice_484,0
unsqueeze_113,0
slice_485,0
slice_486,0
expand_56,0
clone_52,0
_unsafe_view_51,0
slice_490,0
slice_491,0
slice_492,0
_scaled_dot_product_flash_attention_for_cpu_25,-344422
transpose_104,0
view_464,0
t_178,0
view_465,0
mm_100,16384
view_466,0
add_154,16384
_to_copy_105,0
pow_52,32768
mean_51,3
add_155,2048
rsqrt_51,4
mul_234,32768
_to_copy_106,0
mul_235,16384
t_179,0
view_467,0
mm_101,59136
view_468,0
silu_25,59136
t_180,0
view_469,0
mm_102,59136
view_470,0
mul_236,59136
t_181,0
view_471,0
mm_103,16384
view_472,0
add_156,16384
_to_copy_107,0
pow_53,32768
mean_52,3
add_157,-6
rsqrt_52,4
mul_237,32768
_to_copy_108,0
mul_238,16384
view_473,0
t_182,0
addmm_78,16384
view_474,0
view_475,0
t_183,0
addmm_79,2048
view_476,0
view_477,0
t_184,0
addmm_80,2048
view_478,0
view_479,0
transpose_105,0
view_480,0
transpose_106,0
view_481,0
transpose_107,0
split_with_sizes_52,0
select_312,0
select_313,0
select_314,0
select_315,0
select_316,0
select_317,0
unsqueeze_114,0
split_with_sizes_53,0
select_318,0
select_319,0
select_320,0
select_321,0
select_322,0
select_323,0
unsqueeze_115,0
mul_239,16384
slice_493,0
slice_494,0
neg_52,8192
mul_240,16384
add_158,16384
mul_241,2048
slice_495,0
slice_496,0
neg_53,1024
mul_242,2048
add_159,-6
slice_497,0
slice_498,0
unsqueeze_116,0
slice_499,0
slice_500,0
expand_57,0
clone_53,0
_unsafe_view_52,0
slice_501,0
slice_502,0
unsqueeze_117,0
slice_503,0
slice_504,0
expand_58,0
clone_54,0
_unsafe_view_53,0
slice_508,0
slice_509,0
slice_510,0
_scaled_dot_product_flash_attention_for_cpu_26,-344422
transpose_108,0
view_482,0
t_185,0
view_483,0
mm_104,16384
view_484,0
add_160,16384
_to_copy_109,0
pow_54,32768
mean_53,3
add_161,2048
rsqrt_53,4
mul_243,32768
_to_copy_110,0
mul_244,16384
t_186,0
view_485,0
mm_105,59136
view_486,0
silu_26,59136
t_187,0
view_487,0
mm_106,59136
view_488,0
mul_245,59136
t_188,0
view_489,0
mm_107,16384
view_490,0
add_162,16384
_to_copy_111,0
pow_55,32768
mean_54,3
add_163,-6
rsqrt_54,4
mul_246,32768
_to_copy_112,0
mul_247,16384
view_491,0
t_189,0
addmm_81,16384
view_492,0
view_493,0
t_190,0
addmm_82,2048
view_494,0
view_495,0
t_191,0
addmm_83,2048
view_496,0
view_497,0
transpose_109,0
view_498,0
transpose_110,0
view_499,0
transpose_111,0
split_with_sizes_54,0
select_324,0
select_325,0
select_326,0
select_327,0
select_328,0
select_329,0
unsqueeze_118,0
split_with_sizes_55,0
select_330,0
select_331,0
select_332,0
select_333,0
select_334,0
select_335,0
unsqueeze_119,0
mul_248,16384
slice_511,0
slice_512,0
neg_54,8192
mul_249,16384
add_164,16384
mul_250,2048
slice_513,0
slice_514,0
neg_55,1024
mul_251,2048
add_165,-6
slice_515,0
slice_516,0
unsqueeze_120,0
slice_517,0
slice_518,0
expand_59,0
clone_55,0
_unsafe_view_54,0
slice_519,0
slice_520,0
unsqueeze_121,0
slice_521,0
slice_522,0
expand_60,0
clone_56,0
_unsafe_view_55,0
slice_526,0
slice_527,0
slice_528,0
_scaled_dot_product_flash_attention_for_cpu_27,-344422
transpose_112,0
view_500,0
t_192,0
view_501,0
mm_108,16384
view_502,0
add_166,16384
_to_copy_113,0
pow_56,32768
mean_55,3
add_167,2048
rsqrt_55,4
mul_252,32768
_to_copy_114,0
mul_253,16384
t_193,0
view_503,0
mm_109,59136
view_504,0
silu_27,59136
t_194,0
view_505,0
mm_110,59136
view_506,0
mul_254,59136
t_195,0
view_507,0
mm_111,16384
view_508,0
add_168,16384
_to_copy_115,0
pow_57,32768
mean_56,3
add_169,-6
rsqrt_56,4
mul_255,32768
_to_copy_116,0
mul_256,16384
view_509,0
t_196,0
addmm_84,16384
view_510,0
view_511,0
t_197,0
addmm_85,2048
view_512,0
view_513,0
t_198,0
addmm_86,2048
view_514,0
view_515,0
transpose_113,0
view_516,0
transpose_114,0
view_517,0
transpose_115,0
split_with_sizes_56,0
select_336,0
select_337,0
select_338,0
select_339,0
select_340,0
select_341,0
unsqueeze_122,0
split_with_sizes_57,0
select_342,0
select_343,0
select_344,0
select_345,0
select_346,0
select_347,0
unsqueeze_123,0
mul_257,16384
slice_529,0
slice_530,0
neg_56,8192
mul_258,16384
add_170,16384
mul_259,2048
slice_531,0
slice_532,0
neg_57,1024
mul_260,2048
add_171,-6
slice_533,0
slice_534,0
unsqueeze_124,0
slice_535,0
slice_536,0
expand_61,0
clone_57,0
_unsafe_view_56,0
slice_537,0
slice_538,0
unsqueeze_125,0
slice_539,0
slice_540,0
expand_62,0
clone_58,0
_unsafe_view_57,0
slice_544,0
slice_545,0
slice_546,0
_scaled_dot_product_flash_attention_for_cpu_28,-344422
transpose_116,0
view_518,0
t_199,0
view_519,0
mm_112,16384
view_520,0
add_172,16384
_to_copy_117,0
pow_58,32768
mean_57,3
add_173,2048
rsqrt_57,4
mul_261,32768
_to_copy_118,0
mul_262,16384
t_200,0
view_521,0
mm_113,59136
view_522,0
silu_28,59136
t_201,0
view_523,0
mm_114,59136
view_524,0
mul_263,59136
t_202,0
view_525,0
mm_115,16384
view_526,0
add_174,16384
_to_copy_119,0
pow_59,32768
mean_58,3
add_175,-6
rsqrt_58,4
mul_264,32768
_to_copy_120,0
mul_265,16384
view_527,0
t_203,0
addmm_87,16384
view_528,0
view_529,0
t_204,0
addmm_88,2048
view_530,0
view_531,0
t_205,0
addmm_89,2048
view_532,0
view_533,0
transpose_117,0
view_534,0
transpose_118,0
view_535,0
transpose_119,0
split_with_sizes_58,0
select_348,0
select_349,0
select_350,0
select_351,0
select_352,0
select_353,0
unsqueeze_126,0
split_with_sizes_59,0
select_354,0
select_355,0
select_356,0
select_357,0
select_358,0
select_359,0
unsqueeze_127,0
mul_266,16384
slice_547,0
slice_548,0
neg_58,8192
mul_267,16384
add_176,16384
mul_268,2048
slice_549,0
slice_550,0
neg_59,1024
mul_269,2048
add_177,-6
slice_551,0
slice_552,0
unsqueeze_128,0
slice_553,0
slice_554,0
expand_63,0
clone_59,0
_unsafe_view_58,0
slice_555,0
slice_556,0
unsqueeze_129,0
slice_557,0
slice_558,0
expand_64,0
clone_60,0
_unsafe_view_59,0
slice_562,0
slice_563,0
slice_564,0
_scaled_dot_product_flash_attention_for_cpu_29,-344422
transpose_120,0
view_536,0
t_206,0
view_537,0
mm_116,16384
view_538,0
add_178,16384
_to_copy_121,0
pow_60,32768
mean_59,3
add_179,2048
rsqrt_59,4
mul_270,32768
_to_copy_122,0
mul_271,16384
t_207,0
view_539,0
mm_117,59136
view_540,0
silu_29,59136
t_208,0
view_541,0
mm_118,59136
view_542,0
mul_272,59136
t_209,0
view_543,0
mm_119,16384
view_544,0
add_180,16384
_to_copy_123,0
pow_61,32768
mean_60,3
add_181,-6
rsqrt_60,4
mul_273,32768
_to_copy_124,0
mul_274,16384
view_545,0
t_210,0
addmm_90,16384
view_546,0
view_547,0
t_211,0
addmm_91,2048
view_548,0
view_549,0
t_212,0
addmm_92,2048
view_550,0
view_551,0
transpose_121,0
view_552,0
transpose_122,0
view_553,0
transpose_123,0
split_with_sizes_60,0
select_360,0
select_361,0
select_362,0
select_363,0
select_364,0
select_365,0
unsqueeze_130,0
split_with_sizes_61,0
select_366,0
select_367,0
select_368,0
select_369,0
select_370,0
select_371,0
unsqueeze_131,0
mul_275,16384
slice_565,0
slice_566,0
neg_60,8192
mul_276,16384
add_182,16384
mul_277,2048
slice_567,0
slice_568,0
neg_61,1024
mul_278,2048
add_183,-6
slice_569,0
slice_570,0
unsqueeze_132,0
slice_571,0
slice_572,0
expand_65,0
clone_61,0
_unsafe_view_60,0
slice_573,0
slice_574,0
unsqueeze_133,0
slice_575,0
slice_576,0
expand_66,0
clone_62,0
_unsafe_view_61,0
slice_580,0
slice_581,0
slice_582,0
_scaled_dot_product_flash_attention_for_cpu_30,-344422
transpose_124,0
view_554,0
t_213,0
view_555,0
mm_120,16384
view_556,0
add_184,16384
_to_copy_125,0
pow_62,32768
mean_61,3
add_185,2048
rsqrt_61,4
mul_279,32768
_to_copy_126,0
mul_280,16384
t_214,0
view_557,0
mm_121,59136
view_558,0
silu_30,59136
t_215,0
view_559,0
mm_122,59136
view_560,0
mul_281,59136
t_216,0
view_561,0
mm_123,16384
view_562,0
add_186,16384
_to_copy_127,0
pow_63,32768
mean_62,3
add_187,-6
rsqrt_62,4
mul_282,32768
_to_copy_128,0
mul_283,16384
view_563,0
t_217,0
addmm_93,16384
view_564,0
view_565,0
t_218,0
addmm_94,2048
view_566,0
view_567,0
t_219,0
addmm_95,2048
view_568,0
view_569,0
transpose_125,0
view_570,0
transpose_126,0
view_571,0
transpose_127,0
split_with_sizes_62,0
select_372,0
select_373,0
select_374,0
select_375,0
select_376,0
select_377,0
unsqueeze_134,0
split_with_sizes_63,0
select_378,0
select_379,0
select_380,0
select_381,0
select_382,0
select_383,0
unsqueeze_135,0
mul_284,16384
slice_583,0
slice_584,0
neg_62,8192
mul_285,16384
add_188,16384
mul_286,2048
slice_585,0
slice_586,0
neg_63,1024
mul_287,2048
add_189,-6
slice_587,0
slice_588,0
unsqueeze_136,0
slice_589,0
slice_590,0
expand_67,0
clone_63,0
_unsafe_view_62,0
slice_591,0
slice_592,0
unsqueeze_137,0
slice_593,0
slice_594,0
expand_68,0
clone_64,0
_unsafe_view_63,0
slice_598,0
slice_599,0
slice_600,0
_scaled_dot_product_flash_attention_for_cpu_31,-344422
transpose_128,0
view_572,0
t_220,0
view_573,0
mm_124,16384
view_574,0
add_190,16384
_to_copy_129,0
pow_64,32768
mean_63,3
add_191,2048
rsqrt_63,4
mul_288,32768
_to_copy_130,0
mul_289,16384
t_221,0
view_575,0
mm_125,59136
view_576,0
silu_31,59136
t_222,0
view_577,0
mm_126,59136
view_578,0
mul_290,59136
t_223,0
view_579,0
mm_127,16384
view_580,0
add_192,16384
_to_copy_131,0
pow_65,32768
mean_64,3
add_193,-6
rsqrt_64,4
mul_291,32768
_to_copy_132,0
mul_292,16384
view_581,0
t_224,0
addmm_96,16384
view_582,0
view_583,0
t_225,0
addmm_97,2048
view_584,0
view_585,0
t_226,0
addmm_98,2048
view_586,0
view_587,0
transpose_129,0
view_588,0
transpose_130,0
view_589,0
transpose_131,0
split_with_sizes_64,0
select_384,0
select_385,0
select_386,0
select_387,0
select_388,0
select_389,0
unsqueeze_138,0
split_with_sizes_65,0
select_390,0
select_391,0
select_392,0
select_393,0
select_394,0
select_395,0
unsqueeze_139,0
mul_293,16384
slice_601,0
slice_602,0
neg_64,8192
mul_294,16384
add_194,16384
mul_295,2048
slice_603,0
slice_604,0
neg_65,1024
mul_296,2048
add_195,-6
slice_605,0
slice_606,0
unsqueeze_140,0
slice_607,0
slice_608,0
expand_69,0
clone_65,0
_unsafe_view_64,0
slice_609,0
slice_610,0
unsqueeze_141,0
slice_611,0
slice_612,0
expand_70,0
clone_66,0
_unsafe_view_65,0
slice_616,0
slice_617,0
slice_618,0
_scaled_dot_product_flash_attention_for_cpu_32,-344422
transpose_132,0
view_590,0
t_227,0
view_591,0
mm_128,16384
view_592,0
add_196,16384
_to_copy_133,0
pow_66,32768
mean_65,3
add_197,2048
rsqrt_65,4
mul_297,32768
_to_copy_134,0
mul_298,16384
t_228,0
view_593,0
mm_129,59136
view_594,0
silu_32,59136
t_229,0
view_595,0
mm_130,59136
view_596,0
mul_299,59136
t_230,0
view_597,0
mm_131,16384
view_598,0
add_198,16384
_to_copy_135,0
pow_67,32768
mean_66,3
add_199,-6
rsqrt_66,4
mul_300,32768
_to_copy_136,0
mul_301,16384
view_599,0
t_231,0
addmm_99,16384
view_600,0
view_601,0
t_232,0
addmm_100,2048
view_602,0
view_603,0
t_233,0
addmm_101,2048
view_604,0
view_605,0
transpose_133,0
view_606,0
transpose_134,0
view_607,0
transpose_135,0
split_with_sizes_66,0
select_396,0
select_397,0
select_398,0
select_399,0
select_400,0
select_401,0
unsqueeze_142,0
split_with_sizes_67,0
select_402,0
select_403,0
select_404,0
select_405,0
select_406,0
select_407,0
unsqueeze_143,0
mul_302,16384
slice_619,0
slice_620,0
neg_66,8192
mul_303,16384
add_200,16384
mul_304,2048
slice_621,0
slice_622,0
neg_67,1024
mul_305,2048
add_201,-6
slice_623,0
slice_624,0
unsqueeze_144,0
slice_625,0
slice_626,0
expand_71,0
clone_67,0
_unsafe_view_66,0
slice_627,0
slice_628,0
unsqueeze_145,0
slice_629,0
slice_630,0
expand_72,0
clone_68,0
_unsafe_view_67,0
slice_634,0
slice_635,0
slice_636,0
_scaled_dot_product_flash_attention_for_cpu_33,-344422
transpose_136,0
view_608,0
t_234,0
view_609,0
mm_132,16384
view_610,0
add_202,16384
_to_copy_137,0
pow_68,32768
mean_67,3
add_203,2048
rsqrt_67,4
mul_306,32768
_to_copy_138,0
mul_307,16384
t_235,0
view_611,0
mm_133,59136
view_612,0
silu_33,59136
t_236,0
view_613,0
mm_134,59136
view_614,0
mul_308,59136
t_237,0
view_615,0
mm_135,16384
view_616,0
add_204,16384
_to_copy_139,0
pow_69,32768
mean_68,3
add_205,-6
rsqrt_68,4
mul_309,32768
_to_copy_140,0
mul_310,16384
view_617,0
t_238,0
addmm_102,16384
view_618,0
view_619,0
t_239,0
addmm_103,2048
view_620,0
view_621,0
t_240,0
addmm_104,2048
view_622,0
view_623,0
transpose_137,0
view_624,0
transpose_138,0
view_625,0
transpose_139,0
split_with_sizes_68,0
select_408,0
select_409,0
select_410,0
select_411,0
select_412,0
select_413,0
unsqueeze_146,0
split_with_sizes_69,0
select_414,0
select_415,0
select_416,0
select_417,0
select_418,0
select_419,0
unsqueeze_147,0
mul_311,16384
slice_637,0
slice_638,0
neg_68,8192
mul_312,16384
add_206,16384
mul_313,2048
slice_639,0
slice_640,0
neg_69,1024
mul_314,2048
add_207,-6
slice_641,0
slice_642,0
unsqueeze_148,0
slice_643,0
slice_644,0
expand_73,0
clone_69,0
_unsafe_view_68,0
slice_645,0
slice_646,0
unsqueeze_149,0
slice_647,0
slice_648,0
expand_74,0
clone_70,0
_unsafe_view_69,0
slice_652,0
slice_653,0
slice_654,0
_scaled_dot_product_flash_attention_for_cpu_34,-344422
transpose_140,0
view_626,0
t_241,0
view_627,0
mm_136,16384
view_628,0
add_208,16384
_to_copy_141,0
pow_70,32768
mean_69,3
add_209,2048
rsqrt_69,4
mul_315,32768
_to_copy_142,0
mul_316,16384
t_242,0
view_629,0
mm_137,59136
view_630,0
silu_34,59136
t_243,0
view_631,0
mm_138,59136
view_632,0
mul_317,59136
t_244,0
view_633,0
mm_139,16384
view_634,0
add_210,16384
_to_copy_143,0
pow_71,32768
mean_70,3
add_211,-6
rsqrt_70,4
mul_318,32768
_to_copy_144,0
mul_319,16384
view_635,0
t_245,0
addmm_105,16384
view_636,0
view_637,0
t_246,0
addmm_106,2048
view_638,0
view_639,0
t_247,0
addmm_107,2048
view_640,0
view_641,0
transpose_141,0
view_642,0
transpose_142,0
view_643,0
transpose_143,0
split_with_sizes_70,0
select_420,0
select_421,0
select_422,0
select_423,0
select_424,0
select_425,0
unsqueeze_150,0
split_with_sizes_71,0
select_426,0
select_427,0
select_428,0
select_429,0
select_430,0
select_431,0
unsqueeze_151,0
mul_320,16384
slice_655,0
slice_656,0
neg_70,8192
mul_321,16384
add_212,16384
mul_322,2048
slice_657,0
slice_658,0
neg_71,1024
mul_323,2048
add_213,-6
slice_659,0
slice_660,0
unsqueeze_152,0
slice_661,0
slice_662,0
expand_75,0
clone_71,0
_unsafe_view_70,0
slice_663,0
slice_664,0
unsqueeze_153,0
slice_665,0
slice_666,0
expand_76,0
clone_72,0
_unsafe_view_71,0
slice_670,0
slice_671,0
slice_672,0
_scaled_dot_product_flash_attention_for_cpu_35,-344422
transpose_144,0
view_644,0
t_248,0
view_645,0
mm_140,16384
view_646,0
add_214,16384
_to_copy_145,0
pow_72,32768
mean_71,3
add_215,2048
rsqrt_71,4
mul_324,32768
_to_copy_146,0
mul_325,16384
t_249,0
view_647,0
mm_141,59136
view_648,0
silu_35,59136
t_250,0
view_649,0
mm_142,59136
view_650,0
mul_326,59136
t_251,0
view_651,0
mm_143,16384
view_652,0
add_216,16384
_to_copy_147,0
pow_73,32768
mean_72,3
add_217,-6
rsqrt_72,4
mul_327,32768
_to_copy_148,0
mul_328,16384
view_653,0
t_252,0
addmm_108,16384
view_654,0
view_655,0
t_253,0
addmm_109,2048
view_656,0
view_657,0
t_254,0
addmm_110,2048
view_658,0
view_659,0
transpose_145,0
view_660,0
transpose_146,0
view_661,0
transpose_147,0
split_with_sizes_72,0
select_432,0
select_433,0
select_434,0
select_435,0
select_436,0
select_437,0
unsqueeze_154,0
split_with_sizes_73,0
select_438,0
select_439,0
select_440,0
select_441,0
select_442,0
select_443,0
unsqueeze_155,0
mul_329,16384
slice_673,0
slice_674,0
neg_72,8192
mul_330,16384
add_218,16384
mul_331,2048
slice_675,0
slice_676,0
neg_73,1024
mul_332,2048
add_219,-6
slice_677,0
slice_678,0
unsqueeze_156,0
slice_679,0
slice_680,0
expand_77,0
clone_73,0
_unsafe_view_72,0
slice_681,0
slice_682,0
unsqueeze_157,0
slice_683,0
slice_684,0
expand_78,0
clone_74,0
_unsafe_view_73,0
slice_688,0
slice_689,0
slice_690,0
_scaled_dot_product_flash_attention_for_cpu_36,-344422
transpose_148,0
view_662,0
t_255,0
view_663,0
mm_144,16384
view_664,0
add_220,16384
_to_copy_149,0
pow_74,32768
mean_73,3
add_221,2048
rsqrt_73,4
mul_333,32768
_to_copy_150,0
mul_334,16384
t_256,0
view_665,0
mm_145,59136
view_666,0
silu_36,59136
t_257,0
view_667,0
mm_146,59136
view_668,0
mul_335,59136
t_258,0
view_669,0
mm_147,16384
view_670,0
add_222,16384
_to_copy_151,0
pow_75,32768
mean_74,3
add_223,-6
rsqrt_74,4
mul_336,32768
_to_copy_152,0
mul_337,16384
view_671,0
t_259,0
addmm_111,16384
view_672,0
view_673,0
t_260,0
addmm_112,2048
view_674,0
view_675,0
t_261,0
addmm_113,2048
view_676,0
view_677,0
transpose_149,0
view_678,0
transpose_150,0
view_679,0
transpose_151,0
split_with_sizes_74,0
select_444,0
select_445,0
select_446,0
select_447,0
select_448,0
select_449,0
unsqueeze_158,0
split_with_sizes_75,0
select_450,0
select_451,0
select_452,0
select_453,0
select_454,0
select_455,0
unsqueeze_159,0
mul_338,16384
slice_691,0
slice_692,0
neg_74,8192
mul_339,16384
add_224,16384
mul_340,2048
slice_693,0
slice_694,0
neg_75,1024
mul_341,2048
add_225,-6
slice_695,0
slice_696,0
unsqueeze_160,0
slice_697,0
slice_698,0
expand_79,0
clone_75,0
_unsafe_view_74,0
slice_699,0
slice_700,0
unsqueeze_161,0
slice_701,0
slice_702,0
expand_80,0
clone_76,0
_unsafe_view_75,0
slice_706,0
slice_707,0
slice_708,0
_scaled_dot_product_flash_attention_for_cpu_37,-344422
transpose_152,0
view_680,0
t_262,0
view_681,0
mm_148,16384
view_682,0
add_226,16384
_to_copy_153,0
pow_76,32768
mean_75,3
add_227,2048
rsqrt_75,4
mul_342,32768
_to_copy_154,0
mul_343,16384
t_263,0
view_683,0
mm_149,59136
view_684,0
silu_37,59136
t_264,0
view_685,0
mm_150,59136
view_686,0
mul_344,59136
t_265,0
view_687,0
mm_151,16384
view_688,0
add_228,16384
_to_copy_155,0
pow_77,32768
mean_76,3
add_229,-6
rsqrt_76,4
mul_345,32768
_to_copy_156,0
mul_346,16384
view_689,0
t_266,0
addmm_114,16384
view_690,0
view_691,0
t_267,0
addmm_115,2048
view_692,0
view_693,0
t_268,0
addmm_116,2048
view_694,0
view_695,0
transpose_153,0
view_696,0
transpose_154,0
view_697,0
transpose_155,0
split_with_sizes_76,0
select_456,0
select_457,0
select_458,0
select_459,0
select_460,0
select_461,0
unsqueeze_162,0
split_with_sizes_77,0
select_462,0
select_463,0
select_464,0
select_465,0
select_466,0
select_467,0
unsqueeze_163,0
mul_347,16384
slice_709,0
slice_710,0
neg_76,8192
mul_348,16384
add_230,16384
mul_349,2048
slice_711,0
slice_712,0
neg_77,1024
mul_350,2048
add_231,-6
slice_713,0
slice_714,0
unsqueeze_164,0
slice_715,0
slice_716,0
expand_81,0
clone_77,0
_unsafe_view_76,0
slice_717,0
slice_718,0
unsqueeze_165,0
slice_719,0
slice_720,0
expand_82,0
clone_78,0
_unsafe_view_77,0
slice_724,0
slice_725,0
slice_726,0
_scaled_dot_product_flash_attention_for_cpu_38,-344422
transpose_156,0
view_698,0
t_269,0
view_699,0
mm_152,16384
view_700,0
add_232,16384
_to_copy_157,0
pow_78,32768
mean_77,3
add_233,2048
rsqrt_77,4
mul_351,32768
_to_copy_158,0
mul_352,16384
t_270,0
view_701,0
mm_153,59136
view_702,0
silu_38,59136
t_271,0
view_703,0
mm_154,59136
view_704,0
mul_353,59136
t_272,0
view_705,0
mm_155,16384
view_706,0
add_234,16384
_to_copy_159,0
pow_79,32768
mean_78,3
add_235,-6
rsqrt_78,4
mul_354,32768
_to_copy_160,0
mul_355,16384
view_707,0
t_273,0
addmm_117,16384
view_708,0
view_709,0
t_274,0
addmm_118,2048
view_710,0
view_711,0
t_275,0
addmm_119,2048
view_712,0
view_713,0
transpose_157,0
view_714,0
transpose_158,0
view_715,0
transpose_159,0
split_with_sizes_78,0
select_468,0
select_469,0
select_470,0
select_471,0
select_472,0
select_473,0
unsqueeze_166,0
split_with_sizes_79,0
select_474,0
select_475,0
select_476,0
select_477,0
select_478,0
select_479,0
unsqueeze_167,0
mul_356,16384
slice_727,0
slice_728,0
neg_78,8192
mul_357,16384
add_236,16384
mul_358,2048
slice_729,0
slice_730,0
neg_79,1024
mul_359,2048
add_237,-6
slice_731,0
slice_732,0
unsqueeze_168,0
slice_733,0
slice_734,0
expand_83,0
clone_79,0
_unsafe_view_78,0
slice_735,0
slice_736,0
unsqueeze_169,0
slice_737,0
slice_738,0
expand_84,0
clone_80,0
_unsafe_view_79,0
slice_742,0
slice_743,0
slice_744,0
_scaled_dot_product_flash_attention_for_cpu_39,-344422
transpose_160,0
view_716,0
t_276,0
view_717,0
mm_156,16384
view_718,0
add_238,16384
_to_copy_161,0
pow_80,32768
mean_79,3
add_239,2048
rsqrt_79,4
mul_360,32768
_to_copy_162,0
mul_361,16384
t_277,0
view_719,0
mm_157,59136
view_720,0
silu_39,59136
t_278,0
view_721,0
mm_158,59136
view_722,0
mul_362,59136
t_279,0
view_723,0
mm_159,16384
view_724,0
add_240,16384
_to_copy_163,0
pow_81,32768
mean_80,3
add_241,-6
rsqrt_80,4
mul_363,32768
_to_copy_164,0
mul_364,16384
view_725,0
t_280,0
addmm_120,16384
view_726,0
view_727,0
t_281,0
addmm_121,2048
view_728,0
view_729,0
t_282,0
addmm_122,2048
view_730,0
view_731,0
transpose_161,0
view_732,0
transpose_162,0
view_733,0
transpose_163,0
split_with_sizes_80,0
select_480,0
select_481,0
select_482,0
select_483,0
select_484,0
select_485,0
unsqueeze_170,0
split_with_sizes_81,0
select_486,0
select_487,0
select_488,0
select_489,0
select_490,0
select_491,0
unsqueeze_171,0
mul_365,16384
slice_745,0
slice_746,0
neg_80,8192
mul_366,16384
add_242,16384
mul_367,2048
slice_747,0
slice_748,0
neg_81,1024
mul_368,2048
add_243,-6
slice_749,0
slice_750,0
unsqueeze_172,0
slice_751,0
slice_752,0
expand_85,0
clone_81,0
_unsafe_view_80,0
slice_753,0
slice_754,0
unsqueeze_173,0
slice_755,0
slice_756,0
expand_86,0
clone_82,0
_unsafe_view_81,0
slice_760,0
slice_761,0
slice_762,0
_scaled_dot_product_flash_attention_for_cpu_40,-344422
transpose_164,0
view_734,0
t_283,0
view_735,0
mm_160,16384
view_736,0
add_244,16384
_to_copy_165,0
pow_82,32768
mean_81,3
add_245,2048
rsqrt_81,4
mul_369,32768
_to_copy_166,0
mul_370,16384
t_284,0
view_737,0
mm_161,59136
view_738,0
silu_40,59136
t_285,0
view_739,0
mm_162,59136
view_740,0
mul_371,59136
t_286,0
view_741,0
mm_163,16384
view_742,0
add_246,16384
_to_copy_167,0
pow_83,32768
mean_82,3
add_247,-6
rsqrt_82,4
mul_372,32768
_to_copy_168,0
mul_373,16384
view_743,0
t_287,0
addmm_123,16384
view_744,0
view_745,0
t_288,0
addmm_124,2048
view_746,0
view_747,0
t_289,0
addmm_125,2048
view_748,0
view_749,0
transpose_165,0
view_750,0
transpose_166,0
view_751,0
transpose_167,0
split_with_sizes_82,0
select_492,0
select_493,0
select_494,0
select_495,0
select_496,0
select_497,0
unsqueeze_174,0
split_with_sizes_83,0
select_498,0
select_499,0
select_500,0
select_501,0
select_502,0
select_503,0
unsqueeze_175,0
mul_374,16384
slice_763,0
slice_764,0
neg_82,8192
mul_375,16384
add_248,16384
mul_376,2048
slice_765,0
slice_766,0
neg_83,1024
mul_377,2048
add_249,-6
slice_767,0
slice_768,0
unsqueeze_176,0
slice_769,0
slice_770,0
expand_87,0
clone_83,0
_unsafe_view_82,0
slice_771,0
slice_772,0
unsqueeze_177,0
slice_773,0
slice_774,0
expand_88,0
clone_84,0
_unsafe_view_83,0
slice_778,0
slice_779,0
slice_780,0
_scaled_dot_product_flash_attention_for_cpu_41,-344422
transpose_168,0
view_752,0
t_290,0
view_753,0
mm_164,16384
view_754,0
add_250,16384
_to_copy_169,0
pow_84,32768
mean_83,3
add_251,2048
rsqrt_83,4
mul_378,32768
_to_copy_170,0
mul_379,16384
t_291,0
view_755,0
mm_165,59136
view_756,0
silu_41,59136
t_292,0
view_757,0
mm_166,59136
view_758,0
mul_380,59136
t_293,0
view_759,0
mm_167,16384
view_760,0
add_252,16384
_to_copy_171,0
pow_85,32768
mean_84,3
add_253,-6
rsqrt_84,4
mul_381,32768
_to_copy_172,0
mul_382,16384
view_761,0
t_294,0
addmm_126,16384
view_762,0
view_763,0
t_295,0
addmm_127,2048
view_764,0
view_765,0
t_296,0
addmm_128,2048
view_766,0
view_767,0
transpose_169,0
view_768,0
transpose_170,0
view_769,0
transpose_171,0
split_with_sizes_84,0
select_504,0
select_505,0
select_506,0
select_507,0
select_508,0
select_509,0
unsqueeze_178,0
split_with_sizes_85,0
select_510,0
select_511,0
select_512,0
select_513,0
select_514,0
select_515,0
unsqueeze_179,0
mul_383,16384
slice_781,0
slice_782,0
neg_84,8192
mul_384,16384
add_254,16384
mul_385,2048
slice_783,0
slice_784,0
neg_85,1024
mul_386,2048
add_255,-6
slice_785,0
slice_786,0
unsqueeze_180,0
slice_787,0
slice_788,0
expand_89,0
clone_85,0
_unsafe_view_84,0
slice_789,0
slice_790,0
unsqueeze_181,0
slice_791,0
slice_792,0
expand_90,0
clone_86,0
_unsafe_view_85,0
slice_796,0
slice_797,0
slice_798,0
_scaled_dot_product_flash_attention_for_cpu_42,-344422
transpose_172,0
view_770,0
t_297,0
view_771,0
mm_168,16384
view_772,0
add_256,16384
_to_copy_173,0
pow_86,32768
mean_85,3
add_257,2048
rsqrt_85,4
mul_387,32768
_to_copy_174,0
mul_388,16384
t_298,0
view_773,0
mm_169,59136
view_774,0
silu_42,59136
t_299,0
view_775,0
mm_170,59136
view_776,0
mul_389,59136
t_300,0
view_777,0
mm_171,16384
view_778,0
add_258,16384
_to_copy_175,0
pow_87,32768
mean_86,3
add_259,-6
rsqrt_86,4
mul_390,32768
_to_copy_176,0
mul_391,16384
view_779,0
t_301,0
addmm_129,16384
view_780,0
view_781,0
t_302,0
addmm_130,2048
view_782,0
view_783,0
t_303,0
addmm_131,2048
view_784,0
view_785,0
transpose_173,0
view_786,0
transpose_174,0
view_787,0
transpose_175,0
split_with_sizes_86,0
select_516,0
select_517,0
select_518,0
select_519,0
select_520,0
select_521,0
unsqueeze_182,0
split_with_sizes_87,0
select_522,0
select_523,0
select_524,0
select_525,0
select_526,0
select_527,0
unsqueeze_183,0
mul_392,16384
slice_799,0
slice_800,0
neg_86,8192
mul_393,16384
add_260,16384
mul_394,2048
slice_801,0
slice_802,0
neg_87,1024
mul_395,2048
add_261,-6
slice_803,0
slice_804,0
unsqueeze_184,0
slice_805,0
slice_806,0
expand_91,0
clone_87,0
_unsafe_view_86,0
slice_807,0
slice_808,0
unsqueeze_185,0
slice_809,0
slice_810,0
expand_92,0
clone_88,0
_unsafe_view_87,0
slice_814,0
slice_815,0
slice_816,0
_scaled_dot_product_flash_attention_for_cpu_43,-344422
transpose_176,0
view_788,0
t_304,0
view_789,0
mm_172,16384
view_790,0
add_262,16384
_to_copy_177,0
pow_88,32768
mean_87,3
add_263,2048
rsqrt_87,4
mul_396,32768
_to_copy_178,0
mul_397,16384
t_305,0
view_791,0
mm_173,59136
view_792,0
silu_43,59136
t_306,0
view_793,0
mm_174,59136
view_794,0
mul_398,59136
t_307,0
view_795,0
mm_175,16384
view_796,0
add_264,16384
_to_copy_179,0
pow_89,32768
mean_88,3
add_265,-6
rsqrt_88,4
mul_399,32768
_to_copy_180,0
mul_400,16384
view_797,0
t_308,0
addmm_132,16384
view_798,0
view_799,0
t_309,0
addmm_133,2048
view_800,0
view_801,0
t_310,0
addmm_134,2048
view_802,0
view_803,0
transpose_177,0
view_804,0
transpose_178,0
view_805,0
transpose_179,0
split_with_sizes_88,0
select_528,0
select_529,0
select_530,0
select_531,0
select_532,0
select_533,0
unsqueeze_186,0
split_with_sizes_89,0
select_534,0
select_535,0
select_536,0
select_537,0
select_538,0
select_539,0
unsqueeze_187,0
mul_401,16384
slice_817,0
slice_818,0
neg_88,8192
mul_402,16384
add_266,16384
mul_403,2048
slice_819,0
slice_820,0
neg_89,1024
mul_404,2048
add_267,-6
slice_821,0
slice_822,0
unsqueeze_188,0
slice_823,0
slice_824,0
expand_93,0
clone_89,0
_unsafe_view_88,0
slice_825,0
slice_826,0
unsqueeze_189,0
slice_827,0
slice_828,0
expand_94,0
clone_90,0
_unsafe_view_89,0
slice_832,0
slice_833,0
slice_834,0
_scaled_dot_product_flash_attention_for_cpu_44,-344422
transpose_180,0
view_806,0
t_311,0
view_807,0
mm_176,16384
view_808,0
add_268,16384
_to_copy_181,0
pow_90,32768
mean_89,3
add_269,2048
rsqrt_89,4
mul_405,32768
_to_copy_182,0
mul_406,16384
t_312,0
view_809,0
mm_177,59136
view_810,0
silu_44,59136
t_313,0
view_811,0
mm_178,59136
view_812,0
mul_407,59136
t_314,0
view_813,0
mm_179,16384
view_814,0
add_270,16384
_to_copy_183,0
pow_91,32768
mean_90,3
add_271,-6
rsqrt_90,4
mul_408,32768
_to_copy_184,0
mul_409,16384
view_815,0
t_315,0
addmm_135,16384
view_816,0
view_817,0
t_316,0
addmm_136,2048
view_818,0
view_819,0
t_317,0
addmm_137,2048
view_820,0
view_821,0
transpose_181,0
view_822,0
transpose_182,0
view_823,0
transpose_183,0
split_with_sizes_90,0
select_540,0
select_541,0
select_542,0
select_543,0
select_544,0
select_545,0
unsqueeze_190,0
split_with_sizes_91,0
select_546,0
select_547,0
select_548,0
select_549,0
select_550,0
select_551,0
unsqueeze_191,0
mul_410,16384
slice_835,0
slice_836,0
neg_90,8192
mul_411,16384
add_272,16384
mul_412,2048
slice_837,0
slice_838,0
neg_91,1024
mul_413,2048
add_273,-6
slice_839,0
slice_840,0
unsqueeze_192,0
slice_841,0
slice_842,0
expand_95,0
clone_91,0
_unsafe_view_90,0
slice_843,0
slice_844,0
unsqueeze_193,0
slice_845,0
slice_846,0
expand_96,0
clone_92,0
_unsafe_view_91,0
slice_850,0
slice_851,0
slice_852,0
_scaled_dot_product_flash_attention_for_cpu_45,-344422
transpose_184,0
view_824,0
t_318,0
view_825,0
mm_180,16384
view_826,0
add_274,16384
_to_copy_185,0
pow_92,32768
mean_91,3
add_275,2048
rsqrt_91,4
mul_414,32768
_to_copy_186,0
mul_415,16384
t_319,0
view_827,0
mm_181,59136
view_828,0
silu_45,59136
t_320,0
view_829,0
mm_182,59136
view_830,0
mul_416,59136
t_321,0
view_831,0
mm_183,16384
view_832,0
add_276,16384
_to_copy_187,0
pow_93,32768
mean_92,3
add_277,-6
rsqrt_92,4
mul_417,32768
_to_copy_188,0
mul_418,16384
view_833,0
t_322,0
addmm_138,16384
view_834,0
view_835,0
t_323,0
addmm_139,2048
view_836,0
view_837,0
t_324,0
addmm_140,2048
view_838,0
view_839,0
transpose_185,0
view_840,0
transpose_186,0
view_841,0
transpose_187,0
split_with_sizes_92,0
select_552,0
select_553,0
select_554,0
select_555,0
select_556,0
select_557,0
unsqueeze_194,0
split_with_sizes_93,0
select_558,0
select_559,0
select_560,0
select_561,0
select_562,0
select_563,0
unsqueeze_195,0
mul_419,16384
slice_853,0
slice_854,0
neg_92,8192
mul_420,16384
add_278,16384
mul_421,2048
slice_855,0
slice_856,0
neg_93,1024
mul_422,2048
add_279,-6
slice_857,0
slice_858,0
unsqueeze_196,0
slice_859,0
slice_860,0
expand_97,0
clone_93,0
_unsafe_view_92,0
slice_861,0
slice_862,0
unsqueeze_197,0
slice_863,0
slice_864,0
expand_98,0
clone_94,0
_unsafe_view_93,0
slice_868,0
slice_869,0
slice_870,0
_scaled_dot_product_flash_attention_for_cpu_46,-344422
transpose_188,0
view_842,0
t_325,0
view_843,0
mm_184,16384
view_844,0
add_280,16384
_to_copy_189,0
pow_94,32768
mean_93,3
add_281,2048
rsqrt_93,4
mul_423,32768
_to_copy_190,0
mul_424,16384
t_326,0
view_845,0
mm_185,59136
view_846,0
silu_46,59136
t_327,0
view_847,0
mm_186,59136
view_848,0
mul_425,59136
t_328,0
view_849,0
mm_187,16384
view_850,0
add_282,16384
_to_copy_191,0
pow_95,32768
mean_94,3
add_283,-6
rsqrt_94,4
mul_426,32768
_to_copy_192,0
mul_427,16384
view_851,0
t_329,0
addmm_141,16384
view_852,0
view_853,0
t_330,0
addmm_142,2048
view_854,0
view_855,0
t_331,0
addmm_143,2048
view_856,0
view_857,0
transpose_189,0
view_858,0
transpose_190,0
view_859,0
transpose_191,0
split_with_sizes_94,0
select_564,0
select_565,0
select_566,0
select_567,0
select_568,0
select_569,0
unsqueeze_198,0
split_with_sizes_95,0
select_570,0
select_571,0
select_572,0
select_573,0
select_574,0
select_575,0
unsqueeze_199,0
mul_428,16384
slice_871,0
slice_872,0
neg_94,8192
mul_429,16384
add_284,16384
mul_430,2048
slice_873,0
slice_874,0
neg_95,1024
mul_431,2048
add_285,-6
slice_875,0
slice_876,0
unsqueeze_200,0
slice_877,0
slice_878,0
expand_99,0
clone_95,0
_unsafe_view_94,0
slice_879,0
slice_880,0
unsqueeze_201,0
slice_881,0
slice_882,0
expand_100,0
clone_96,0
_unsafe_view_95,0
slice_886,0
slice_887,0
slice_888,0
_scaled_dot_product_flash_attention_for_cpu_47,-344422
transpose_192,0
view_860,0
t_332,0
view_861,0
mm_188,16384
view_862,0
add_286,16384
_to_copy_193,0
pow_96,32768
mean_95,3
add_287,2048
rsqrt_95,4
mul_432,32768
_to_copy_194,0
mul_433,16384
t_333,0
view_863,0
mm_189,59136
view_864,0
silu_47,59136
t_334,0
view_865,0
mm_190,59136
view_866,0
mul_434,59136
t_335,0
view_867,0
mm_191,16384
view_868,0
add_288,16384
_to_copy_195,0
pow_97,32768
mean_96,3
add_289,-6
rsqrt_96,4
mul_435,32768
_to_copy_196,0
mul_436,16384
view_869,0
t_336,0
addmm_144,16384
view_870,0
view_871,0
t_337,0
addmm_145,2048
view_872,0
view_873,0
t_338,0
addmm_146,2048
view_874,0
view_875,0
transpose_193,0
view_876,0
transpose_194,0
view_877,0
transpose_195,0
split_with_sizes_96,0
select_576,0
select_577,0
select_578,0
select_579,0
select_580,0
select_581,0
unsqueeze_202,0
split_with_sizes_97,0
select_582,0
select_583,0
select_584,0
select_585,0
select_586,0
select_587,0
unsqueeze_203,0
mul_437,16384
slice_889,0
slice_890,0
neg_96,8192
mul_438,16384
add_290,16384
mul_439,2048
slice_891,0
slice_892,0
neg_97,1024
mul_440,2048
add_291,-6
slice_893,0
slice_894,0
unsqueeze_204,0
slice_895,0
slice_896,0
expand_101,0
clone_97,0
_unsafe_view_96,0
slice_897,0
slice_898,0
unsqueeze_205,0
slice_899,0
slice_900,0
expand_102,0
clone_98,0
_unsafe_view_97,0
slice_904,0
slice_905,0
slice_906,0
_scaled_dot_product_flash_attention_for_cpu_48,-344422
transpose_196,0
view_878,0
t_339,0
view_879,0
mm_192,16384
view_880,0
add_292,16384
_to_copy_197,0
pow_98,32768
mean_97,3
add_293,2048
rsqrt_97,4
mul_441,32768
_to_copy_198,0
mul_442,16384
t_340,0
view_881,0
mm_193,59136
view_882,0
silu_48,59136
t_341,0
view_883,0
mm_194,59136
view_884,0
mul_443,59136
t_342,0
view_885,0
mm_195,16384
view_886,0
add_294,16384
_to_copy_199,0
pow_99,32768
mean_98,3
add_295,-6
rsqrt_98,4
mul_444,32768
_to_copy_200,0
mul_445,16384
view_887,0
t_343,0
addmm_147,16384
view_888,0
view_889,0
t_344,0
addmm_148,2048
view_890,0
view_891,0
t_345,0
addmm_149,2048
view_892,0
view_893,0
transpose_197,0
view_894,0
transpose_198,0
view_895,0
transpose_199,0
split_with_sizes_98,0
select_588,0
select_589,0
select_590,0
select_591,0
select_592,0
select_593,0
unsqueeze_206,0
split_with_sizes_99,0
select_594,0
select_595,0
select_596,0
select_597,0
select_598,0
select_599,0
unsqueeze_207,0
mul_446,16384
slice_907,0
slice_908,0
neg_98,8192
mul_447,16384
add_296,16384
mul_448,2048
slice_909,0
slice_910,0
neg_99,1024
mul_449,2048
add_297,-6
slice_911,0
slice_912,0
unsqueeze_208,0
slice_913,0
slice_914,0
expand_103,0
clone_99,0
_unsafe_view_98,0
slice_915,0
slice_916,0
unsqueeze_209,0
slice_917,0
slice_918,0
expand_104,0
clone_100,0
_unsafe_view_99,0
slice_922,0
slice_923,0
slice_924,0
_scaled_dot_product_flash_attention_for_cpu_49,-344422
transpose_200,0
view_896,0
t_346,0
view_897,0
mm_196,16384
view_898,0
add_298,16384
_to_copy_201,0
pow_100,32768
mean_99,3
add_299,2048
rsqrt_99,4
mul_450,32768
_to_copy_202,0
mul_451,16384
t_347,0
view_899,0
mm_197,59136
view_900,0
silu_49,59136
t_348,0
view_901,0
mm_198,59136
view_902,0
mul_452,59136
t_349,0
view_903,0
mm_199,16384
view_904,0
add_300,16384
_to_copy_203,0
pow_101,32768
mean_100,3
add_301,-6
rsqrt_100,4
mul_453,32768
_to_copy_204,0
mul_454,16384
view_905,0
t_350,0
addmm_150,16384
view_906,0
view_907,0
t_351,0
addmm_151,2048
view_908,0
view_909,0
t_352,0
addmm_152,2048
view_910,0
view_911,0
transpose_201,0
view_912,0
transpose_202,0
view_913,0
transpose_203,0
split_with_sizes_100,0
select_600,0
select_601,0
select_602,0
select_603,0
select_604,0
select_605,0
unsqueeze_210,0
split_with_sizes_101,0
select_606,0
select_607,0
select_608,0
select_609,0
select_610,0
select_611,0
unsqueeze_211,0
mul_455,16384
slice_925,0
slice_926,0
neg_100,8192
mul_456,16384
add_302,16384
mul_457,2048
slice_927,0
slice_928,0
neg_101,1024
mul_458,2048
add_303,-6
slice_929,0
slice_930,0
unsqueeze_212,0
slice_931,0
slice_932,0
expand_105,0
clone_101,0
_unsafe_view_100,0
slice_933,0
slice_934,0
unsqueeze_213,0
slice_935,0
slice_936,0
expand_106,0
clone_102,0
_unsafe_view_101,0
slice_940,0
slice_941,0
slice_942,0
_scaled_dot_product_flash_attention_for_cpu_50,-344422
transpose_204,0
view_914,0
t_353,0
view_915,0
mm_200,16384
view_916,0
add_304,16384
_to_copy_205,0
pow_102,32768
mean_101,3
add_305,2048
rsqrt_101,4
mul_459,32768
_to_copy_206,0
mul_460,16384
t_354,0
view_917,0
mm_201,59136
view_918,0
silu_50,59136
t_355,0
view_919,0
mm_202,59136
view_920,0
mul_461,59136
t_356,0
view_921,0
mm_203,16384
view_922,0
add_306,16384
_to_copy_207,0
pow_103,32768
mean_102,3
add_307,-6
rsqrt_102,4
mul_462,32768
_to_copy_208,0
mul_463,16384
view_923,0
t_357,0
addmm_153,16384
view_924,0
view_925,0
t_358,0
addmm_154,2048
view_926,0
view_927,0
t_359,0
addmm_155,2048
view_928,0
view_929,0
transpose_205,0
view_930,0
transpose_206,0
view_931,0
transpose_207,0
split_with_sizes_102,0
select_612,0
select_613,0
select_614,0
select_615,0
select_616,0
select_617,0
unsqueeze_214,0
split_with_sizes_103,0
select_618,0
select_619,0
select_620,0
select_621,0
select_622,0
select_623,0
unsqueeze_215,0
mul_464,16384
slice_943,0
slice_944,0
neg_102,8192
mul_465,16384
add_308,16384
mul_466,2048
slice_945,0
slice_946,0
neg_103,1024
mul_467,2048
add_309,-6
slice_947,0
slice_948,0
unsqueeze_216,0
slice_949,0
slice_950,0
expand_107,0
clone_103,0
_unsafe_view_102,0
slice_951,0
slice_952,0
unsqueeze_217,0
slice_953,0
slice_954,0
expand_108,0
clone_104,0
_unsafe_view_103,0
slice_958,0
slice_959,0
slice_960,0
_scaled_dot_product_flash_attention_for_cpu_51,-344422
transpose_208,0
view_932,0
t_360,0
view_933,0
mm_204,16384
view_934,0
add_310,16384
_to_copy_209,0
pow_104,32768
mean_103,3
add_311,2048
rsqrt_103,4
mul_468,32768
_to_copy_210,0
mul_469,16384
t_361,0
view_935,0
mm_205,59136
view_936,0
silu_51,59136
t_362,0
view_937,0
mm_206,59136
view_938,0
mul_470,59136
t_363,0
view_939,0
mm_207,16384
view_940,0
add_312,16384
_to_copy_211,0
pow_105,32768
mean_104,3
add_313,-6
rsqrt_104,4
mul_471,32768
_to_copy_212,0
mul_472,16384
view_941,0
t_364,0
addmm_156,16384
view_942,0
view_943,0
t_365,0
addmm_157,2048
view_944,0
view_945,0
t_366,0
addmm_158,2048
view_946,0
view_947,0
transpose_209,0
view_948,0
transpose_210,0
view_949,0
transpose_211,0
split_with_sizes_104,0
select_624,0
select_625,0
select_626,0
select_627,0
select_628,0
select_629,0
unsqueeze_218,0
split_with_sizes_105,0
select_630,0
select_631,0
select_632,0
select_633,0
select_634,0
select_635,0
unsqueeze_219,0
mul_473,16384
slice_961,0
slice_962,0
neg_104,8192
mul_474,16384
add_314,16384
mul_475,2048
slice_963,0
slice_964,0
neg_105,1024
mul_476,2048
add_315,-6
slice_965,0
slice_966,0
unsqueeze_220,0
slice_967,0
slice_968,0
expand_109,0
clone_105,0
_unsafe_view_104,0
slice_969,0
slice_970,0
unsqueeze_221,0
slice_971,0
slice_972,0
expand_110,0
clone_106,0
_unsafe_view_105,0
slice_976,0
slice_977,0
slice_978,0
_scaled_dot_product_flash_attention_for_cpu_52,-344422
transpose_212,0
view_950,0
t_367,0
view_951,0
mm_208,16384
view_952,0
add_316,16384
_to_copy_213,0
pow_106,32768
mean_105,3
add_317,2048
rsqrt_105,4
mul_477,32768
_to_copy_214,0
mul_478,16384
t_368,0
view_953,0
mm_209,59136
view_954,0
silu_52,59136
t_369,0
view_955,0
mm_210,59136
view_956,0
mul_479,59136
t_370,0
view_957,0
mm_211,16384
view_958,0
add_318,16384
_to_copy_215,0
pow_107,32768
mean_106,3
add_319,-6
rsqrt_106,4
mul_480,32768
_to_copy_216,0
mul_481,16384
view_959,0
t_371,0
addmm_159,16384
view_960,0
view_961,0
t_372,0
addmm_160,2048
view_962,0
view_963,0
t_373,0
addmm_161,2048
view_964,0
view_965,0
transpose_213,0
view_966,0
transpose_214,0
view_967,0
transpose_215,0
split_with_sizes_106,0
select_636,0
select_637,0
select_638,0
select_639,0
select_640,0
select_641,0
unsqueeze_222,0
split_with_sizes_107,0
select_642,0
select_643,0
select_644,0
select_645,0
select_646,0
select_647,0
unsqueeze_223,0
mul_482,16384
slice_979,0
slice_980,0
neg_106,8192
mul_483,16384
add_320,16384
mul_484,2048
slice_981,0
slice_982,0
neg_107,1024
mul_485,2048
add_321,-6
slice_983,0
slice_984,0
unsqueeze_224,0
slice_985,0
slice_986,0
expand_111,0
clone_107,0
_unsafe_view_106,0
slice_987,0
slice_988,0
unsqueeze_225,0
slice_989,0
slice_990,0
expand_112,0
clone_108,0
_unsafe_view_107,0
slice_994,0
slice_995,0
slice_996,0
_scaled_dot_product_flash_attention_for_cpu_53,-344422
transpose_216,0
view_968,0
t_374,0
view_969,0
mm_212,16384
view_970,0
add_322,16384
_to_copy_217,0
pow_108,32768
mean_107,3
add_323,2048
rsqrt_107,4
mul_486,32768
_to_copy_218,0
mul_487,16384
t_375,0
view_971,0
mm_213,59136
view_972,0
silu_53,59136
t_376,0
view_973,0
mm_214,59136
view_974,0
mul_488,59136
t_377,0
view_975,0
mm_215,16384
view_976,0
add_324,16384
_to_copy_219,0
pow_109,32768
mean_108,3
add_325,-6
rsqrt_108,4
mul_489,32768
_to_copy_220,0
mul_490,16384
view_977,0
t_378,0
addmm_162,16384
view_978,0
view_979,0
t_379,0
addmm_163,2048
view_980,0
view_981,0
t_380,0
addmm_164,2048
view_982,0
view_983,0
transpose_217,0
view_984,0
transpose_218,0
view_985,0
transpose_219,0
split_with_sizes_108,0
select_648,0
select_649,0
select_650,0
select_651,0
select_652,0
select_653,0
unsqueeze_226,0
split_with_sizes_109,0
select_654,0
select_655,0
select_656,0
select_657,0
select_658,0
select_659,0
unsqueeze_227,0
mul_491,16384
slice_997,0
slice_998,0
neg_108,8192
mul_492,16384
add_326,16384
mul_493,2048
slice_999,0
slice_1000,0
neg_109,1024
mul_494,2048
add_327,-6
slice_1001,0
slice_1002,0
unsqueeze_228,0
slice_1003,0
slice_1004,0
expand_113,0
clone_109,0
_unsafe_view_108,0
slice_1005,0
slice_1006,0
unsqueeze_229,0
slice_1007,0
slice_1008,0
expand_114,0
clone_110,0
_unsafe_view_109,0
slice_1012,0
slice_1013,0
slice_1014,0
_scaled_dot_product_flash_attention_for_cpu_54,-344422
transpose_220,0
view_986,0
t_381,0
view_987,0
mm_216,16384
view_988,0
add_328,16384
_to_copy_221,0
pow_110,32768
mean_109,3
add_329,2048
rsqrt_109,4
mul_495,32768
_to_copy_222,0
mul_496,16384
t_382,0
view_989,0
mm_217,59136
view_990,0
silu_54,59136
t_383,0
view_991,0
mm_218,59136
view_992,0
mul_497,59136
t_384,0
view_993,0
mm_219,16384
view_994,0
add_330,16384
_to_copy_223,0
pow_111,32768
mean_110,3
add_331,-6
rsqrt_110,4
mul_498,32768
_to_copy_224,0
mul_499,16384
view_995,0
t_385,0
addmm_165,16384
view_996,0
view_997,0
t_386,0
addmm_166,2048
view_998,0
view_999,0
t_387,0
addmm_167,2048
view_1000,0
view_1001,0
transpose_221,0
view_1002,0
transpose_222,0
view_1003,0
transpose_223,0
split_with_sizes_110,0
select_660,0
select_661,0
select_662,0
select_663,0
select_664,0
select_665,0
unsqueeze_230,0
split_with_sizes_111,0
select_666,0
select_667,0
select_668,0
select_669,0
select_670,0
select_671,0
unsqueeze_231,0
mul_500,16384
slice_1015,0
slice_1016,0
neg_110,8192
mul_501,16384
add_332,16384
mul_502,2048
slice_1017,0
slice_1018,0
neg_111,1024
mul_503,2048
add_333,-6
slice_1019,0
slice_1020,0
unsqueeze_232,0
slice_1021,0
slice_1022,0
expand_115,0
clone_111,0
_unsafe_view_110,0
slice_1023,0
slice_1024,0
unsqueeze_233,0
slice_1025,0
slice_1026,0
expand_116,0
clone_112,0
_unsafe_view_111,0
slice_1030,0
slice_1031,0
slice_1032,0
_scaled_dot_product_flash_attention_for_cpu_55,-344422
transpose_224,0
view_1004,0
t_388,0
view_1005,0
mm_220,16384
view_1006,0
add_334,16384
_to_copy_225,0
pow_112,32768
mean_111,3
add_335,2048
rsqrt_111,4
mul_504,32768
_to_copy_226,0
mul_505,16384
t_389,0
view_1007,0
mm_221,59136
view_1008,0
silu_55,59136
t_390,0
view_1009,0
mm_222,59136
view_1010,0
mul_506,59136
t_391,0
view_1011,0
mm_223,16384
view_1012,0
add_336,16384
_to_copy_227,0
pow_113,32768
mean_112,3
add_337,-6
rsqrt_112,4
mul_507,32768
_to_copy_228,0
mul_508,16384
view_1013,0
t_392,0
addmm_168,16384
view_1014,0
view_1015,0
t_393,0
addmm_169,2048
view_1016,0
view_1017,0
t_394,0
addmm_170,2048
view_1018,0
view_1019,0
transpose_225,0
view_1020,0
transpose_226,0
view_1021,0
transpose_227,0
split_with_sizes_112,0
select_672,0
select_673,0
select_674,0
select_675,0
select_676,0
select_677,0
unsqueeze_234,0
split_with_sizes_113,0
select_678,0
select_679,0
select_680,0
select_681,0
select_682,0
select_683,0
unsqueeze_235,0
mul_509,16384
slice_1033,0
slice_1034,0
neg_112,8192
mul_510,16384
add_338,16384
mul_511,2048
slice_1035,0
slice_1036,0
neg_113,1024
mul_512,2048
add_339,-6
slice_1037,0
slice_1038,0
unsqueeze_236,0
slice_1039,0
slice_1040,0
expand_117,0
clone_113,0
_unsafe_view_112,0
slice_1041,0
slice_1042,0
unsqueeze_237,0
slice_1043,0
slice_1044,0
expand_118,0
clone_114,0
_unsafe_view_113,0
slice_1048,0
slice_1049,0
slice_1050,0
_scaled_dot_product_flash_attention_for_cpu_56,-344422
transpose_228,0
view_1022,0
t_395,0
view_1023,0
mm_224,16384
view_1024,0
add_340,16384
_to_copy_229,0
pow_114,32768
mean_113,3
add_341,2048
rsqrt_113,4
mul_513,32768
_to_copy_230,0
mul_514,16384
t_396,0
view_1025,0
mm_225,59136
view_1026,0
silu_56,59136
t_397,0
view_1027,0
mm_226,59136
view_1028,0
mul_515,59136
t_398,0
view_1029,0
mm_227,16384
view_1030,0
add_342,16384
_to_copy_231,0
pow_115,32768
mean_114,3
add_343,-6
rsqrt_114,4
mul_516,32768
_to_copy_232,0
mul_517,16384
view_1031,0
t_399,0
addmm_171,16384
view_1032,0
view_1033,0
t_400,0
addmm_172,2048
view_1034,0
view_1035,0
t_401,0
addmm_173,2048
view_1036,0
view_1037,0
transpose_229,0
view_1038,0
transpose_230,0
view_1039,0
transpose_231,0
split_with_sizes_114,0
select_684,0
select_685,0
select_686,0
select_687,0
select_688,0
select_689,0
unsqueeze_238,0
split_with_sizes_115,0
select_690,0
select_691,0
select_692,0
select_693,0
select_694,0
select_695,0
unsqueeze_239,0
mul_518,16384
slice_1051,0
slice_1052,0
neg_114,8192
mul_519,16384
add_344,16384
mul_520,2048
slice_1053,0
slice_1054,0
neg_115,1024
mul_521,2048
add_345,-6
slice_1055,0
slice_1056,0
unsqueeze_240,0
slice_1057,0
slice_1058,0
expand_119,0
clone_115,0
_unsafe_view_114,0
slice_1059,0
slice_1060,0
unsqueeze_241,0
slice_1061,0
slice_1062,0
expand_120,0
clone_116,0
_unsafe_view_115,0
slice_1066,0
slice_1067,0
slice_1068,0
_scaled_dot_product_flash_attention_for_cpu_57,-344422
transpose_232,0
view_1040,0
t_402,0
view_1041,0
mm_228,16384
view_1042,0
add_346,16384
_to_copy_233,0
pow_116,32768
mean_115,3
add_347,2048
rsqrt_115,4
mul_522,32768
_to_copy_234,0
mul_523,16384
t_403,0
view_1043,0
mm_229,59136
view_1044,0
silu_57,59136
t_404,0
view_1045,0
mm_230,59136
view_1046,0
mul_524,59136
t_405,0
view_1047,0
mm_231,16384
view_1048,0
add_348,16384
_to_copy_235,0
pow_117,32768
mean_116,3
add_349,-6
rsqrt_116,4
mul_525,32768
_to_copy_236,0
mul_526,16384
view_1049,0
t_406,0
addmm_174,16384
view_1050,0
view_1051,0
t_407,0
addmm_175,2048
view_1052,0
view_1053,0
t_408,0
addmm_176,2048
view_1054,0
view_1055,0
transpose_233,0
view_1056,0
transpose_234,0
view_1057,0
transpose_235,0
split_with_sizes_116,0
select_696,0
select_697,0
select_698,0
select_699,0
select_700,0
select_701,0
unsqueeze_242,0
split_with_sizes_117,0
select_702,0
select_703,0
select_704,0
select_705,0
select_706,0
select_707,0
unsqueeze_243,0
mul_527,16384
slice_1069,0
slice_1070,0
neg_116,8192
mul_528,16384
add_350,16384
mul_529,2048
slice_1071,0
slice_1072,0
neg_117,1024
mul_530,2048
add_351,-6
slice_1073,0
slice_1074,0
unsqueeze_244,0
slice_1075,0
slice_1076,0
expand_121,0
clone_117,0
_unsafe_view_116,0
slice_1077,0
slice_1078,0
unsqueeze_245,0
slice_1079,0
slice_1080,0
expand_122,0
clone_118,0
_unsafe_view_117,0
slice_1084,0
slice_1085,0
slice_1086,0
_scaled_dot_product_flash_attention_for_cpu_58,-344422
transpose_236,0
view_1058,0
t_409,0
view_1059,0
mm_232,16384
view_1060,0
add_352,16384
_to_copy_237,0
pow_118,32768
mean_117,3
add_353,2048
rsqrt_117,4
mul_531,32768
_to_copy_238,0
mul_532,16384
t_410,0
view_1061,0
mm_233,59136
view_1062,0
silu_58,59136
t_411,0
view_1063,0
mm_234,59136
view_1064,0
mul_533,59136
t_412,0
view_1065,0
mm_235,16384
view_1066,0
add_354,16384
_to_copy_239,0
pow_119,32768
mean_118,3
add_355,-6
rsqrt_118,4
mul_534,32768
_to_copy_240,0
mul_535,16384
view_1067,0
t_413,0
addmm_177,16384
view_1068,0
view_1069,0
t_414,0
addmm_178,2048
view_1070,0
view_1071,0
t_415,0
addmm_179,2048
view_1072,0
view_1073,0
transpose_237,0
view_1074,0
transpose_238,0
view_1075,0
transpose_239,0
split_with_sizes_118,0
select_708,0
select_709,0
select_710,0
select_711,0
select_712,0
select_713,0
unsqueeze_246,0
split_with_sizes_119,0
select_714,0
select_715,0
select_716,0
select_717,0
select_718,0
select_719,0
unsqueeze_247,0
mul_536,16384
slice_1087,0
slice_1088,0
neg_118,8192
mul_537,16384
add_356,16384
mul_538,2048
slice_1089,0
slice_1090,0
neg_119,1024
mul_539,2048
add_357,-6
slice_1091,0
slice_1092,0
unsqueeze_248,0
slice_1093,0
slice_1094,0
expand_123,0
clone_119,0
_unsafe_view_118,0
slice_1095,0
slice_1096,0
unsqueeze_249,0
slice_1097,0
slice_1098,0
expand_124,0
clone_120,0
_unsafe_view_119,0
slice_1102,0
slice_1103,0
slice_1104,0
_scaled_dot_product_flash_attention_for_cpu_59,-344422
transpose_240,0
view_1076,0
t_416,0
view_1077,0
mm_236,16384
view_1078,0
add_358,16384
_to_copy_241,0
pow_120,32768
mean_119,3
add_359,2048
rsqrt_119,4
mul_540,32768
_to_copy_242,0
mul_541,16384
t_417,0
view_1079,0
mm_237,59136
view_1080,0
silu_59,59136
t_418,0
view_1081,0
mm_238,59136
view_1082,0
mul_542,59136
t_419,0
view_1083,0
mm_239,16384
view_1084,0
add_360,16384
_to_copy_243,0
pow_121,32768
mean_120,3
add_361,-6
rsqrt_120,4
mul_543,32768
_to_copy_244,0
mul_544,16384
view_1085,0
t_420,0
addmm_180,16384
view_1086,0
view_1087,0
t_421,0
addmm_181,2048
view_1088,0
view_1089,0
t_422,0
addmm_182,2048
view_1090,0
view_1091,0
transpose_241,0
view_1092,0
transpose_242,0
view_1093,0
transpose_243,0
split_with_sizes_120,0
select_720,0
select_721,0
select_722,0
select_723,0
select_724,0
select_725,0
unsqueeze_250,0
split_with_sizes_121,0
select_726,0
select_727,0
select_728,0
select_729,0
select_730,0
select_731,0
unsqueeze_251,0
mul_545,16384
slice_1105,0
slice_1106,0
neg_120,8192
mul_546,16384
add_362,16384
mul_547,2048
slice_1107,0
slice_1108,0
neg_121,1024
mul_548,2048
add_363,-6
slice_1109,0
slice_1110,0
unsqueeze_252,0
slice_1111,0
slice_1112,0
expand_125,0
clone_121,0
_unsafe_view_120,0
slice_1113,0
slice_1114,0
unsqueeze_253,0
slice_1115,0
slice_1116,0
expand_126,0
clone_122,0
_unsafe_view_121,0
slice_1120,0
slice_1121,0
slice_1122,0
_scaled_dot_product_flash_attention_for_cpu_60,-344422
transpose_244,0
view_1094,0
t_423,0
view_1095,0
mm_240,16384
view_1096,0
add_364,16384
_to_copy_245,0
pow_122,32768
mean_121,3
add_365,2048
rsqrt_121,4
mul_549,32768
_to_copy_246,0
mul_550,16384
t_424,0
view_1097,0
mm_241,59136
view_1098,0
silu_60,59136
t_425,0
view_1099,0
mm_242,59136
view_1100,0
mul_551,59136
t_426,0
view_1101,0
mm_243,16384
view_1102,0
add_366,16384
_to_copy_247,0
pow_123,32768
mean_122,3
add_367,-6
rsqrt_122,4
mul_552,32768
_to_copy_248,0
mul_553,16384
view_1103,0
t_427,0
addmm_183,16384
view_1104,0
view_1105,0
t_428,0
addmm_184,2048
view_1106,0
view_1107,0
t_429,0
addmm_185,2048
view_1108,0
view_1109,0
transpose_245,0
view_1110,0
transpose_246,0
view_1111,0
transpose_247,0
split_with_sizes_122,0
select_732,0
select_733,0
select_734,0
select_735,0
select_736,0
select_737,0
unsqueeze_254,0
split_with_sizes_123,0
select_738,0
select_739,0
select_740,0
select_741,0
select_742,0
select_743,0
unsqueeze_255,0
mul_554,16384
slice_1123,0
slice_1124,0
neg_122,8192
mul_555,16384
add_368,16384
mul_556,2048
slice_1125,0
slice_1126,0
neg_123,1024
mul_557,2048
add_369,-6
slice_1127,0
slice_1128,0
unsqueeze_256,0
slice_1129,0
slice_1130,0
expand_127,0
clone_123,0
_unsafe_view_122,0
slice_1131,0
slice_1132,0
unsqueeze_257,0
slice_1133,0
slice_1134,0
expand_128,0
clone_124,0
_unsafe_view_123,0
slice_1138,0
slice_1139,0
slice_1140,0
_scaled_dot_product_flash_attention_for_cpu_61,-344422
transpose_248,0
view_1112,0
t_430,0
view_1113,0
mm_244,16384
view_1114,0
add_370,16384
_to_copy_249,0
pow_124,32768
mean_123,3
add_371,2048
rsqrt_123,4
mul_558,32768
_to_copy_250,0
mul_559,16384
t_431,0
view_1115,0
mm_245,59136
view_1116,0
silu_61,59136
t_432,0
view_1117,0
mm_246,59136
view_1118,0
mul_560,59136
t_433,0
view_1119,0
mm_247,16384
view_1120,0
add_372,16384
_to_copy_251,0
pow_125,32768
mean_124,3
add_373,-6
rsqrt_124,4
mul_561,32768
_to_copy_252,0
mul_562,16384
view_1121,0
t_434,0
addmm_186,16384
view_1122,0
view_1123,0
t_435,0
addmm_187,2048
view_1124,0
view_1125,0
t_436,0
addmm_188,2048
view_1126,0
view_1127,0
transpose_249,0
view_1128,0
transpose_250,0
view_1129,0
transpose_251,0
split_with_sizes_124,0
select_744,0
select_745,0
select_746,0
select_747,0
select_748,0
select_749,0
unsqueeze_258,0
split_with_sizes_125,0
select_750,0
select_751,0
select_752,0
select_753,0
select_754,0
select_755,0
unsqueeze_259,0
mul_563,16384
slice_1141,0
slice_1142,0
neg_124,8192
mul_564,16384
add_374,16384
mul_565,2048
slice_1143,0
slice_1144,0
neg_125,1024
mul_566,2048
add_375,-6
slice_1145,0
slice_1146,0
unsqueeze_260,0
slice_1147,0
slice_1148,0
expand_129,0
clone_125,0
_unsafe_view_124,0
slice_1149,0
slice_1150,0
unsqueeze_261,0
slice_1151,0
slice_1152,0
expand_130,0
clone_126,0
_unsafe_view_125,0
slice_1156,0
slice_1157,0
slice_1158,0
_scaled_dot_product_flash_attention_for_cpu_62,-344422
transpose_252,0
view_1130,0
t_437,0
view_1131,0
mm_248,16384
view_1132,0
add_376,16384
_to_copy_253,0
pow_126,32768
mean_125,3
add_377,2048
rsqrt_125,4
mul_567,32768
_to_copy_254,0
mul_568,16384
t_438,0
view_1133,0
mm_249,59136
view_1134,0
silu_62,59136
t_439,0
view_1135,0
mm_250,59136
view_1136,0
mul_569,59136
t_440,0
view_1137,0
mm_251,16384
view_1138,0
add_378,16384
_to_copy_255,0
pow_127,32768
mean_126,3
add_379,-6
rsqrt_126,4
mul_570,32768
_to_copy_256,0
mul_571,16384
view_1139,0
t_441,0
addmm_189,16384
view_1140,0
view_1141,0
t_442,0
addmm_190,2048
view_1142,0
view_1143,0
t_443,0
addmm_191,2048
view_1144,0
view_1145,0
transpose_253,0
view_1146,0
transpose_254,0
view_1147,0
transpose_255,0
split_with_sizes_126,0
select_756,0
select_757,0
select_758,0
select_759,0
select_760,0
select_761,0
unsqueeze_262,0
split_with_sizes_127,0
select_762,0
select_763,0
select_764,0
select_765,0
select_766,0
select_767,0
unsqueeze_263,0
mul_572,16384
slice_1159,0
slice_1160,0
neg_126,8192
mul_573,16384
add_380,16384
mul_574,2048
slice_1161,0
slice_1162,0
neg_127,1024
mul_575,2048
add_381,-6
slice_1163,0
slice_1164,0
unsqueeze_264,0
slice_1165,0
slice_1166,0
expand_131,0
clone_127,0
_unsafe_view_126,0
slice_1167,0
slice_1168,0
unsqueeze_265,0
slice_1169,0
slice_1170,0
expand_132,0
clone_128,0
_unsafe_view_127,0
slice_1174,0
slice_1175,0
slice_1176,0
_scaled_dot_product_flash_attention_for_cpu_63,-344422
transpose_256,0
view_1148,0
t_444,0
view_1149,0
mm_252,16384
view_1150,0
add_382,16384
_to_copy_257,0
pow_128,32768
mean_127,3
add_383,2048
rsqrt_127,4
mul_576,32768
_to_copy_258,0
mul_577,16384
t_445,0
view_1151,0
mm_253,59136
view_1152,0
silu_63,59136
t_446,0
view_1153,0
mm_254,59136
view_1154,0
mul_578,59136
t_447,0
view_1155,0
mm_255,16384
view_1156,0
add_384,16384
_to_copy_259,0
pow_129,32768
mean_128,3
add_385,-6
rsqrt_128,4
mul_579,32768
_to_copy_260,0
mul_580,16384
view_1157,0
t_448,0
addmm_192,16384
view_1158,0
view_1159,0
t_449,0
addmm_193,2048
view_1160,0
view_1161,0
t_450,0
addmm_194,2048
view_1162,0
view_1163,0
transpose_257,0
view_1164,0
transpose_258,0
view_1165,0
transpose_259,0
split_with_sizes_128,0
select_768,0
select_769,0
select_770,0
select_771,0
select_772,0
select_773,0
unsqueeze_266,0
split_with_sizes_129,0
select_774,0
select_775,0
select_776,0
select_777,0
select_778,0
select_779,0
unsqueeze_267,0
mul_581,16384
slice_1177,0
slice_1178,0
neg_128,8192
mul_582,16384
add_386,16384
mul_583,2048
slice_1179,0
slice_1180,0
neg_129,1024
mul_584,2048
add_387,-6
slice_1181,0
slice_1182,0
unsqueeze_268,0
slice_1183,0
slice_1184,0
expand_133,0
clone_129,0
_unsafe_view_128,0
slice_1185,0
slice_1186,0
unsqueeze_269,0
slice_1187,0
slice_1188,0
expand_134,0
clone_130,0
_unsafe_view_129,0
slice_1192,0
slice_1193,0
slice_1194,0
_scaled_dot_product_flash_attention_for_cpu_64,-344422
transpose_260,0
view_1166,0
t_451,0
view_1167,0
mm_256,16384
view_1168,0
add_388,16384
_to_copy_261,0
pow_130,32768
mean_129,3
add_389,2048
rsqrt_129,4
mul_585,32768
_to_copy_262,0
mul_586,16384
t_452,0
view_1169,0
mm_257,59136
view_1170,0
silu_64,59136
t_453,0
view_1171,0
mm_258,59136
view_1172,0
mul_587,59136
t_454,0
view_1173,0
mm_259,16384
view_1174,0
add_390,16384
_to_copy_263,0
pow_131,32768
mean_130,3
add_391,-6
rsqrt_130,4
mul_588,32768
_to_copy_264,0
mul_589,16384
view_1175,0
t_455,0
addmm_195,16384
view_1176,0
view_1177,0
t_456,0
addmm_196,2048
view_1178,0
view_1179,0
t_457,0
addmm_197,2048
view_1180,0
view_1181,0
transpose_261,0
view_1182,0
transpose_262,0
view_1183,0
transpose_263,0
split_with_sizes_130,0
select_780,0
select_781,0
select_782,0
select_783,0
select_784,0
select_785,0
unsqueeze_270,0
split_with_sizes_131,0
select_786,0
select_787,0
select_788,0
select_789,0
select_790,0
select_791,0
unsqueeze_271,0
mul_590,16384
slice_1195,0
slice_1196,0
neg_130,8192
mul_591,16384
add_392,16384
mul_592,2048
slice_1197,0
slice_1198,0
neg_131,1024
mul_593,2048
add_393,-6
slice_1199,0
slice_1200,0
unsqueeze_272,0
slice_1201,0
slice_1202,0
expand_135,0
clone_131,0
_unsafe_view_130,0
slice_1203,0
slice_1204,0
unsqueeze_273,0
slice_1205,0
slice_1206,0
expand_136,0
clone_132,0
_unsafe_view_131,0
slice_1210,0
slice_1211,0
slice_1212,0
_scaled_dot_product_flash_attention_for_cpu_65,-344422
transpose_264,0
view_1184,0
t_458,0
view_1185,0
mm_260,16384
view_1186,0
add_394,16384
_to_copy_265,0
pow_132,32768
mean_131,3
add_395,2048
rsqrt_131,4
mul_594,32768
_to_copy_266,0
mul_595,16384
t_459,0
view_1187,0
mm_261,59136
view_1188,0
silu_65,59136
t_460,0
view_1189,0
mm_262,59136
view_1190,0
mul_596,59136
t_461,0
view_1191,0
mm_263,16384
view_1192,0
add_396,16384
_to_copy_267,0
pow_133,32768
mean_132,3
add_397,-6
rsqrt_132,4
mul_597,32768
_to_copy_268,0
mul_598,16384
view_1193,0
t_462,0
addmm_198,16384
view_1194,0
view_1195,0
t_463,0
addmm_199,2048
view_1196,0
view_1197,0
t_464,0
addmm_200,2048
view_1198,0
view_1199,0
transpose_265,0
view_1200,0
transpose_266,0
view_1201,0
transpose_267,0
split_with_sizes_132,0
select_792,0
select_793,0
select_794,0
select_795,0
select_796,0
select_797,0
unsqueeze_274,0
split_with_sizes_133,0
select_798,0
select_799,0
select_800,0
select_801,0
select_802,0
select_803,0
unsqueeze_275,0
mul_599,16384
slice_1213,0
slice_1214,0
neg_132,8192
mul_600,16384
add_398,16384
mul_601,2048
slice_1215,0
slice_1216,0
neg_133,1024
mul_602,2048
add_399,-6
slice_1217,0
slice_1218,0
unsqueeze_276,0
slice_1219,0
slice_1220,0
expand_137,0
clone_133,0
_unsafe_view_132,0
slice_1221,0
slice_1222,0
unsqueeze_277,0
slice_1223,0
slice_1224,0
expand_138,0
clone_134,0
_unsafe_view_133,0
slice_1228,0
slice_1229,0
slice_1230,0
_scaled_dot_product_flash_attention_for_cpu_66,-344422
transpose_268,0
view_1202,0
t_465,0
view_1203,0
mm_264,16384
view_1204,0
add_400,16384
_to_copy_269,0
pow_134,32768
mean_133,3
add_401,2048
rsqrt_133,4
mul_603,32768
_to_copy_270,0
mul_604,16384
t_466,0
view_1205,0
mm_265,59136
view_1206,0
silu_66,59136
t_467,0
view_1207,0
mm_266,59136
view_1208,0
mul_605,59136
t_468,0
view_1209,0
mm_267,16384
view_1210,0
add_402,16384
_to_copy_271,0
pow_135,32768
mean_134,3
add_403,-6
rsqrt_134,4
mul_606,32768
_to_copy_272,0
mul_607,16384
view_1211,0
t_469,0
addmm_201,16384
view_1212,0
view_1213,0
t_470,0
addmm_202,2048
view_1214,0
view_1215,0
t_471,0
addmm_203,2048
view_1216,0
view_1217,0
transpose_269,0
view_1218,0
transpose_270,0
view_1219,0
transpose_271,0
split_with_sizes_134,0
select_804,0
select_805,0
select_806,0
select_807,0
select_808,0
select_809,0
unsqueeze_278,0
split_with_sizes_135,0
select_810,0
select_811,0
select_812,0
select_813,0
select_814,0
select_815,0
unsqueeze_279,0
mul_608,16384
slice_1231,0
slice_1232,0
neg_134,8192
mul_609,16384
add_404,16384
mul_610,2048
slice_1233,0
slice_1234,0
neg_135,1024
mul_611,2048
add_405,-6
slice_1235,0
slice_1236,0
unsqueeze_280,0
slice_1237,0
slice_1238,0
expand_139,0
clone_135,0
_unsafe_view_134,0
slice_1239,0
slice_1240,0
unsqueeze_281,0
slice_1241,0
slice_1242,0
expand_140,0
clone_136,0
_unsafe_view_135,0
slice_1246,0
slice_1247,0
slice_1248,0
_scaled_dot_product_flash_attention_for_cpu_67,-344422
transpose_272,0
view_1220,0
t_472,0
view_1221,0
mm_268,16384
view_1222,0
add_406,16384
_to_copy_273,0
pow_136,32768
mean_135,3
add_407,2048
rsqrt_135,4
mul_612,32768
_to_copy_274,0
mul_613,16384
t_473,0
view_1223,0
mm_269,59136
view_1224,0
silu_67,59136
t_474,0
view_1225,0
mm_270,59136
view_1226,0
mul_614,59136
t_475,0
view_1227,0
mm_271,16384
view_1228,0
add_408,16384
_to_copy_275,0
pow_137,32768
mean_136,3
add_409,-6
rsqrt_136,4
mul_615,32768
_to_copy_276,0
mul_616,16384
view_1229,0
t_476,0
addmm_204,16384
view_1230,0
view_1231,0
t_477,0
addmm_205,2048
view_1232,0
view_1233,0
t_478,0
addmm_206,2048
view_1234,0
view_1235,0
transpose_273,0
view_1236,0
transpose_274,0
view_1237,0
transpose_275,0
split_with_sizes_136,0
select_816,0
select_817,0
select_818,0
select_819,0
select_820,0
select_821,0
unsqueeze_282,0
split_with_sizes_137,0
select_822,0
select_823,0
select_824,0
select_825,0
select_826,0
select_827,0
unsqueeze_283,0
mul_617,16384
slice_1249,0
slice_1250,0
neg_136,8192
mul_618,16384
add_410,16384
mul_619,2048
slice_1251,0
slice_1252,0
neg_137,1024
mul_620,2048
add_411,-6
slice_1253,0
slice_1254,0
unsqueeze_284,0
slice_1255,0
slice_1256,0
expand_141,0
clone_137,0
_unsafe_view_136,0
slice_1257,0
slice_1258,0
unsqueeze_285,0
slice_1259,0
slice_1260,0
expand_142,0
clone_138,0
_unsafe_view_137,0
slice_1264,0
slice_1265,0
slice_1266,0
_scaled_dot_product_flash_attention_for_cpu_68,-344422
transpose_276,0
view_1238,0
t_479,0
view_1239,0
mm_272,16384
view_1240,0
add_412,16384
_to_copy_277,0
pow_138,32768
mean_137,3
add_413,2048
rsqrt_137,4
mul_621,32768
_to_copy_278,0
mul_622,16384
t_480,0
view_1241,0
mm_273,59136
view_1242,0
silu_68,59136
t_481,0
view_1243,0
mm_274,59136
view_1244,0
mul_623,59136
t_482,0
view_1245,0
mm_275,16384
view_1246,0
add_414,16384
_to_copy_279,0
pow_139,32768
mean_138,3
add_415,-6
rsqrt_138,4
mul_624,32768
_to_copy_280,0
mul_625,16384
view_1247,0
t_483,0
addmm_207,16384
view_1248,0
view_1249,0
t_484,0
addmm_208,2048
view_1250,0
view_1251,0
t_485,0
addmm_209,2048
view_1252,0
view_1253,0
transpose_277,0
view_1254,0
transpose_278,0
view_1255,0
transpose_279,0
split_with_sizes_138,0
select_828,0
select_829,0
select_830,0
select_831,0
select_832,0
select_833,0
unsqueeze_286,0
split_with_sizes_139,0
select_834,0
select_835,0
select_836,0
select_837,0
select_838,0
select_839,0
unsqueeze_287,0
mul_626,16384
slice_1267,0
slice_1268,0
neg_138,8192
mul_627,16384
add_416,16384
mul_628,2048
slice_1269,0
slice_1270,0
neg_139,1024
mul_629,2048
add_417,-6
slice_1271,0
slice_1272,0
unsqueeze_288,0
slice_1273,0
slice_1274,0
expand_143,0
clone_139,0
_unsafe_view_138,0
slice_1275,0
slice_1276,0
unsqueeze_289,0
slice_1277,0
slice_1278,0
expand_144,0
clone_140,0
_unsafe_view_139,0
slice_1282,0
slice_1283,0
slice_1284,0
_scaled_dot_product_flash_attention_for_cpu_69,-344422
transpose_280,0
view_1256,0
t_486,0
view_1257,0
mm_276,16384
view_1258,0
add_418,16384
_to_copy_281,0
pow_140,32768
mean_139,3
add_419,2048
rsqrt_139,4
mul_630,32768
_to_copy_282,0
mul_631,16384
t_487,0
view_1259,0
mm_277,59136
view_1260,0
silu_69,59136
t_488,0
view_1261,0
mm_278,59136
view_1262,0
mul_632,59136
t_489,0
view_1263,0
mm_279,16384
view_1264,0
add_420,16384
_to_copy_283,0
pow_141,32768
mean_140,3
add_421,-6
rsqrt_140,4
mul_633,32768
_to_copy_284,0
mul_634,16384
view_1265,0
t_490,0
addmm_210,16384
view_1266,0
view_1267,0
t_491,0
addmm_211,2048
view_1268,0
view_1269,0
t_492,0
addmm_212,2048
view_1270,0
view_1271,0
transpose_281,0
view_1272,0
transpose_282,0
view_1273,0
transpose_283,0
split_with_sizes_140,0
select_840,0
select_841,0
select_842,0
select_843,0
select_844,0
select_845,0
unsqueeze_290,0
split_with_sizes_141,0
select_846,0
select_847,0
select_848,0
select_849,0
select_850,0
select_851,0
unsqueeze_291,0
mul_635,16384
slice_1285,0
slice_1286,0
neg_140,8192
mul_636,16384
add_422,16384
mul_637,2048
slice_1287,0
slice_1288,0
neg_141,1024
mul_638,2048
add_423,-6
slice_1289,0
slice_1290,0
unsqueeze_292,0
slice_1291,0
slice_1292,0
expand_145,0
clone_141,0
_unsafe_view_140,0
slice_1293,0
slice_1294,0
unsqueeze_293,0
slice_1295,0
slice_1296,0
expand_146,0
clone_142,0
_unsafe_view_141,0
slice_1300,0
slice_1301,0
slice_1302,0
_scaled_dot_product_flash_attention_for_cpu_70,-344422
transpose_284,0
view_1274,0
t_493,0
view_1275,0
mm_280,16384
view_1276,0
add_424,16384
_to_copy_285,0
pow_142,32768
mean_141,3
add_425,2048
rsqrt_141,4
mul_639,32768
_to_copy_286,0
mul_640,16384
t_494,0
view_1277,0
mm_281,59136
view_1278,0
silu_70,59136
t_495,0
view_1279,0
mm_282,59136
view_1280,0
mul_641,59136
t_496,0
view_1281,0
mm_283,16384
view_1282,0
add_426,16384
_to_copy_287,0
pow_143,32768
mean_142,3
add_427,-6
rsqrt_142,4
mul_642,32768
_to_copy_288,0
mul_643,16384
view_1283,0
t_497,0
addmm_213,16384
view_1284,0
view_1285,0
t_498,0
addmm_214,2048
view_1286,0
view_1287,0
t_499,0
addmm_215,2048
view_1288,0
view_1289,0
transpose_285,0
view_1290,0
transpose_286,0
view_1291,0
transpose_287,0
split_with_sizes_142,0
select_852,0
select_853,0
select_854,0
select_855,0
select_856,0
select_857,0
unsqueeze_294,0
split_with_sizes_143,0
select_858,0
select_859,0
select_860,0
select_861,0
select_862,0
select_863,0
unsqueeze_295,0
mul_644,16384
slice_1303,0
slice_1304,0
neg_142,8192
mul_645,16384
add_428,16384
mul_646,2048
slice_1305,0
slice_1306,0
neg_143,1024
mul_647,2048
add_429,-6
slice_1307,0
slice_1308,0
unsqueeze_296,0
slice_1309,0
slice_1310,0
expand_147,0
clone_143,0
_unsafe_view_142,0
slice_1311,0
slice_1312,0
unsqueeze_297,0
slice_1313,0
slice_1314,0
expand_148,0
clone_144,0
_unsafe_view_143,0
slice_1318,0
slice_1319,0
slice_1320,0
_scaled_dot_product_flash_attention_for_cpu_71,-344422
transpose_288,0
view_1292,0
t_500,0
view_1293,0
mm_284,16384
view_1294,0
add_430,16384
_to_copy_289,0
pow_144,32768
mean_143,3
add_431,2048
rsqrt_143,4
mul_648,32768
_to_copy_290,0
mul_649,16384
t_501,0
view_1295,0
mm_285,59136
view_1296,0
silu_71,59136
t_502,0
view_1297,0
mm_286,59136
view_1298,0
mul_650,59136
t_503,0
view_1299,0
mm_287,16384
view_1300,0
add_432,16384
_to_copy_291,0
pow_145,32768
mean_144,3
add_433,-6
rsqrt_144,4
mul_651,32768
_to_copy_292,0
mul_652,16384
view_1301,0
t_504,0
addmm_216,16384
view_1302,0
view_1303,0
t_505,0
addmm_217,2048
view_1304,0
view_1305,0
t_506,0
addmm_218,2048
view_1306,0
view_1307,0
transpose_289,0
view_1308,0
transpose_290,0
view_1309,0
transpose_291,0
split_with_sizes_144,0
select_864,0
select_865,0
select_866,0
select_867,0
select_868,0
select_869,0
unsqueeze_298,0
split_with_sizes_145,0
select_870,0
select_871,0
select_872,0
select_873,0
select_874,0
select_875,0
unsqueeze_299,0
mul_653,16384
slice_1321,0
slice_1322,0
neg_144,8192
mul_654,16384
add_434,16384
mul_655,2048
slice_1323,0
slice_1324,0
neg_145,1024
mul_656,2048
add_435,-6
slice_1325,0
slice_1326,0
unsqueeze_300,0
slice_1327,0
slice_1328,0
expand_149,0
clone_145,0
_unsafe_view_144,0
slice_1329,0
slice_1330,0
unsqueeze_301,0
slice_1331,0
slice_1332,0
expand_150,0
clone_146,0
_unsafe_view_145,0
slice_1336,0
slice_1337,0
slice_1338,0
_scaled_dot_product_flash_attention_for_cpu_72,-344422
transpose_292,0
view_1310,0
t_507,0
view_1311,0
mm_288,16384
view_1312,0
add_436,16384
_to_copy_293,0
pow_146,32768
mean_145,3
add_437,2048
rsqrt_145,4
mul_657,32768
_to_copy_294,0
mul_658,16384
t_508,0
view_1313,0
mm_289,59136
view_1314,0
silu_72,59136
t_509,0
view_1315,0
mm_290,59136
view_1316,0
mul_659,59136
t_510,0
view_1317,0
mm_291,16384
view_1318,0
add_438,16384
_to_copy_295,0
pow_147,32768
mean_146,3
add_439,-6
rsqrt_146,4
mul_660,32768
_to_copy_296,0
mul_661,16384
view_1319,0
t_511,0
addmm_219,16384
view_1320,0
view_1321,0
t_512,0
addmm_220,2048
view_1322,0
view_1323,0
t_513,0
addmm_221,2048
view_1324,0
view_1325,0
transpose_293,0
view_1326,0
transpose_294,0
view_1327,0
transpose_295,0
split_with_sizes_146,0
select_876,0
select_877,0
select_878,0
select_879,0
select_880,0
select_881,0
unsqueeze_302,0
split_with_sizes_147,0
select_882,0
select_883,0
select_884,0
select_885,0
select_886,0
select_887,0
unsqueeze_303,0
mul_662,16384
slice_1339,0
slice_1340,0
neg_146,8192
mul_663,16384
add_440,16384
mul_664,2048
slice_1341,0
slice_1342,0
neg_147,1024
mul_665,2048
add_441,-6
slice_1343,0
slice_1344,0
unsqueeze_304,0
slice_1345,0
slice_1346,0
expand_151,0
clone_147,0
_unsafe_view_146,0
slice_1347,0
slice_1348,0
unsqueeze_305,0
slice_1349,0
slice_1350,0
expand_152,0
clone_148,0
_unsafe_view_147,0
slice_1354,0
slice_1355,0
slice_1356,0
_scaled_dot_product_flash_attention_for_cpu_73,-344422
transpose_296,0
view_1328,0
t_514,0
view_1329,0
mm_292,16384
view_1330,0
add_442,16384
_to_copy_297,0
pow_148,32768
mean_147,3
add_443,2048
rsqrt_147,4
mul_666,32768
_to_copy_298,0
mul_667,16384
t_515,0
view_1331,0
mm_293,59136
view_1332,0
silu_73,59136
t_516,0
view_1333,0
mm_294,59136
view_1334,0
mul_668,59136
t_517,0
view_1335,0
mm_295,16384
view_1336,0
add_444,16384
_to_copy_299,0
pow_149,32768
mean_148,3
add_445,-6
rsqrt_148,4
mul_669,32768
_to_copy_300,0
mul_670,16384
view_1337,0
t_518,0
addmm_222,16384
view_1338,0
view_1339,0
t_519,0
addmm_223,2048
view_1340,0
view_1341,0
t_520,0
addmm_224,2048
view_1342,0
view_1343,0
transpose_297,0
view_1344,0
transpose_298,0
view_1345,0
transpose_299,0
split_with_sizes_148,0
select_888,0
select_889,0
select_890,0
select_891,0
select_892,0
select_893,0
unsqueeze_306,0
split_with_sizes_149,0
select_894,0
select_895,0
select_896,0
select_897,0
select_898,0
select_899,0
unsqueeze_307,0
mul_671,16384
slice_1357,0
slice_1358,0
neg_148,8192
mul_672,16384
add_446,16384
mul_673,2048
slice_1359,0
slice_1360,0
neg_149,1024
mul_674,2048
add_447,-6
slice_1361,0
slice_1362,0
unsqueeze_308,0
slice_1363,0
slice_1364,0
expand_153,0
clone_149,0
_unsafe_view_148,0
slice_1365,0
slice_1366,0
unsqueeze_309,0
slice_1367,0
slice_1368,0
expand_154,0
clone_150,0
_unsafe_view_149,0
slice_1372,0
slice_1373,0
slice_1374,0
_scaled_dot_product_flash_attention_for_cpu_74,-344422
transpose_300,0
view_1346,0
t_521,0
view_1347,0
mm_296,16384
view_1348,0
add_448,16384
_to_copy_301,0
pow_150,32768
mean_149,3
add_449,2048
rsqrt_149,4
mul_675,32768
_to_copy_302,0
mul_676,16384
t_522,0
view_1349,0
mm_297,59136
view_1350,0
silu_74,59136
t_523,0
view_1351,0
mm_298,59136
view_1352,0
mul_677,59136
t_524,0
view_1353,0
mm_299,16384
view_1354,0
add_450,16384
_to_copy_303,0
pow_151,32768
mean_150,3
add_451,-6
rsqrt_150,4
mul_678,32768
_to_copy_304,0
mul_679,16384
view_1355,0
t_525,0
addmm_225,16384
view_1356,0
view_1357,0
t_526,0
addmm_226,2048
view_1358,0
view_1359,0
t_527,0
addmm_227,2048
view_1360,0
view_1361,0
transpose_301,0
view_1362,0
transpose_302,0
view_1363,0
transpose_303,0
split_with_sizes_150,0
select_900,0
select_901,0
select_902,0
select_903,0
select_904,0
select_905,0
unsqueeze_310,0
split_with_sizes_151,0
select_906,0
select_907,0
select_908,0
select_909,0
select_910,0
select_911,0
unsqueeze_311,0
mul_680,16384
slice_1375,0
slice_1376,0
neg_150,8192
mul_681,16384
add_452,16384
mul_682,2048
slice_1377,0
slice_1378,0
neg_151,1024
mul_683,2048
add_453,-6
slice_1379,0
slice_1380,0
unsqueeze_312,0
slice_1381,0
slice_1382,0
expand_155,0
clone_151,0
_unsafe_view_150,0
slice_1383,0
slice_1384,0
unsqueeze_313,0
slice_1385,0
slice_1386,0
expand_156,0
clone_152,0
_unsafe_view_151,0
slice_1390,0
slice_1391,0
slice_1392,0
_scaled_dot_product_flash_attention_for_cpu_75,-344422
transpose_304,0
view_1364,0
t_528,0
view_1365,0
mm_300,16384
view_1366,0
add_454,16384
_to_copy_305,0
pow_152,32768
mean_151,3
add_455,2048
rsqrt_151,4
mul_684,32768
_to_copy_306,0
mul_685,16384
t_529,0
view_1367,0
mm_301,59136
view_1368,0
silu_75,59136
t_530,0
view_1369,0
mm_302,59136
view_1370,0
mul_686,59136
t_531,0
view_1371,0
mm_303,16384
view_1372,0
add_456,16384
_to_copy_307,0
pow_153,32768
mean_152,3
add_457,-6
rsqrt_152,4
mul_687,32768
_to_copy_308,0
mul_688,16384
view_1373,0
t_532,0
addmm_228,16384
view_1374,0
view_1375,0
t_533,0
addmm_229,2048
view_1376,0
view_1377,0
t_534,0
addmm_230,2048
view_1378,0
view_1379,0
transpose_305,0
view_1380,0
transpose_306,0
view_1381,0
transpose_307,0
split_with_sizes_152,0
select_912,0
select_913,0
select_914,0
select_915,0
select_916,0
select_917,0
unsqueeze_314,0
split_with_sizes_153,0
select_918,0
select_919,0
select_920,0
select_921,0
select_922,0
select_923,0
unsqueeze_315,0
mul_689,16384
slice_1393,0
slice_1394,0
neg_152,8192
mul_690,16384
add_458,16384
mul_691,2048
slice_1395,0
slice_1396,0
neg_153,1024
mul_692,2048
add_459,-6
slice_1397,0
slice_1398,0
unsqueeze_316,0
slice_1399,0
slice_1400,0
expand_157,0
clone_153,0
_unsafe_view_152,0
slice_1401,0
slice_1402,0
unsqueeze_317,0
slice_1403,0
slice_1404,0
expand_158,0
clone_154,0
_unsafe_view_153,0
slice_1408,0
slice_1409,0
slice_1410,0
_scaled_dot_product_flash_attention_for_cpu_76,-344422
transpose_308,0
view_1382,0
t_535,0
view_1383,0
mm_304,16384
view_1384,0
add_460,16384
_to_copy_309,0
pow_154,32768
mean_153,3
add_461,2048
rsqrt_153,4
mul_693,32768
_to_copy_310,0
mul_694,16384
t_536,0
view_1385,0
mm_305,59136
view_1386,0
silu_76,59136
t_537,0
view_1387,0
mm_306,59136
view_1388,0
mul_695,59136
t_538,0
view_1389,0
mm_307,16384
view_1390,0
add_462,16384
_to_copy_311,0
pow_155,32768
mean_154,3
add_463,-6
rsqrt_154,4
mul_696,32768
_to_copy_312,0
mul_697,16384
view_1391,0
t_539,0
addmm_231,16384
view_1392,0
view_1393,0
t_540,0
addmm_232,2048
view_1394,0
view_1395,0
t_541,0
addmm_233,2048
view_1396,0
view_1397,0
transpose_309,0
view_1398,0
transpose_310,0
view_1399,0
transpose_311,0
split_with_sizes_154,0
select_924,0
select_925,0
select_926,0
select_927,0
select_928,0
select_929,0
unsqueeze_318,0
split_with_sizes_155,0
select_930,0
select_931,0
select_932,0
select_933,0
select_934,0
select_935,0
unsqueeze_319,0
mul_698,16384
slice_1411,0
slice_1412,0
neg_154,8192
mul_699,16384
add_464,16384
mul_700,2048
slice_1413,0
slice_1414,0
neg_155,1024
mul_701,2048
add_465,-6
slice_1415,0
slice_1416,0
unsqueeze_320,0
slice_1417,0
slice_1418,0
expand_159,0
clone_155,0
_unsafe_view_154,0
slice_1419,0
slice_1420,0
unsqueeze_321,0
slice_1421,0
slice_1422,0
expand_160,0
clone_156,0
_unsafe_view_155,0
slice_1426,0
slice_1427,0
slice_1428,0
_scaled_dot_product_flash_attention_for_cpu_77,-344422
transpose_312,0
view_1400,0
t_542,0
view_1401,0
mm_308,16384
view_1402,0
add_466,16384
_to_copy_313,0
pow_156,32768
mean_155,3
add_467,2048
rsqrt_155,4
mul_702,32768
_to_copy_314,0
mul_703,16384
t_543,0
view_1403,0
mm_309,59136
view_1404,0
silu_77,59136
t_544,0
view_1405,0
mm_310,59136
view_1406,0
mul_704,59136
t_545,0
view_1407,0
mm_311,16384
view_1408,0
add_468,16384
_to_copy_315,0
pow_157,32768
mean_156,3
add_469,-6
rsqrt_156,4
mul_705,32768
_to_copy_316,0
mul_706,16384
view_1409,0
t_546,0
addmm_234,16384
view_1410,0
view_1411,0
t_547,0
addmm_235,2048
view_1412,0
view_1413,0
t_548,0
addmm_236,2048
view_1414,0
view_1415,0
transpose_313,0
view_1416,0
transpose_314,0
view_1417,0
transpose_315,0
split_with_sizes_156,0
select_936,0
select_937,0
select_938,0
select_939,0
select_940,0
select_941,0
unsqueeze_322,0
split_with_sizes_157,0
select_942,0
select_943,0
select_944,0
select_945,0
select_946,0
select_947,0
unsqueeze_323,0
mul_707,16384
slice_1429,0
slice_1430,0
neg_156,8192
mul_708,16384
add_470,16384
mul_709,2048
slice_1431,0
slice_1432,0
neg_157,1024
mul_710,2048
add_471,-6
slice_1433,0
slice_1434,0
unsqueeze_324,0
slice_1435,0
slice_1436,0
expand_161,0
clone_157,0
_unsafe_view_156,0
slice_1437,0
slice_1438,0
unsqueeze_325,0
slice_1439,0
slice_1440,0
expand_162,0
clone_158,0
_unsafe_view_157,0
slice_1444,0
slice_1445,0
slice_1446,0
_scaled_dot_product_flash_attention_for_cpu_78,-344422
transpose_316,0
view_1418,0
t_549,0
view_1419,0
mm_312,16384
view_1420,0
add_472,16384
_to_copy_317,0
pow_158,32768
mean_157,3
add_473,2048
rsqrt_157,4
mul_711,32768
_to_copy_318,0
mul_712,16384
t_550,0
view_1421,0
mm_313,59136
view_1422,0
silu_78,59136
t_551,0
view_1423,0
mm_314,59136
view_1424,0
mul_713,59136
t_552,0
view_1425,0
mm_315,16384
view_1426,0
add_474,16384
_to_copy_319,0
pow_159,32768
mean_158,3
add_475,-6
rsqrt_158,4
mul_714,32768
_to_copy_320,0
mul_715,16384
view_1427,0
t_553,0
addmm_237,16384
view_1428,0
view_1429,0
t_554,0
addmm_238,2048
view_1430,0
view_1431,0
t_555,0
addmm_239,2048
view_1432,0
view_1433,0
transpose_317,0
view_1434,0
transpose_318,0
view_1435,0
transpose_319,0
split_with_sizes_158,0
select_948,0
select_949,0
select_950,0
select_951,0
select_952,0
select_953,0
unsqueeze_326,0
split_with_sizes_159,0
select_954,0
select_955,0
select_956,0
select_957,0
select_958,0
select_959,0
unsqueeze_327,0
mul_716,16384
slice_1447,0
slice_1448,0
neg_158,8192
mul_717,16384
add_476,16384
mul_718,2048
slice_1449,0
slice_1450,0
neg_159,1024
mul_719,2048
add_477,-6
slice_1451,0
slice_1452,0
unsqueeze_328,0
slice_1453,0
slice_1454,0
expand_163,0
clone_159,0
_unsafe_view_158,0
slice_1455,0
slice_1456,0
unsqueeze_329,0
slice_1457,0
slice_1458,0
expand_164,0
clone_160,0
_unsafe_view_159,0
slice_1462,0
slice_1463,0
slice_1464,0
_scaled_dot_product_flash_attention_for_cpu_79,-344422
transpose_320,0
view_1436,0
t_556,0
view_1437,0
mm_316,16384
view_1438,0
add_478,16384
_to_copy_321,0
pow_160,32768
mean_159,3
add_479,2048
rsqrt_159,4
mul_720,32768
_to_copy_322,0
mul_721,16384
t_557,0
view_1439,0
mm_317,59136
view_1440,0
silu_79,59136
t_558,0
view_1441,0
mm_318,59136
view_1442,0
mul_722,59136
t_559,0
view_1443,0
mm_319,16384
view_1444,0
add_480,16384
_to_copy_323,0
pow_161,32768
mean_160,3
add_481,-6
rsqrt_160,4
mul_723,32768
_to_copy_324,0
mul_724,16384
t_560,0
view_1445,0
mm_320,304128
view_1446,0
arange_2,0
expand_165,0
select_960,0
unsqueeze_330,0
expand_166,0
unsqueeze_331,0
expand_167,0
clone_161,0
add_482,16384
add_483,-6
view_1447,0
view_1448,0
