node_name,cpu-time
embedding,35.35442105144785
_to_copy,7.191315788448903
view,1.488833332441233
convolution,13704.71900000437
view_1,1.1809122849974716
slice_1,6.308058593289634
slice_2,6.308058593289634
view_2,1.488833332441233
slice_3,3.3312464322793343
slice_4,3.3312464322793343
view_3,1.488833332441233
cos,12.251403513184766
sin,8.564894727447577
slice_5,3.3312464322793343
select,3.592748919671799
slice_6,3.3312464322793343
select_1,4.371431798094132
mul,13.827666689952215
slice_7,3.3312464322793343
select_2,2.373581661056858
pow_1,15.828645962963206
mean,41.04454843629624
add,605.9043333182732
rsqrt,4.959405469880769
_to_copy_1,4.763754383252378
mul_1,9.045921052234215
t,6.527348749595694
addmm,534.2313552631947
permute,15.593114583462617
unbind,28.16598958345124
unsqueeze,2.691890802705425
unsqueeze_1,2.691890802705425
neg,11.535965351427071
mul_2,9.045921052234215
neg_1,4.865108771948961
mul_3,6.595864661144278
add_1,2.944333334763845
_to_copy_2,4.763754383252378
_to_copy_3,17.911832625071337
zeros,6202.920197918349
silu,39.50630241214837
t_1,5.611609271067816
addmm_1,203.0197400223235
t_2,5.611609271067816
addmm_2,203.0197400223235
add_2,16.565333286921184
gelu,1286.9316666573286
eq,14.859333356221518
sum_1,45.7260000060002
expand,6.81186666910847
masked_scatter,56835.877666662134
full,12.485733334471782
arange,107.46969842272145
gt,9.39733330408732
arange_1,107.46969842272145
sub,4.3816140377730655
le,6.005666673183441
bitwise_or,5.244333336750667
unsqueeze_2,6.8840000083049135
unsqueeze_3,3.3416666885217032
expand_1,3.2280438571122656
clone,9.186473688535523
slice_8,3.129190471910295
unsqueeze_4,3.8956666539112725
unsqueeze_5,2.296833321452141
slice_9,3.3312464322793343
slice_10,3.3312464322793343
slice_11,3.3312464322793343
slice_12,3.3312464322793343
masked_fill,13.093000014623007
slice_13,3.3312464322793343
slice_14,3.3312464322793343
slice_15,3.3312464322793343
copy,14.544999996821085
slice_16,3.3312464322793343
slice_17,3.3312464322793343
slice_scatter,15.255222234461042
slice_scatter_1,15.255222234461042
slice_scatter_2,15.255222234461042
unsqueeze_6,3.8956666539112725
unsqueeze_7,2.296833321452141
slice_21,2.503666670123736
unsqueeze_8,2.41838332961003
expand_2,3.2280438571122656
slice_22,2.436070175808773
slice_23,2.436070175808773
unsqueeze_9,2.0424166647096476
slice_24,2.385438590196141
expand_3,2.6997833301623664
expand_4,3.833448558432575
bmm,12.701245619016781
view_4,1.7644666706522305
transpose,4.5979999988748315
_to_copy_4,17.911832625071337
mul_4,6.557784025392021
view_5,1.103719290934111
view_6,1.2885614074113076
view_7,2.1895353846550436
view_8,2.800755404823774
view_9,2.1895353846550436
view_10,2.067026316021618
view_11,2.1895353846550436
transpose_1,5.878522697316581
view_12,2.067026316021618
transpose_2,2.184821929586561
view_13,2.1895353846550436
transpose_3,2.184821929586561
split_with_sizes,16.864486294109046
select_3,2.373581661056858
select_4,4.371431798094132
select_5,2.373581661056858
unsqueeze_10,2.126983335862557
split_with_sizes_1,16.864486294109046
select_6,2.373581661056858
select_7,4.371431798094132
select_8,2.373581661056858
select_9,2.373581661056858
select_10,4.371431798094132
select_11,2.373581661056858
unsqueeze_11,2.2237543876756702
mul_5,12.878885965068873
slice_25,3.9519649121256775
slice_26,3.9519649121256775
mul_6,12.878885965068873
mul_7,3.4101137063645743
slice_27,2.520977028805697
slice_28,2.520977028805697
mul_8,3.4101137063645743
add_3,9.548757873070425
slice_29,2.533626040754219
slice_30,2.533626040754219
unsqueeze_12,3.5117571268459424
slice_31,2.4133979146679243
slice_32,2.4133979146679243
expand_5,3.3897999972105026
clone_1,6.37966666618983
_unsafe_view,3.168656249033908
slice_33,2.533626040754219
slice_34,2.533626040754219
unsqueeze_13,3.5117571268459424
slice_35,2.4133979146679243
slice_36,2.4133979146679243
expand_6,2.6997833301623664
clone_2,2032.9889604161183
_unsafe_view_1,3.168656249033908
slice_40,3.3312464322793343
slice_41,3.3312464322793343
slice_42,3.3312464322793343
_scaled_dot_product_flash_attention_for_cpu,1310.6503666650503
transpose_4,3.6789531432026834
view_14,1.1119735742347283
t_3,6.527348749595694
view_15,1.1119735742347283
mm,727.6606807004791
view_16,3.0296361841588166
add_4,7.781027192811956
_to_copy_5,17.911832625071337
pow_2,15.828645962963206
mean_1,41.04454843629624
add_5,2.0730039464538557
rsqrt_1,4.959405469880769
mul_9,6.595864661144278
_to_copy_6,17.911832625071337
mul_10,6.557784025392021
t_4,9.521420728756736
view_17,2.1895353846550436
mm_1,1671.0509663376304
view_18,2.800755404823774
t_5,9.521420728756736
view_19,2.1895353846550436
mm_2,1671.0509663376304
view_20,4.393855373424135
mul_11,20.484423903467363
t_6,11.589321250254288
view_21,2.1895353846550436
mm_3,1589.0370429822292
view_22,4.393855373424135
add_6,19.91764024109171
_to_copy_7,17.911832625071337
pow_3,15.828645962963206
mean_2,41.04454843629624
add_7,9.548757873070425
rsqrt_2,4.959405469880769
mul_12,6.595864661144278
_to_copy_8,17.911832625071337
mul_13,6.557784025392021
view_23,1.1665098687470483
t_7,6.527348749595694
addmm_3,534.2313552631947
view_24,2.800755404823774
view_25,2.1895353846550436
t_8,5.611609271067816
addmm_4,203.0197400223235
view_26,2.800755404823774
view_27,2.1895353846550436
t_9,5.611609271067816
addmm_5,203.0197400223235
view_28,2.067026316021618
view_29,2.1895353846550436
transpose_5,5.878522697316581
view_30,2.067026316021618
transpose_6,2.184821929586561
view_31,2.1895353846550436
transpose_7,2.184821929586561
split_with_sizes_2,16.864486294109046
select_12,2.373581661056858
select_13,4.371431798094132
select_14,2.373581661056858
select_15,2.373581661056858
select_16,4.371431798094132
select_17,2.373581661056858
unsqueeze_14,3.000458332772056
split_with_sizes_3,16.864486294109046
select_18,2.373581661056858
select_19,4.371431798094132
select_20,2.373581661056858
select_21,2.373581661056858
select_22,4.371431798094132
select_23,2.373581661056858
unsqueeze_15,3.000458332772056
mul_14,12.878885965068873
slice_43,3.9519649121256775
slice_44,3.9519649121256775
neg_2,11.535965351427071
mul_15,12.878885965068873
add_8,19.91764024109171
mul_16,3.4101137063645743
slice_45,2.520977028805697
slice_46,2.520977028805697
neg_3,4.865108771948961
mul_17,3.4101137063645743
add_9,9.548757873070425
slice_47,2.533626040754219
slice_48,2.533626040754219
unsqueeze_16,3.5117571268459424
slice_49,2.4133979146679243
slice_50,2.4133979146679243
expand_7,2.3521228087575814
clone_3,2032.9889604161183
_unsafe_view_2,3.168656249033908
slice_51,2.533626040754219
slice_52,2.533626040754219
unsqueeze_17,3.5117571268459424
slice_53,2.4133979146679243
slice_54,2.4133979146679243
expand_8,4.232695832848549
clone_4,2032.9889604161183
_unsafe_view_3,3.168656249033908
slice_58,3.3312464322793343
slice_59,3.3312464322793343
slice_60,3.3312464322793343
_scaled_dot_product_flash_attention_for_cpu_1,1310.6503666650503
transpose_8,3.6789531432026834
view_32,1.1119735742347283
t_10,6.527348749595694
view_33,1.1119735742347283
mm_4,727.6606807004791
view_34,3.0296361841588166
add_10,7.781027192811956
_to_copy_9,17.911832625071337
pow_4,15.828645962963206
mean_3,41.04454843629624
add_11,2.0730039464538557
rsqrt_3,4.959405469880769
mul_18,6.595864661144278
_to_copy_10,17.911832625071337
mul_19,6.557784025392021
t_11,9.521420728756736
view_35,2.1895353846550436
mm_5,1671.0509663376304
view_36,2.800755404823774
silu_1,39.50630241214837
t_12,9.521420728756736
view_37,2.1895353846550436
mm_6,1671.0509663376304
view_38,4.393855373424135
mul_20,20.484423903467363
t_13,11.589321250254288
view_39,2.1895353846550436
mm_7,1589.0370429822292
view_40,4.393855373424135
add_12,19.91764024109171
_to_copy_11,17.911832625071337
pow_5,15.828645962963206
mean_4,41.04454843629624
add_13,9.548757873070425
rsqrt_4,4.959405469880769
mul_21,6.595864661144278
_to_copy_12,17.911832625071337
mul_22,6.557784025392021
view_41,1.1665098687470483
t_14,6.527348749595694
addmm_6,534.2313552631947
view_42,2.800755404823774
view_43,2.1895353846550436
t_15,5.611609271067816
addmm_7,203.0197400223235
view_44,2.800755404823774
view_45,2.1895353846550436
t_16,5.611609271067816
addmm_8,203.0197400223235
view_46,2.067026316021618
view_47,2.1895353846550436
transpose_9,5.878522697316581
view_48,2.067026316021618
transpose_10,2.184821929586561
view_49,2.1895353846550436
transpose_11,2.184821929586561
split_with_sizes_4,16.864486294109046
select_24,2.373581661056858
select_25,4.371431798094132
select_26,2.373581661056858
select_27,2.373581661056858
select_28,4.371431798094132
select_29,2.373581661056858
unsqueeze_18,3.000458332772056
split_with_sizes_5,16.864486294109046
select_30,2.373581661056858
select_31,4.371431798094132
select_32,2.373581661056858
select_33,2.373581661056858
select_34,4.371431798094132
select_35,2.373581661056858
unsqueeze_19,3.000458332772056
mul_23,12.878885965068873
slice_61,3.9519649121256775
slice_62,3.9519649121256775
neg_4,11.535965351427071
mul_24,12.878885965068873
add_14,19.91764024109171
mul_25,3.4101137063645743
slice_63,2.520977028805697
slice_64,2.520977028805697
neg_5,4.865108771948961
mul_26,3.4101137063645743
add_15,9.548757873070425
slice_65,2.533626040754219
slice_66,2.533626040754219
unsqueeze_20,3.5117571268459424
slice_67,2.4133979146679243
slice_68,2.4133979146679243
expand_9,4.232695832848549
clone_5,2032.9889604161183
_unsafe_view_4,3.168656249033908
slice_69,2.533626040754219
slice_70,2.533626040754219
unsqueeze_21,3.5117571268459424
slice_71,2.4133979146679243
slice_72,2.4133979146679243
expand_10,4.232695832848549
clone_6,2032.9889604161183
_unsafe_view_5,3.168656249033908
slice_76,3.3312464322793343
slice_77,3.3312464322793343
slice_78,3.3312464322793343
_scaled_dot_product_flash_attention_for_cpu_2,1310.6503666650503
transpose_12,3.6789531432026834
view_50,1.1119735742347283
t_17,6.527348749595694
view_51,1.1119735742347283
mm_8,727.6606807004791
view_52,3.0296361841588166
add_16,7.781027192811956
_to_copy_13,17.911832625071337
pow_6,15.828645962963206
mean_5,41.04454843629624
add_17,2.0730039464538557
rsqrt_5,4.959405469880769
mul_27,6.595864661144278
_to_copy_14,17.911832625071337
mul_28,6.557784025392021
t_18,9.521420728756736
view_53,2.1895353846550436
mm_9,1671.0509663376304
view_54,2.800755404823774
silu_2,39.50630241214837
t_19,9.521420728756736
view_55,2.1895353846550436
mm_10,1671.0509663376304
view_56,4.393855373424135
mul_29,20.484423903467363
t_20,11.589321250254288
view_57,2.1895353846550436
mm_11,1589.0370429822292
view_58,4.393855373424135
add_18,19.91764024109171
_to_copy_15,17.911832625071337
pow_7,15.828645962963206
mean_6,41.04454843629624
add_19,9.548757873070425
rsqrt_6,4.959405469880769
mul_30,6.595864661144278
_to_copy_16,17.911832625071337
mul_31,6.557784025392021
view_59,1.1665098687470483
t_21,6.527348749595694
addmm_9,534.2313552631947
view_60,2.800755404823774
view_61,2.1895353846550436
t_22,5.611609271067816
addmm_10,203.0197400223235
view_62,2.800755404823774
view_63,2.1895353846550436
t_23,5.611609271067816
addmm_11,203.0197400223235
view_64,2.067026316021618
view_65,2.1895353846550436
transpose_13,5.878522697316581
view_66,2.067026316021618
transpose_14,2.184821929586561
view_67,2.1895353846550436
transpose_15,2.184821929586561
split_with_sizes_6,16.864486294109046
select_36,2.373581661056858
select_37,4.371431798094132
select_38,2.373581661056858
select_39,2.373581661056858
select_40,4.371431798094132
select_41,2.373581661056858
unsqueeze_22,3.000458332772056
split_with_sizes_7,16.864486294109046
select_42,2.373581661056858
select_43,4.371431798094132
select_44,2.373581661056858
select_45,2.373581661056858
select_46,4.371431798094132
select_47,2.373581661056858
unsqueeze_23,3.000458332772056
mul_32,12.878885965068873
slice_79,3.9519649121256775
slice_80,3.9519649121256775
neg_6,11.535965351427071
mul_33,12.878885965068873
add_20,19.91764024109171
mul_34,3.4101137063645743
slice_81,2.520977028805697
slice_82,2.520977028805697
neg_7,4.865108771948961
mul_35,3.4101137063645743
add_21,9.548757873070425
slice_83,2.533626040754219
slice_84,2.533626040754219
unsqueeze_24,3.5117571268459424
slice_85,2.4133979146679243
slice_86,2.4133979146679243
expand_11,4.232695832848549
clone_7,2032.9889604161183
_unsafe_view_6,3.168656249033908
slice_87,2.533626040754219
slice_88,2.533626040754219
unsqueeze_25,3.5117571268459424
slice_89,2.4133979146679243
slice_90,2.4133979146679243
expand_12,4.232695832848549
clone_8,2032.9889604161183
_unsafe_view_7,3.168656249033908
slice_94,3.3312464322793343
slice_95,3.3312464322793343
slice_96,3.3312464322793343
_scaled_dot_product_flash_attention_for_cpu_3,1310.6503666650503
transpose_16,3.6789531432026834
view_68,1.1119735742347283
t_24,6.527348749595694
view_69,1.1119735742347283
mm_12,727.6606807004791
view_70,3.0296361841588166
add_22,7.781027192811956
_to_copy_17,17.911832625071337
pow_8,15.828645962963206
mean_7,41.04454843629624
add_23,2.0730039464538557
rsqrt_7,4.959405469880769
mul_36,6.595864661144278
_to_copy_18,17.911832625071337
mul_37,6.557784025392021
t_25,9.521420728756736
view_71,2.1895353846550436
mm_13,1671.0509663376304
view_72,2.800755404823774
silu_3,39.50630241214837
t_26,9.521420728756736
view_73,2.1895353846550436
mm_14,1671.0509663376304
view_74,4.393855373424135
mul_38,20.484423903467363
t_27,11.589321250254288
view_75,2.1895353846550436
mm_15,1589.0370429822292
view_76,4.393855373424135
add_24,19.91764024109171
_to_copy_19,17.911832625071337
pow_9,15.828645962963206
mean_8,41.04454843629624
add_25,9.548757873070425
rsqrt_8,4.959405469880769
mul_39,6.595864661144278
_to_copy_20,17.911832625071337
mul_40,6.557784025392021
view_77,1.1665098687470483
t_28,6.527348749595694
addmm_12,534.2313552631947
view_78,2.800755404823774
view_79,2.1895353846550436
t_29,5.611609271067816
addmm_13,203.0197400223235
view_80,2.800755404823774
view_81,2.1895353846550436
t_30,5.611609271067816
addmm_14,203.0197400223235
view_82,2.067026316021618
view_83,2.1895353846550436
transpose_17,5.878522697316581
view_84,2.067026316021618
transpose_18,2.184821929586561
view_85,2.1895353846550436
transpose_19,2.184821929586561
split_with_sizes_8,16.864486294109046
select_48,2.373581661056858
select_49,4.371431798094132
select_50,2.373581661056858
select_51,2.373581661056858
select_52,4.371431798094132
select_53,2.373581661056858
unsqueeze_26,3.000458332772056
split_with_sizes_9,16.864486294109046
select_54,2.373581661056858
select_55,4.371431798094132
select_56,2.373581661056858
select_57,2.373581661056858
select_58,4.371431798094132
select_59,2.373581661056858
unsqueeze_27,3.000458332772056
mul_41,12.878885965068873
slice_97,3.9519649121256775
slice_98,3.9519649121256775
neg_8,11.535965351427071
mul_42,12.878885965068873
add_26,19.91764024109171
mul_43,3.4101137063645743
slice_99,2.520977028805697
slice_100,2.520977028805697
neg_9,4.865108771948961
mul_44,3.4101137063645743
add_27,9.548757873070425
slice_101,2.533626040754219
slice_102,2.533626040754219
unsqueeze_28,3.5117571268459424
slice_103,2.4133979146679243
slice_104,2.4133979146679243
expand_13,4.232695832848549
clone_9,2032.9889604161183
_unsafe_view_8,3.168656249033908
slice_105,2.533626040754219
slice_106,2.533626040754219
unsqueeze_29,3.5117571268459424
slice_107,2.4133979146679243
slice_108,2.4133979146679243
expand_14,4.232695832848549
clone_10,2032.9889604161183
_unsafe_view_9,3.168656249033908
slice_112,3.3312464322793343
slice_113,3.3312464322793343
slice_114,3.3312464322793343
_scaled_dot_product_flash_attention_for_cpu_4,1310.6503666650503
transpose_20,3.6789531432026834
view_86,1.1119735742347283
t_31,6.527348749595694
view_87,1.1119735742347283
mm_16,727.6606807004791
view_88,3.0296361841588166
add_28,7.781027192811956
_to_copy_21,17.911832625071337
pow_10,15.828645962963206
mean_9,41.04454843629624
add_29,2.0730039464538557
rsqrt_9,4.959405469880769
mul_45,6.595864661144278
_to_copy_22,17.911832625071337
mul_46,6.557784025392021
t_32,9.521420728756736
view_89,2.1895353846550436
mm_17,1671.0509663376304
view_90,2.800755404823774
silu_4,39.50630241214837
t_33,9.521420728756736
view_91,2.1895353846550436
mm_18,1671.0509663376304
view_92,4.393855373424135
mul_47,20.484423903467363
t_34,11.589321250254288
view_93,2.1895353846550436
mm_19,1589.0370429822292
view_94,4.393855373424135
add_30,19.91764024109171
_to_copy_23,17.911832625071337
pow_11,15.828645962963206
mean_10,41.04454843629624
add_31,9.548757873070425
rsqrt_10,4.959405469880769
mul_48,6.595864661144278
_to_copy_24,17.911832625071337
mul_49,6.557784025392021
view_95,1.1665098687470483
t_35,6.527348749595694
addmm_15,534.2313552631947
view_96,2.800755404823774
view_97,2.1895353846550436
t_36,5.611609271067816
addmm_16,203.0197400223235
view_98,2.800755404823774
view_99,2.1895353846550436
t_37,5.611609271067816
addmm_17,203.0197400223235
view_100,2.067026316021618
view_101,2.1895353846550436
transpose_21,5.878522697316581
view_102,2.067026316021618
transpose_22,2.184821929586561
view_103,2.1895353846550436
transpose_23,2.184821929586561
split_with_sizes_10,16.864486294109046
select_60,2.373581661056858
select_61,4.371431798094132
select_62,2.373581661056858
select_63,2.373581661056858
select_64,4.371431798094132
select_65,2.373581661056858
unsqueeze_30,3.000458332772056
split_with_sizes_11,16.864486294109046
select_66,2.373581661056858
select_67,4.371431798094132
select_68,2.373581661056858
select_69,2.373581661056858
select_70,4.371431798094132
select_71,2.373581661056858
unsqueeze_31,3.000458332772056
mul_50,12.878885965068873
slice_115,3.9519649121256775
slice_116,3.9519649121256775
neg_10,11.535965351427071
mul_51,12.878885965068873
add_32,19.91764024109171
mul_52,3.4101137063645743
slice_117,2.520977028805697
slice_118,2.520977028805697
neg_11,4.865108771948961
mul_53,3.4101137063645743
add_33,9.548757873070425
slice_119,2.533626040754219
slice_120,2.533626040754219
unsqueeze_32,3.5117571268459424
slice_121,2.4133979146679243
slice_122,2.4133979146679243
expand_15,4.232695832848549
clone_11,2032.9889604161183
_unsafe_view_10,3.168656249033908
slice_123,2.533626040754219
slice_124,2.533626040754219
unsqueeze_33,3.5117571268459424
slice_125,2.4133979146679243
slice_126,2.4133979146679243
expand_16,4.232695832848549
clone_12,2032.9889604161183
_unsafe_view_11,3.168656249033908
slice_130,3.3312464322793343
slice_131,3.3312464322793343
slice_132,3.3312464322793343
_scaled_dot_product_flash_attention_for_cpu_5,1310.6503666650503
transpose_24,3.6789531432026834
view_104,1.1119735742347283
t_38,6.527348749595694
view_105,1.1119735742347283
mm_20,727.6606807004791
view_106,3.0296361841588166
add_34,7.781027192811956
_to_copy_25,17.911832625071337
pow_12,15.828645962963206
mean_11,41.04454843629624
add_35,2.0730039464538557
rsqrt_11,4.959405469880769
mul_54,6.595864661144278
_to_copy_26,17.911832625071337
mul_55,6.557784025392021
t_39,9.521420728756736
view_107,2.1895353846550436
mm_21,1671.0509663376304
view_108,2.800755404823774
silu_5,39.50630241214837
t_40,9.521420728756736
view_109,2.1895353846550436
mm_22,1671.0509663376304
view_110,4.393855373424135
mul_56,20.484423903467363
t_41,11.589321250254288
view_111,2.1895353846550436
mm_23,1589.0370429822292
view_112,4.393855373424135
add_36,19.91764024109171
_to_copy_27,17.911832625071337
pow_13,15.828645962963206
mean_12,41.04454843629624
add_37,9.548757873070425
rsqrt_12,4.959405469880769
mul_57,6.595864661144278
_to_copy_28,17.911832625071337
mul_58,6.557784025392021
view_113,1.1665098687470483
t_42,6.527348749595694
addmm_18,534.2313552631947
view_114,2.800755404823774
view_115,2.1895353846550436
t_43,5.611609271067816
addmm_19,203.0197400223235
view_116,2.800755404823774
view_117,2.1895353846550436
t_44,5.611609271067816
addmm_20,203.0197400223235
view_118,2.067026316021618
view_119,2.1895353846550436
transpose_25,5.878522697316581
view_120,2.067026316021618
transpose_26,2.184821929586561
view_121,2.1895353846550436
transpose_27,2.184821929586561
split_with_sizes_12,16.864486294109046
select_72,2.373581661056858
select_73,4.371431798094132
select_74,2.373581661056858
select_75,2.373581661056858
select_76,4.371431798094132
select_77,2.373581661056858
unsqueeze_34,3.000458332772056
split_with_sizes_13,16.864486294109046
select_78,2.373581661056858
select_79,4.371431798094132
select_80,2.373581661056858
select_81,2.373581661056858
select_82,4.371431798094132
select_83,2.373581661056858
unsqueeze_35,3.000458332772056
mul_59,12.878885965068873
slice_133,3.9519649121256775
slice_134,3.9519649121256775
neg_12,11.535965351427071
mul_60,12.878885965068873
add_38,19.91764024109171
mul_61,3.4101137063645743
slice_135,2.520977028805697
slice_136,2.520977028805697
neg_13,4.865108771948961
mul_62,3.4101137063645743
add_39,9.548757873070425
slice_137,2.533626040754219
slice_138,2.533626040754219
unsqueeze_36,3.5117571268459424
slice_139,2.4133979146679243
slice_140,2.4133979146679243
expand_17,4.232695832848549
clone_13,2032.9889604161183
_unsafe_view_12,3.168656249033908
slice_141,2.533626040754219
slice_142,2.533626040754219
unsqueeze_37,3.5117571268459424
slice_143,2.4133979146679243
slice_144,2.4133979146679243
expand_18,4.232695832848549
clone_14,2032.9889604161183
_unsafe_view_13,3.168656249033908
slice_148,3.3312464322793343
slice_149,3.3312464322793343
slice_150,3.3312464322793343
_scaled_dot_product_flash_attention_for_cpu_6,1310.6503666650503
transpose_28,3.6789531432026834
view_122,1.1119735742347283
t_45,6.527348749595694
view_123,1.1119735742347283
mm_24,727.6606807004791
view_124,3.0296361841588166
add_40,7.781027192811956
_to_copy_29,17.911832625071337
pow_14,15.828645962963206
mean_13,41.04454843629624
add_41,2.0730039464538557
rsqrt_13,4.959405469880769
mul_63,6.595864661144278
_to_copy_30,17.911832625071337
mul_64,6.557784025392021
t_46,9.521420728756736
view_125,2.1895353846550436
mm_25,1671.0509663376304
view_126,2.800755404823774
silu_6,39.50630241214837
t_47,9.521420728756736
view_127,2.1895353846550436
mm_26,1671.0509663376304
view_128,4.393855373424135
mul_65,20.484423903467363
t_48,11.589321250254288
view_129,2.1895353846550436
mm_27,1589.0370429822292
view_130,4.393855373424135
add_42,19.91764024109171
_to_copy_31,17.911832625071337
pow_15,15.828645962963206
mean_14,41.04454843629624
add_43,9.548757873070425
rsqrt_14,4.959405469880769
mul_66,6.595864661144278
_to_copy_32,17.911832625071337
mul_67,6.557784025392021
view_131,1.1665098687470483
t_49,6.527348749595694
addmm_21,534.2313552631947
view_132,2.800755404823774
view_133,2.1895353846550436
t_50,5.611609271067816
addmm_22,203.0197400223235
view_134,2.800755404823774
view_135,2.1895353846550436
t_51,5.611609271067816
addmm_23,203.0197400223235
view_136,2.067026316021618
view_137,2.1895353846550436
transpose_29,5.878522697316581
view_138,2.067026316021618
transpose_30,2.184821929586561
view_139,2.1895353846550436
transpose_31,2.184821929586561
split_with_sizes_14,16.864486294109046
select_84,2.373581661056858
select_85,4.371431798094132
select_86,2.373581661056858
select_87,2.373581661056858
select_88,4.371431798094132
select_89,2.373581661056858
unsqueeze_38,3.000458332772056
split_with_sizes_15,16.864486294109046
select_90,2.373581661056858
select_91,4.371431798094132
select_92,2.373581661056858
select_93,2.373581661056858
select_94,4.371431798094132
select_95,2.373581661056858
unsqueeze_39,3.000458332772056
mul_68,12.878885965068873
slice_151,3.9519649121256775
slice_152,3.9519649121256775
neg_14,11.535965351427071
mul_69,12.878885965068873
add_44,19.91764024109171
mul_70,3.4101137063645743
slice_153,2.520977028805697
slice_154,2.520977028805697
neg_15,4.865108771948961
mul_71,3.4101137063645743
add_45,9.548757873070425
slice_155,2.533626040754219
slice_156,2.533626040754219
unsqueeze_40,3.5117571268459424
slice_157,2.4133979146679243
slice_158,2.4133979146679243
expand_19,4.232695832848549
clone_15,2032.9889604161183
_unsafe_view_14,3.168656249033908
slice_159,2.533626040754219
slice_160,2.533626040754219
unsqueeze_41,3.5117571268459424
slice_161,2.4133979146679243
slice_162,2.4133979146679243
expand_20,4.232695832848549
clone_16,2032.9889604161183
_unsafe_view_15,3.168656249033908
slice_166,3.3312464322793343
slice_167,3.3312464322793343
slice_168,3.3312464322793343
_scaled_dot_product_flash_attention_for_cpu_7,1310.6503666650503
transpose_32,3.6789531432026834
view_140,1.1119735742347283
t_52,6.527348749595694
view_141,1.1119735742347283
mm_28,727.6606807004791
view_142,3.0296361841588166
add_46,7.781027192811956
_to_copy_33,17.911832625071337
pow_16,15.828645962963206
mean_15,41.04454843629624
add_47,2.0730039464538557
rsqrt_15,4.959405469880769
mul_72,6.595864661144278
_to_copy_34,17.911832625071337
mul_73,6.557784025392021
t_53,9.521420728756736
view_143,2.1895353846550436
mm_29,1671.0509663376304
view_144,2.800755404823774
silu_7,39.50630241214837
t_54,9.521420728756736
view_145,2.1895353846550436
mm_30,1671.0509663376304
view_146,4.393855373424135
mul_74,20.484423903467363
t_55,11.589321250254288
view_147,2.1895353846550436
mm_31,1589.0370429822292
view_148,4.393855373424135
add_48,19.91764024109171
_to_copy_35,17.911832625071337
pow_17,15.828645962963206
mean_16,41.04454843629624
add_49,9.548757873070425
rsqrt_16,4.959405469880769
mul_75,6.595864661144278
_to_copy_36,17.911832625071337
mul_76,6.557784025392021
view_149,1.1665098687470483
t_56,6.527348749595694
addmm_24,534.2313552631947
view_150,2.800755404823774
view_151,2.1895353846550436
t_57,5.611609271067816
addmm_25,203.0197400223235
view_152,2.800755404823774
view_153,2.1895353846550436
t_58,5.611609271067816
addmm_26,203.0197400223235
view_154,2.067026316021618
view_155,2.1895353846550436
transpose_33,5.878522697316581
view_156,2.067026316021618
transpose_34,2.184821929586561
view_157,2.1895353846550436
transpose_35,2.184821929586561
split_with_sizes_16,16.864486294109046
select_96,2.373581661056858
select_97,4.371431798094132
select_98,2.373581661056858
select_99,2.373581661056858
select_100,4.371431798094132
select_101,2.373581661056858
unsqueeze_42,3.000458332772056
split_with_sizes_17,16.864486294109046
select_102,2.373581661056858
select_103,4.371431798094132
select_104,2.373581661056858
select_105,2.373581661056858
select_106,4.371431798094132
select_107,2.373581661056858
unsqueeze_43,3.000458332772056
mul_77,12.878885965068873
slice_169,3.9519649121256775
slice_170,3.9519649121256775
neg_16,11.535965351427071
mul_78,12.878885965068873
add_50,19.91764024109171
mul_79,3.4101137063645743
slice_171,2.520977028805697
slice_172,2.520977028805697
neg_17,4.865108771948961
mul_80,3.4101137063645743
add_51,9.548757873070425
slice_173,2.533626040754219
slice_174,2.533626040754219
unsqueeze_44,3.5117571268459424
slice_175,2.4133979146679243
slice_176,2.4133979146679243
expand_21,4.232695832848549
clone_17,2032.9889604161183
_unsafe_view_16,3.168656249033908
slice_177,2.533626040754219
slice_178,2.533626040754219
unsqueeze_45,3.5117571268459424
slice_179,2.4133979146679243
slice_180,2.4133979146679243
expand_22,4.232695832848549
clone_18,2032.9889604161183
_unsafe_view_17,3.168656249033908
slice_184,3.3312464322793343
slice_185,3.3312464322793343
slice_186,3.3312464322793343
_scaled_dot_product_flash_attention_for_cpu_8,1310.6503666650503
transpose_36,3.6789531432026834
view_158,1.1119735742347283
t_59,6.527348749595694
view_159,1.1119735742347283
mm_32,727.6606807004791
view_160,3.0296361841588166
add_52,7.781027192811956
_to_copy_37,17.911832625071337
pow_18,15.828645962963206
mean_17,41.04454843629624
add_53,2.0730039464538557
rsqrt_17,4.959405469880769
mul_81,6.595864661144278
_to_copy_38,17.911832625071337
mul_82,6.557784025392021
t_60,9.521420728756736
view_161,2.1895353846550436
mm_33,1671.0509663376304
view_162,2.800755404823774
silu_8,39.50630241214837
t_61,9.521420728756736
view_163,2.1895353846550436
mm_34,1671.0509663376304
view_164,4.393855373424135
mul_83,20.484423903467363
t_62,11.589321250254288
view_165,2.1895353846550436
mm_35,1589.0370429822292
view_166,4.393855373424135
add_54,19.91764024109171
_to_copy_39,17.911832625071337
pow_19,15.828645962963206
mean_18,41.04454843629624
add_55,9.548757873070425
rsqrt_18,4.959405469880769
mul_84,6.595864661144278
_to_copy_40,17.911832625071337
mul_85,6.557784025392021
view_167,1.1665098687470483
t_63,6.527348749595694
addmm_27,534.2313552631947
view_168,2.800755404823774
view_169,2.1895353846550436
t_64,5.611609271067816
addmm_28,203.0197400223235
view_170,2.800755404823774
view_171,2.1895353846550436
t_65,5.611609271067816
addmm_29,203.0197400223235
view_172,2.067026316021618
view_173,2.1895353846550436
transpose_37,5.878522697316581
view_174,2.067026316021618
transpose_38,2.184821929586561
view_175,2.1895353846550436
transpose_39,2.184821929586561
split_with_sizes_18,16.864486294109046
select_108,2.373581661056858
select_109,4.371431798094132
select_110,2.373581661056858
select_111,2.373581661056858
select_112,4.371431798094132
select_113,2.373581661056858
unsqueeze_46,3.000458332772056
split_with_sizes_19,16.864486294109046
select_114,2.373581661056858
select_115,4.371431798094132
select_116,2.373581661056858
select_117,2.373581661056858
select_118,4.371431798094132
select_119,2.373581661056858
unsqueeze_47,3.000458332772056
mul_86,12.878885965068873
slice_187,3.9519649121256775
slice_188,3.9519649121256775
neg_18,11.535965351427071
mul_87,12.878885965068873
add_56,19.91764024109171
mul_88,3.4101137063645743
slice_189,2.520977028805697
slice_190,2.520977028805697
neg_19,4.865108771948961
mul_89,3.4101137063645743
add_57,9.548757873070425
slice_191,2.533626040754219
slice_192,2.533626040754219
unsqueeze_48,3.5117571268459424
slice_193,2.4133979146679243
slice_194,2.4133979146679243
expand_23,4.232695832848549
clone_19,2032.9889604161183
_unsafe_view_18,3.168656249033908
slice_195,2.533626040754219
slice_196,2.533626040754219
unsqueeze_49,3.5117571268459424
slice_197,2.4133979146679243
slice_198,2.4133979146679243
expand_24,4.232695832848549
clone_20,2032.9889604161183
_unsafe_view_19,3.168656249033908
slice_202,3.3312464322793343
slice_203,3.3312464322793343
slice_204,3.3312464322793343
_scaled_dot_product_flash_attention_for_cpu_9,1310.6503666650503
transpose_40,3.6789531432026834
view_176,1.1119735742347283
t_66,6.527348749595694
view_177,1.1119735742347283
mm_36,727.6606807004791
view_178,3.0296361841588166
add_58,7.781027192811956
_to_copy_41,17.911832625071337
pow_20,15.828645962963206
mean_19,41.04454843629624
add_59,2.0730039464538557
rsqrt_19,4.959405469880769
mul_90,6.595864661144278
_to_copy_42,17.911832625071337
mul_91,6.557784025392021
t_67,9.521420728756736
view_179,2.1895353846550436
mm_37,1671.0509663376304
view_180,2.800755404823774
silu_9,39.50630241214837
t_68,9.521420728756736
view_181,2.1895353846550436
mm_38,1671.0509663376304
view_182,4.393855373424135
mul_92,20.484423903467363
t_69,11.589321250254288
view_183,2.1895353846550436
mm_39,1589.0370429822292
view_184,4.393855373424135
add_60,19.91764024109171
_to_copy_43,17.911832625071337
pow_21,15.828645962963206
mean_20,41.04454843629624
add_61,9.548757873070425
rsqrt_20,4.959405469880769
mul_93,6.595864661144278
_to_copy_44,17.911832625071337
mul_94,6.557784025392021
view_185,1.1665098687470483
t_70,6.527348749595694
addmm_30,534.2313552631947
view_186,2.800755404823774
view_187,2.1895353846550436
t_71,5.611609271067816
addmm_31,203.0197400223235
view_188,2.800755404823774
view_189,2.1895353846550436
t_72,5.611609271067816
addmm_32,203.0197400223235
view_190,2.067026316021618
view_191,2.1895353846550436
transpose_41,5.878522697316581
view_192,2.067026316021618
transpose_42,2.184821929586561
view_193,2.1895353846550436
transpose_43,2.184821929586561
split_with_sizes_20,16.864486294109046
select_120,2.373581661056858
select_121,4.371431798094132
select_122,2.373581661056858
select_123,2.373581661056858
select_124,4.371431798094132
select_125,2.373581661056858
unsqueeze_50,3.000458332772056
split_with_sizes_21,16.864486294109046
select_126,2.373581661056858
select_127,4.371431798094132
select_128,2.373581661056858
select_129,2.373581661056858
select_130,4.371431798094132
select_131,2.373581661056858
unsqueeze_51,3.000458332772056
mul_95,12.878885965068873
slice_205,3.9519649121256775
slice_206,3.9519649121256775
neg_20,11.535965351427071
mul_96,12.878885965068873
add_62,19.91764024109171
mul_97,3.4101137063645743
slice_207,2.520977028805697
slice_208,2.520977028805697
neg_21,4.865108771948961
mul_98,3.4101137063645743
add_63,9.548757873070425
slice_209,2.533626040754219
slice_210,2.533626040754219
unsqueeze_52,3.5117571268459424
slice_211,2.4133979146679243
slice_212,2.4133979146679243
expand_25,4.232695832848549
clone_21,2032.9889604161183
_unsafe_view_20,3.168656249033908
slice_213,2.533626040754219
slice_214,2.533626040754219
unsqueeze_53,3.5117571268459424
slice_215,2.4133979146679243
slice_216,2.4133979146679243
expand_26,4.232695832848549
clone_22,2032.9889604161183
_unsafe_view_21,3.168656249033908
slice_220,3.3312464322793343
slice_221,3.3312464322793343
slice_222,3.3312464322793343
_scaled_dot_product_flash_attention_for_cpu_10,1310.6503666650503
transpose_44,3.6789531432026834
view_194,1.1119735742347283
t_73,6.527348749595694
view_195,1.1119735742347283
mm_40,727.6606807004791
view_196,3.0296361841588166
add_64,7.781027192811956
_to_copy_45,17.911832625071337
pow_22,15.828645962963206
mean_21,41.04454843629624
add_65,2.0730039464538557
rsqrt_21,4.959405469880769
mul_99,6.595864661144278
_to_copy_46,17.911832625071337
mul_100,6.557784025392021
t_74,9.521420728756736
view_197,2.1895353846550436
mm_41,1671.0509663376304
view_198,2.800755404823774
silu_10,39.50630241214837
t_75,9.521420728756736
view_199,2.1895353846550436
mm_42,1671.0509663376304
view_200,4.393855373424135
mul_101,20.484423903467363
t_76,11.589321250254288
view_201,2.1895353846550436
mm_43,1589.0370429822292
view_202,4.393855373424135
add_66,19.91764024109171
_to_copy_47,17.911832625071337
pow_23,15.828645962963206
mean_22,41.04454843629624
add_67,9.548757873070425
rsqrt_22,4.959405469880769
mul_102,6.595864661144278
_to_copy_48,17.911832625071337
mul_103,6.557784025392021
view_203,1.1665098687470483
t_77,6.527348749595694
addmm_33,534.2313552631947
view_204,2.800755404823774
view_205,2.1895353846550436
t_78,5.611609271067816
addmm_34,203.0197400223235
view_206,2.800755404823774
view_207,2.1895353846550436
t_79,5.611609271067816
addmm_35,203.0197400223235
view_208,2.067026316021618
view_209,2.1895353846550436
transpose_45,5.878522697316581
view_210,2.067026316021618
transpose_46,2.184821929586561
view_211,2.1895353846550436
transpose_47,2.184821929586561
split_with_sizes_22,16.864486294109046
select_132,2.373581661056858
select_133,4.371431798094132
select_134,2.373581661056858
select_135,2.373581661056858
select_136,4.371431798094132
select_137,2.373581661056858
unsqueeze_54,3.000458332772056
split_with_sizes_23,16.864486294109046
select_138,2.373581661056858
select_139,4.371431798094132
select_140,2.373581661056858
select_141,2.373581661056858
select_142,4.371431798094132
select_143,2.373581661056858
unsqueeze_55,3.000458332772056
mul_104,12.878885965068873
slice_223,3.9519649121256775
slice_224,3.9519649121256775
neg_22,11.535965351427071
mul_105,12.878885965068873
add_68,19.91764024109171
mul_106,3.4101137063645743
slice_225,2.520977028805697
slice_226,2.520977028805697
neg_23,4.865108771948961
mul_107,3.4101137063645743
add_69,9.548757873070425
slice_227,2.533626040754219
slice_228,2.533626040754219
unsqueeze_56,3.5117571268459424
slice_229,2.4133979146679243
slice_230,2.4133979146679243
expand_27,4.232695832848549
clone_23,2032.9889604161183
_unsafe_view_22,3.168656249033908
slice_231,2.533626040754219
slice_232,2.533626040754219
unsqueeze_57,3.5117571268459424
slice_233,2.4133979146679243
slice_234,2.4133979146679243
expand_28,4.232695832848549
clone_24,2032.9889604161183
_unsafe_view_23,3.168656249033908
slice_238,3.3312464322793343
slice_239,3.3312464322793343
slice_240,3.3312464322793343
_scaled_dot_product_flash_attention_for_cpu_11,1310.6503666650503
transpose_48,3.6789531432026834
view_212,1.1119735742347283
t_80,6.527348749595694
view_213,1.1119735742347283
mm_44,727.6606807004791
view_214,3.0296361841588166
add_70,7.781027192811956
_to_copy_49,17.911832625071337
pow_24,15.828645962963206
mean_23,41.04454843629624
add_71,2.0730039464538557
rsqrt_23,4.959405469880769
mul_108,6.595864661144278
_to_copy_50,17.911832625071337
mul_109,6.557784025392021
t_81,9.521420728756736
view_215,2.1895353846550436
mm_45,1671.0509663376304
view_216,2.800755404823774
silu_11,39.50630241214837
t_82,9.521420728756736
view_217,2.1895353846550436
mm_46,1671.0509663376304
view_218,4.393855373424135
mul_110,20.484423903467363
t_83,11.589321250254288
view_219,2.1895353846550436
mm_47,1589.0370429822292
view_220,4.393855373424135
add_72,19.91764024109171
_to_copy_51,17.911832625071337
pow_25,15.828645962963206
mean_24,41.04454843629624
add_73,9.548757873070425
rsqrt_24,4.959405469880769
mul_111,6.595864661144278
_to_copy_52,17.911832625071337
mul_112,6.557784025392021
view_221,1.1665098687470483
t_84,6.527348749595694
addmm_36,534.2313552631947
view_222,2.800755404823774
view_223,2.1895353846550436
t_85,5.611609271067816
addmm_37,203.0197400223235
view_224,2.800755404823774
view_225,2.1895353846550436
t_86,5.611609271067816
addmm_38,203.0197400223235
view_226,2.067026316021618
view_227,2.1895353846550436
transpose_49,5.878522697316581
view_228,2.067026316021618
transpose_50,2.184821929586561
view_229,2.1895353846550436
transpose_51,2.184821929586561
split_with_sizes_24,16.864486294109046
select_144,2.373581661056858
select_145,4.371431798094132
select_146,2.373581661056858
select_147,2.373581661056858
select_148,4.371431798094132
select_149,2.373581661056858
unsqueeze_58,3.000458332772056
split_with_sizes_25,16.864486294109046
select_150,2.373581661056858
select_151,4.371431798094132
select_152,2.373581661056858
select_153,2.373581661056858
select_154,4.371431798094132
select_155,2.373581661056858
unsqueeze_59,3.000458332772056
mul_113,12.878885965068873
slice_241,3.9519649121256775
slice_242,3.9519649121256775
neg_24,11.535965351427071
mul_114,12.878885965068873
add_74,19.91764024109171
mul_115,3.4101137063645743
slice_243,2.520977028805697
slice_244,2.520977028805697
neg_25,4.865108771948961
mul_116,3.4101137063645743
add_75,9.548757873070425
slice_245,2.533626040754219
slice_246,2.533626040754219
unsqueeze_60,3.5117571268459424
slice_247,2.4133979146679243
slice_248,2.4133979146679243
expand_29,4.232695832848549
clone_25,2032.9889604161183
_unsafe_view_24,3.168656249033908
slice_249,2.533626040754219
slice_250,2.533626040754219
unsqueeze_61,3.5117571268459424
slice_251,2.4133979146679243
slice_252,2.4133979146679243
expand_30,4.232695832848549
clone_26,2032.9889604161183
_unsafe_view_25,3.168656249033908
slice_256,3.3312464322793343
slice_257,3.3312464322793343
slice_258,3.3312464322793343
_scaled_dot_product_flash_attention_for_cpu_12,1310.6503666650503
transpose_52,3.6789531432026834
view_230,1.1119735742347283
t_87,6.527348749595694
view_231,1.1119735742347283
mm_48,727.6606807004791
view_232,3.0296361841588166
add_76,7.781027192811956
_to_copy_53,17.911832625071337
pow_26,15.828645962963206
mean_25,41.04454843629624
add_77,2.0730039464538557
rsqrt_25,4.959405469880769
mul_117,6.595864661144278
_to_copy_54,17.911832625071337
mul_118,6.557784025392021
t_88,9.521420728756736
view_233,2.1895353846550436
mm_49,1671.0509663376304
view_234,2.800755404823774
silu_12,39.50630241214837
t_89,9.521420728756736
view_235,2.1895353846550436
mm_50,1671.0509663376304
view_236,4.393855373424135
mul_119,20.484423903467363
t_90,11.589321250254288
view_237,2.1895353846550436
mm_51,1589.0370429822292
view_238,4.393855373424135
add_78,19.91764024109171
_to_copy_55,17.911832625071337
pow_27,15.828645962963206
mean_26,41.04454843629624
add_79,9.548757873070425
rsqrt_26,4.959405469880769
mul_120,6.595864661144278
_to_copy_56,17.911832625071337
mul_121,6.557784025392021
view_239,1.1665098687470483
t_91,6.527348749595694
addmm_39,534.2313552631947
view_240,2.800755404823774
view_241,2.1895353846550436
t_92,5.611609271067816
addmm_40,203.0197400223235
view_242,2.800755404823774
view_243,2.1895353846550436
t_93,5.611609271067816
addmm_41,203.0197400223235
view_244,2.067026316021618
view_245,2.1895353846550436
transpose_53,5.878522697316581
view_246,2.067026316021618
transpose_54,2.184821929586561
view_247,2.1895353846550436
transpose_55,2.184821929586561
split_with_sizes_26,16.864486294109046
select_156,2.373581661056858
select_157,4.371431798094132
select_158,2.373581661056858
select_159,2.373581661056858
select_160,4.371431798094132
select_161,2.373581661056858
unsqueeze_62,3.000458332772056
split_with_sizes_27,16.864486294109046
select_162,2.373581661056858
select_163,4.371431798094132
select_164,2.373581661056858
select_165,2.373581661056858
select_166,4.371431798094132
select_167,2.373581661056858
unsqueeze_63,3.000458332772056
mul_122,12.878885965068873
slice_259,3.9519649121256775
slice_260,3.9519649121256775
neg_26,11.535965351427071
mul_123,12.878885965068873
add_80,19.91764024109171
mul_124,3.4101137063645743
slice_261,2.520977028805697
slice_262,2.520977028805697
neg_27,4.865108771948961
mul_125,3.4101137063645743
add_81,9.548757873070425
slice_263,2.533626040754219
slice_264,2.533626040754219
unsqueeze_64,3.5117571268459424
slice_265,2.4133979146679243
slice_266,2.4133979146679243
expand_31,4.232695832848549
clone_27,2032.9889604161183
_unsafe_view_26,3.168656249033908
slice_267,2.533626040754219
slice_268,2.533626040754219
unsqueeze_65,3.5117571268459424
slice_269,2.4133979146679243
slice_270,2.4133979146679243
expand_32,4.232695832848549
clone_28,2032.9889604161183
_unsafe_view_27,3.168656249033908
slice_274,3.3312464322793343
slice_275,3.3312464322793343
slice_276,3.3312464322793343
_scaled_dot_product_flash_attention_for_cpu_13,1310.6503666650503
transpose_56,3.6789531432026834
view_248,1.1119735742347283
t_94,6.527348749595694
view_249,1.1119735742347283
mm_52,727.6606807004791
view_250,3.0296361841588166
add_82,7.781027192811956
_to_copy_57,17.911832625071337
pow_28,15.828645962963206
mean_27,41.04454843629624
add_83,2.0730039464538557
rsqrt_27,4.959405469880769
mul_126,6.595864661144278
_to_copy_58,17.911832625071337
mul_127,6.557784025392021
t_95,9.521420728756736
view_251,2.1895353846550436
mm_53,1671.0509663376304
view_252,2.800755404823774
silu_13,39.50630241214837
t_96,9.521420728756736
view_253,2.1895353846550436
mm_54,1671.0509663376304
view_254,4.393855373424135
mul_128,20.484423903467363
t_97,11.589321250254288
view_255,2.1895353846550436
mm_55,1589.0370429822292
view_256,4.393855373424135
add_84,19.91764024109171
_to_copy_59,17.911832625071337
pow_29,15.828645962963206
mean_28,41.04454843629624
add_85,9.548757873070425
rsqrt_28,4.959405469880769
mul_129,6.595864661144278
_to_copy_60,17.911832625071337
mul_130,6.557784025392021
view_257,1.1665098687470483
t_98,6.527348749595694
addmm_42,534.2313552631947
view_258,2.800755404823774
view_259,2.1895353846550436
t_99,5.611609271067816
addmm_43,203.0197400223235
view_260,2.800755404823774
view_261,2.1895353846550436
t_100,5.611609271067816
addmm_44,203.0197400223235
view_262,2.067026316021618
view_263,2.1895353846550436
transpose_57,5.878522697316581
view_264,2.067026316021618
transpose_58,2.184821929586561
view_265,2.1895353846550436
transpose_59,2.184821929586561
split_with_sizes_28,16.864486294109046
select_168,2.373581661056858
select_169,4.371431798094132
select_170,2.373581661056858
select_171,2.373581661056858
select_172,4.371431798094132
select_173,2.373581661056858
unsqueeze_66,3.000458332772056
split_with_sizes_29,16.864486294109046
select_174,2.373581661056858
select_175,4.371431798094132
select_176,2.373581661056858
select_177,2.373581661056858
select_178,4.371431798094132
select_179,2.373581661056858
unsqueeze_67,3.000458332772056
mul_131,12.878885965068873
slice_277,3.9519649121256775
slice_278,3.9519649121256775
neg_28,11.535965351427071
mul_132,12.878885965068873
add_86,19.91764024109171
mul_133,3.4101137063645743
slice_279,2.520977028805697
slice_280,2.520977028805697
neg_29,4.865108771948961
mul_134,3.4101137063645743
add_87,9.548757873070425
slice_281,2.533626040754219
slice_282,2.533626040754219
unsqueeze_68,3.5117571268459424
slice_283,2.4133979146679243
slice_284,2.4133979146679243
expand_33,4.232695832848549
clone_29,2032.9889604161183
_unsafe_view_28,3.168656249033908
slice_285,2.533626040754219
slice_286,2.533626040754219
unsqueeze_69,3.5117571268459424
slice_287,2.4133979146679243
slice_288,2.4133979146679243
expand_34,4.232695832848549
clone_30,2032.9889604161183
_unsafe_view_29,3.168656249033908
slice_292,3.3312464322793343
slice_293,3.3312464322793343
slice_294,3.3312464322793343
_scaled_dot_product_flash_attention_for_cpu_14,1310.6503666650503
transpose_60,3.6789531432026834
view_266,1.1119735742347283
t_101,6.527348749595694
view_267,1.1119735742347283
mm_56,727.6606807004791
view_268,3.0296361841588166
add_88,7.781027192811956
_to_copy_61,17.911832625071337
pow_30,15.828645962963206
mean_29,41.04454843629624
add_89,2.0730039464538557
rsqrt_29,4.959405469880769
mul_135,6.595864661144278
_to_copy_62,17.911832625071337
mul_136,6.557784025392021
t_102,9.521420728756736
view_269,2.1895353846550436
mm_57,1671.0509663376304
view_270,2.800755404823774
silu_14,39.50630241214837
t_103,9.521420728756736
view_271,2.1895353846550436
mm_58,1671.0509663376304
view_272,4.393855373424135
mul_137,20.484423903467363
t_104,11.589321250254288
view_273,2.1895353846550436
mm_59,1589.0370429822292
view_274,4.393855373424135
add_90,19.91764024109171
_to_copy_63,17.911832625071337
pow_31,15.828645962963206
mean_30,41.04454843629624
add_91,9.548757873070425
rsqrt_30,4.959405469880769
mul_138,6.595864661144278
_to_copy_64,17.911832625071337
mul_139,6.557784025392021
view_275,1.1665098687470483
t_105,6.527348749595694
addmm_45,534.2313552631947
view_276,2.800755404823774
view_277,2.1895353846550436
t_106,5.611609271067816
addmm_46,203.0197400223235
view_278,2.800755404823774
view_279,2.1895353846550436
t_107,5.611609271067816
addmm_47,203.0197400223235
view_280,2.067026316021618
view_281,2.1895353846550436
transpose_61,5.878522697316581
view_282,2.067026316021618
transpose_62,2.184821929586561
view_283,2.1895353846550436
transpose_63,2.184821929586561
split_with_sizes_30,16.864486294109046
select_180,2.373581661056858
select_181,4.371431798094132
select_182,2.373581661056858
select_183,2.373581661056858
select_184,4.371431798094132
select_185,2.373581661056858
unsqueeze_70,3.000458332772056
split_with_sizes_31,16.864486294109046
select_186,2.373581661056858
select_187,4.371431798094132
select_188,2.373581661056858
select_189,2.373581661056858
select_190,4.371431798094132
select_191,2.373581661056858
unsqueeze_71,3.000458332772056
mul_140,12.878885965068873
slice_295,3.9519649121256775
slice_296,3.9519649121256775
neg_30,11.535965351427071
mul_141,12.878885965068873
add_92,19.91764024109171
mul_142,3.4101137063645743
slice_297,2.520977028805697
slice_298,2.520977028805697
neg_31,4.865108771948961
mul_143,3.4101137063645743
add_93,9.548757873070425
slice_299,2.533626040754219
slice_300,2.533626040754219
unsqueeze_72,3.5117571268459424
slice_301,2.4133979146679243
slice_302,2.4133979146679243
expand_35,4.232695832848549
clone_31,2032.9889604161183
_unsafe_view_30,3.168656249033908
slice_303,2.533626040754219
slice_304,2.533626040754219
unsqueeze_73,3.5117571268459424
slice_305,2.4133979146679243
slice_306,2.4133979146679243
expand_36,4.232695832848549
clone_32,2032.9889604161183
_unsafe_view_31,3.168656249033908
slice_310,3.3312464322793343
slice_311,3.3312464322793343
slice_312,3.3312464322793343
_scaled_dot_product_flash_attention_for_cpu_15,1310.6503666650503
transpose_64,3.6789531432026834
view_284,1.1119735742347283
t_108,6.527348749595694
view_285,1.1119735742347283
mm_60,727.6606807004791
view_286,3.0296361841588166
add_94,7.781027192811956
_to_copy_65,17.911832625071337
pow_32,15.828645962963206
mean_31,41.04454843629624
add_95,2.0730039464538557
rsqrt_31,4.959405469880769
mul_144,6.595864661144278
_to_copy_66,17.911832625071337
mul_145,6.557784025392021
t_109,9.521420728756736
view_287,2.1895353846550436
mm_61,1671.0509663376304
view_288,2.800755404823774
silu_15,39.50630241214837
t_110,9.521420728756736
view_289,2.1895353846550436
mm_62,1671.0509663376304
view_290,4.393855373424135
mul_146,20.484423903467363
t_111,11.589321250254288
view_291,2.1895353846550436
mm_63,1589.0370429822292
view_292,4.393855373424135
add_96,19.91764024109171
_to_copy_67,17.911832625071337
pow_33,15.828645962963206
mean_32,41.04454843629624
add_97,9.548757873070425
rsqrt_32,4.959405469880769
mul_147,6.595864661144278
_to_copy_68,17.911832625071337
mul_148,6.557784025392021
view_293,1.1665098687470483
t_112,6.527348749595694
addmm_48,534.2313552631947
view_294,2.800755404823774
view_295,2.1895353846550436
t_113,5.611609271067816
addmm_49,203.0197400223235
view_296,2.800755404823774
view_297,2.1895353846550436
t_114,5.611609271067816
addmm_50,203.0197400223235
view_298,2.067026316021618
view_299,2.1895353846550436
transpose_65,5.878522697316581
view_300,2.067026316021618
transpose_66,2.184821929586561
view_301,2.1895353846550436
transpose_67,2.184821929586561
split_with_sizes_32,16.864486294109046
select_192,2.373581661056858
select_193,4.371431798094132
select_194,2.373581661056858
select_195,2.373581661056858
select_196,4.371431798094132
select_197,2.373581661056858
unsqueeze_74,3.000458332772056
split_with_sizes_33,16.864486294109046
select_198,2.373581661056858
select_199,4.371431798094132
select_200,2.373581661056858
select_201,2.373581661056858
select_202,4.371431798094132
select_203,2.373581661056858
unsqueeze_75,3.000458332772056
mul_149,12.878885965068873
slice_313,3.9519649121256775
slice_314,3.9519649121256775
neg_32,11.535965351427071
mul_150,12.878885965068873
add_98,19.91764024109171
mul_151,3.4101137063645743
slice_315,2.520977028805697
slice_316,2.520977028805697
neg_33,4.865108771948961
mul_152,3.4101137063645743
add_99,9.548757873070425
slice_317,2.533626040754219
slice_318,2.533626040754219
unsqueeze_76,3.5117571268459424
slice_319,2.4133979146679243
slice_320,2.4133979146679243
expand_37,4.232695832848549
clone_33,2032.9889604161183
_unsafe_view_32,3.168656249033908
slice_321,2.533626040754219
slice_322,2.533626040754219
unsqueeze_77,3.5117571268459424
slice_323,2.4133979146679243
slice_324,2.4133979146679243
expand_38,4.232695832848549
clone_34,2032.9889604161183
_unsafe_view_33,3.168656249033908
slice_328,3.3312464322793343
slice_329,3.3312464322793343
slice_330,3.3312464322793343
_scaled_dot_product_flash_attention_for_cpu_16,1310.6503666650503
transpose_68,3.6789531432026834
view_302,1.1119735742347283
t_115,6.527348749595694
view_303,1.1119735742347283
mm_64,727.6606807004791
view_304,3.0296361841588166
add_100,7.781027192811956
_to_copy_69,17.911832625071337
pow_34,15.828645962963206
mean_33,41.04454843629624
add_101,2.0730039464538557
rsqrt_33,4.959405469880769
mul_153,6.595864661144278
_to_copy_70,17.911832625071337
mul_154,6.557784025392021
t_116,9.521420728756736
view_305,2.1895353846550436
mm_65,1671.0509663376304
view_306,2.800755404823774
silu_16,39.50630241214837
t_117,9.521420728756736
view_307,2.1895353846550436
mm_66,1671.0509663376304
view_308,4.393855373424135
mul_155,20.484423903467363
t_118,11.589321250254288
view_309,2.1895353846550436
mm_67,1589.0370429822292
view_310,4.393855373424135
add_102,19.91764024109171
_to_copy_71,17.911832625071337
pow_35,15.828645962963206
mean_34,41.04454843629624
add_103,9.548757873070425
rsqrt_34,4.959405469880769
mul_156,6.595864661144278
_to_copy_72,17.911832625071337
mul_157,6.557784025392021
view_311,1.1665098687470483
t_119,6.527348749595694
addmm_51,534.2313552631947
view_312,2.800755404823774
view_313,2.1895353846550436
t_120,5.611609271067816
addmm_52,203.0197400223235
view_314,2.800755404823774
view_315,2.1895353846550436
t_121,5.611609271067816
addmm_53,203.0197400223235
view_316,2.067026316021618
view_317,2.1895353846550436
transpose_69,5.878522697316581
view_318,2.067026316021618
transpose_70,2.184821929586561
view_319,2.1895353846550436
transpose_71,2.184821929586561
split_with_sizes_34,16.864486294109046
select_204,2.373581661056858
select_205,4.371431798094132
select_206,2.373581661056858
select_207,2.373581661056858
select_208,4.371431798094132
select_209,2.373581661056858
unsqueeze_78,3.000458332772056
split_with_sizes_35,16.864486294109046
select_210,2.373581661056858
select_211,4.371431798094132
select_212,2.373581661056858
select_213,2.373581661056858
select_214,4.371431798094132
select_215,2.373581661056858
unsqueeze_79,3.000458332772056
mul_158,12.878885965068873
slice_331,3.9519649121256775
slice_332,3.9519649121256775
neg_34,11.535965351427071
mul_159,12.878885965068873
add_104,19.91764024109171
mul_160,3.4101137063645743
slice_333,2.520977028805697
slice_334,2.520977028805697
neg_35,4.865108771948961
mul_161,3.4101137063645743
add_105,9.548757873070425
slice_335,2.533626040754219
slice_336,2.533626040754219
unsqueeze_80,3.5117571268459424
slice_337,2.4133979146679243
slice_338,2.4133979146679243
expand_39,4.232695832848549
clone_35,2032.9889604161183
_unsafe_view_34,3.168656249033908
slice_339,2.533626040754219
slice_340,2.533626040754219
unsqueeze_81,3.5117571268459424
slice_341,2.4133979146679243
slice_342,2.4133979146679243
expand_40,4.232695832848549
clone_36,2032.9889604161183
_unsafe_view_35,3.168656249033908
slice_346,3.3312464322793343
slice_347,3.3312464322793343
slice_348,3.3312464322793343
_scaled_dot_product_flash_attention_for_cpu_17,1310.6503666650503
transpose_72,3.6789531432026834
view_320,1.1119735742347283
t_122,6.527348749595694
view_321,1.1119735742347283
mm_68,727.6606807004791
view_322,3.0296361841588166
add_106,7.781027192811956
_to_copy_73,17.911832625071337
pow_36,15.828645962963206
mean_35,41.04454843629624
add_107,2.0730039464538557
rsqrt_35,4.959405469880769
mul_162,6.595864661144278
_to_copy_74,17.911832625071337
mul_163,6.557784025392021
t_123,9.521420728756736
view_323,2.1895353846550436
mm_69,1671.0509663376304
view_324,2.800755404823774
silu_17,39.50630241214837
t_124,9.521420728756736
view_325,2.1895353846550436
mm_70,1671.0509663376304
view_326,4.393855373424135
mul_164,20.484423903467363
t_125,11.589321250254288
view_327,2.1895353846550436
mm_71,1589.0370429822292
view_328,4.393855373424135
add_108,19.91764024109171
_to_copy_75,17.911832625071337
pow_37,15.828645962963206
mean_36,41.04454843629624
add_109,9.548757873070425
rsqrt_36,4.959405469880769
mul_165,6.595864661144278
_to_copy_76,17.911832625071337
mul_166,6.557784025392021
view_329,1.1665098687470483
t_126,6.527348749595694
addmm_54,534.2313552631947
view_330,2.800755404823774
view_331,2.1895353846550436
t_127,5.611609271067816
addmm_55,203.0197400223235
view_332,2.800755404823774
view_333,2.1895353846550436
t_128,5.611609271067816
addmm_56,203.0197400223235
view_334,2.067026316021618
view_335,2.1895353846550436
transpose_73,5.878522697316581
view_336,2.067026316021618
transpose_74,2.184821929586561
view_337,2.1895353846550436
transpose_75,2.184821929586561
split_with_sizes_36,16.864486294109046
select_216,2.373581661056858
select_217,4.371431798094132
select_218,2.373581661056858
select_219,2.373581661056858
select_220,4.371431798094132
select_221,2.373581661056858
unsqueeze_82,3.000458332772056
split_with_sizes_37,16.864486294109046
select_222,2.373581661056858
select_223,4.371431798094132
select_224,2.373581661056858
select_225,2.373581661056858
select_226,4.371431798094132
select_227,2.373581661056858
unsqueeze_83,3.000458332772056
mul_167,12.878885965068873
slice_349,3.9519649121256775
slice_350,3.9519649121256775
neg_36,11.535965351427071
mul_168,12.878885965068873
add_110,19.91764024109171
mul_169,3.4101137063645743
slice_351,2.520977028805697
slice_352,2.520977028805697
neg_37,4.865108771948961
mul_170,3.4101137063645743
add_111,9.548757873070425
slice_353,2.533626040754219
slice_354,2.533626040754219
unsqueeze_84,3.5117571268459424
slice_355,2.4133979146679243
slice_356,2.4133979146679243
expand_41,4.232695832848549
clone_37,2032.9889604161183
_unsafe_view_36,3.168656249033908
slice_357,2.533626040754219
slice_358,2.533626040754219
unsqueeze_85,3.5117571268459424
slice_359,2.4133979146679243
slice_360,2.4133979146679243
expand_42,4.232695832848549
clone_38,2032.9889604161183
_unsafe_view_37,3.168656249033908
slice_364,3.3312464322793343
slice_365,3.3312464322793343
slice_366,3.3312464322793343
_scaled_dot_product_flash_attention_for_cpu_18,1310.6503666650503
transpose_76,3.6789531432026834
view_338,1.1119735742347283
t_129,6.527348749595694
view_339,1.1119735742347283
mm_72,727.6606807004791
view_340,3.0296361841588166
add_112,7.781027192811956
_to_copy_77,17.911832625071337
pow_38,15.828645962963206
mean_37,41.04454843629624
add_113,2.0730039464538557
rsqrt_37,4.959405469880769
mul_171,6.595864661144278
_to_copy_78,17.911832625071337
mul_172,6.557784025392021
t_130,9.521420728756736
view_341,2.1895353846550436
mm_73,1671.0509663376304
view_342,2.800755404823774
silu_18,39.50630241214837
t_131,9.521420728756736
view_343,2.1895353846550436
mm_74,1671.0509663376304
view_344,4.393855373424135
mul_173,20.484423903467363
t_132,11.589321250254288
view_345,2.1895353846550436
mm_75,1589.0370429822292
view_346,4.393855373424135
add_114,19.91764024109171
_to_copy_79,17.911832625071337
pow_39,15.828645962963206
mean_38,41.04454843629624
add_115,9.548757873070425
rsqrt_38,4.959405469880769
mul_174,6.595864661144278
_to_copy_80,17.911832625071337
mul_175,6.557784025392021
view_347,1.1665098687470483
t_133,6.527348749595694
addmm_57,534.2313552631947
view_348,2.800755404823774
view_349,2.1895353846550436
t_134,5.611609271067816
addmm_58,203.0197400223235
view_350,2.800755404823774
view_351,2.1895353846550436
t_135,5.611609271067816
addmm_59,203.0197400223235
view_352,2.067026316021618
view_353,2.1895353846550436
transpose_77,5.878522697316581
view_354,2.067026316021618
transpose_78,2.184821929586561
view_355,2.1895353846550436
transpose_79,2.184821929586561
split_with_sizes_38,16.864486294109046
select_228,2.373581661056858
select_229,4.371431798094132
select_230,2.373581661056858
select_231,2.373581661056858
select_232,4.371431798094132
select_233,2.373581661056858
unsqueeze_86,3.000458332772056
split_with_sizes_39,16.864486294109046
select_234,2.373581661056858
select_235,4.371431798094132
select_236,2.373581661056858
select_237,2.373581661056858
select_238,4.371431798094132
select_239,2.373581661056858
unsqueeze_87,3.000458332772056
mul_176,12.878885965068873
slice_367,3.9519649121256775
slice_368,3.9519649121256775
neg_38,11.535965351427071
mul_177,12.878885965068873
add_116,19.91764024109171
mul_178,3.4101137063645743
slice_369,2.520977028805697
slice_370,2.520977028805697
neg_39,4.865108771948961
mul_179,3.4101137063645743
add_117,9.548757873070425
slice_371,2.533626040754219
slice_372,2.533626040754219
unsqueeze_88,3.5117571268459424
slice_373,2.4133979146679243
slice_374,2.4133979146679243
expand_43,4.232695832848549
clone_39,2032.9889604161183
_unsafe_view_38,3.168656249033908
slice_375,2.533626040754219
slice_376,2.533626040754219
unsqueeze_89,3.5117571268459424
slice_377,2.4133979146679243
slice_378,2.4133979146679243
expand_44,4.232695832848549
clone_40,2032.9889604161183
_unsafe_view_39,3.168656249033908
slice_382,3.3312464322793343
slice_383,3.3312464322793343
slice_384,3.3312464322793343
_scaled_dot_product_flash_attention_for_cpu_19,1310.6503666650503
transpose_80,3.6789531432026834
view_356,1.1119735742347283
t_136,6.527348749595694
view_357,1.1119735742347283
mm_76,727.6606807004791
view_358,3.0296361841588166
add_118,7.781027192811956
_to_copy_81,17.911832625071337
pow_40,15.828645962963206
mean_39,41.04454843629624
add_119,2.0730039464538557
rsqrt_39,4.959405469880769
mul_180,6.595864661144278
_to_copy_82,17.911832625071337
mul_181,6.557784025392021
t_137,9.521420728756736
view_359,2.1895353846550436
mm_77,1671.0509663376304
view_360,2.800755404823774
silu_19,39.50630241214837
t_138,9.521420728756736
view_361,2.1895353846550436
mm_78,1671.0509663376304
view_362,4.393855373424135
mul_182,20.484423903467363
t_139,11.589321250254288
view_363,2.1895353846550436
mm_79,1589.0370429822292
view_364,4.393855373424135
add_120,19.91764024109171
_to_copy_83,17.911832625071337
pow_41,15.828645962963206
mean_40,41.04454843629624
add_121,9.548757873070425
rsqrt_40,4.959405469880769
mul_183,6.595864661144278
_to_copy_84,17.911832625071337
mul_184,6.557784025392021
view_365,1.1665098687470483
t_140,6.527348749595694
addmm_60,534.2313552631947
view_366,2.800755404823774
view_367,2.1895353846550436
t_141,5.611609271067816
addmm_61,203.0197400223235
view_368,2.800755404823774
view_369,2.1895353846550436
t_142,5.611609271067816
addmm_62,203.0197400223235
view_370,2.067026316021618
view_371,2.1895353846550436
transpose_81,5.878522697316581
view_372,2.067026316021618
transpose_82,2.184821929586561
view_373,2.1895353846550436
transpose_83,2.184821929586561
split_with_sizes_40,16.864486294109046
select_240,2.373581661056858
select_241,4.371431798094132
select_242,2.373581661056858
select_243,2.373581661056858
select_244,4.371431798094132
select_245,2.373581661056858
unsqueeze_90,3.000458332772056
split_with_sizes_41,16.864486294109046
select_246,2.373581661056858
select_247,4.371431798094132
select_248,2.373581661056858
select_249,2.373581661056858
select_250,4.371431798094132
select_251,2.373581661056858
unsqueeze_91,3.000458332772056
mul_185,12.878885965068873
slice_385,3.9519649121256775
slice_386,3.9519649121256775
neg_40,11.535965351427071
mul_186,12.878885965068873
add_122,19.91764024109171
mul_187,3.4101137063645743
slice_387,2.520977028805697
slice_388,2.520977028805697
neg_41,4.865108771948961
mul_188,3.4101137063645743
add_123,9.548757873070425
slice_389,2.533626040754219
slice_390,2.533626040754219
unsqueeze_92,3.5117571268459424
slice_391,2.4133979146679243
slice_392,2.4133979146679243
expand_45,4.232695832848549
clone_41,2032.9889604161183
_unsafe_view_40,3.168656249033908
slice_393,2.533626040754219
slice_394,2.533626040754219
unsqueeze_93,3.5117571268459424
slice_395,2.4133979146679243
slice_396,2.4133979146679243
expand_46,4.232695832848549
clone_42,2032.9889604161183
_unsafe_view_41,3.168656249033908
slice_400,3.3312464322793343
slice_401,3.3312464322793343
slice_402,3.3312464322793343
_scaled_dot_product_flash_attention_for_cpu_20,1310.6503666650503
transpose_84,3.6789531432026834
view_374,1.1119735742347283
t_143,6.527348749595694
view_375,1.1119735742347283
mm_80,727.6606807004791
view_376,3.0296361841588166
add_124,7.781027192811956
_to_copy_85,17.911832625071337
pow_42,15.828645962963206
mean_41,41.04454843629624
add_125,2.0730039464538557
rsqrt_41,4.959405469880769
mul_189,6.595864661144278
_to_copy_86,17.911832625071337
mul_190,6.557784025392021
t_144,9.521420728756736
view_377,2.1895353846550436
mm_81,1671.0509663376304
view_378,2.800755404823774
silu_20,39.50630241214837
t_145,9.521420728756736
view_379,2.1895353846550436
mm_82,1671.0509663376304
view_380,4.393855373424135
mul_191,20.484423903467363
t_146,11.589321250254288
view_381,2.1895353846550436
mm_83,1589.0370429822292
view_382,4.393855373424135
add_126,19.91764024109171
_to_copy_87,17.911832625071337
pow_43,15.828645962963206
mean_42,41.04454843629624
add_127,9.548757873070425
rsqrt_42,4.959405469880769
mul_192,6.595864661144278
_to_copy_88,17.911832625071337
mul_193,6.557784025392021
view_383,1.1665098687470483
t_147,6.527348749595694
addmm_63,534.2313552631947
view_384,2.800755404823774
view_385,2.1895353846550436
t_148,5.611609271067816
addmm_64,203.0197400223235
view_386,2.800755404823774
view_387,2.1895353846550436
t_149,5.611609271067816
addmm_65,203.0197400223235
view_388,2.067026316021618
view_389,2.1895353846550436
transpose_85,5.878522697316581
view_390,2.067026316021618
transpose_86,2.184821929586561
view_391,2.1895353846550436
transpose_87,2.184821929586561
split_with_sizes_42,16.864486294109046
select_252,2.373581661056858
select_253,4.371431798094132
select_254,2.373581661056858
select_255,2.373581661056858
select_256,4.371431798094132
select_257,2.373581661056858
unsqueeze_94,3.000458332772056
split_with_sizes_43,16.864486294109046
select_258,2.373581661056858
select_259,4.371431798094132
select_260,2.373581661056858
select_261,2.373581661056858
select_262,4.371431798094132
select_263,2.373581661056858
unsqueeze_95,3.000458332772056
mul_194,12.878885965068873
slice_403,3.9519649121256775
slice_404,3.9519649121256775
neg_42,11.535965351427071
mul_195,12.878885965068873
add_128,19.91764024109171
mul_196,3.4101137063645743
slice_405,2.520977028805697
slice_406,2.520977028805697
neg_43,4.865108771948961
mul_197,3.4101137063645743
add_129,9.548757873070425
slice_407,2.533626040754219
slice_408,2.533626040754219
unsqueeze_96,3.5117571268459424
slice_409,2.4133979146679243
slice_410,2.4133979146679243
expand_47,4.232695832848549
clone_43,2032.9889604161183
_unsafe_view_42,3.168656249033908
slice_411,2.533626040754219
slice_412,2.533626040754219
unsqueeze_97,3.5117571268459424
slice_413,2.4133979146679243
slice_414,2.4133979146679243
expand_48,4.232695832848549
clone_44,2032.9889604161183
_unsafe_view_43,3.168656249033908
slice_418,3.3312464322793343
slice_419,3.3312464322793343
slice_420,3.3312464322793343
_scaled_dot_product_flash_attention_for_cpu_21,1310.6503666650503
transpose_88,3.6789531432026834
view_392,1.1119735742347283
t_150,6.527348749595694
view_393,1.1119735742347283
mm_84,727.6606807004791
view_394,3.0296361841588166
add_130,7.781027192811956
_to_copy_89,17.911832625071337
pow_44,15.828645962963206
mean_43,41.04454843629624
add_131,2.0730039464538557
rsqrt_43,4.959405469880769
mul_198,6.595864661144278
_to_copy_90,17.911832625071337
mul_199,6.557784025392021
t_151,9.521420728756736
view_395,2.1895353846550436
mm_85,1671.0509663376304
view_396,2.800755404823774
silu_21,39.50630241214837
t_152,9.521420728756736
view_397,2.1895353846550436
mm_86,1671.0509663376304
view_398,4.393855373424135
mul_200,20.484423903467363
t_153,11.589321250254288
view_399,2.1895353846550436
mm_87,1589.0370429822292
view_400,4.393855373424135
add_132,19.91764024109171
_to_copy_91,17.911832625071337
pow_45,15.828645962963206
mean_44,41.04454843629624
add_133,9.548757873070425
rsqrt_44,4.959405469880769
mul_201,6.595864661144278
_to_copy_92,17.911832625071337
mul_202,6.557784025392021
view_401,1.1665098687470483
t_154,6.527348749595694
addmm_66,534.2313552631947
view_402,2.800755404823774
view_403,2.1895353846550436
t_155,5.611609271067816
addmm_67,203.0197400223235
view_404,2.800755404823774
view_405,2.1895353846550436
t_156,5.611609271067816
addmm_68,203.0197400223235
view_406,2.067026316021618
view_407,2.1895353846550436
transpose_89,5.878522697316581
view_408,2.067026316021618
transpose_90,2.184821929586561
view_409,2.1895353846550436
transpose_91,2.184821929586561
split_with_sizes_44,16.864486294109046
select_264,2.373581661056858
select_265,4.371431798094132
select_266,2.373581661056858
select_267,2.373581661056858
select_268,4.371431798094132
select_269,2.373581661056858
unsqueeze_98,3.000458332772056
split_with_sizes_45,16.864486294109046
select_270,2.373581661056858
select_271,4.371431798094132
select_272,2.373581661056858
select_273,2.373581661056858
select_274,4.371431798094132
select_275,2.373581661056858
unsqueeze_99,3.000458332772056
mul_203,12.878885965068873
slice_421,3.9519649121256775
slice_422,3.9519649121256775
neg_44,11.535965351427071
mul_204,12.878885965068873
add_134,19.91764024109171
mul_205,3.4101137063645743
slice_423,2.520977028805697
slice_424,2.520977028805697
neg_45,4.865108771948961
mul_206,3.4101137063645743
add_135,9.548757873070425
slice_425,2.533626040754219
slice_426,2.533626040754219
unsqueeze_100,3.5117571268459424
slice_427,2.4133979146679243
slice_428,2.4133979146679243
expand_49,4.232695832848549
clone_45,2032.9889604161183
_unsafe_view_44,3.168656249033908
slice_429,2.533626040754219
slice_430,2.533626040754219
unsqueeze_101,3.5117571268459424
slice_431,2.4133979146679243
slice_432,2.4133979146679243
expand_50,4.232695832848549
clone_46,2032.9889604161183
_unsafe_view_45,3.168656249033908
slice_436,3.3312464322793343
slice_437,3.3312464322793343
slice_438,3.3312464322793343
_scaled_dot_product_flash_attention_for_cpu_22,1310.6503666650503
transpose_92,3.6789531432026834
view_410,1.1119735742347283
t_157,6.527348749595694
view_411,1.1119735742347283
mm_88,727.6606807004791
view_412,3.0296361841588166
add_136,7.781027192811956
_to_copy_93,17.911832625071337
pow_46,15.828645962963206
mean_45,41.04454843629624
add_137,2.0730039464538557
rsqrt_45,4.959405469880769
mul_207,6.595864661144278
_to_copy_94,17.911832625071337
mul_208,6.557784025392021
t_158,9.521420728756736
view_413,2.1895353846550436
mm_89,1671.0509663376304
view_414,2.800755404823774
silu_22,39.50630241214837
t_159,9.521420728756736
view_415,2.1895353846550436
mm_90,1671.0509663376304
view_416,4.393855373424135
mul_209,20.484423903467363
t_160,11.589321250254288
view_417,2.1895353846550436
mm_91,1589.0370429822292
view_418,4.393855373424135
add_138,19.91764024109171
_to_copy_95,17.911832625071337
pow_47,15.828645962963206
mean_46,41.04454843629624
add_139,9.548757873070425
rsqrt_46,4.959405469880769
mul_210,6.595864661144278
_to_copy_96,17.911832625071337
mul_211,6.557784025392021
view_419,1.1665098687470483
t_161,6.527348749595694
addmm_69,534.2313552631947
view_420,2.800755404823774
view_421,2.1895353846550436
t_162,5.611609271067816
addmm_70,203.0197400223235
view_422,2.800755404823774
view_423,2.1895353846550436
t_163,5.611609271067816
addmm_71,203.0197400223235
view_424,2.067026316021618
view_425,2.1895353846550436
transpose_93,5.878522697316581
view_426,2.067026316021618
transpose_94,2.184821929586561
view_427,2.1895353846550436
transpose_95,2.184821929586561
split_with_sizes_46,16.864486294109046
select_276,2.373581661056858
select_277,4.371431798094132
select_278,2.373581661056858
select_279,2.373581661056858
select_280,4.371431798094132
select_281,2.373581661056858
unsqueeze_102,3.000458332772056
split_with_sizes_47,16.864486294109046
select_282,2.373581661056858
select_283,4.371431798094132
select_284,2.373581661056858
select_285,2.373581661056858
select_286,4.371431798094132
select_287,2.373581661056858
unsqueeze_103,3.000458332772056
mul_212,12.878885965068873
slice_439,3.9519649121256775
slice_440,3.9519649121256775
neg_46,11.535965351427071
mul_213,12.878885965068873
add_140,19.91764024109171
mul_214,3.4101137063645743
slice_441,2.520977028805697
slice_442,2.520977028805697
neg_47,4.865108771948961
mul_215,3.4101137063645743
add_141,9.548757873070425
slice_443,2.533626040754219
slice_444,2.533626040754219
unsqueeze_104,3.5117571268459424
slice_445,2.4133979146679243
slice_446,2.4133979146679243
expand_51,4.232695832848549
clone_47,2032.9889604161183
_unsafe_view_46,3.168656249033908
slice_447,2.533626040754219
slice_448,2.533626040754219
unsqueeze_105,3.5117571268459424
slice_449,2.4133979146679243
slice_450,2.4133979146679243
expand_52,4.232695832848549
clone_48,2032.9889604161183
_unsafe_view_47,3.168656249033908
slice_454,3.3312464322793343
slice_455,3.3312464322793343
slice_456,3.3312464322793343
_scaled_dot_product_flash_attention_for_cpu_23,1310.6503666650503
transpose_96,3.6789531432026834
view_428,1.1119735742347283
t_164,6.527348749595694
view_429,1.1119735742347283
mm_92,727.6606807004791
view_430,3.0296361841588166
add_142,7.781027192811956
_to_copy_97,17.911832625071337
pow_48,15.828645962963206
mean_47,41.04454843629624
add_143,2.0730039464538557
rsqrt_47,4.959405469880769
mul_216,6.595864661144278
_to_copy_98,17.911832625071337
mul_217,6.557784025392021
t_165,9.521420728756736
view_431,2.1895353846550436
mm_93,1671.0509663376304
view_432,2.800755404823774
silu_23,39.50630241214837
t_166,9.521420728756736
view_433,2.1895353846550436
mm_94,1671.0509663376304
view_434,4.393855373424135
mul_218,20.484423903467363
t_167,11.589321250254288
view_435,2.1895353846550436
mm_95,1589.0370429822292
view_436,4.393855373424135
add_144,19.91764024109171
_to_copy_99,17.911832625071337
pow_49,15.828645962963206
mean_48,41.04454843629624
add_145,9.548757873070425
rsqrt_48,4.959405469880769
mul_219,6.595864661144278
_to_copy_100,17.911832625071337
mul_220,6.557784025392021
view_437,1.1665098687470483
t_168,6.527348749595694
addmm_72,534.2313552631947
view_438,2.800755404823774
view_439,2.1895353846550436
t_169,5.611609271067816
addmm_73,203.0197400223235
view_440,2.800755404823774
view_441,2.1895353846550436
t_170,5.611609271067816
addmm_74,203.0197400223235
view_442,2.067026316021618
view_443,2.1895353846550436
transpose_97,5.878522697316581
view_444,2.067026316021618
transpose_98,2.184821929586561
view_445,2.1895353846550436
transpose_99,2.184821929586561
split_with_sizes_48,16.864486294109046
select_288,2.373581661056858
select_289,4.371431798094132
select_290,2.373581661056858
select_291,2.373581661056858
select_292,4.371431798094132
select_293,2.373581661056858
unsqueeze_106,3.000458332772056
split_with_sizes_49,16.864486294109046
select_294,2.373581661056858
select_295,4.371431798094132
select_296,2.373581661056858
select_297,2.373581661056858
select_298,4.371431798094132
select_299,2.373581661056858
unsqueeze_107,3.000458332772056
mul_221,12.878885965068873
slice_457,3.9519649121256775
slice_458,3.9519649121256775
neg_48,11.535965351427071
mul_222,12.878885965068873
add_146,19.91764024109171
mul_223,3.4101137063645743
slice_459,2.520977028805697
slice_460,2.520977028805697
neg_49,4.865108771948961
mul_224,3.4101137063645743
add_147,9.548757873070425
slice_461,2.533626040754219
slice_462,2.533626040754219
unsqueeze_108,3.5117571268459424
slice_463,2.4133979146679243
slice_464,2.4133979146679243
expand_53,4.232695832848549
clone_49,2032.9889604161183
_unsafe_view_48,3.168656249033908
slice_465,2.533626040754219
slice_466,2.533626040754219
unsqueeze_109,3.5117571268459424
slice_467,2.4133979146679243
slice_468,2.4133979146679243
expand_54,4.232695832848549
clone_50,2032.9889604161183
_unsafe_view_49,3.168656249033908
slice_472,3.3312464322793343
slice_473,3.3312464322793343
slice_474,3.3312464322793343
_scaled_dot_product_flash_attention_for_cpu_24,1310.6503666650503
transpose_100,3.6789531432026834
view_446,1.1119735742347283
t_171,6.527348749595694
view_447,1.1119735742347283
mm_96,727.6606807004791
view_448,3.0296361841588166
add_148,7.781027192811956
_to_copy_101,17.911832625071337
pow_50,15.828645962963206
mean_49,41.04454843629624
add_149,2.0730039464538557
rsqrt_49,4.959405469880769
mul_225,6.595864661144278
_to_copy_102,17.911832625071337
mul_226,6.557784025392021
t_172,9.521420728756736
view_449,2.1895353846550436
mm_97,1671.0509663376304
view_450,2.800755404823774
silu_24,39.50630241214837
t_173,9.521420728756736
view_451,2.1895353846550436
mm_98,1671.0509663376304
view_452,4.393855373424135
mul_227,20.484423903467363
t_174,11.589321250254288
view_453,2.1895353846550436
mm_99,1589.0370429822292
view_454,4.393855373424135
add_150,19.91764024109171
_to_copy_103,17.911832625071337
pow_51,15.828645962963206
mean_50,41.04454843629624
add_151,9.548757873070425
rsqrt_50,4.959405469880769
mul_228,6.595864661144278
_to_copy_104,17.911832625071337
mul_229,6.557784025392021
view_455,1.1665098687470483
t_175,6.527348749595694
addmm_75,534.2313552631947
view_456,2.800755404823774
view_457,2.1895353846550436
t_176,5.611609271067816
addmm_76,203.0197400223235
view_458,2.800755404823774
view_459,2.1895353846550436
t_177,5.611609271067816
addmm_77,203.0197400223235
view_460,2.067026316021618
view_461,2.1895353846550436
transpose_101,5.878522697316581
view_462,2.067026316021618
transpose_102,2.184821929586561
view_463,2.1895353846550436
transpose_103,2.184821929586561
split_with_sizes_50,16.864486294109046
select_300,2.373581661056858
select_301,4.371431798094132
select_302,2.373581661056858
select_303,2.373581661056858
select_304,4.371431798094132
select_305,2.373581661056858
unsqueeze_110,3.000458332772056
split_with_sizes_51,16.864486294109046
select_306,2.373581661056858
select_307,4.371431798094132
select_308,2.373581661056858
select_309,2.373581661056858
select_310,4.371431798094132
select_311,2.373581661056858
unsqueeze_111,3.000458332772056
mul_230,12.878885965068873
slice_475,3.9519649121256775
slice_476,3.9519649121256775
neg_50,11.535965351427071
mul_231,12.878885965068873
add_152,19.91764024109171
mul_232,3.4101137063645743
slice_477,2.520977028805697
slice_478,2.520977028805697
neg_51,4.865108771948961
mul_233,3.4101137063645743
add_153,9.548757873070425
slice_479,2.533626040754219
slice_480,2.533626040754219
unsqueeze_112,3.5117571268459424
slice_481,2.4133979146679243
slice_482,2.4133979146679243
expand_55,4.232695832848549
clone_51,2032.9889604161183
_unsafe_view_50,3.168656249033908
slice_483,2.533626040754219
slice_484,2.533626040754219
unsqueeze_113,3.5117571268459424
slice_485,2.4133979146679243
slice_486,2.4133979146679243
expand_56,4.232695832848549
clone_52,2032.9889604161183
_unsafe_view_51,3.168656249033908
slice_490,3.3312464322793343
slice_491,3.3312464322793343
slice_492,3.3312464322793343
_scaled_dot_product_flash_attention_for_cpu_25,1310.6503666650503
transpose_104,3.6789531432026834
view_464,1.1119735742347283
t_178,6.527348749595694
view_465,1.1119735742347283
mm_100,727.6606807004791
view_466,3.0296361841588166
add_154,7.781027192811956
_to_copy_105,17.911832625071337
pow_52,15.828645962963206
mean_51,41.04454843629624
add_155,2.0730039464538557
rsqrt_51,4.959405469880769
mul_234,6.595864661144278
_to_copy_106,17.911832625071337
mul_235,6.557784025392021
t_179,9.521420728756736
view_467,2.1895353846550436
mm_101,1671.0509663376304
view_468,2.800755404823774
silu_25,39.50630241214837
t_180,9.521420728756736
view_469,2.1895353846550436
mm_102,1671.0509663376304
view_470,4.393855373424135
mul_236,20.484423903467363
t_181,11.589321250254288
view_471,2.1895353846550436
mm_103,1589.0370429822292
view_472,4.393855373424135
add_156,19.91764024109171
_to_copy_107,17.911832625071337
pow_53,15.828645962963206
mean_52,41.04454843629624
add_157,9.548757873070425
rsqrt_52,4.959405469880769
mul_237,6.595864661144278
_to_copy_108,17.911832625071337
mul_238,6.557784025392021
view_473,1.1665098687470483
t_182,6.527348749595694
addmm_78,534.2313552631947
view_474,2.800755404823774
view_475,2.1895353846550436
t_183,5.611609271067816
addmm_79,203.0197400223235
view_476,2.800755404823774
view_477,2.1895353846550436
t_184,5.611609271067816
addmm_80,203.0197400223235
view_478,2.067026316021618
view_479,2.1895353846550436
transpose_105,5.878522697316581
view_480,2.067026316021618
transpose_106,2.184821929586561
view_481,2.1895353846550436
transpose_107,2.184821929586561
split_with_sizes_52,16.864486294109046
select_312,2.373581661056858
select_313,4.371431798094132
select_314,2.373581661056858
select_315,2.373581661056858
select_316,4.371431798094132
select_317,2.373581661056858
unsqueeze_114,3.000458332772056
split_with_sizes_53,16.864486294109046
select_318,2.373581661056858
select_319,4.371431798094132
select_320,2.373581661056858
select_321,2.373581661056858
select_322,4.371431798094132
select_323,2.373581661056858
unsqueeze_115,3.000458332772056
mul_239,12.878885965068873
slice_493,3.9519649121256775
slice_494,3.9519649121256775
neg_52,11.535965351427071
mul_240,12.878885965068873
add_158,19.91764024109171
mul_241,3.4101137063645743
slice_495,2.520977028805697
slice_496,2.520977028805697
neg_53,4.865108771948961
mul_242,3.4101137063645743
add_159,9.548757873070425
slice_497,2.533626040754219
slice_498,2.533626040754219
unsqueeze_116,3.5117571268459424
slice_499,2.4133979146679243
slice_500,2.4133979146679243
expand_57,4.232695832848549
clone_53,2032.9889604161183
_unsafe_view_52,3.168656249033908
slice_501,2.533626040754219
slice_502,2.533626040754219
unsqueeze_117,3.5117571268459424
slice_503,2.4133979146679243
slice_504,2.4133979146679243
expand_58,4.232695832848549
clone_54,2032.9889604161183
_unsafe_view_53,3.168656249033908
slice_508,3.3312464322793343
slice_509,3.3312464322793343
slice_510,3.3312464322793343
_scaled_dot_product_flash_attention_for_cpu_26,1310.6503666650503
transpose_108,3.6789531432026834
view_482,1.1119735742347283
t_185,6.527348749595694
view_483,1.1119735742347283
mm_104,727.6606807004791
view_484,3.0296361841588166
add_160,7.781027192811956
_to_copy_109,17.911832625071337
pow_54,15.828645962963206
mean_53,41.04454843629624
add_161,2.0730039464538557
rsqrt_53,4.959405469880769
mul_243,6.595864661144278
_to_copy_110,17.911832625071337
mul_244,6.557784025392021
t_186,9.521420728756736
view_485,2.1895353846550436
mm_105,1671.0509663376304
view_486,2.800755404823774
silu_26,39.50630241214837
t_187,9.521420728756736
view_487,2.1895353846550436
mm_106,1671.0509663376304
view_488,4.393855373424135
mul_245,20.484423903467363
t_188,11.589321250254288
view_489,2.1895353846550436
mm_107,1589.0370429822292
view_490,4.393855373424135
add_162,19.91764024109171
_to_copy_111,17.911832625071337
pow_55,15.828645962963206
mean_54,41.04454843629624
add_163,9.548757873070425
rsqrt_54,4.959405469880769
mul_246,6.595864661144278
_to_copy_112,17.911832625071337
mul_247,6.557784025392021
view_491,1.1665098687470483
t_189,6.527348749595694
addmm_81,534.2313552631947
view_492,2.800755404823774
view_493,2.1895353846550436
t_190,5.611609271067816
addmm_82,203.0197400223235
view_494,2.800755404823774
view_495,2.1895353846550436
t_191,5.611609271067816
addmm_83,203.0197400223235
view_496,2.067026316021618
view_497,2.1895353846550436
transpose_109,5.878522697316581
view_498,2.067026316021618
transpose_110,2.184821929586561
view_499,2.1895353846550436
transpose_111,2.184821929586561
split_with_sizes_54,16.864486294109046
select_324,2.373581661056858
select_325,4.371431798094132
select_326,2.373581661056858
select_327,2.373581661056858
select_328,4.371431798094132
select_329,2.373581661056858
unsqueeze_118,3.000458332772056
split_with_sizes_55,16.864486294109046
select_330,2.373581661056858
select_331,4.371431798094132
select_332,2.373581661056858
select_333,2.373581661056858
select_334,4.371431798094132
select_335,2.373581661056858
unsqueeze_119,3.000458332772056
mul_248,12.878885965068873
slice_511,3.9519649121256775
slice_512,3.9519649121256775
neg_54,11.535965351427071
mul_249,12.878885965068873
add_164,19.91764024109171
mul_250,3.4101137063645743
slice_513,2.520977028805697
slice_514,2.520977028805697
neg_55,4.865108771948961
mul_251,3.4101137063645743
add_165,9.548757873070425
slice_515,2.533626040754219
slice_516,2.533626040754219
unsqueeze_120,3.5117571268459424
slice_517,2.4133979146679243
slice_518,2.4133979146679243
expand_59,4.232695832848549
clone_55,2032.9889604161183
_unsafe_view_54,3.168656249033908
slice_519,2.533626040754219
slice_520,2.533626040754219
unsqueeze_121,3.5117571268459424
slice_521,2.4133979146679243
slice_522,2.4133979146679243
expand_60,4.232695832848549
clone_56,2032.9889604161183
_unsafe_view_55,3.168656249033908
slice_526,3.3312464322793343
slice_527,3.3312464322793343
slice_528,3.3312464322793343
_scaled_dot_product_flash_attention_for_cpu_27,1310.6503666650503
transpose_112,3.6789531432026834
view_500,1.1119735742347283
t_192,6.527348749595694
view_501,1.1119735742347283
mm_108,727.6606807004791
view_502,3.0296361841588166
add_166,7.781027192811956
_to_copy_113,17.911832625071337
pow_56,15.828645962963206
mean_55,41.04454843629624
add_167,2.0730039464538557
rsqrt_55,4.959405469880769
mul_252,6.595864661144278
_to_copy_114,17.911832625071337
mul_253,6.557784025392021
t_193,9.521420728756736
view_503,2.1895353846550436
mm_109,1671.0509663376304
view_504,2.800755404823774
silu_27,39.50630241214837
t_194,9.521420728756736
view_505,2.1895353846550436
mm_110,1671.0509663376304
view_506,4.393855373424135
mul_254,20.484423903467363
t_195,11.589321250254288
view_507,2.1895353846550436
mm_111,1589.0370429822292
view_508,4.393855373424135
add_168,19.91764024109171
_to_copy_115,17.911832625071337
pow_57,15.828645962963206
mean_56,41.04454843629624
add_169,9.548757873070425
rsqrt_56,4.959405469880769
mul_255,6.595864661144278
_to_copy_116,17.911832625071337
mul_256,6.557784025392021
view_509,1.1665098687470483
t_196,6.527348749595694
addmm_84,534.2313552631947
view_510,2.800755404823774
view_511,2.1895353846550436
t_197,5.611609271067816
addmm_85,203.0197400223235
view_512,2.800755404823774
view_513,2.1895353846550436
t_198,5.611609271067816
addmm_86,203.0197400223235
view_514,2.067026316021618
view_515,2.1895353846550436
transpose_113,5.878522697316581
view_516,2.067026316021618
transpose_114,2.184821929586561
view_517,2.1895353846550436
transpose_115,2.184821929586561
split_with_sizes_56,16.864486294109046
select_336,2.373581661056858
select_337,4.371431798094132
select_338,2.373581661056858
select_339,2.373581661056858
select_340,4.371431798094132
select_341,2.373581661056858
unsqueeze_122,3.000458332772056
split_with_sizes_57,16.864486294109046
select_342,2.373581661056858
select_343,4.371431798094132
select_344,2.373581661056858
select_345,2.373581661056858
select_346,4.371431798094132
select_347,2.373581661056858
unsqueeze_123,3.000458332772056
mul_257,12.878885965068873
slice_529,3.9519649121256775
slice_530,3.9519649121256775
neg_56,11.535965351427071
mul_258,12.878885965068873
add_170,19.91764024109171
mul_259,3.4101137063645743
slice_531,2.520977028805697
slice_532,2.520977028805697
neg_57,4.865108771948961
mul_260,3.4101137063645743
add_171,9.548757873070425
slice_533,2.533626040754219
slice_534,2.533626040754219
unsqueeze_124,3.5117571268459424
slice_535,2.4133979146679243
slice_536,2.4133979146679243
expand_61,4.232695832848549
clone_57,2032.9889604161183
_unsafe_view_56,3.168656249033908
slice_537,2.533626040754219
slice_538,2.533626040754219
unsqueeze_125,3.5117571268459424
slice_539,2.4133979146679243
slice_540,2.4133979146679243
expand_62,4.232695832848549
clone_58,2032.9889604161183
_unsafe_view_57,3.168656249033908
slice_544,3.3312464322793343
slice_545,3.3312464322793343
slice_546,3.3312464322793343
_scaled_dot_product_flash_attention_for_cpu_28,1310.6503666650503
transpose_116,3.6789531432026834
view_518,1.1119735742347283
t_199,6.527348749595694
view_519,1.1119735742347283
mm_112,727.6606807004791
view_520,3.0296361841588166
add_172,7.781027192811956
_to_copy_117,17.911832625071337
pow_58,15.828645962963206
mean_57,41.04454843629624
add_173,2.0730039464538557
rsqrt_57,4.959405469880769
mul_261,6.595864661144278
_to_copy_118,17.911832625071337
mul_262,6.557784025392021
t_200,9.521420728756736
view_521,2.1895353846550436
mm_113,1671.0509663376304
view_522,2.800755404823774
silu_28,39.50630241214837
t_201,9.521420728756736
view_523,2.1895353846550436
mm_114,1671.0509663376304
view_524,4.393855373424135
mul_263,20.484423903467363
t_202,11.589321250254288
view_525,2.1895353846550436
mm_115,1589.0370429822292
view_526,4.393855373424135
add_174,19.91764024109171
_to_copy_119,17.911832625071337
pow_59,15.828645962963206
mean_58,41.04454843629624
add_175,9.548757873070425
rsqrt_58,4.959405469880769
mul_264,6.595864661144278
_to_copy_120,17.911832625071337
mul_265,6.557784025392021
view_527,1.1665098687470483
t_203,6.527348749595694
addmm_87,534.2313552631947
view_528,2.800755404823774
view_529,2.1895353846550436
t_204,5.611609271067816
addmm_88,203.0197400223235
view_530,2.800755404823774
view_531,2.1895353846550436
t_205,5.611609271067816
addmm_89,203.0197400223235
view_532,2.067026316021618
view_533,2.1895353846550436
transpose_117,5.878522697316581
view_534,2.067026316021618
transpose_118,2.184821929586561
view_535,2.1895353846550436
transpose_119,2.184821929586561
split_with_sizes_58,16.864486294109046
select_348,2.373581661056858
select_349,4.371431798094132
select_350,2.373581661056858
select_351,2.373581661056858
select_352,4.371431798094132
select_353,2.373581661056858
unsqueeze_126,3.000458332772056
split_with_sizes_59,16.864486294109046
select_354,2.373581661056858
select_355,4.371431798094132
select_356,2.373581661056858
select_357,2.373581661056858
select_358,4.371431798094132
select_359,2.373581661056858
unsqueeze_127,3.000458332772056
mul_266,12.878885965068873
slice_547,3.9519649121256775
slice_548,3.9519649121256775
neg_58,11.535965351427071
mul_267,12.878885965068873
add_176,19.91764024109171
mul_268,3.4101137063645743
slice_549,2.520977028805697
slice_550,2.520977028805697
neg_59,4.865108771948961
mul_269,3.4101137063645743
add_177,9.548757873070425
slice_551,2.533626040754219
slice_552,2.533626040754219
unsqueeze_128,3.5117571268459424
slice_553,2.4133979146679243
slice_554,2.4133979146679243
expand_63,4.232695832848549
clone_59,2032.9889604161183
_unsafe_view_58,3.168656249033908
slice_555,2.533626040754219
slice_556,2.533626040754219
unsqueeze_129,3.5117571268459424
slice_557,2.4133979146679243
slice_558,2.4133979146679243
expand_64,4.232695832848549
clone_60,2032.9889604161183
_unsafe_view_59,3.168656249033908
slice_562,3.3312464322793343
slice_563,3.3312464322793343
slice_564,3.3312464322793343
_scaled_dot_product_flash_attention_for_cpu_29,1310.6503666650503
transpose_120,3.6789531432026834
view_536,1.1119735742347283
t_206,6.527348749595694
view_537,1.1119735742347283
mm_116,727.6606807004791
view_538,3.0296361841588166
add_178,7.781027192811956
_to_copy_121,17.911832625071337
pow_60,15.828645962963206
mean_59,41.04454843629624
add_179,2.0730039464538557
rsqrt_59,4.959405469880769
mul_270,6.595864661144278
_to_copy_122,17.911832625071337
mul_271,6.557784025392021
t_207,9.521420728756736
view_539,2.1895353846550436
mm_117,1671.0509663376304
view_540,2.800755404823774
silu_29,39.50630241214837
t_208,9.521420728756736
view_541,2.1895353846550436
mm_118,1671.0509663376304
view_542,4.393855373424135
mul_272,20.484423903467363
t_209,11.589321250254288
view_543,2.1895353846550436
mm_119,1589.0370429822292
view_544,4.393855373424135
add_180,19.91764024109171
_to_copy_123,17.911832625071337
pow_61,15.828645962963206
mean_60,41.04454843629624
add_181,9.548757873070425
rsqrt_60,4.959405469880769
mul_273,6.595864661144278
_to_copy_124,17.911832625071337
mul_274,6.557784025392021
view_545,1.1665098687470483
t_210,6.527348749595694
addmm_90,534.2313552631947
view_546,2.800755404823774
view_547,2.1895353846550436
t_211,5.611609271067816
addmm_91,203.0197400223235
view_548,2.800755404823774
view_549,2.1895353846550436
t_212,5.611609271067816
addmm_92,203.0197400223235
view_550,2.067026316021618
view_551,2.1895353846550436
transpose_121,5.878522697316581
view_552,2.067026316021618
transpose_122,2.184821929586561
view_553,2.1895353846550436
transpose_123,2.184821929586561
split_with_sizes_60,16.864486294109046
select_360,2.373581661056858
select_361,4.371431798094132
select_362,2.373581661056858
select_363,2.373581661056858
select_364,4.371431798094132
select_365,2.373581661056858
unsqueeze_130,3.000458332772056
split_with_sizes_61,16.864486294109046
select_366,2.373581661056858
select_367,4.371431798094132
select_368,2.373581661056858
select_369,2.373581661056858
select_370,4.371431798094132
select_371,2.373581661056858
unsqueeze_131,3.000458332772056
mul_275,12.878885965068873
slice_565,3.9519649121256775
slice_566,3.9519649121256775
neg_60,11.535965351427071
mul_276,12.878885965068873
add_182,19.91764024109171
mul_277,3.4101137063645743
slice_567,2.520977028805697
slice_568,2.520977028805697
neg_61,4.865108771948961
mul_278,3.4101137063645743
add_183,9.548757873070425
slice_569,2.533626040754219
slice_570,2.533626040754219
unsqueeze_132,3.5117571268459424
slice_571,2.4133979146679243
slice_572,2.4133979146679243
expand_65,4.232695832848549
clone_61,2032.9889604161183
_unsafe_view_60,3.168656249033908
slice_573,2.533626040754219
slice_574,2.533626040754219
unsqueeze_133,3.5117571268459424
slice_575,2.4133979146679243
slice_576,2.4133979146679243
expand_66,4.232695832848549
clone_62,2032.9889604161183
_unsafe_view_61,3.168656249033908
slice_580,3.3312464322793343
slice_581,3.3312464322793343
slice_582,3.3312464322793343
_scaled_dot_product_flash_attention_for_cpu_30,1310.6503666650503
transpose_124,3.6789531432026834
view_554,1.1119735742347283
t_213,6.527348749595694
view_555,1.1119735742347283
mm_120,727.6606807004791
view_556,3.0296361841588166
add_184,7.781027192811956
_to_copy_125,17.911832625071337
pow_62,15.828645962963206
mean_61,41.04454843629624
add_185,2.0730039464538557
rsqrt_61,4.959405469880769
mul_279,6.595864661144278
_to_copy_126,17.911832625071337
mul_280,6.557784025392021
t_214,9.521420728756736
view_557,2.1895353846550436
mm_121,1671.0509663376304
view_558,2.800755404823774
silu_30,39.50630241214837
t_215,9.521420728756736
view_559,2.1895353846550436
mm_122,1671.0509663376304
view_560,4.393855373424135
mul_281,20.484423903467363
t_216,11.589321250254288
view_561,2.1895353846550436
mm_123,1589.0370429822292
view_562,4.393855373424135
add_186,19.91764024109171
_to_copy_127,17.911832625071337
pow_63,15.828645962963206
mean_62,41.04454843629624
add_187,9.548757873070425
rsqrt_62,4.959405469880769
mul_282,6.595864661144278
_to_copy_128,17.911832625071337
mul_283,6.557784025392021
view_563,1.1665098687470483
t_217,6.527348749595694
addmm_93,534.2313552631947
view_564,2.800755404823774
view_565,2.1895353846550436
t_218,5.611609271067816
addmm_94,203.0197400223235
view_566,2.800755404823774
view_567,2.1895353846550436
t_219,5.611609271067816
addmm_95,203.0197400223235
view_568,2.067026316021618
view_569,2.1895353846550436
transpose_125,5.878522697316581
view_570,2.067026316021618
transpose_126,2.184821929586561
view_571,2.1895353846550436
transpose_127,2.184821929586561
split_with_sizes_62,16.864486294109046
select_372,2.373581661056858
select_373,4.371431798094132
select_374,2.373581661056858
select_375,2.373581661056858
select_376,4.371431798094132
select_377,2.373581661056858
unsqueeze_134,3.000458332772056
split_with_sizes_63,16.864486294109046
select_378,2.373581661056858
select_379,4.371431798094132
select_380,2.373581661056858
select_381,2.373581661056858
select_382,4.371431798094132
select_383,2.373581661056858
unsqueeze_135,3.000458332772056
mul_284,12.878885965068873
slice_583,3.9519649121256775
slice_584,3.9519649121256775
neg_62,11.535965351427071
mul_285,12.878885965068873
add_188,19.91764024109171
mul_286,3.4101137063645743
slice_585,2.520977028805697
slice_586,2.520977028805697
neg_63,4.865108771948961
mul_287,3.4101137063645743
add_189,9.548757873070425
slice_587,2.533626040754219
slice_588,2.533626040754219
unsqueeze_136,3.5117571268459424
slice_589,2.4133979146679243
slice_590,2.4133979146679243
expand_67,4.232695832848549
clone_63,2032.9889604161183
_unsafe_view_62,3.168656249033908
slice_591,2.533626040754219
slice_592,2.533626040754219
unsqueeze_137,3.5117571268459424
slice_593,2.4133979146679243
slice_594,2.4133979146679243
expand_68,4.232695832848549
clone_64,2032.9889604161183
_unsafe_view_63,3.168656249033908
slice_598,3.3312464322793343
slice_599,3.3312464322793343
slice_600,3.3312464322793343
_scaled_dot_product_flash_attention_for_cpu_31,1310.6503666650503
transpose_128,3.6789531432026834
view_572,1.1119735742347283
t_220,6.527348749595694
view_573,1.1119735742347283
mm_124,727.6606807004791
view_574,3.0296361841588166
add_190,7.781027192811956
_to_copy_129,17.911832625071337
pow_64,15.828645962963206
mean_63,41.04454843629624
add_191,2.0730039464538557
rsqrt_63,4.959405469880769
mul_288,6.595864661144278
_to_copy_130,17.911832625071337
mul_289,6.557784025392021
t_221,9.521420728756736
view_575,2.1895353846550436
mm_125,1671.0509663376304
view_576,2.800755404823774
silu_31,39.50630241214837
t_222,9.521420728756736
view_577,2.1895353846550436
mm_126,1671.0509663376304
view_578,4.393855373424135
mul_290,20.484423903467363
t_223,11.589321250254288
view_579,2.1895353846550436
mm_127,1589.0370429822292
view_580,4.393855373424135
add_192,19.91764024109171
_to_copy_131,17.911832625071337
pow_65,15.828645962963206
mean_64,41.04454843629624
add_193,9.548757873070425
rsqrt_64,4.959405469880769
mul_291,6.595864661144278
_to_copy_132,17.911832625071337
mul_292,6.557784025392021
view_581,1.1665098687470483
t_224,6.527348749595694
addmm_96,534.2313552631947
view_582,2.800755404823774
view_583,2.1895353846550436
t_225,5.611609271067816
addmm_97,203.0197400223235
view_584,2.800755404823774
view_585,2.1895353846550436
t_226,5.611609271067816
addmm_98,203.0197400223235
view_586,2.067026316021618
view_587,2.1895353846550436
transpose_129,5.878522697316581
view_588,2.067026316021618
transpose_130,2.184821929586561
view_589,2.1895353846550436
transpose_131,2.184821929586561
split_with_sizes_64,16.864486294109046
select_384,2.373581661056858
select_385,4.371431798094132
select_386,2.373581661056858
select_387,2.373581661056858
select_388,4.371431798094132
select_389,2.373581661056858
unsqueeze_138,3.000458332772056
split_with_sizes_65,16.864486294109046
select_390,2.373581661056858
select_391,4.371431798094132
select_392,2.373581661056858
select_393,2.373581661056858
select_394,4.371431798094132
select_395,2.373581661056858
unsqueeze_139,3.000458332772056
mul_293,12.878885965068873
slice_601,3.9519649121256775
slice_602,3.9519649121256775
neg_64,11.535965351427071
mul_294,12.878885965068873
add_194,19.91764024109171
mul_295,3.4101137063645743
slice_603,2.520977028805697
slice_604,2.520977028805697
neg_65,4.865108771948961
mul_296,3.4101137063645743
add_195,9.548757873070425
slice_605,2.533626040754219
slice_606,2.533626040754219
unsqueeze_140,3.5117571268459424
slice_607,2.4133979146679243
slice_608,2.4133979146679243
expand_69,4.232695832848549
clone_65,2032.9889604161183
_unsafe_view_64,3.168656249033908
slice_609,2.533626040754219
slice_610,2.533626040754219
unsqueeze_141,3.5117571268459424
slice_611,2.4133979146679243
slice_612,2.4133979146679243
expand_70,4.232695832848549
clone_66,2032.9889604161183
_unsafe_view_65,3.168656249033908
slice_616,3.3312464322793343
slice_617,3.3312464322793343
slice_618,3.3312464322793343
_scaled_dot_product_flash_attention_for_cpu_32,1310.6503666650503
transpose_132,3.6789531432026834
view_590,1.1119735742347283
t_227,6.527348749595694
view_591,1.1119735742347283
mm_128,727.6606807004791
view_592,3.0296361841588166
add_196,7.781027192811956
_to_copy_133,17.911832625071337
pow_66,15.828645962963206
mean_65,41.04454843629624
add_197,2.0730039464538557
rsqrt_65,4.959405469880769
mul_297,6.595864661144278
_to_copy_134,17.911832625071337
mul_298,6.557784025392021
t_228,9.521420728756736
view_593,2.1895353846550436
mm_129,1671.0509663376304
view_594,2.800755404823774
silu_32,39.50630241214837
t_229,9.521420728756736
view_595,2.1895353846550436
mm_130,1671.0509663376304
view_596,4.393855373424135
mul_299,20.484423903467363
t_230,11.589321250254288
view_597,2.1895353846550436
mm_131,1589.0370429822292
view_598,4.393855373424135
add_198,19.91764024109171
_to_copy_135,17.911832625071337
pow_67,15.828645962963206
mean_66,41.04454843629624
add_199,9.548757873070425
rsqrt_66,4.959405469880769
mul_300,6.595864661144278
_to_copy_136,17.911832625071337
mul_301,6.557784025392021
view_599,1.1665098687470483
t_231,6.527348749595694
addmm_99,534.2313552631947
view_600,2.800755404823774
view_601,2.1895353846550436
t_232,5.611609271067816
addmm_100,203.0197400223235
view_602,2.800755404823774
view_603,2.1895353846550436
t_233,5.611609271067816
addmm_101,203.0197400223235
view_604,2.067026316021618
view_605,2.1895353846550436
transpose_133,5.878522697316581
view_606,2.067026316021618
transpose_134,2.184821929586561
view_607,2.1895353846550436
transpose_135,2.184821929586561
split_with_sizes_66,16.864486294109046
select_396,2.373581661056858
select_397,4.371431798094132
select_398,2.373581661056858
select_399,2.373581661056858
select_400,4.371431798094132
select_401,2.373581661056858
unsqueeze_142,3.000458332772056
split_with_sizes_67,16.864486294109046
select_402,2.373581661056858
select_403,4.371431798094132
select_404,2.373581661056858
select_405,2.373581661056858
select_406,4.371431798094132
select_407,2.373581661056858
unsqueeze_143,3.000458332772056
mul_302,12.878885965068873
slice_619,3.9519649121256775
slice_620,3.9519649121256775
neg_66,11.535965351427071
mul_303,12.878885965068873
add_200,19.91764024109171
mul_304,3.4101137063645743
slice_621,2.520977028805697
slice_622,2.520977028805697
neg_67,4.865108771948961
mul_305,3.4101137063645743
add_201,9.548757873070425
slice_623,2.533626040754219
slice_624,2.533626040754219
unsqueeze_144,3.5117571268459424
slice_625,2.4133979146679243
slice_626,2.4133979146679243
expand_71,4.232695832848549
clone_67,2032.9889604161183
_unsafe_view_66,3.168656249033908
slice_627,2.533626040754219
slice_628,2.533626040754219
unsqueeze_145,3.5117571268459424
slice_629,2.4133979146679243
slice_630,2.4133979146679243
expand_72,4.232695832848549
clone_68,2032.9889604161183
_unsafe_view_67,3.168656249033908
slice_634,3.3312464322793343
slice_635,3.3312464322793343
slice_636,3.3312464322793343
_scaled_dot_product_flash_attention_for_cpu_33,1310.6503666650503
transpose_136,3.6789531432026834
view_608,1.1119735742347283
t_234,6.527348749595694
view_609,1.1119735742347283
mm_132,727.6606807004791
view_610,3.0296361841588166
add_202,7.781027192811956
_to_copy_137,17.911832625071337
pow_68,15.828645962963206
mean_67,41.04454843629624
add_203,2.0730039464538557
rsqrt_67,4.959405469880769
mul_306,6.595864661144278
_to_copy_138,17.911832625071337
mul_307,6.557784025392021
t_235,9.521420728756736
view_611,2.1895353846550436
mm_133,1671.0509663376304
view_612,2.800755404823774
silu_33,39.50630241214837
t_236,9.521420728756736
view_613,2.1895353846550436
mm_134,1671.0509663376304
view_614,4.393855373424135
mul_308,20.484423903467363
t_237,11.589321250254288
view_615,2.1895353846550436
mm_135,1589.0370429822292
view_616,4.393855373424135
add_204,19.91764024109171
_to_copy_139,17.911832625071337
pow_69,15.828645962963206
mean_68,41.04454843629624
add_205,9.548757873070425
rsqrt_68,4.959405469880769
mul_309,6.595864661144278
_to_copy_140,17.911832625071337
mul_310,6.557784025392021
view_617,1.1665098687470483
t_238,6.527348749595694
addmm_102,534.2313552631947
view_618,2.800755404823774
view_619,2.1895353846550436
t_239,5.611609271067816
addmm_103,203.0197400223235
view_620,2.800755404823774
view_621,2.1895353846550436
t_240,5.611609271067816
addmm_104,203.0197400223235
view_622,2.067026316021618
view_623,2.1895353846550436
transpose_137,5.878522697316581
view_624,2.067026316021618
transpose_138,2.184821929586561
view_625,2.1895353846550436
transpose_139,2.184821929586561
split_with_sizes_68,16.864486294109046
select_408,2.373581661056858
select_409,4.371431798094132
select_410,2.373581661056858
select_411,2.373581661056858
select_412,4.371431798094132
select_413,2.373581661056858
unsqueeze_146,3.000458332772056
split_with_sizes_69,16.864486294109046
select_414,2.373581661056858
select_415,4.371431798094132
select_416,2.373581661056858
select_417,2.373581661056858
select_418,4.371431798094132
select_419,2.373581661056858
unsqueeze_147,3.000458332772056
mul_311,12.878885965068873
slice_637,3.9519649121256775
slice_638,3.9519649121256775
neg_68,11.535965351427071
mul_312,12.878885965068873
add_206,19.91764024109171
mul_313,3.4101137063645743
slice_639,2.520977028805697
slice_640,2.520977028805697
neg_69,4.865108771948961
mul_314,3.4101137063645743
add_207,9.548757873070425
slice_641,2.533626040754219
slice_642,2.533626040754219
unsqueeze_148,3.5117571268459424
slice_643,2.4133979146679243
slice_644,2.4133979146679243
expand_73,4.232695832848549
clone_69,2032.9889604161183
_unsafe_view_68,3.168656249033908
slice_645,2.533626040754219
slice_646,2.533626040754219
unsqueeze_149,3.5117571268459424
slice_647,2.4133979146679243
slice_648,2.4133979146679243
expand_74,4.232695832848549
clone_70,2032.9889604161183
_unsafe_view_69,3.168656249033908
slice_652,3.3312464322793343
slice_653,3.3312464322793343
slice_654,3.3312464322793343
_scaled_dot_product_flash_attention_for_cpu_34,1310.6503666650503
transpose_140,3.6789531432026834
view_626,1.1119735742347283
t_241,6.527348749595694
view_627,1.1119735742347283
mm_136,727.6606807004791
view_628,3.0296361841588166
add_208,7.781027192811956
_to_copy_141,17.911832625071337
pow_70,15.828645962963206
mean_69,41.04454843629624
add_209,2.0730039464538557
rsqrt_69,4.959405469880769
mul_315,6.595864661144278
_to_copy_142,17.911832625071337
mul_316,6.557784025392021
t_242,9.521420728756736
view_629,2.1895353846550436
mm_137,1671.0509663376304
view_630,2.800755404823774
silu_34,39.50630241214837
t_243,9.521420728756736
view_631,2.1895353846550436
mm_138,1671.0509663376304
view_632,4.393855373424135
mul_317,20.484423903467363
t_244,11.589321250254288
view_633,2.1895353846550436
mm_139,1589.0370429822292
view_634,4.393855373424135
add_210,19.91764024109171
_to_copy_143,17.911832625071337
pow_71,15.828645962963206
mean_70,41.04454843629624
add_211,9.548757873070425
rsqrt_70,4.959405469880769
mul_318,6.595864661144278
_to_copy_144,17.911832625071337
mul_319,6.557784025392021
view_635,1.1665098687470483
t_245,6.527348749595694
addmm_105,534.2313552631947
view_636,2.800755404823774
view_637,2.1895353846550436
t_246,5.611609271067816
addmm_106,203.0197400223235
view_638,2.800755404823774
view_639,2.1895353846550436
t_247,5.611609271067816
addmm_107,203.0197400223235
view_640,2.067026316021618
view_641,2.1895353846550436
transpose_141,5.878522697316581
view_642,2.067026316021618
transpose_142,2.184821929586561
view_643,2.1895353846550436
transpose_143,2.184821929586561
split_with_sizes_70,16.864486294109046
select_420,2.373581661056858
select_421,4.371431798094132
select_422,2.373581661056858
select_423,2.373581661056858
select_424,4.371431798094132
select_425,2.373581661056858
unsqueeze_150,3.000458332772056
split_with_sizes_71,16.864486294109046
select_426,2.373581661056858
select_427,4.371431798094132
select_428,2.373581661056858
select_429,2.373581661056858
select_430,4.371431798094132
select_431,2.373581661056858
unsqueeze_151,3.000458332772056
mul_320,12.878885965068873
slice_655,3.9519649121256775
slice_656,3.9519649121256775
neg_70,11.535965351427071
mul_321,12.878885965068873
add_212,19.91764024109171
mul_322,3.4101137063645743
slice_657,2.520977028805697
slice_658,2.520977028805697
neg_71,4.865108771948961
mul_323,3.4101137063645743
add_213,9.548757873070425
slice_659,2.533626040754219
slice_660,2.533626040754219
unsqueeze_152,3.5117571268459424
slice_661,2.4133979146679243
slice_662,2.4133979146679243
expand_75,4.232695832848549
clone_71,2032.9889604161183
_unsafe_view_70,3.168656249033908
slice_663,2.533626040754219
slice_664,2.533626040754219
unsqueeze_153,3.5117571268459424
slice_665,2.4133979146679243
slice_666,2.4133979146679243
expand_76,4.232695832848549
clone_72,2032.9889604161183
_unsafe_view_71,3.168656249033908
slice_670,3.3312464322793343
slice_671,3.3312464322793343
slice_672,3.3312464322793343
_scaled_dot_product_flash_attention_for_cpu_35,1310.6503666650503
transpose_144,3.6789531432026834
view_644,1.1119735742347283
t_248,6.527348749595694
view_645,1.1119735742347283
mm_140,727.6606807004791
view_646,3.0296361841588166
add_214,7.781027192811956
_to_copy_145,17.911832625071337
pow_72,15.828645962963206
mean_71,41.04454843629624
add_215,2.0730039464538557
rsqrt_71,4.959405469880769
mul_324,6.595864661144278
_to_copy_146,17.911832625071337
mul_325,6.557784025392021
t_249,9.521420728756736
view_647,2.1895353846550436
mm_141,1671.0509663376304
view_648,2.800755404823774
silu_35,39.50630241214837
t_250,9.521420728756736
view_649,2.1895353846550436
mm_142,1671.0509663376304
view_650,4.393855373424135
mul_326,20.484423903467363
t_251,11.589321250254288
view_651,2.1895353846550436
mm_143,1589.0370429822292
view_652,4.393855373424135
add_216,19.91764024109171
_to_copy_147,17.911832625071337
pow_73,15.828645962963206
mean_72,41.04454843629624
add_217,9.548757873070425
rsqrt_72,4.959405469880769
mul_327,6.595864661144278
_to_copy_148,17.911832625071337
mul_328,6.557784025392021
view_653,1.1665098687470483
t_252,6.527348749595694
addmm_108,534.2313552631947
view_654,2.800755404823774
view_655,2.1895353846550436
t_253,5.611609271067816
addmm_109,203.0197400223235
view_656,2.800755404823774
view_657,2.1895353846550436
t_254,5.611609271067816
addmm_110,203.0197400223235
view_658,2.067026316021618
view_659,2.1895353846550436
transpose_145,5.878522697316581
view_660,2.067026316021618
transpose_146,2.184821929586561
view_661,2.1895353846550436
transpose_147,2.184821929586561
split_with_sizes_72,16.864486294109046
select_432,2.373581661056858
select_433,4.371431798094132
select_434,2.373581661056858
select_435,2.373581661056858
select_436,4.371431798094132
select_437,2.373581661056858
unsqueeze_154,3.000458332772056
split_with_sizes_73,16.864486294109046
select_438,2.373581661056858
select_439,4.371431798094132
select_440,2.373581661056858
select_441,2.373581661056858
select_442,4.371431798094132
select_443,2.373581661056858
unsqueeze_155,3.000458332772056
mul_329,12.878885965068873
slice_673,3.9519649121256775
slice_674,3.9519649121256775
neg_72,11.535965351427071
mul_330,12.878885965068873
add_218,19.91764024109171
mul_331,3.4101137063645743
slice_675,2.520977028805697
slice_676,2.520977028805697
neg_73,4.865108771948961
mul_332,3.4101137063645743
add_219,9.548757873070425
slice_677,2.533626040754219
slice_678,2.533626040754219
unsqueeze_156,3.5117571268459424
slice_679,2.4133979146679243
slice_680,2.4133979146679243
expand_77,4.232695832848549
clone_73,2032.9889604161183
_unsafe_view_72,3.168656249033908
slice_681,2.533626040754219
slice_682,2.533626040754219
unsqueeze_157,3.5117571268459424
slice_683,2.4133979146679243
slice_684,2.4133979146679243
expand_78,4.232695832848549
clone_74,2032.9889604161183
_unsafe_view_73,3.168656249033908
slice_688,3.3312464322793343
slice_689,3.3312464322793343
slice_690,3.3312464322793343
_scaled_dot_product_flash_attention_for_cpu_36,1310.6503666650503
transpose_148,3.6789531432026834
view_662,1.1119735742347283
t_255,6.527348749595694
view_663,1.1119735742347283
mm_144,727.6606807004791
view_664,3.0296361841588166
add_220,7.781027192811956
_to_copy_149,17.911832625071337
pow_74,15.828645962963206
mean_73,41.04454843629624
add_221,2.0730039464538557
rsqrt_73,4.959405469880769
mul_333,6.595864661144278
_to_copy_150,17.911832625071337
mul_334,6.557784025392021
t_256,9.521420728756736
view_665,2.1895353846550436
mm_145,1671.0509663376304
view_666,2.800755404823774
silu_36,39.50630241214837
t_257,9.521420728756736
view_667,2.1895353846550436
mm_146,1671.0509663376304
view_668,4.393855373424135
mul_335,20.484423903467363
t_258,11.589321250254288
view_669,2.1895353846550436
mm_147,1589.0370429822292
view_670,4.393855373424135
add_222,19.91764024109171
_to_copy_151,17.911832625071337
pow_75,15.828645962963206
mean_74,41.04454843629624
add_223,9.548757873070425
rsqrt_74,4.959405469880769
mul_336,6.595864661144278
_to_copy_152,17.911832625071337
mul_337,6.557784025392021
view_671,1.1665098687470483
t_259,6.527348749595694
addmm_111,534.2313552631947
view_672,2.800755404823774
view_673,2.1895353846550436
t_260,5.611609271067816
addmm_112,203.0197400223235
view_674,2.800755404823774
view_675,2.1895353846550436
t_261,5.611609271067816
addmm_113,203.0197400223235
view_676,2.067026316021618
view_677,2.1895353846550436
transpose_149,5.878522697316581
view_678,2.067026316021618
transpose_150,2.184821929586561
view_679,2.1895353846550436
transpose_151,2.184821929586561
split_with_sizes_74,16.864486294109046
select_444,2.373581661056858
select_445,4.371431798094132
select_446,2.373581661056858
select_447,2.373581661056858
select_448,4.371431798094132
select_449,2.373581661056858
unsqueeze_158,3.000458332772056
split_with_sizes_75,16.864486294109046
select_450,2.373581661056858
select_451,4.371431798094132
select_452,2.373581661056858
select_453,2.373581661056858
select_454,4.371431798094132
select_455,2.373581661056858
unsqueeze_159,3.000458332772056
mul_338,12.878885965068873
slice_691,3.9519649121256775
slice_692,3.9519649121256775
neg_74,11.535965351427071
mul_339,12.878885965068873
add_224,19.91764024109171
mul_340,3.4101137063645743
slice_693,2.520977028805697
slice_694,2.520977028805697
neg_75,4.865108771948961
mul_341,3.4101137063645743
add_225,9.548757873070425
slice_695,2.533626040754219
slice_696,2.533626040754219
unsqueeze_160,3.5117571268459424
slice_697,2.4133979146679243
slice_698,2.4133979146679243
expand_79,4.232695832848549
clone_75,2032.9889604161183
_unsafe_view_74,3.168656249033908
slice_699,2.533626040754219
slice_700,2.533626040754219
unsqueeze_161,3.5117571268459424
slice_701,2.4133979146679243
slice_702,2.4133979146679243
expand_80,4.232695832848549
clone_76,2032.9889604161183
_unsafe_view_75,3.168656249033908
slice_706,3.3312464322793343
slice_707,3.3312464322793343
slice_708,3.3312464322793343
_scaled_dot_product_flash_attention_for_cpu_37,1310.6503666650503
transpose_152,3.6789531432026834
view_680,1.1119735742347283
t_262,6.527348749595694
view_681,1.1119735742347283
mm_148,727.6606807004791
view_682,3.0296361841588166
add_226,7.781027192811956
_to_copy_153,17.911832625071337
pow_76,15.828645962963206
mean_75,41.04454843629624
add_227,2.0730039464538557
rsqrt_75,4.959405469880769
mul_342,6.595864661144278
_to_copy_154,17.911832625071337
mul_343,6.557784025392021
t_263,9.521420728756736
view_683,2.1895353846550436
mm_149,1671.0509663376304
view_684,2.800755404823774
silu_37,39.50630241214837
t_264,9.521420728756736
view_685,2.1895353846550436
mm_150,1671.0509663376304
view_686,4.393855373424135
mul_344,20.484423903467363
t_265,11.589321250254288
view_687,2.1895353846550436
mm_151,1589.0370429822292
view_688,4.393855373424135
add_228,19.91764024109171
_to_copy_155,17.911832625071337
pow_77,15.828645962963206
mean_76,41.04454843629624
add_229,9.548757873070425
rsqrt_76,4.959405469880769
mul_345,6.595864661144278
_to_copy_156,17.911832625071337
mul_346,6.557784025392021
view_689,1.1665098687470483
t_266,6.527348749595694
addmm_114,534.2313552631947
view_690,2.800755404823774
view_691,2.1895353846550436
t_267,5.611609271067816
addmm_115,203.0197400223235
view_692,2.800755404823774
view_693,2.1895353846550436
t_268,5.611609271067816
addmm_116,203.0197400223235
view_694,2.067026316021618
view_695,2.1895353846550436
transpose_153,5.878522697316581
view_696,2.067026316021618
transpose_154,2.184821929586561
view_697,2.1895353846550436
transpose_155,2.184821929586561
split_with_sizes_76,16.864486294109046
select_456,2.373581661056858
select_457,4.371431798094132
select_458,2.373581661056858
select_459,2.373581661056858
select_460,4.371431798094132
select_461,2.373581661056858
unsqueeze_162,3.000458332772056
split_with_sizes_77,16.864486294109046
select_462,2.373581661056858
select_463,4.371431798094132
select_464,2.373581661056858
select_465,2.373581661056858
select_466,4.371431798094132
select_467,2.373581661056858
unsqueeze_163,3.000458332772056
mul_347,12.878885965068873
slice_709,3.9519649121256775
slice_710,3.9519649121256775
neg_76,11.535965351427071
mul_348,12.878885965068873
add_230,19.91764024109171
mul_349,3.4101137063645743
slice_711,2.520977028805697
slice_712,2.520977028805697
neg_77,4.865108771948961
mul_350,3.4101137063645743
add_231,9.548757873070425
slice_713,2.533626040754219
slice_714,2.533626040754219
unsqueeze_164,3.5117571268459424
slice_715,2.4133979146679243
slice_716,2.4133979146679243
expand_81,4.232695832848549
clone_77,2032.9889604161183
_unsafe_view_76,3.168656249033908
slice_717,2.533626040754219
slice_718,2.533626040754219
unsqueeze_165,3.5117571268459424
slice_719,2.4133979146679243
slice_720,2.4133979146679243
expand_82,4.232695832848549
clone_78,2032.9889604161183
_unsafe_view_77,3.168656249033908
slice_724,3.3312464322793343
slice_725,3.3312464322793343
slice_726,3.3312464322793343
_scaled_dot_product_flash_attention_for_cpu_38,1310.6503666650503
transpose_156,3.6789531432026834
view_698,1.1119735742347283
t_269,6.527348749595694
view_699,1.1119735742347283
mm_152,727.6606807004791
view_700,3.0296361841588166
add_232,7.781027192811956
_to_copy_157,17.911832625071337
pow_78,15.828645962963206
mean_77,41.04454843629624
add_233,2.0730039464538557
rsqrt_77,4.959405469880769
mul_351,6.595864661144278
_to_copy_158,17.911832625071337
mul_352,6.557784025392021
t_270,9.521420728756736
view_701,2.1895353846550436
mm_153,1671.0509663376304
view_702,2.800755404823774
silu_38,39.50630241214837
t_271,9.521420728756736
view_703,2.1895353846550436
mm_154,1671.0509663376304
view_704,4.393855373424135
mul_353,20.484423903467363
t_272,11.589321250254288
view_705,2.1895353846550436
mm_155,1589.0370429822292
view_706,4.393855373424135
add_234,19.91764024109171
_to_copy_159,17.911832625071337
pow_79,15.828645962963206
mean_78,41.04454843629624
add_235,9.548757873070425
rsqrt_78,4.959405469880769
mul_354,6.595864661144278
_to_copy_160,17.911832625071337
mul_355,6.557784025392021
view_707,1.1665098687470483
t_273,6.527348749595694
addmm_117,534.2313552631947
view_708,2.800755404823774
view_709,2.1895353846550436
t_274,5.611609271067816
addmm_118,203.0197400223235
view_710,2.800755404823774
view_711,2.1895353846550436
t_275,5.611609271067816
addmm_119,203.0197400223235
view_712,2.067026316021618
view_713,2.1895353846550436
transpose_157,5.878522697316581
view_714,2.067026316021618
transpose_158,2.184821929586561
view_715,2.1895353846550436
transpose_159,2.184821929586561
split_with_sizes_78,16.864486294109046
select_468,2.373581661056858
select_469,4.371431798094132
select_470,2.373581661056858
select_471,2.373581661056858
select_472,4.371431798094132
select_473,2.373581661056858
unsqueeze_166,3.000458332772056
split_with_sizes_79,16.864486294109046
select_474,2.373581661056858
select_475,4.371431798094132
select_476,2.373581661056858
select_477,2.373581661056858
select_478,4.371431798094132
select_479,2.373581661056858
unsqueeze_167,3.000458332772056
mul_356,12.878885965068873
slice_727,3.9519649121256775
slice_728,3.9519649121256775
neg_78,11.535965351427071
mul_357,12.878885965068873
add_236,19.91764024109171
mul_358,3.4101137063645743
slice_729,2.520977028805697
slice_730,2.520977028805697
neg_79,4.865108771948961
mul_359,3.4101137063645743
add_237,9.548757873070425
slice_731,2.533626040754219
slice_732,2.533626040754219
unsqueeze_168,3.5117571268459424
slice_733,2.4133979146679243
slice_734,2.4133979146679243
expand_83,4.232695832848549
clone_79,2032.9889604161183
_unsafe_view_78,3.168656249033908
slice_735,2.533626040754219
slice_736,2.533626040754219
unsqueeze_169,3.5117571268459424
slice_737,2.4133979146679243
slice_738,2.4133979146679243
expand_84,4.232695832848549
clone_80,2032.9889604161183
_unsafe_view_79,3.168656249033908
slice_742,3.3312464322793343
slice_743,3.3312464322793343
slice_744,3.3312464322793343
_scaled_dot_product_flash_attention_for_cpu_39,1310.6503666650503
transpose_160,3.6789531432026834
view_716,1.1119735742347283
t_276,6.527348749595694
view_717,1.1119735742347283
mm_156,727.6606807004791
view_718,3.0296361841588166
add_238,7.781027192811956
_to_copy_161,17.911832625071337
pow_80,15.828645962963206
mean_79,41.04454843629624
add_239,2.0730039464538557
rsqrt_79,4.959405469880769
mul_360,6.595864661144278
_to_copy_162,17.911832625071337
mul_361,6.557784025392021
t_277,9.521420728756736
view_719,2.1895353846550436
mm_157,1671.0509663376304
view_720,2.800755404823774
silu_39,39.50630241214837
t_278,9.521420728756736
view_721,2.1895353846550436
mm_158,1671.0509663376304
view_722,4.393855373424135
mul_362,20.484423903467363
t_279,11.589321250254288
view_723,2.1895353846550436
mm_159,1589.0370429822292
view_724,4.393855373424135
add_240,19.91764024109171
_to_copy_163,17.911832625071337
pow_81,15.828645962963206
mean_80,41.04454843629624
add_241,9.548757873070425
rsqrt_80,4.959405469880769
mul_363,6.595864661144278
_to_copy_164,17.911832625071337
mul_364,6.557784025392021
view_725,1.1665098687470483
t_280,6.527348749595694
addmm_120,534.2313552631947
view_726,2.800755404823774
view_727,2.1895353846550436
t_281,5.611609271067816
addmm_121,203.0197400223235
view_728,2.800755404823774
view_729,2.1895353846550436
t_282,5.611609271067816
addmm_122,203.0197400223235
view_730,2.067026316021618
view_731,2.1895353846550436
transpose_161,5.878522697316581
view_732,2.067026316021618
transpose_162,2.184821929586561
view_733,2.1895353846550436
transpose_163,2.184821929586561
split_with_sizes_80,16.864486294109046
select_480,2.373581661056858
select_481,4.371431798094132
select_482,2.373581661056858
select_483,2.373581661056858
select_484,4.371431798094132
select_485,2.373581661056858
unsqueeze_170,3.000458332772056
split_with_sizes_81,16.864486294109046
select_486,2.373581661056858
select_487,4.371431798094132
select_488,2.373581661056858
select_489,2.373581661056858
select_490,4.371431798094132
select_491,2.373581661056858
unsqueeze_171,3.000458332772056
mul_365,12.878885965068873
slice_745,3.9519649121256775
slice_746,3.9519649121256775
neg_80,11.535965351427071
mul_366,12.878885965068873
add_242,19.91764024109171
mul_367,3.4101137063645743
slice_747,2.520977028805697
slice_748,2.520977028805697
neg_81,4.865108771948961
mul_368,3.4101137063645743
add_243,9.548757873070425
slice_749,2.533626040754219
slice_750,2.533626040754219
unsqueeze_172,3.5117571268459424
slice_751,2.4133979146679243
slice_752,2.4133979146679243
expand_85,4.232695832848549
clone_81,2032.9889604161183
_unsafe_view_80,3.168656249033908
slice_753,2.533626040754219
slice_754,2.533626040754219
unsqueeze_173,3.5117571268459424
slice_755,2.4133979146679243
slice_756,2.4133979146679243
expand_86,4.232695832848549
clone_82,2032.9889604161183
_unsafe_view_81,3.168656249033908
slice_760,3.3312464322793343
slice_761,3.3312464322793343
slice_762,3.3312464322793343
_scaled_dot_product_flash_attention_for_cpu_40,1310.6503666650503
transpose_164,3.6789531432026834
view_734,1.1119735742347283
t_283,6.527348749595694
view_735,1.1119735742347283
mm_160,727.6606807004791
view_736,3.0296361841588166
add_244,7.781027192811956
_to_copy_165,17.911832625071337
pow_82,15.828645962963206
mean_81,41.04454843629624
add_245,2.0730039464538557
rsqrt_81,4.959405469880769
mul_369,6.595864661144278
_to_copy_166,17.911832625071337
mul_370,6.557784025392021
t_284,9.521420728756736
view_737,2.1895353846550436
mm_161,1671.0509663376304
view_738,2.800755404823774
silu_40,39.50630241214837
t_285,9.521420728756736
view_739,2.1895353846550436
mm_162,1671.0509663376304
view_740,4.393855373424135
mul_371,20.484423903467363
t_286,11.589321250254288
view_741,2.1895353846550436
mm_163,1589.0370429822292
view_742,4.393855373424135
add_246,19.91764024109171
_to_copy_167,17.911832625071337
pow_83,15.828645962963206
mean_82,41.04454843629624
add_247,9.548757873070425
rsqrt_82,4.959405469880769
mul_372,6.595864661144278
_to_copy_168,17.911832625071337
mul_373,6.557784025392021
view_743,1.1665098687470483
t_287,6.527348749595694
addmm_123,534.2313552631947
view_744,2.800755404823774
view_745,2.1895353846550436
t_288,5.611609271067816
addmm_124,203.0197400223235
view_746,2.800755404823774
view_747,2.1895353846550436
t_289,5.611609271067816
addmm_125,203.0197400223235
view_748,2.067026316021618
view_749,2.1895353846550436
transpose_165,5.878522697316581
view_750,2.067026316021618
transpose_166,2.184821929586561
view_751,2.1895353846550436
transpose_167,2.184821929586561
split_with_sizes_82,16.864486294109046
select_492,2.373581661056858
select_493,4.371431798094132
select_494,2.373581661056858
select_495,2.373581661056858
select_496,4.371431798094132
select_497,2.373581661056858
unsqueeze_174,3.000458332772056
split_with_sizes_83,16.864486294109046
select_498,2.373581661056858
select_499,4.371431798094132
select_500,2.373581661056858
select_501,2.373581661056858
select_502,4.371431798094132
select_503,2.373581661056858
unsqueeze_175,3.000458332772056
mul_374,12.878885965068873
slice_763,3.9519649121256775
slice_764,3.9519649121256775
neg_82,11.535965351427071
mul_375,12.878885965068873
add_248,19.91764024109171
mul_376,3.4101137063645743
slice_765,2.520977028805697
slice_766,2.520977028805697
neg_83,4.865108771948961
mul_377,3.4101137063645743
add_249,9.548757873070425
slice_767,2.533626040754219
slice_768,2.533626040754219
unsqueeze_176,3.5117571268459424
slice_769,2.4133979146679243
slice_770,2.4133979146679243
expand_87,4.232695832848549
clone_83,2032.9889604161183
_unsafe_view_82,3.168656249033908
slice_771,2.533626040754219
slice_772,2.533626040754219
unsqueeze_177,3.5117571268459424
slice_773,2.4133979146679243
slice_774,2.4133979146679243
expand_88,4.232695832848549
clone_84,2032.9889604161183
_unsafe_view_83,3.168656249033908
slice_778,3.3312464322793343
slice_779,3.3312464322793343
slice_780,3.3312464322793343
_scaled_dot_product_flash_attention_for_cpu_41,1310.6503666650503
transpose_168,3.6789531432026834
view_752,1.1119735742347283
t_290,6.527348749595694
view_753,1.1119735742347283
mm_164,727.6606807004791
view_754,3.0296361841588166
add_250,7.781027192811956
_to_copy_169,17.911832625071337
pow_84,15.828645962963206
mean_83,41.04454843629624
add_251,2.0730039464538557
rsqrt_83,4.959405469880769
mul_378,6.595864661144278
_to_copy_170,17.911832625071337
mul_379,6.557784025392021
t_291,9.521420728756736
view_755,2.1895353846550436
mm_165,1671.0509663376304
view_756,2.800755404823774
silu_41,39.50630241214837
t_292,9.521420728756736
view_757,2.1895353846550436
mm_166,1671.0509663376304
view_758,4.393855373424135
mul_380,20.484423903467363
t_293,11.589321250254288
view_759,2.1895353846550436
mm_167,1589.0370429822292
view_760,4.393855373424135
add_252,19.91764024109171
_to_copy_171,17.911832625071337
pow_85,15.828645962963206
mean_84,41.04454843629624
add_253,9.548757873070425
rsqrt_84,4.959405469880769
mul_381,6.595864661144278
_to_copy_172,17.911832625071337
mul_382,6.557784025392021
view_761,1.1665098687470483
t_294,6.527348749595694
addmm_126,534.2313552631947
view_762,2.800755404823774
view_763,2.1895353846550436
t_295,5.611609271067816
addmm_127,203.0197400223235
view_764,2.800755404823774
view_765,2.1895353846550436
t_296,5.611609271067816
addmm_128,203.0197400223235
view_766,2.067026316021618
view_767,2.1895353846550436
transpose_169,5.878522697316581
view_768,2.067026316021618
transpose_170,2.184821929586561
view_769,2.1895353846550436
transpose_171,2.184821929586561
split_with_sizes_84,16.864486294109046
select_504,2.373581661056858
select_505,4.371431798094132
select_506,2.373581661056858
select_507,2.373581661056858
select_508,4.371431798094132
select_509,2.373581661056858
unsqueeze_178,3.000458332772056
split_with_sizes_85,16.864486294109046
select_510,2.373581661056858
select_511,4.371431798094132
select_512,2.373581661056858
select_513,2.373581661056858
select_514,4.371431798094132
select_515,2.373581661056858
unsqueeze_179,3.000458332772056
mul_383,12.878885965068873
slice_781,3.9519649121256775
slice_782,3.9519649121256775
neg_84,11.535965351427071
mul_384,12.878885965068873
add_254,19.91764024109171
mul_385,3.4101137063645743
slice_783,2.520977028805697
slice_784,2.520977028805697
neg_85,4.865108771948961
mul_386,3.4101137063645743
add_255,9.548757873070425
slice_785,2.533626040754219
slice_786,2.533626040754219
unsqueeze_180,3.5117571268459424
slice_787,2.4133979146679243
slice_788,2.4133979146679243
expand_89,4.232695832848549
clone_85,2032.9889604161183
_unsafe_view_84,3.168656249033908
slice_789,2.533626040754219
slice_790,2.533626040754219
unsqueeze_181,3.5117571268459424
slice_791,2.4133979146679243
slice_792,2.4133979146679243
expand_90,4.232695832848549
clone_86,2032.9889604161183
_unsafe_view_85,3.168656249033908
slice_796,3.3312464322793343
slice_797,3.3312464322793343
slice_798,3.3312464322793343
_scaled_dot_product_flash_attention_for_cpu_42,1310.6503666650503
transpose_172,3.6789531432026834
view_770,1.1119735742347283
t_297,6.527348749595694
view_771,1.1119735742347283
mm_168,727.6606807004791
view_772,3.0296361841588166
add_256,7.781027192811956
_to_copy_173,17.911832625071337
pow_86,15.828645962963206
mean_85,41.04454843629624
add_257,2.0730039464538557
rsqrt_85,4.959405469880769
mul_387,6.595864661144278
_to_copy_174,17.911832625071337
mul_388,6.557784025392021
t_298,9.521420728756736
view_773,2.1895353846550436
mm_169,1671.0509663376304
view_774,2.800755404823774
silu_42,39.50630241214837
t_299,9.521420728756736
view_775,2.1895353846550436
mm_170,1671.0509663376304
view_776,4.393855373424135
mul_389,20.484423903467363
t_300,11.589321250254288
view_777,2.1895353846550436
mm_171,1589.0370429822292
view_778,4.393855373424135
add_258,19.91764024109171
_to_copy_175,17.911832625071337
pow_87,15.828645962963206
mean_86,41.04454843629624
add_259,9.548757873070425
rsqrt_86,4.959405469880769
mul_390,6.595864661144278
_to_copy_176,17.911832625071337
mul_391,6.557784025392021
view_779,1.1665098687470483
t_301,6.527348749595694
addmm_129,534.2313552631947
view_780,2.800755404823774
view_781,2.1895353846550436
t_302,5.611609271067816
addmm_130,203.0197400223235
view_782,2.800755404823774
view_783,2.1895353846550436
t_303,5.611609271067816
addmm_131,203.0197400223235
view_784,2.067026316021618
view_785,2.1895353846550436
transpose_173,5.878522697316581
view_786,2.067026316021618
transpose_174,2.184821929586561
view_787,2.1895353846550436
transpose_175,2.184821929586561
split_with_sizes_86,16.864486294109046
select_516,2.373581661056858
select_517,4.371431798094132
select_518,2.373581661056858
select_519,2.373581661056858
select_520,4.371431798094132
select_521,2.373581661056858
unsqueeze_182,3.000458332772056
split_with_sizes_87,16.864486294109046
select_522,2.373581661056858
select_523,4.371431798094132
select_524,2.373581661056858
select_525,2.373581661056858
select_526,4.371431798094132
select_527,2.373581661056858
unsqueeze_183,3.000458332772056
mul_392,12.878885965068873
slice_799,3.9519649121256775
slice_800,3.9519649121256775
neg_86,11.535965351427071
mul_393,12.878885965068873
add_260,19.91764024109171
mul_394,3.4101137063645743
slice_801,2.520977028805697
slice_802,2.520977028805697
neg_87,4.865108771948961
mul_395,3.4101137063645743
add_261,9.548757873070425
slice_803,2.533626040754219
slice_804,2.533626040754219
unsqueeze_184,3.5117571268459424
slice_805,2.4133979146679243
slice_806,2.4133979146679243
expand_91,4.232695832848549
clone_87,2032.9889604161183
_unsafe_view_86,3.168656249033908
slice_807,2.533626040754219
slice_808,2.533626040754219
unsqueeze_185,3.5117571268459424
slice_809,2.4133979146679243
slice_810,2.4133979146679243
expand_92,4.232695832848549
clone_88,2032.9889604161183
_unsafe_view_87,3.168656249033908
slice_814,3.3312464322793343
slice_815,3.3312464322793343
slice_816,3.3312464322793343
_scaled_dot_product_flash_attention_for_cpu_43,1310.6503666650503
transpose_176,3.6789531432026834
view_788,1.1119735742347283
t_304,6.527348749595694
view_789,1.1119735742347283
mm_172,727.6606807004791
view_790,3.0296361841588166
add_262,7.781027192811956
_to_copy_177,17.911832625071337
pow_88,15.828645962963206
mean_87,41.04454843629624
add_263,2.0730039464538557
rsqrt_87,4.959405469880769
mul_396,6.595864661144278
_to_copy_178,17.911832625071337
mul_397,6.557784025392021
t_305,9.521420728756736
view_791,2.1895353846550436
mm_173,1671.0509663376304
view_792,2.800755404823774
silu_43,39.50630241214837
t_306,9.521420728756736
view_793,2.1895353846550436
mm_174,1671.0509663376304
view_794,4.393855373424135
mul_398,20.484423903467363
t_307,11.589321250254288
view_795,2.1895353846550436
mm_175,1589.0370429822292
view_796,4.393855373424135
add_264,19.91764024109171
_to_copy_179,17.911832625071337
pow_89,15.828645962963206
mean_88,41.04454843629624
add_265,9.548757873070425
rsqrt_88,4.959405469880769
mul_399,6.595864661144278
_to_copy_180,17.911832625071337
mul_400,6.557784025392021
view_797,1.1665098687470483
t_308,6.527348749595694
addmm_132,534.2313552631947
view_798,2.800755404823774
view_799,2.1895353846550436
t_309,5.611609271067816
addmm_133,203.0197400223235
view_800,2.800755404823774
view_801,2.1895353846550436
t_310,5.611609271067816
addmm_134,203.0197400223235
view_802,2.067026316021618
view_803,2.1895353846550436
transpose_177,5.878522697316581
view_804,2.067026316021618
transpose_178,2.184821929586561
view_805,2.1895353846550436
transpose_179,2.184821929586561
split_with_sizes_88,16.864486294109046
select_528,2.373581661056858
select_529,4.371431798094132
select_530,2.373581661056858
select_531,2.373581661056858
select_532,4.371431798094132
select_533,2.373581661056858
unsqueeze_186,3.000458332772056
split_with_sizes_89,16.864486294109046
select_534,2.373581661056858
select_535,4.371431798094132
select_536,2.373581661056858
select_537,2.373581661056858
select_538,4.371431798094132
select_539,2.373581661056858
unsqueeze_187,3.000458332772056
mul_401,12.878885965068873
slice_817,3.9519649121256775
slice_818,3.9519649121256775
neg_88,11.535965351427071
mul_402,12.878885965068873
add_266,19.91764024109171
mul_403,3.4101137063645743
slice_819,2.520977028805697
slice_820,2.520977028805697
neg_89,4.865108771948961
mul_404,3.4101137063645743
add_267,9.548757873070425
slice_821,2.533626040754219
slice_822,2.533626040754219
unsqueeze_188,3.5117571268459424
slice_823,2.4133979146679243
slice_824,2.4133979146679243
expand_93,4.232695832848549
clone_89,2032.9889604161183
_unsafe_view_88,3.168656249033908
slice_825,2.533626040754219
slice_826,2.533626040754219
unsqueeze_189,3.5117571268459424
slice_827,2.4133979146679243
slice_828,2.4133979146679243
expand_94,4.232695832848549
clone_90,2032.9889604161183
_unsafe_view_89,3.168656249033908
slice_832,3.3312464322793343
slice_833,3.3312464322793343
slice_834,3.3312464322793343
_scaled_dot_product_flash_attention_for_cpu_44,1310.6503666650503
transpose_180,3.6789531432026834
view_806,1.1119735742347283
t_311,6.527348749595694
view_807,1.1119735742347283
mm_176,727.6606807004791
view_808,3.0296361841588166
add_268,7.781027192811956
_to_copy_181,17.911832625071337
pow_90,15.828645962963206
mean_89,41.04454843629624
add_269,2.0730039464538557
rsqrt_89,4.959405469880769
mul_405,6.595864661144278
_to_copy_182,17.911832625071337
mul_406,6.557784025392021
t_312,9.521420728756736
view_809,2.1895353846550436
mm_177,1671.0509663376304
view_810,2.800755404823774
silu_44,39.50630241214837
t_313,9.521420728756736
view_811,2.1895353846550436
mm_178,1671.0509663376304
view_812,4.393855373424135
mul_407,20.484423903467363
t_314,11.589321250254288
view_813,2.1895353846550436
mm_179,1589.0370429822292
view_814,4.393855373424135
add_270,19.91764024109171
_to_copy_183,17.911832625071337
pow_91,15.828645962963206
mean_90,41.04454843629624
add_271,9.548757873070425
rsqrt_90,4.959405469880769
mul_408,6.595864661144278
_to_copy_184,17.911832625071337
mul_409,6.557784025392021
view_815,1.1665098687470483
t_315,6.527348749595694
addmm_135,534.2313552631947
view_816,2.800755404823774
view_817,2.1895353846550436
t_316,5.611609271067816
addmm_136,203.0197400223235
view_818,2.800755404823774
view_819,2.1895353846550436
t_317,5.611609271067816
addmm_137,203.0197400223235
view_820,2.067026316021618
view_821,2.1895353846550436
transpose_181,5.878522697316581
view_822,2.067026316021618
transpose_182,2.184821929586561
view_823,2.1895353846550436
transpose_183,2.184821929586561
split_with_sizes_90,16.864486294109046
select_540,2.373581661056858
select_541,4.371431798094132
select_542,2.373581661056858
select_543,2.373581661056858
select_544,4.371431798094132
select_545,2.373581661056858
unsqueeze_190,3.000458332772056
split_with_sizes_91,16.864486294109046
select_546,2.373581661056858
select_547,4.371431798094132
select_548,2.373581661056858
select_549,2.373581661056858
select_550,4.371431798094132
select_551,2.373581661056858
unsqueeze_191,3.000458332772056
mul_410,12.878885965068873
slice_835,3.9519649121256775
slice_836,3.9519649121256775
neg_90,11.535965351427071
mul_411,12.878885965068873
add_272,19.91764024109171
mul_412,3.4101137063645743
slice_837,2.520977028805697
slice_838,2.520977028805697
neg_91,4.865108771948961
mul_413,3.4101137063645743
add_273,9.548757873070425
slice_839,2.533626040754219
slice_840,2.533626040754219
unsqueeze_192,3.5117571268459424
slice_841,2.4133979146679243
slice_842,2.4133979146679243
expand_95,4.232695832848549
clone_91,2032.9889604161183
_unsafe_view_90,3.168656249033908
slice_843,2.533626040754219
slice_844,2.533626040754219
unsqueeze_193,3.5117571268459424
slice_845,2.4133979146679243
slice_846,2.4133979146679243
expand_96,4.232695832848549
clone_92,2032.9889604161183
_unsafe_view_91,3.168656249033908
slice_850,3.3312464322793343
slice_851,3.3312464322793343
slice_852,3.3312464322793343
_scaled_dot_product_flash_attention_for_cpu_45,1310.6503666650503
transpose_184,3.6789531432026834
view_824,1.1119735742347283
t_318,6.527348749595694
view_825,1.1119735742347283
mm_180,727.6606807004791
view_826,3.0296361841588166
add_274,7.781027192811956
_to_copy_185,17.911832625071337
pow_92,15.828645962963206
mean_91,41.04454843629624
add_275,2.0730039464538557
rsqrt_91,4.959405469880769
mul_414,6.595864661144278
_to_copy_186,17.911832625071337
mul_415,6.557784025392021
t_319,9.521420728756736
view_827,2.1895353846550436
mm_181,1671.0509663376304
view_828,2.800755404823774
silu_45,39.50630241214837
t_320,9.521420728756736
view_829,2.1895353846550436
mm_182,1671.0509663376304
view_830,4.393855373424135
mul_416,20.484423903467363
t_321,11.589321250254288
view_831,2.1895353846550436
mm_183,1589.0370429822292
view_832,4.393855373424135
add_276,19.91764024109171
_to_copy_187,17.911832625071337
pow_93,15.828645962963206
mean_92,41.04454843629624
add_277,9.548757873070425
rsqrt_92,4.959405469880769
mul_417,6.595864661144278
_to_copy_188,17.911832625071337
mul_418,6.557784025392021
view_833,1.1665098687470483
t_322,6.527348749595694
addmm_138,534.2313552631947
view_834,2.800755404823774
view_835,2.1895353846550436
t_323,5.611609271067816
addmm_139,203.0197400223235
view_836,2.800755404823774
view_837,2.1895353846550436
t_324,5.611609271067816
addmm_140,203.0197400223235
view_838,2.067026316021618
view_839,2.1895353846550436
transpose_185,5.878522697316581
view_840,2.067026316021618
transpose_186,2.184821929586561
view_841,2.1895353846550436
transpose_187,2.184821929586561
split_with_sizes_92,16.864486294109046
select_552,2.373581661056858
select_553,4.371431798094132
select_554,2.373581661056858
select_555,2.373581661056858
select_556,4.371431798094132
select_557,2.373581661056858
unsqueeze_194,3.000458332772056
split_with_sizes_93,16.864486294109046
select_558,2.373581661056858
select_559,4.371431798094132
select_560,2.373581661056858
select_561,2.373581661056858
select_562,4.371431798094132
select_563,2.373581661056858
unsqueeze_195,3.000458332772056
mul_419,12.878885965068873
slice_853,3.9519649121256775
slice_854,3.9519649121256775
neg_92,11.535965351427071
mul_420,12.878885965068873
add_278,19.91764024109171
mul_421,3.4101137063645743
slice_855,2.520977028805697
slice_856,2.520977028805697
neg_93,4.865108771948961
mul_422,3.4101137063645743
add_279,9.548757873070425
slice_857,2.533626040754219
slice_858,2.533626040754219
unsqueeze_196,3.5117571268459424
slice_859,2.4133979146679243
slice_860,2.4133979146679243
expand_97,4.232695832848549
clone_93,2032.9889604161183
_unsafe_view_92,3.168656249033908
slice_861,2.533626040754219
slice_862,2.533626040754219
unsqueeze_197,3.5117571268459424
slice_863,2.4133979146679243
slice_864,2.4133979146679243
expand_98,4.232695832848549
clone_94,2032.9889604161183
_unsafe_view_93,3.168656249033908
slice_868,3.3312464322793343
slice_869,3.3312464322793343
slice_870,3.3312464322793343
_scaled_dot_product_flash_attention_for_cpu_46,1310.6503666650503
transpose_188,3.6789531432026834
view_842,1.1119735742347283
t_325,6.527348749595694
view_843,1.1119735742347283
mm_184,727.6606807004791
view_844,3.0296361841588166
add_280,7.781027192811956
_to_copy_189,17.911832625071337
pow_94,15.828645962963206
mean_93,41.04454843629624
add_281,2.0730039464538557
rsqrt_93,4.959405469880769
mul_423,6.595864661144278
_to_copy_190,17.911832625071337
mul_424,6.557784025392021
t_326,9.521420728756736
view_845,2.1895353846550436
mm_185,1671.0509663376304
view_846,2.800755404823774
silu_46,39.50630241214837
t_327,9.521420728756736
view_847,2.1895353846550436
mm_186,1671.0509663376304
view_848,4.393855373424135
mul_425,20.484423903467363
t_328,11.589321250254288
view_849,2.1895353846550436
mm_187,1589.0370429822292
view_850,4.393855373424135
add_282,19.91764024109171
_to_copy_191,17.911832625071337
pow_95,15.828645962963206
mean_94,41.04454843629624
add_283,9.548757873070425
rsqrt_94,4.959405469880769
mul_426,6.595864661144278
_to_copy_192,17.911832625071337
mul_427,6.557784025392021
view_851,1.1665098687470483
t_329,6.527348749595694
addmm_141,534.2313552631947
view_852,2.800755404823774
view_853,2.1895353846550436
t_330,5.611609271067816
addmm_142,203.0197400223235
view_854,2.800755404823774
view_855,2.1895353846550436
t_331,5.611609271067816
addmm_143,203.0197400223235
view_856,2.067026316021618
view_857,2.1895353846550436
transpose_189,5.878522697316581
view_858,2.067026316021618
transpose_190,2.184821929586561
view_859,2.1895353846550436
transpose_191,2.184821929586561
split_with_sizes_94,16.864486294109046
select_564,2.373581661056858
select_565,4.371431798094132
select_566,2.373581661056858
select_567,2.373581661056858
select_568,4.371431798094132
select_569,2.373581661056858
unsqueeze_198,3.000458332772056
split_with_sizes_95,16.864486294109046
select_570,2.373581661056858
select_571,4.371431798094132
select_572,2.373581661056858
select_573,2.373581661056858
select_574,4.371431798094132
select_575,2.373581661056858
unsqueeze_199,3.000458332772056
mul_428,12.878885965068873
slice_871,3.9519649121256775
slice_872,3.9519649121256775
neg_94,11.535965351427071
mul_429,12.878885965068873
add_284,19.91764024109171
mul_430,3.4101137063645743
slice_873,2.520977028805697
slice_874,2.520977028805697
neg_95,4.865108771948961
mul_431,3.4101137063645743
add_285,9.548757873070425
slice_875,2.533626040754219
slice_876,2.533626040754219
unsqueeze_200,3.5117571268459424
slice_877,2.4133979146679243
slice_878,2.4133979146679243
expand_99,4.232695832848549
clone_95,2032.9889604161183
_unsafe_view_94,3.168656249033908
slice_879,2.533626040754219
slice_880,2.533626040754219
unsqueeze_201,3.5117571268459424
slice_881,2.4133979146679243
slice_882,2.4133979146679243
expand_100,4.232695832848549
clone_96,2032.9889604161183
_unsafe_view_95,3.168656249033908
slice_886,3.3312464322793343
slice_887,3.3312464322793343
slice_888,3.3312464322793343
_scaled_dot_product_flash_attention_for_cpu_47,1310.6503666650503
transpose_192,3.6789531432026834
view_860,1.1119735742347283
t_332,6.527348749595694
view_861,1.1119735742347283
mm_188,727.6606807004791
view_862,3.0296361841588166
add_286,7.781027192811956
_to_copy_193,17.911832625071337
pow_96,15.828645962963206
mean_95,41.04454843629624
add_287,2.0730039464538557
rsqrt_95,4.959405469880769
mul_432,6.595864661144278
_to_copy_194,17.911832625071337
mul_433,6.557784025392021
t_333,9.521420728756736
view_863,2.1895353846550436
mm_189,1671.0509663376304
view_864,2.800755404823774
silu_47,39.50630241214837
t_334,9.521420728756736
view_865,2.1895353846550436
mm_190,1671.0509663376304
view_866,4.393855373424135
mul_434,20.484423903467363
t_335,11.589321250254288
view_867,2.1895353846550436
mm_191,1589.0370429822292
view_868,4.393855373424135
add_288,19.91764024109171
_to_copy_195,17.911832625071337
pow_97,15.828645962963206
mean_96,41.04454843629624
add_289,9.548757873070425
rsqrt_96,4.959405469880769
mul_435,6.595864661144278
_to_copy_196,17.911832625071337
mul_436,6.557784025392021
view_869,1.1665098687470483
t_336,6.527348749595694
addmm_144,534.2313552631947
view_870,2.800755404823774
view_871,2.1895353846550436
t_337,5.611609271067816
addmm_145,203.0197400223235
view_872,2.800755404823774
view_873,2.1895353846550436
t_338,5.611609271067816
addmm_146,203.0197400223235
view_874,2.067026316021618
view_875,2.1895353846550436
transpose_193,5.878522697316581
view_876,2.067026316021618
transpose_194,2.184821929586561
view_877,2.1895353846550436
transpose_195,2.184821929586561
split_with_sizes_96,16.864486294109046
select_576,2.373581661056858
select_577,4.371431798094132
select_578,2.373581661056858
select_579,2.373581661056858
select_580,4.371431798094132
select_581,2.373581661056858
unsqueeze_202,3.000458332772056
split_with_sizes_97,16.864486294109046
select_582,2.373581661056858
select_583,4.371431798094132
select_584,2.373581661056858
select_585,2.373581661056858
select_586,4.371431798094132
select_587,2.373581661056858
unsqueeze_203,3.000458332772056
mul_437,12.878885965068873
slice_889,3.9519649121256775
slice_890,3.9519649121256775
neg_96,11.535965351427071
mul_438,12.878885965068873
add_290,19.91764024109171
mul_439,3.4101137063645743
slice_891,2.520977028805697
slice_892,2.520977028805697
neg_97,4.865108771948961
mul_440,3.4101137063645743
add_291,9.548757873070425
slice_893,2.533626040754219
slice_894,2.533626040754219
unsqueeze_204,3.5117571268459424
slice_895,2.4133979146679243
slice_896,2.4133979146679243
expand_101,4.232695832848549
clone_97,2032.9889604161183
_unsafe_view_96,3.168656249033908
slice_897,2.533626040754219
slice_898,2.533626040754219
unsqueeze_205,3.5117571268459424
slice_899,2.4133979146679243
slice_900,2.4133979146679243
expand_102,4.232695832848549
clone_98,2032.9889604161183
_unsafe_view_97,3.168656249033908
slice_904,3.3312464322793343
slice_905,3.3312464322793343
slice_906,3.3312464322793343
_scaled_dot_product_flash_attention_for_cpu_48,1310.6503666650503
transpose_196,3.6789531432026834
view_878,1.1119735742347283
t_339,6.527348749595694
view_879,1.1119735742347283
mm_192,727.6606807004791
view_880,3.0296361841588166
add_292,7.781027192811956
_to_copy_197,17.911832625071337
pow_98,15.828645962963206
mean_97,41.04454843629624
add_293,2.0730039464538557
rsqrt_97,4.959405469880769
mul_441,6.595864661144278
_to_copy_198,17.911832625071337
mul_442,6.557784025392021
t_340,9.521420728756736
view_881,2.1895353846550436
mm_193,1671.0509663376304
view_882,2.800755404823774
silu_48,39.50630241214837
t_341,9.521420728756736
view_883,2.1895353846550436
mm_194,1671.0509663376304
view_884,4.393855373424135
mul_443,20.484423903467363
t_342,11.589321250254288
view_885,2.1895353846550436
mm_195,1589.0370429822292
view_886,4.393855373424135
add_294,19.91764024109171
_to_copy_199,17.911832625071337
pow_99,15.828645962963206
mean_98,41.04454843629624
add_295,9.548757873070425
rsqrt_98,4.959405469880769
mul_444,6.595864661144278
_to_copy_200,17.911832625071337
mul_445,6.557784025392021
view_887,1.1665098687470483
t_343,6.527348749595694
addmm_147,534.2313552631947
view_888,2.800755404823774
view_889,2.1895353846550436
t_344,5.611609271067816
addmm_148,203.0197400223235
view_890,2.800755404823774
view_891,2.1895353846550436
t_345,5.611609271067816
addmm_149,203.0197400223235
view_892,2.067026316021618
view_893,2.1895353846550436
transpose_197,5.878522697316581
view_894,2.067026316021618
transpose_198,2.184821929586561
view_895,2.1895353846550436
transpose_199,2.184821929586561
split_with_sizes_98,16.864486294109046
select_588,2.373581661056858
select_589,4.371431798094132
select_590,2.373581661056858
select_591,2.373581661056858
select_592,4.371431798094132
select_593,2.373581661056858
unsqueeze_206,3.000458332772056
split_with_sizes_99,16.864486294109046
select_594,2.373581661056858
select_595,4.371431798094132
select_596,2.373581661056858
select_597,2.373581661056858
select_598,4.371431798094132
select_599,2.373581661056858
unsqueeze_207,3.000458332772056
mul_446,12.878885965068873
slice_907,3.9519649121256775
slice_908,3.9519649121256775
neg_98,11.535965351427071
mul_447,12.878885965068873
add_296,19.91764024109171
mul_448,3.4101137063645743
slice_909,2.520977028805697
slice_910,2.520977028805697
neg_99,4.865108771948961
mul_449,3.4101137063645743
add_297,9.548757873070425
slice_911,2.533626040754219
slice_912,2.533626040754219
unsqueeze_208,3.5117571268459424
slice_913,2.4133979146679243
slice_914,2.4133979146679243
expand_103,4.232695832848549
clone_99,2032.9889604161183
_unsafe_view_98,3.168656249033908
slice_915,2.533626040754219
slice_916,2.533626040754219
unsqueeze_209,3.5117571268459424
slice_917,2.4133979146679243
slice_918,2.4133979146679243
expand_104,4.232695832848549
clone_100,2032.9889604161183
_unsafe_view_99,3.168656249033908
slice_922,3.3312464322793343
slice_923,3.3312464322793343
slice_924,3.3312464322793343
_scaled_dot_product_flash_attention_for_cpu_49,1310.6503666650503
transpose_200,3.6789531432026834
view_896,1.1119735742347283
t_346,6.527348749595694
view_897,1.1119735742347283
mm_196,727.6606807004791
view_898,3.0296361841588166
add_298,7.781027192811956
_to_copy_201,17.911832625071337
pow_100,15.828645962963206
mean_99,41.04454843629624
add_299,2.0730039464538557
rsqrt_99,4.959405469880769
mul_450,6.595864661144278
_to_copy_202,17.911832625071337
mul_451,6.557784025392021
t_347,9.521420728756736
view_899,2.1895353846550436
mm_197,1671.0509663376304
view_900,2.800755404823774
silu_49,39.50630241214837
t_348,9.521420728756736
view_901,2.1895353846550436
mm_198,1671.0509663376304
view_902,4.393855373424135
mul_452,20.484423903467363
t_349,11.589321250254288
view_903,2.1895353846550436
mm_199,1589.0370429822292
view_904,4.393855373424135
add_300,19.91764024109171
_to_copy_203,17.911832625071337
pow_101,15.828645962963206
mean_100,41.04454843629624
add_301,9.548757873070425
rsqrt_100,4.959405469880769
mul_453,6.595864661144278
_to_copy_204,17.911832625071337
mul_454,6.557784025392021
view_905,1.1665098687470483
t_350,6.527348749595694
addmm_150,534.2313552631947
view_906,2.800755404823774
view_907,2.1895353846550436
t_351,5.611609271067816
addmm_151,203.0197400223235
view_908,2.800755404823774
view_909,2.1895353846550436
t_352,5.611609271067816
addmm_152,203.0197400223235
view_910,2.067026316021618
view_911,2.1895353846550436
transpose_201,5.878522697316581
view_912,2.067026316021618
transpose_202,2.184821929586561
view_913,2.1895353846550436
transpose_203,2.184821929586561
split_with_sizes_100,16.864486294109046
select_600,2.373581661056858
select_601,4.371431798094132
select_602,2.373581661056858
select_603,2.373581661056858
select_604,4.371431798094132
select_605,2.373581661056858
unsqueeze_210,3.000458332772056
split_with_sizes_101,16.864486294109046
select_606,2.373581661056858
select_607,4.371431798094132
select_608,2.373581661056858
select_609,2.373581661056858
select_610,4.371431798094132
select_611,2.373581661056858
unsqueeze_211,3.000458332772056
mul_455,12.878885965068873
slice_925,3.9519649121256775
slice_926,3.9519649121256775
neg_100,11.535965351427071
mul_456,12.878885965068873
add_302,19.91764024109171
mul_457,3.4101137063645743
slice_927,2.520977028805697
slice_928,2.520977028805697
neg_101,4.865108771948961
mul_458,3.4101137063645743
add_303,9.548757873070425
slice_929,2.533626040754219
slice_930,2.533626040754219
unsqueeze_212,3.5117571268459424
slice_931,2.4133979146679243
slice_932,2.4133979146679243
expand_105,4.232695832848549
clone_101,2032.9889604161183
_unsafe_view_100,3.168656249033908
slice_933,2.533626040754219
slice_934,2.533626040754219
unsqueeze_213,3.5117571268459424
slice_935,2.4133979146679243
slice_936,2.4133979146679243
expand_106,4.232695832848549
clone_102,2032.9889604161183
_unsafe_view_101,3.168656249033908
slice_940,3.3312464322793343
slice_941,3.3312464322793343
slice_942,3.3312464322793343
_scaled_dot_product_flash_attention_for_cpu_50,1310.6503666650503
transpose_204,3.6789531432026834
view_914,1.1119735742347283
t_353,6.527348749595694
view_915,1.1119735742347283
mm_200,727.6606807004791
view_916,3.0296361841588166
add_304,7.781027192811956
_to_copy_205,17.911832625071337
pow_102,15.828645962963206
mean_101,41.04454843629624
add_305,2.0730039464538557
rsqrt_101,4.959405469880769
mul_459,6.595864661144278
_to_copy_206,17.911832625071337
mul_460,6.557784025392021
t_354,9.521420728756736
view_917,2.1895353846550436
mm_201,1671.0509663376304
view_918,2.800755404823774
silu_50,39.50630241214837
t_355,9.521420728756736
view_919,2.1895353846550436
mm_202,1671.0509663376304
view_920,4.393855373424135
mul_461,20.484423903467363
t_356,11.589321250254288
view_921,2.1895353846550436
mm_203,1589.0370429822292
view_922,4.393855373424135
add_306,19.91764024109171
_to_copy_207,17.911832625071337
pow_103,15.828645962963206
mean_102,41.04454843629624
add_307,9.548757873070425
rsqrt_102,4.959405469880769
mul_462,6.595864661144278
_to_copy_208,17.911832625071337
mul_463,6.557784025392021
view_923,1.1665098687470483
t_357,6.527348749595694
addmm_153,534.2313552631947
view_924,2.800755404823774
view_925,2.1895353846550436
t_358,5.611609271067816
addmm_154,203.0197400223235
view_926,2.800755404823774
view_927,2.1895353846550436
t_359,5.611609271067816
addmm_155,203.0197400223235
view_928,2.067026316021618
view_929,2.1895353846550436
transpose_205,5.878522697316581
view_930,2.067026316021618
transpose_206,2.184821929586561
view_931,2.1895353846550436
transpose_207,2.184821929586561
split_with_sizes_102,16.864486294109046
select_612,2.373581661056858
select_613,4.371431798094132
select_614,2.373581661056858
select_615,2.373581661056858
select_616,4.371431798094132
select_617,2.373581661056858
unsqueeze_214,3.000458332772056
split_with_sizes_103,16.864486294109046
select_618,2.373581661056858
select_619,4.371431798094132
select_620,2.373581661056858
select_621,2.373581661056858
select_622,4.371431798094132
select_623,2.373581661056858
unsqueeze_215,3.000458332772056
mul_464,12.878885965068873
slice_943,3.9519649121256775
slice_944,3.9519649121256775
neg_102,11.535965351427071
mul_465,12.878885965068873
add_308,19.91764024109171
mul_466,3.4101137063645743
slice_945,2.520977028805697
slice_946,2.520977028805697
neg_103,4.865108771948961
mul_467,3.4101137063645743
add_309,9.548757873070425
slice_947,2.533626040754219
slice_948,2.533626040754219
unsqueeze_216,3.5117571268459424
slice_949,2.4133979146679243
slice_950,2.4133979146679243
expand_107,4.232695832848549
clone_103,2032.9889604161183
_unsafe_view_102,3.168656249033908
slice_951,2.533626040754219
slice_952,2.533626040754219
unsqueeze_217,3.5117571268459424
slice_953,2.4133979146679243
slice_954,2.4133979146679243
expand_108,4.232695832848549
clone_104,2032.9889604161183
_unsafe_view_103,3.168656249033908
slice_958,3.3312464322793343
slice_959,3.3312464322793343
slice_960,3.3312464322793343
_scaled_dot_product_flash_attention_for_cpu_51,1310.6503666650503
transpose_208,3.6789531432026834
view_932,1.1119735742347283
t_360,6.527348749595694
view_933,1.1119735742347283
mm_204,727.6606807004791
view_934,3.0296361841588166
add_310,7.781027192811956
_to_copy_209,17.911832625071337
pow_104,15.828645962963206
mean_103,41.04454843629624
add_311,2.0730039464538557
rsqrt_103,4.959405469880769
mul_468,6.595864661144278
_to_copy_210,17.911832625071337
mul_469,6.557784025392021
t_361,9.521420728756736
view_935,2.1895353846550436
mm_205,1671.0509663376304
view_936,2.800755404823774
silu_51,39.50630241214837
t_362,9.521420728756736
view_937,2.1895353846550436
mm_206,1671.0509663376304
view_938,4.393855373424135
mul_470,20.484423903467363
t_363,11.589321250254288
view_939,2.1895353846550436
mm_207,1589.0370429822292
view_940,4.393855373424135
add_312,19.91764024109171
_to_copy_211,17.911832625071337
pow_105,15.828645962963206
mean_104,41.04454843629624
add_313,9.548757873070425
rsqrt_104,4.959405469880769
mul_471,6.595864661144278
_to_copy_212,17.911832625071337
mul_472,6.557784025392021
view_941,1.1665098687470483
t_364,6.527348749595694
addmm_156,534.2313552631947
view_942,2.800755404823774
view_943,2.1895353846550436
t_365,5.611609271067816
addmm_157,203.0197400223235
view_944,2.800755404823774
view_945,2.1895353846550436
t_366,5.611609271067816
addmm_158,203.0197400223235
view_946,2.067026316021618
view_947,2.1895353846550436
transpose_209,5.878522697316581
view_948,2.067026316021618
transpose_210,2.184821929586561
view_949,2.1895353846550436
transpose_211,2.184821929586561
split_with_sizes_104,16.864486294109046
select_624,2.373581661056858
select_625,4.371431798094132
select_626,2.373581661056858
select_627,2.373581661056858
select_628,4.371431798094132
select_629,2.373581661056858
unsqueeze_218,3.000458332772056
split_with_sizes_105,16.864486294109046
select_630,2.373581661056858
select_631,4.371431798094132
select_632,2.373581661056858
select_633,2.373581661056858
select_634,4.371431798094132
select_635,2.373581661056858
unsqueeze_219,3.000458332772056
mul_473,12.878885965068873
slice_961,3.9519649121256775
slice_962,3.9519649121256775
neg_104,11.535965351427071
mul_474,12.878885965068873
add_314,19.91764024109171
mul_475,3.4101137063645743
slice_963,2.520977028805697
slice_964,2.520977028805697
neg_105,4.865108771948961
mul_476,3.4101137063645743
add_315,9.548757873070425
slice_965,2.533626040754219
slice_966,2.533626040754219
unsqueeze_220,3.5117571268459424
slice_967,2.4133979146679243
slice_968,2.4133979146679243
expand_109,4.232695832848549
clone_105,2032.9889604161183
_unsafe_view_104,3.168656249033908
slice_969,2.533626040754219
slice_970,2.533626040754219
unsqueeze_221,3.5117571268459424
slice_971,2.4133979146679243
slice_972,2.4133979146679243
expand_110,4.232695832848549
clone_106,2032.9889604161183
_unsafe_view_105,3.168656249033908
slice_976,3.3312464322793343
slice_977,3.3312464322793343
slice_978,3.3312464322793343
_scaled_dot_product_flash_attention_for_cpu_52,1310.6503666650503
transpose_212,3.6789531432026834
view_950,1.1119735742347283
t_367,6.527348749595694
view_951,1.1119735742347283
mm_208,727.6606807004791
view_952,3.0296361841588166
add_316,7.781027192811956
_to_copy_213,17.911832625071337
pow_106,15.828645962963206
mean_105,41.04454843629624
add_317,2.0730039464538557
rsqrt_105,4.959405469880769
mul_477,6.595864661144278
_to_copy_214,17.911832625071337
mul_478,6.557784025392021
t_368,9.521420728756736
view_953,2.1895353846550436
mm_209,1671.0509663376304
view_954,2.800755404823774
silu_52,39.50630241214837
t_369,9.521420728756736
view_955,2.1895353846550436
mm_210,1671.0509663376304
view_956,4.393855373424135
mul_479,20.484423903467363
t_370,11.589321250254288
view_957,2.1895353846550436
mm_211,1589.0370429822292
view_958,4.393855373424135
add_318,19.91764024109171
_to_copy_215,17.911832625071337
pow_107,15.828645962963206
mean_106,41.04454843629624
add_319,9.548757873070425
rsqrt_106,4.959405469880769
mul_480,6.595864661144278
_to_copy_216,17.911832625071337
mul_481,6.557784025392021
view_959,1.1665098687470483
t_371,6.527348749595694
addmm_159,534.2313552631947
view_960,2.800755404823774
view_961,2.1895353846550436
t_372,5.611609271067816
addmm_160,203.0197400223235
view_962,2.800755404823774
view_963,2.1895353846550436
t_373,5.611609271067816
addmm_161,203.0197400223235
view_964,2.067026316021618
view_965,2.1895353846550436
transpose_213,5.878522697316581
view_966,2.067026316021618
transpose_214,2.184821929586561
view_967,2.1895353846550436
transpose_215,2.184821929586561
split_with_sizes_106,16.864486294109046
select_636,2.373581661056858
select_637,4.371431798094132
select_638,2.373581661056858
select_639,2.373581661056858
select_640,4.371431798094132
select_641,2.373581661056858
unsqueeze_222,3.000458332772056
split_with_sizes_107,16.864486294109046
select_642,2.373581661056858
select_643,4.371431798094132
select_644,2.373581661056858
select_645,2.373581661056858
select_646,4.371431798094132
select_647,2.373581661056858
unsqueeze_223,3.000458332772056
mul_482,12.878885965068873
slice_979,3.9519649121256775
slice_980,3.9519649121256775
neg_106,11.535965351427071
mul_483,12.878885965068873
add_320,19.91764024109171
mul_484,3.4101137063645743
slice_981,2.520977028805697
slice_982,2.520977028805697
neg_107,4.865108771948961
mul_485,3.4101137063645743
add_321,9.548757873070425
slice_983,2.533626040754219
slice_984,2.533626040754219
unsqueeze_224,3.5117571268459424
slice_985,2.4133979146679243
slice_986,2.4133979146679243
expand_111,4.232695832848549
clone_107,2032.9889604161183
_unsafe_view_106,3.168656249033908
slice_987,2.533626040754219
slice_988,2.533626040754219
unsqueeze_225,3.5117571268459424
slice_989,2.4133979146679243
slice_990,2.4133979146679243
expand_112,4.232695832848549
clone_108,2032.9889604161183
_unsafe_view_107,3.168656249033908
slice_994,3.3312464322793343
slice_995,3.3312464322793343
slice_996,3.3312464322793343
_scaled_dot_product_flash_attention_for_cpu_53,1310.6503666650503
transpose_216,3.6789531432026834
view_968,1.1119735742347283
t_374,6.527348749595694
view_969,1.1119735742347283
mm_212,727.6606807004791
view_970,3.0296361841588166
add_322,7.781027192811956
_to_copy_217,17.911832625071337
pow_108,15.828645962963206
mean_107,41.04454843629624
add_323,2.0730039464538557
rsqrt_107,4.959405469880769
mul_486,6.595864661144278
_to_copy_218,17.911832625071337
mul_487,6.557784025392021
t_375,9.521420728756736
view_971,2.1895353846550436
mm_213,1671.0509663376304
view_972,2.800755404823774
silu_53,39.50630241214837
t_376,9.521420728756736
view_973,2.1895353846550436
mm_214,1671.0509663376304
view_974,4.393855373424135
mul_488,20.484423903467363
t_377,11.589321250254288
view_975,2.1895353846550436
mm_215,1589.0370429822292
view_976,4.393855373424135
add_324,19.91764024109171
_to_copy_219,17.911832625071337
pow_109,15.828645962963206
mean_108,41.04454843629624
add_325,9.548757873070425
rsqrt_108,4.959405469880769
mul_489,6.595864661144278
_to_copy_220,17.911832625071337
mul_490,6.557784025392021
view_977,1.1665098687470483
t_378,6.527348749595694
addmm_162,534.2313552631947
view_978,2.800755404823774
view_979,2.1895353846550436
t_379,5.611609271067816
addmm_163,203.0197400223235
view_980,2.800755404823774
view_981,2.1895353846550436
t_380,5.611609271067816
addmm_164,203.0197400223235
view_982,2.067026316021618
view_983,2.1895353846550436
transpose_217,5.878522697316581
view_984,2.067026316021618
transpose_218,2.184821929586561
view_985,2.1895353846550436
transpose_219,2.184821929586561
split_with_sizes_108,16.864486294109046
select_648,2.373581661056858
select_649,4.371431798094132
select_650,2.373581661056858
select_651,2.373581661056858
select_652,4.371431798094132
select_653,2.373581661056858
unsqueeze_226,3.000458332772056
split_with_sizes_109,16.864486294109046
select_654,2.373581661056858
select_655,4.371431798094132
select_656,2.373581661056858
select_657,2.373581661056858
select_658,4.371431798094132
select_659,2.373581661056858
unsqueeze_227,3.000458332772056
mul_491,12.878885965068873
slice_997,3.9519649121256775
slice_998,3.9519649121256775
neg_108,11.535965351427071
mul_492,12.878885965068873
add_326,19.91764024109171
mul_493,3.4101137063645743
slice_999,2.520977028805697
slice_1000,2.520977028805697
neg_109,4.865108771948961
mul_494,3.4101137063645743
add_327,9.548757873070425
slice_1001,2.533626040754219
slice_1002,2.533626040754219
unsqueeze_228,3.5117571268459424
slice_1003,2.4133979146679243
slice_1004,2.4133979146679243
expand_113,4.232695832848549
clone_109,2032.9889604161183
_unsafe_view_108,3.168656249033908
slice_1005,2.533626040754219
slice_1006,2.533626040754219
unsqueeze_229,3.5117571268459424
slice_1007,2.4133979146679243
slice_1008,2.4133979146679243
expand_114,4.232695832848549
clone_110,2032.9889604161183
_unsafe_view_109,3.168656249033908
slice_1012,3.3312464322793343
slice_1013,3.3312464322793343
slice_1014,3.3312464322793343
_scaled_dot_product_flash_attention_for_cpu_54,1310.6503666650503
transpose_220,3.6789531432026834
view_986,1.1119735742347283
t_381,6.527348749595694
view_987,1.1119735742347283
mm_216,727.6606807004791
view_988,3.0296361841588166
add_328,7.781027192811956
_to_copy_221,17.911832625071337
pow_110,15.828645962963206
mean_109,41.04454843629624
add_329,2.0730039464538557
rsqrt_109,4.959405469880769
mul_495,6.595864661144278
_to_copy_222,17.911832625071337
mul_496,6.557784025392021
t_382,9.521420728756736
view_989,2.1895353846550436
mm_217,1671.0509663376304
view_990,2.800755404823774
silu_54,39.50630241214837
t_383,9.521420728756736
view_991,2.1895353846550436
mm_218,1671.0509663376304
view_992,4.393855373424135
mul_497,20.484423903467363
t_384,11.589321250254288
view_993,2.1895353846550436
mm_219,1589.0370429822292
view_994,4.393855373424135
add_330,19.91764024109171
_to_copy_223,17.911832625071337
pow_111,15.828645962963206
mean_110,41.04454843629624
add_331,9.548757873070425
rsqrt_110,4.959405469880769
mul_498,6.595864661144278
_to_copy_224,17.911832625071337
mul_499,6.557784025392021
view_995,1.1665098687470483
t_385,6.527348749595694
addmm_165,534.2313552631947
view_996,2.800755404823774
view_997,2.1895353846550436
t_386,5.611609271067816
addmm_166,203.0197400223235
view_998,2.800755404823774
view_999,2.1895353846550436
t_387,5.611609271067816
addmm_167,203.0197400223235
view_1000,2.067026316021618
view_1001,2.1895353846550436
transpose_221,5.878522697316581
view_1002,2.067026316021618
transpose_222,2.184821929586561
view_1003,2.1895353846550436
transpose_223,2.184821929586561
split_with_sizes_110,16.864486294109046
select_660,2.373581661056858
select_661,4.371431798094132
select_662,2.373581661056858
select_663,2.373581661056858
select_664,4.371431798094132
select_665,2.373581661056858
unsqueeze_230,3.000458332772056
split_with_sizes_111,16.864486294109046
select_666,2.373581661056858
select_667,4.371431798094132
select_668,2.373581661056858
select_669,2.373581661056858
select_670,4.371431798094132
select_671,2.373581661056858
unsqueeze_231,3.000458332772056
mul_500,12.878885965068873
slice_1015,3.9519649121256775
slice_1016,3.9519649121256775
neg_110,11.535965351427071
mul_501,12.878885965068873
add_332,19.91764024109171
mul_502,3.4101137063645743
slice_1017,2.520977028805697
slice_1018,2.520977028805697
neg_111,4.865108771948961
mul_503,3.4101137063645743
add_333,9.548757873070425
slice_1019,2.533626040754219
slice_1020,2.533626040754219
unsqueeze_232,3.5117571268459424
slice_1021,2.4133979146679243
slice_1022,2.4133979146679243
expand_115,4.232695832848549
clone_111,2032.9889604161183
_unsafe_view_110,3.168656249033908
slice_1023,2.533626040754219
slice_1024,2.533626040754219
unsqueeze_233,3.5117571268459424
slice_1025,2.4133979146679243
slice_1026,2.4133979146679243
expand_116,4.232695832848549
clone_112,2032.9889604161183
_unsafe_view_111,3.168656249033908
slice_1030,3.3312464322793343
slice_1031,3.3312464322793343
slice_1032,3.3312464322793343
_scaled_dot_product_flash_attention_for_cpu_55,1310.6503666650503
transpose_224,3.6789531432026834
view_1004,1.1119735742347283
t_388,6.527348749595694
view_1005,1.1119735742347283
mm_220,727.6606807004791
view_1006,3.0296361841588166
add_334,7.781027192811956
_to_copy_225,17.911832625071337
pow_112,15.828645962963206
mean_111,41.04454843629624
add_335,2.0730039464538557
rsqrt_111,4.959405469880769
mul_504,6.595864661144278
_to_copy_226,17.911832625071337
mul_505,6.557784025392021
t_389,9.521420728756736
view_1007,2.1895353846550436
mm_221,1671.0509663376304
view_1008,2.800755404823774
silu_55,39.50630241214837
t_390,9.521420728756736
view_1009,2.1895353846550436
mm_222,1671.0509663376304
view_1010,4.393855373424135
mul_506,20.484423903467363
t_391,11.589321250254288
view_1011,2.1895353846550436
mm_223,1589.0370429822292
view_1012,4.393855373424135
add_336,19.91764024109171
_to_copy_227,17.911832625071337
pow_113,15.828645962963206
mean_112,41.04454843629624
add_337,9.548757873070425
rsqrt_112,4.959405469880769
mul_507,6.595864661144278
_to_copy_228,17.911832625071337
mul_508,6.557784025392021
view_1013,1.1665098687470483
t_392,6.527348749595694
addmm_168,534.2313552631947
view_1014,2.800755404823774
view_1015,2.1895353846550436
t_393,5.611609271067816
addmm_169,203.0197400223235
view_1016,2.800755404823774
view_1017,2.1895353846550436
t_394,5.611609271067816
addmm_170,203.0197400223235
view_1018,2.067026316021618
view_1019,2.1895353846550436
transpose_225,5.878522697316581
view_1020,2.067026316021618
transpose_226,2.184821929586561
view_1021,2.1895353846550436
transpose_227,2.184821929586561
split_with_sizes_112,16.864486294109046
select_672,2.373581661056858
select_673,4.371431798094132
select_674,2.373581661056858
select_675,2.373581661056858
select_676,4.371431798094132
select_677,2.373581661056858
unsqueeze_234,3.000458332772056
split_with_sizes_113,16.864486294109046
select_678,2.373581661056858
select_679,4.371431798094132
select_680,2.373581661056858
select_681,2.373581661056858
select_682,4.371431798094132
select_683,2.373581661056858
unsqueeze_235,3.000458332772056
mul_509,12.878885965068873
slice_1033,3.9519649121256775
slice_1034,3.9519649121256775
neg_112,11.535965351427071
mul_510,12.878885965068873
add_338,19.91764024109171
mul_511,3.4101137063645743
slice_1035,2.520977028805697
slice_1036,2.520977028805697
neg_113,4.865108771948961
mul_512,3.4101137063645743
add_339,9.548757873070425
slice_1037,2.533626040754219
slice_1038,2.533626040754219
unsqueeze_236,3.5117571268459424
slice_1039,2.4133979146679243
slice_1040,2.4133979146679243
expand_117,4.232695832848549
clone_113,2032.9889604161183
_unsafe_view_112,3.168656249033908
slice_1041,2.533626040754219
slice_1042,2.533626040754219
unsqueeze_237,3.5117571268459424
slice_1043,2.4133979146679243
slice_1044,2.4133979146679243
expand_118,4.232695832848549
clone_114,2032.9889604161183
_unsafe_view_113,3.168656249033908
slice_1048,3.3312464322793343
slice_1049,3.3312464322793343
slice_1050,3.3312464322793343
_scaled_dot_product_flash_attention_for_cpu_56,1310.6503666650503
transpose_228,3.6789531432026834
view_1022,1.1119735742347283
t_395,6.527348749595694
view_1023,1.1119735742347283
mm_224,727.6606807004791
view_1024,3.0296361841588166
add_340,7.781027192811956
_to_copy_229,17.911832625071337
pow_114,15.828645962963206
mean_113,41.04454843629624
add_341,2.0730039464538557
rsqrt_113,4.959405469880769
mul_513,6.595864661144278
_to_copy_230,17.911832625071337
mul_514,6.557784025392021
t_396,9.521420728756736
view_1025,2.1895353846550436
mm_225,1671.0509663376304
view_1026,2.800755404823774
silu_56,39.50630241214837
t_397,9.521420728756736
view_1027,2.1895353846550436
mm_226,1671.0509663376304
view_1028,4.393855373424135
mul_515,20.484423903467363
t_398,11.589321250254288
view_1029,2.1895353846550436
mm_227,1589.0370429822292
view_1030,4.393855373424135
add_342,19.91764024109171
_to_copy_231,17.911832625071337
pow_115,15.828645962963206
mean_114,41.04454843629624
add_343,9.548757873070425
rsqrt_114,4.959405469880769
mul_516,6.595864661144278
_to_copy_232,17.911832625071337
mul_517,6.557784025392021
view_1031,1.1665098687470483
t_399,6.527348749595694
addmm_171,534.2313552631947
view_1032,2.800755404823774
view_1033,2.1895353846550436
t_400,5.611609271067816
addmm_172,203.0197400223235
view_1034,2.800755404823774
view_1035,2.1895353846550436
t_401,5.611609271067816
addmm_173,203.0197400223235
view_1036,2.067026316021618
view_1037,2.1895353846550436
transpose_229,5.878522697316581
view_1038,2.067026316021618
transpose_230,2.184821929586561
view_1039,2.1895353846550436
transpose_231,2.184821929586561
split_with_sizes_114,16.864486294109046
select_684,2.373581661056858
select_685,4.371431798094132
select_686,2.373581661056858
select_687,2.373581661056858
select_688,4.371431798094132
select_689,2.373581661056858
unsqueeze_238,3.000458332772056
split_with_sizes_115,16.864486294109046
select_690,2.373581661056858
select_691,4.371431798094132
select_692,2.373581661056858
select_693,2.373581661056858
select_694,4.371431798094132
select_695,2.373581661056858
unsqueeze_239,3.000458332772056
mul_518,12.878885965068873
slice_1051,3.9519649121256775
slice_1052,3.9519649121256775
neg_114,11.535965351427071
mul_519,12.878885965068873
add_344,19.91764024109171
mul_520,3.4101137063645743
slice_1053,2.520977028805697
slice_1054,2.520977028805697
neg_115,4.865108771948961
mul_521,3.4101137063645743
add_345,9.548757873070425
slice_1055,2.533626040754219
slice_1056,2.533626040754219
unsqueeze_240,3.5117571268459424
slice_1057,2.4133979146679243
slice_1058,2.4133979146679243
expand_119,4.232695832848549
clone_115,2032.9889604161183
_unsafe_view_114,3.168656249033908
slice_1059,2.533626040754219
slice_1060,2.533626040754219
unsqueeze_241,3.5117571268459424
slice_1061,2.4133979146679243
slice_1062,2.4133979146679243
expand_120,4.232695832848549
clone_116,2032.9889604161183
_unsafe_view_115,3.168656249033908
slice_1066,3.3312464322793343
slice_1067,3.3312464322793343
slice_1068,3.3312464322793343
_scaled_dot_product_flash_attention_for_cpu_57,1310.6503666650503
transpose_232,3.6789531432026834
view_1040,1.1119735742347283
t_402,6.527348749595694
view_1041,1.1119735742347283
mm_228,727.6606807004791
view_1042,3.0296361841588166
add_346,7.781027192811956
_to_copy_233,17.911832625071337
pow_116,15.828645962963206
mean_115,41.04454843629624
add_347,2.0730039464538557
rsqrt_115,4.959405469880769
mul_522,6.595864661144278
_to_copy_234,17.911832625071337
mul_523,6.557784025392021
t_403,9.521420728756736
view_1043,2.1895353846550436
mm_229,1671.0509663376304
view_1044,2.800755404823774
silu_57,39.50630241214837
t_404,9.521420728756736
view_1045,2.1895353846550436
mm_230,1671.0509663376304
view_1046,4.393855373424135
mul_524,20.484423903467363
t_405,11.589321250254288
view_1047,2.1895353846550436
mm_231,1589.0370429822292
view_1048,4.393855373424135
add_348,19.91764024109171
_to_copy_235,17.911832625071337
pow_117,15.828645962963206
mean_116,41.04454843629624
add_349,9.548757873070425
rsqrt_116,4.959405469880769
mul_525,6.595864661144278
_to_copy_236,17.911832625071337
mul_526,6.557784025392021
view_1049,1.1665098687470483
t_406,6.527348749595694
addmm_174,534.2313552631947
view_1050,2.800755404823774
view_1051,2.1895353846550436
t_407,5.611609271067816
addmm_175,203.0197400223235
view_1052,2.800755404823774
view_1053,2.1895353846550436
t_408,5.611609271067816
addmm_176,203.0197400223235
view_1054,2.067026316021618
view_1055,2.1895353846550436
transpose_233,5.878522697316581
view_1056,2.067026316021618
transpose_234,2.184821929586561
view_1057,2.1895353846550436
transpose_235,2.184821929586561
split_with_sizes_116,16.864486294109046
select_696,2.373581661056858
select_697,4.371431798094132
select_698,2.373581661056858
select_699,2.373581661056858
select_700,4.371431798094132
select_701,2.373581661056858
unsqueeze_242,3.000458332772056
split_with_sizes_117,16.864486294109046
select_702,2.373581661056858
select_703,4.371431798094132
select_704,2.373581661056858
select_705,2.373581661056858
select_706,4.371431798094132
select_707,2.373581661056858
unsqueeze_243,3.000458332772056
mul_527,12.878885965068873
slice_1069,3.9519649121256775
slice_1070,3.9519649121256775
neg_116,11.535965351427071
mul_528,12.878885965068873
add_350,19.91764024109171
mul_529,3.4101137063645743
slice_1071,2.520977028805697
slice_1072,2.520977028805697
neg_117,4.865108771948961
mul_530,3.4101137063645743
add_351,9.548757873070425
slice_1073,2.533626040754219
slice_1074,2.533626040754219
unsqueeze_244,3.5117571268459424
slice_1075,2.4133979146679243
slice_1076,2.4133979146679243
expand_121,4.232695832848549
clone_117,2032.9889604161183
_unsafe_view_116,3.168656249033908
slice_1077,2.533626040754219
slice_1078,2.533626040754219
unsqueeze_245,3.5117571268459424
slice_1079,2.4133979146679243
slice_1080,2.4133979146679243
expand_122,4.232695832848549
clone_118,2032.9889604161183
_unsafe_view_117,3.168656249033908
slice_1084,3.3312464322793343
slice_1085,3.3312464322793343
slice_1086,3.3312464322793343
_scaled_dot_product_flash_attention_for_cpu_58,1310.6503666650503
transpose_236,3.6789531432026834
view_1058,1.1119735742347283
t_409,6.527348749595694
view_1059,1.1119735742347283
mm_232,727.6606807004791
view_1060,3.0296361841588166
add_352,7.781027192811956
_to_copy_237,17.911832625071337
pow_118,15.828645962963206
mean_117,41.04454843629624
add_353,2.0730039464538557
rsqrt_117,4.959405469880769
mul_531,6.595864661144278
_to_copy_238,17.911832625071337
mul_532,6.557784025392021
t_410,9.521420728756736
view_1061,2.1895353846550436
mm_233,1671.0509663376304
view_1062,2.800755404823774
silu_58,39.50630241214837
t_411,9.521420728756736
view_1063,2.1895353846550436
mm_234,1671.0509663376304
view_1064,4.393855373424135
mul_533,20.484423903467363
t_412,11.589321250254288
view_1065,2.1895353846550436
mm_235,1589.0370429822292
view_1066,4.393855373424135
add_354,19.91764024109171
_to_copy_239,17.911832625071337
pow_119,15.828645962963206
mean_118,41.04454843629624
add_355,9.548757873070425
rsqrt_118,4.959405469880769
mul_534,6.595864661144278
_to_copy_240,17.911832625071337
mul_535,6.557784025392021
view_1067,1.1665098687470483
t_413,6.527348749595694
addmm_177,534.2313552631947
view_1068,2.800755404823774
view_1069,2.1895353846550436
t_414,5.611609271067816
addmm_178,203.0197400223235
view_1070,2.800755404823774
view_1071,2.1895353846550436
t_415,5.611609271067816
addmm_179,203.0197400223235
view_1072,2.067026316021618
view_1073,2.1895353846550436
transpose_237,5.878522697316581
view_1074,2.067026316021618
transpose_238,2.184821929586561
view_1075,2.1895353846550436
transpose_239,2.184821929586561
split_with_sizes_118,16.864486294109046
select_708,2.373581661056858
select_709,4.371431798094132
select_710,2.373581661056858
select_711,2.373581661056858
select_712,4.371431798094132
select_713,2.373581661056858
unsqueeze_246,3.000458332772056
split_with_sizes_119,16.864486294109046
select_714,2.373581661056858
select_715,4.371431798094132
select_716,2.373581661056858
select_717,2.373581661056858
select_718,4.371431798094132
select_719,2.373581661056858
unsqueeze_247,3.000458332772056
mul_536,12.878885965068873
slice_1087,3.9519649121256775
slice_1088,3.9519649121256775
neg_118,11.535965351427071
mul_537,12.878885965068873
add_356,19.91764024109171
mul_538,3.4101137063645743
slice_1089,2.520977028805697
slice_1090,2.520977028805697
neg_119,4.865108771948961
mul_539,3.4101137063645743
add_357,9.548757873070425
slice_1091,2.533626040754219
slice_1092,2.533626040754219
unsqueeze_248,3.5117571268459424
slice_1093,2.4133979146679243
slice_1094,2.4133979146679243
expand_123,4.232695832848549
clone_119,2032.9889604161183
_unsafe_view_118,3.168656249033908
slice_1095,2.533626040754219
slice_1096,2.533626040754219
unsqueeze_249,3.5117571268459424
slice_1097,2.4133979146679243
slice_1098,2.4133979146679243
expand_124,4.232695832848549
clone_120,2032.9889604161183
_unsafe_view_119,3.168656249033908
slice_1102,3.3312464322793343
slice_1103,3.3312464322793343
slice_1104,3.3312464322793343
_scaled_dot_product_flash_attention_for_cpu_59,1310.6503666650503
transpose_240,3.6789531432026834
view_1076,1.1119735742347283
t_416,6.527348749595694
view_1077,1.1119735742347283
mm_236,727.6606807004791
view_1078,3.0296361841588166
add_358,7.781027192811956
_to_copy_241,17.911832625071337
pow_120,15.828645962963206
mean_119,41.04454843629624
add_359,2.0730039464538557
rsqrt_119,4.959405469880769
mul_540,6.595864661144278
_to_copy_242,17.911832625071337
mul_541,6.557784025392021
t_417,9.521420728756736
view_1079,2.1895353846550436
mm_237,1671.0509663376304
view_1080,2.800755404823774
silu_59,39.50630241214837
t_418,9.521420728756736
view_1081,2.1895353846550436
mm_238,1671.0509663376304
view_1082,4.393855373424135
mul_542,20.484423903467363
t_419,11.589321250254288
view_1083,2.1895353846550436
mm_239,1589.0370429822292
view_1084,4.393855373424135
add_360,19.91764024109171
_to_copy_243,17.911832625071337
pow_121,15.828645962963206
mean_120,41.04454843629624
add_361,9.548757873070425
rsqrt_120,4.959405469880769
mul_543,6.595864661144278
_to_copy_244,17.911832625071337
mul_544,6.557784025392021
view_1085,1.1665098687470483
t_420,6.527348749595694
addmm_180,534.2313552631947
view_1086,2.800755404823774
view_1087,2.1895353846550436
t_421,5.611609271067816
addmm_181,203.0197400223235
view_1088,2.800755404823774
view_1089,2.1895353846550436
t_422,5.611609271067816
addmm_182,203.0197400223235
view_1090,2.067026316021618
view_1091,2.1895353846550436
transpose_241,5.878522697316581
view_1092,2.067026316021618
transpose_242,2.184821929586561
view_1093,2.1895353846550436
transpose_243,2.184821929586561
split_with_sizes_120,16.864486294109046
select_720,2.373581661056858
select_721,4.371431798094132
select_722,2.373581661056858
select_723,2.373581661056858
select_724,4.371431798094132
select_725,2.373581661056858
unsqueeze_250,3.000458332772056
split_with_sizes_121,16.864486294109046
select_726,2.373581661056858
select_727,4.371431798094132
select_728,2.373581661056858
select_729,2.373581661056858
select_730,4.371431798094132
select_731,2.373581661056858
unsqueeze_251,3.000458332772056
mul_545,12.878885965068873
slice_1105,3.9519649121256775
slice_1106,3.9519649121256775
neg_120,11.535965351427071
mul_546,12.878885965068873
add_362,19.91764024109171
mul_547,3.4101137063645743
slice_1107,2.520977028805697
slice_1108,2.520977028805697
neg_121,4.865108771948961
mul_548,3.4101137063645743
add_363,9.548757873070425
slice_1109,2.533626040754219
slice_1110,2.533626040754219
unsqueeze_252,3.5117571268459424
slice_1111,2.4133979146679243
slice_1112,2.4133979146679243
expand_125,4.232695832848549
clone_121,2032.9889604161183
_unsafe_view_120,3.168656249033908
slice_1113,2.533626040754219
slice_1114,2.533626040754219
unsqueeze_253,3.5117571268459424
slice_1115,2.4133979146679243
slice_1116,2.4133979146679243
expand_126,4.232695832848549
clone_122,2032.9889604161183
_unsafe_view_121,3.168656249033908
slice_1120,3.3312464322793343
slice_1121,3.3312464322793343
slice_1122,3.3312464322793343
_scaled_dot_product_flash_attention_for_cpu_60,1310.6503666650503
transpose_244,3.6789531432026834
view_1094,1.1119735742347283
t_423,6.527348749595694
view_1095,1.1119735742347283
mm_240,727.6606807004791
view_1096,3.0296361841588166
add_364,7.781027192811956
_to_copy_245,17.911832625071337
pow_122,15.828645962963206
mean_121,41.04454843629624
add_365,2.0730039464538557
rsqrt_121,4.959405469880769
mul_549,6.595864661144278
_to_copy_246,17.911832625071337
mul_550,6.557784025392021
t_424,9.521420728756736
view_1097,2.1895353846550436
mm_241,1671.0509663376304
view_1098,2.800755404823774
silu_60,39.50630241214837
t_425,9.521420728756736
view_1099,2.1895353846550436
mm_242,1671.0509663376304
view_1100,4.393855373424135
mul_551,20.484423903467363
t_426,11.589321250254288
view_1101,2.1895353846550436
mm_243,1589.0370429822292
view_1102,4.393855373424135
add_366,19.91764024109171
_to_copy_247,17.911832625071337
pow_123,15.828645962963206
mean_122,41.04454843629624
add_367,9.548757873070425
rsqrt_122,4.959405469880769
mul_552,6.595864661144278
_to_copy_248,17.911832625071337
mul_553,6.557784025392021
view_1103,1.1665098687470483
t_427,6.527348749595694
addmm_183,534.2313552631947
view_1104,2.800755404823774
view_1105,2.1895353846550436
t_428,5.611609271067816
addmm_184,203.0197400223235
view_1106,2.800755404823774
view_1107,2.1895353846550436
t_429,5.611609271067816
addmm_185,203.0197400223235
view_1108,2.067026316021618
view_1109,2.1895353846550436
transpose_245,5.878522697316581
view_1110,2.067026316021618
transpose_246,2.184821929586561
view_1111,2.1895353846550436
transpose_247,2.184821929586561
split_with_sizes_122,16.864486294109046
select_732,2.373581661056858
select_733,4.371431798094132
select_734,2.373581661056858
select_735,2.373581661056858
select_736,4.371431798094132
select_737,2.373581661056858
unsqueeze_254,3.000458332772056
split_with_sizes_123,16.864486294109046
select_738,2.373581661056858
select_739,4.371431798094132
select_740,2.373581661056858
select_741,2.373581661056858
select_742,4.371431798094132
select_743,2.373581661056858
unsqueeze_255,3.000458332772056
mul_554,12.878885965068873
slice_1123,3.9519649121256775
slice_1124,3.9519649121256775
neg_122,11.535965351427071
mul_555,12.878885965068873
add_368,19.91764024109171
mul_556,3.4101137063645743
slice_1125,2.520977028805697
slice_1126,2.520977028805697
neg_123,4.865108771948961
mul_557,3.4101137063645743
add_369,9.548757873070425
slice_1127,2.533626040754219
slice_1128,2.533626040754219
unsqueeze_256,3.5117571268459424
slice_1129,2.4133979146679243
slice_1130,2.4133979146679243
expand_127,4.232695832848549
clone_123,2032.9889604161183
_unsafe_view_122,3.168656249033908
slice_1131,2.533626040754219
slice_1132,2.533626040754219
unsqueeze_257,3.5117571268459424
slice_1133,2.4133979146679243
slice_1134,2.4133979146679243
expand_128,4.232695832848549
clone_124,2032.9889604161183
_unsafe_view_123,3.168656249033908
slice_1138,3.3312464322793343
slice_1139,3.3312464322793343
slice_1140,3.3312464322793343
_scaled_dot_product_flash_attention_for_cpu_61,1310.6503666650503
transpose_248,3.6789531432026834
view_1112,1.1119735742347283
t_430,6.527348749595694
view_1113,1.1119735742347283
mm_244,727.6606807004791
view_1114,3.0296361841588166
add_370,7.781027192811956
_to_copy_249,17.911832625071337
pow_124,15.828645962963206
mean_123,41.04454843629624
add_371,2.0730039464538557
rsqrt_123,4.959405469880769
mul_558,6.595864661144278
_to_copy_250,17.911832625071337
mul_559,6.557784025392021
t_431,9.521420728756736
view_1115,2.1895353846550436
mm_245,1671.0509663376304
view_1116,2.800755404823774
silu_61,39.50630241214837
t_432,9.521420728756736
view_1117,2.1895353846550436
mm_246,1671.0509663376304
view_1118,4.393855373424135
mul_560,20.484423903467363
t_433,11.589321250254288
view_1119,2.1895353846550436
mm_247,1589.0370429822292
view_1120,4.393855373424135
add_372,19.91764024109171
_to_copy_251,17.911832625071337
pow_125,15.828645962963206
mean_124,41.04454843629624
add_373,9.548757873070425
rsqrt_124,4.959405469880769
mul_561,6.595864661144278
_to_copy_252,17.911832625071337
mul_562,6.557784025392021
view_1121,1.1665098687470483
t_434,6.527348749595694
addmm_186,534.2313552631947
view_1122,2.800755404823774
view_1123,2.1895353846550436
t_435,5.611609271067816
addmm_187,203.0197400223235
view_1124,2.800755404823774
view_1125,2.1895353846550436
t_436,5.611609271067816
addmm_188,203.0197400223235
view_1126,2.067026316021618
view_1127,2.1895353846550436
transpose_249,5.878522697316581
view_1128,2.067026316021618
transpose_250,2.184821929586561
view_1129,2.1895353846550436
transpose_251,2.184821929586561
split_with_sizes_124,16.864486294109046
select_744,2.373581661056858
select_745,4.371431798094132
select_746,2.373581661056858
select_747,2.373581661056858
select_748,4.371431798094132
select_749,2.373581661056858
unsqueeze_258,3.000458332772056
split_with_sizes_125,16.864486294109046
select_750,2.373581661056858
select_751,4.371431798094132
select_752,2.373581661056858
select_753,2.373581661056858
select_754,4.371431798094132
select_755,2.373581661056858
unsqueeze_259,3.000458332772056
mul_563,12.878885965068873
slice_1141,3.9519649121256775
slice_1142,3.9519649121256775
neg_124,11.535965351427071
mul_564,12.878885965068873
add_374,19.91764024109171
mul_565,3.4101137063645743
slice_1143,2.520977028805697
slice_1144,2.520977028805697
neg_125,4.865108771948961
mul_566,3.4101137063645743
add_375,9.548757873070425
slice_1145,2.533626040754219
slice_1146,2.533626040754219
unsqueeze_260,3.5117571268459424
slice_1147,2.4133979146679243
slice_1148,2.4133979146679243
expand_129,4.232695832848549
clone_125,2032.9889604161183
_unsafe_view_124,3.168656249033908
slice_1149,2.533626040754219
slice_1150,2.533626040754219
unsqueeze_261,3.5117571268459424
slice_1151,2.4133979146679243
slice_1152,2.4133979146679243
expand_130,4.232695832848549
clone_126,2032.9889604161183
_unsafe_view_125,3.168656249033908
slice_1156,3.3312464322793343
slice_1157,3.3312464322793343
slice_1158,3.3312464322793343
_scaled_dot_product_flash_attention_for_cpu_62,1310.6503666650503
transpose_252,3.6789531432026834
view_1130,1.1119735742347283
t_437,6.527348749595694
view_1131,1.1119735742347283
mm_248,727.6606807004791
view_1132,3.0296361841588166
add_376,7.781027192811956
_to_copy_253,17.911832625071337
pow_126,15.828645962963206
mean_125,41.04454843629624
add_377,2.0730039464538557
rsqrt_125,4.959405469880769
mul_567,6.595864661144278
_to_copy_254,17.911832625071337
mul_568,6.557784025392021
t_438,9.521420728756736
view_1133,2.1895353846550436
mm_249,1671.0509663376304
view_1134,2.800755404823774
silu_62,39.50630241214837
t_439,9.521420728756736
view_1135,2.1895353846550436
mm_250,1671.0509663376304
view_1136,4.393855373424135
mul_569,20.484423903467363
t_440,11.589321250254288
view_1137,2.1895353846550436
mm_251,1589.0370429822292
view_1138,4.393855373424135
add_378,19.91764024109171
_to_copy_255,17.911832625071337
pow_127,15.828645962963206
mean_126,41.04454843629624
add_379,9.548757873070425
rsqrt_126,4.959405469880769
mul_570,6.595864661144278
_to_copy_256,17.911832625071337
mul_571,6.557784025392021
view_1139,1.1665098687470483
t_441,6.527348749595694
addmm_189,534.2313552631947
view_1140,2.800755404823774
view_1141,2.1895353846550436
t_442,5.611609271067816
addmm_190,203.0197400223235
view_1142,2.800755404823774
view_1143,2.1895353846550436
t_443,5.611609271067816
addmm_191,203.0197400223235
view_1144,2.067026316021618
view_1145,2.1895353846550436
transpose_253,5.878522697316581
view_1146,2.067026316021618
transpose_254,2.184821929586561
view_1147,2.1895353846550436
transpose_255,2.184821929586561
split_with_sizes_126,16.864486294109046
select_756,2.373581661056858
select_757,4.371431798094132
select_758,2.373581661056858
select_759,2.373581661056858
select_760,4.371431798094132
select_761,2.373581661056858
unsqueeze_262,3.000458332772056
split_with_sizes_127,16.864486294109046
select_762,2.373581661056858
select_763,4.371431798094132
select_764,2.373581661056858
select_765,2.373581661056858
select_766,4.371431798094132
select_767,2.373581661056858
unsqueeze_263,3.000458332772056
mul_572,12.878885965068873
slice_1159,3.9519649121256775
slice_1160,3.9519649121256775
neg_126,11.535965351427071
mul_573,12.878885965068873
add_380,19.91764024109171
mul_574,3.4101137063645743
slice_1161,2.520977028805697
slice_1162,2.520977028805697
neg_127,4.865108771948961
mul_575,3.4101137063645743
add_381,9.548757873070425
slice_1163,2.533626040754219
slice_1164,2.533626040754219
unsqueeze_264,3.5117571268459424
slice_1165,2.4133979146679243
slice_1166,2.4133979146679243
expand_131,4.232695832848549
clone_127,2032.9889604161183
_unsafe_view_126,3.168656249033908
slice_1167,2.533626040754219
slice_1168,2.533626040754219
unsqueeze_265,3.5117571268459424
slice_1169,2.4133979146679243
slice_1170,2.4133979146679243
expand_132,4.232695832848549
clone_128,2032.9889604161183
_unsafe_view_127,3.168656249033908
slice_1174,3.3312464322793343
slice_1175,3.3312464322793343
slice_1176,3.3312464322793343
_scaled_dot_product_flash_attention_for_cpu_63,1310.6503666650503
transpose_256,3.6789531432026834
view_1148,1.1119735742347283
t_444,6.527348749595694
view_1149,1.1119735742347283
mm_252,727.6606807004791
view_1150,3.0296361841588166
add_382,7.781027192811956
_to_copy_257,17.911832625071337
pow_128,15.828645962963206
mean_127,41.04454843629624
add_383,2.0730039464538557
rsqrt_127,4.959405469880769
mul_576,6.595864661144278
_to_copy_258,17.911832625071337
mul_577,6.557784025392021
t_445,9.521420728756736
view_1151,2.1895353846550436
mm_253,1671.0509663376304
view_1152,2.800755404823774
silu_63,39.50630241214837
t_446,9.521420728756736
view_1153,2.1895353846550436
mm_254,1671.0509663376304
view_1154,4.393855373424135
mul_578,20.484423903467363
t_447,11.589321250254288
view_1155,2.1895353846550436
mm_255,1589.0370429822292
view_1156,4.393855373424135
add_384,19.91764024109171
_to_copy_259,17.911832625071337
pow_129,15.828645962963206
mean_128,41.04454843629624
add_385,9.548757873070425
rsqrt_128,4.959405469880769
mul_579,6.595864661144278
_to_copy_260,17.911832625071337
mul_580,6.557784025392021
view_1157,1.1665098687470483
t_448,6.527348749595694
addmm_192,534.2313552631947
view_1158,2.800755404823774
view_1159,2.1895353846550436
t_449,5.611609271067816
addmm_193,203.0197400223235
view_1160,2.800755404823774
view_1161,2.1895353846550436
t_450,5.611609271067816
addmm_194,203.0197400223235
view_1162,2.067026316021618
view_1163,2.1895353846550436
transpose_257,5.878522697316581
view_1164,2.067026316021618
transpose_258,2.184821929586561
view_1165,2.1895353846550436
transpose_259,2.184821929586561
split_with_sizes_128,16.864486294109046
select_768,2.373581661056858
select_769,4.371431798094132
select_770,2.373581661056858
select_771,2.373581661056858
select_772,4.371431798094132
select_773,2.373581661056858
unsqueeze_266,3.000458332772056
split_with_sizes_129,16.864486294109046
select_774,2.373581661056858
select_775,4.371431798094132
select_776,2.373581661056858
select_777,2.373581661056858
select_778,4.371431798094132
select_779,2.373581661056858
unsqueeze_267,3.000458332772056
mul_581,12.878885965068873
slice_1177,3.9519649121256775
slice_1178,3.9519649121256775
neg_128,11.535965351427071
mul_582,12.878885965068873
add_386,19.91764024109171
mul_583,3.4101137063645743
slice_1179,2.520977028805697
slice_1180,2.520977028805697
neg_129,4.865108771948961
mul_584,3.4101137063645743
add_387,9.548757873070425
slice_1181,2.533626040754219
slice_1182,2.533626040754219
unsqueeze_268,3.5117571268459424
slice_1183,2.4133979146679243
slice_1184,2.4133979146679243
expand_133,4.232695832848549
clone_129,2032.9889604161183
_unsafe_view_128,3.168656249033908
slice_1185,2.533626040754219
slice_1186,2.533626040754219
unsqueeze_269,3.5117571268459424
slice_1187,2.4133979146679243
slice_1188,2.4133979146679243
expand_134,4.232695832848549
clone_130,2032.9889604161183
_unsafe_view_129,3.168656249033908
slice_1192,3.3312464322793343
slice_1193,3.3312464322793343
slice_1194,3.3312464322793343
_scaled_dot_product_flash_attention_for_cpu_64,1310.6503666650503
transpose_260,3.6789531432026834
view_1166,1.1119735742347283
t_451,6.527348749595694
view_1167,1.1119735742347283
mm_256,727.6606807004791
view_1168,3.0296361841588166
add_388,7.781027192811956
_to_copy_261,17.911832625071337
pow_130,15.828645962963206
mean_129,41.04454843629624
add_389,2.0730039464538557
rsqrt_129,4.959405469880769
mul_585,6.595864661144278
_to_copy_262,17.911832625071337
mul_586,6.557784025392021
t_452,9.521420728756736
view_1169,2.1895353846550436
mm_257,1671.0509663376304
view_1170,2.800755404823774
silu_64,39.50630241214837
t_453,9.521420728756736
view_1171,2.1895353846550436
mm_258,1671.0509663376304
view_1172,4.393855373424135
mul_587,20.484423903467363
t_454,11.589321250254288
view_1173,2.1895353846550436
mm_259,1589.0370429822292
view_1174,4.393855373424135
add_390,19.91764024109171
_to_copy_263,17.911832625071337
pow_131,15.828645962963206
mean_130,41.04454843629624
add_391,9.548757873070425
rsqrt_130,4.959405469880769
mul_588,6.595864661144278
_to_copy_264,17.911832625071337
mul_589,6.557784025392021
view_1175,1.1665098687470483
t_455,6.527348749595694
addmm_195,534.2313552631947
view_1176,2.800755404823774
view_1177,2.1895353846550436
t_456,5.611609271067816
addmm_196,203.0197400223235
view_1178,2.800755404823774
view_1179,2.1895353846550436
t_457,5.611609271067816
addmm_197,203.0197400223235
view_1180,2.067026316021618
view_1181,2.1895353846550436
transpose_261,5.878522697316581
view_1182,2.067026316021618
transpose_262,2.184821929586561
view_1183,2.1895353846550436
transpose_263,2.184821929586561
split_with_sizes_130,16.864486294109046
select_780,2.373581661056858
select_781,4.371431798094132
select_782,2.373581661056858
select_783,2.373581661056858
select_784,4.371431798094132
select_785,2.373581661056858
unsqueeze_270,3.000458332772056
split_with_sizes_131,16.864486294109046
select_786,2.373581661056858
select_787,4.371431798094132
select_788,2.373581661056858
select_789,2.373581661056858
select_790,4.371431798094132
select_791,2.373581661056858
unsqueeze_271,3.000458332772056
mul_590,12.878885965068873
slice_1195,3.9519649121256775
slice_1196,3.9519649121256775
neg_130,11.535965351427071
mul_591,12.878885965068873
add_392,19.91764024109171
mul_592,3.4101137063645743
slice_1197,2.520977028805697
slice_1198,2.520977028805697
neg_131,4.865108771948961
mul_593,3.4101137063645743
add_393,9.548757873070425
slice_1199,2.533626040754219
slice_1200,2.533626040754219
unsqueeze_272,3.5117571268459424
slice_1201,2.4133979146679243
slice_1202,2.4133979146679243
expand_135,4.232695832848549
clone_131,2032.9889604161183
_unsafe_view_130,3.168656249033908
slice_1203,2.533626040754219
slice_1204,2.533626040754219
unsqueeze_273,3.5117571268459424
slice_1205,2.4133979146679243
slice_1206,2.4133979146679243
expand_136,4.232695832848549
clone_132,2032.9889604161183
_unsafe_view_131,3.168656249033908
slice_1210,3.3312464322793343
slice_1211,3.3312464322793343
slice_1212,3.3312464322793343
_scaled_dot_product_flash_attention_for_cpu_65,1310.6503666650503
transpose_264,3.6789531432026834
view_1184,1.1119735742347283
t_458,6.527348749595694
view_1185,1.1119735742347283
mm_260,727.6606807004791
view_1186,3.0296361841588166
add_394,7.781027192811956
_to_copy_265,17.911832625071337
pow_132,15.828645962963206
mean_131,41.04454843629624
add_395,2.0730039464538557
rsqrt_131,4.959405469880769
mul_594,6.595864661144278
_to_copy_266,17.911832625071337
mul_595,6.557784025392021
t_459,9.521420728756736
view_1187,2.1895353846550436
mm_261,1671.0509663376304
view_1188,2.800755404823774
silu_65,39.50630241214837
t_460,9.521420728756736
view_1189,2.1895353846550436
mm_262,1671.0509663376304
view_1190,4.393855373424135
mul_596,20.484423903467363
t_461,11.589321250254288
view_1191,2.1895353846550436
mm_263,1589.0370429822292
view_1192,4.393855373424135
add_396,19.91764024109171
_to_copy_267,17.911832625071337
pow_133,15.828645962963206
mean_132,41.04454843629624
add_397,9.548757873070425
rsqrt_132,4.959405469880769
mul_597,6.595864661144278
_to_copy_268,17.911832625071337
mul_598,6.557784025392021
view_1193,1.1665098687470483
t_462,6.527348749595694
addmm_198,534.2313552631947
view_1194,2.800755404823774
view_1195,2.1895353846550436
t_463,5.611609271067816
addmm_199,203.0197400223235
view_1196,2.800755404823774
view_1197,2.1895353846550436
t_464,5.611609271067816
addmm_200,203.0197400223235
view_1198,2.067026316021618
view_1199,2.1895353846550436
transpose_265,5.878522697316581
view_1200,2.067026316021618
transpose_266,2.184821929586561
view_1201,2.1895353846550436
transpose_267,2.184821929586561
split_with_sizes_132,16.864486294109046
select_792,2.373581661056858
select_793,4.371431798094132
select_794,2.373581661056858
select_795,2.373581661056858
select_796,4.371431798094132
select_797,2.373581661056858
unsqueeze_274,3.000458332772056
split_with_sizes_133,16.864486294109046
select_798,2.373581661056858
select_799,4.371431798094132
select_800,2.373581661056858
select_801,2.373581661056858
select_802,4.371431798094132
select_803,2.373581661056858
unsqueeze_275,3.000458332772056
mul_599,12.878885965068873
slice_1213,3.9519649121256775
slice_1214,3.9519649121256775
neg_132,11.535965351427071
mul_600,12.878885965068873
add_398,19.91764024109171
mul_601,3.4101137063645743
slice_1215,2.520977028805697
slice_1216,2.520977028805697
neg_133,4.865108771948961
mul_602,3.4101137063645743
add_399,9.548757873070425
slice_1217,2.533626040754219
slice_1218,2.533626040754219
unsqueeze_276,3.5117571268459424
slice_1219,2.4133979146679243
slice_1220,2.4133979146679243
expand_137,4.232695832848549
clone_133,2032.9889604161183
_unsafe_view_132,3.168656249033908
slice_1221,2.533626040754219
slice_1222,2.533626040754219
unsqueeze_277,3.5117571268459424
slice_1223,2.4133979146679243
slice_1224,2.4133979146679243
expand_138,4.232695832848549
clone_134,2032.9889604161183
_unsafe_view_133,3.168656249033908
slice_1228,3.3312464322793343
slice_1229,3.3312464322793343
slice_1230,3.3312464322793343
_scaled_dot_product_flash_attention_for_cpu_66,1310.6503666650503
transpose_268,3.6789531432026834
view_1202,1.1119735742347283
t_465,6.527348749595694
view_1203,1.1119735742347283
mm_264,727.6606807004791
view_1204,3.0296361841588166
add_400,7.781027192811956
_to_copy_269,17.911832625071337
pow_134,15.828645962963206
mean_133,41.04454843629624
add_401,2.0730039464538557
rsqrt_133,4.959405469880769
mul_603,6.595864661144278
_to_copy_270,17.911832625071337
mul_604,6.557784025392021
t_466,9.521420728756736
view_1205,2.1895353846550436
mm_265,1671.0509663376304
view_1206,2.800755404823774
silu_66,39.50630241214837
t_467,9.521420728756736
view_1207,2.1895353846550436
mm_266,1671.0509663376304
view_1208,4.393855373424135
mul_605,20.484423903467363
t_468,11.589321250254288
view_1209,2.1895353846550436
mm_267,1589.0370429822292
view_1210,4.393855373424135
add_402,19.91764024109171
_to_copy_271,17.911832625071337
pow_135,15.828645962963206
mean_134,41.04454843629624
add_403,9.548757873070425
rsqrt_134,4.959405469880769
mul_606,6.595864661144278
_to_copy_272,17.911832625071337
mul_607,6.557784025392021
view_1211,1.1665098687470483
t_469,6.527348749595694
addmm_201,534.2313552631947
view_1212,2.800755404823774
view_1213,2.1895353846550436
t_470,5.611609271067816
addmm_202,203.0197400223235
view_1214,2.800755404823774
view_1215,2.1895353846550436
t_471,5.611609271067816
addmm_203,203.0197400223235
view_1216,2.067026316021618
view_1217,2.1895353846550436
transpose_269,5.878522697316581
view_1218,2.067026316021618
transpose_270,2.184821929586561
view_1219,2.1895353846550436
transpose_271,2.184821929586561
split_with_sizes_134,16.864486294109046
select_804,2.373581661056858
select_805,4.371431798094132
select_806,2.373581661056858
select_807,2.373581661056858
select_808,4.371431798094132
select_809,2.373581661056858
unsqueeze_278,3.000458332772056
split_with_sizes_135,16.864486294109046
select_810,2.373581661056858
select_811,4.371431798094132
select_812,2.373581661056858
select_813,2.373581661056858
select_814,4.371431798094132
select_815,2.373581661056858
unsqueeze_279,3.000458332772056
mul_608,12.878885965068873
slice_1231,3.9519649121256775
slice_1232,3.9519649121256775
neg_134,11.535965351427071
mul_609,12.878885965068873
add_404,19.91764024109171
mul_610,3.4101137063645743
slice_1233,2.520977028805697
slice_1234,2.520977028805697
neg_135,4.865108771948961
mul_611,3.4101137063645743
add_405,9.548757873070425
slice_1235,2.533626040754219
slice_1236,2.533626040754219
unsqueeze_280,3.5117571268459424
slice_1237,2.4133979146679243
slice_1238,2.4133979146679243
expand_139,4.232695832848549
clone_135,2032.9889604161183
_unsafe_view_134,3.168656249033908
slice_1239,2.533626040754219
slice_1240,2.533626040754219
unsqueeze_281,3.5117571268459424
slice_1241,2.4133979146679243
slice_1242,2.4133979146679243
expand_140,4.232695832848549
clone_136,2032.9889604161183
_unsafe_view_135,3.168656249033908
slice_1246,3.3312464322793343
slice_1247,3.3312464322793343
slice_1248,3.3312464322793343
_scaled_dot_product_flash_attention_for_cpu_67,1310.6503666650503
transpose_272,3.6789531432026834
view_1220,1.1119735742347283
t_472,6.527348749595694
view_1221,1.1119735742347283
mm_268,727.6606807004791
view_1222,3.0296361841588166
add_406,7.781027192811956
_to_copy_273,17.911832625071337
pow_136,15.828645962963206
mean_135,41.04454843629624
add_407,2.0730039464538557
rsqrt_135,4.959405469880769
mul_612,6.595864661144278
_to_copy_274,17.911832625071337
mul_613,6.557784025392021
t_473,9.521420728756736
view_1223,2.1895353846550436
mm_269,1671.0509663376304
view_1224,2.800755404823774
silu_67,39.50630241214837
t_474,9.521420728756736
view_1225,2.1895353846550436
mm_270,1671.0509663376304
view_1226,4.393855373424135
mul_614,20.484423903467363
t_475,11.589321250254288
view_1227,2.1895353846550436
mm_271,1589.0370429822292
view_1228,4.393855373424135
add_408,19.91764024109171
_to_copy_275,17.911832625071337
pow_137,15.828645962963206
mean_136,41.04454843629624
add_409,9.548757873070425
rsqrt_136,4.959405469880769
mul_615,6.595864661144278
_to_copy_276,17.911832625071337
mul_616,6.557784025392021
view_1229,1.1665098687470483
t_476,6.527348749595694
addmm_204,534.2313552631947
view_1230,2.800755404823774
view_1231,2.1895353846550436
t_477,5.611609271067816
addmm_205,203.0197400223235
view_1232,2.800755404823774
view_1233,2.1895353846550436
t_478,5.611609271067816
addmm_206,203.0197400223235
view_1234,2.067026316021618
view_1235,2.1895353846550436
transpose_273,5.878522697316581
view_1236,2.067026316021618
transpose_274,2.184821929586561
view_1237,2.1895353846550436
transpose_275,2.184821929586561
split_with_sizes_136,16.864486294109046
select_816,2.373581661056858
select_817,4.371431798094132
select_818,2.373581661056858
select_819,2.373581661056858
select_820,4.371431798094132
select_821,2.373581661056858
unsqueeze_282,3.000458332772056
split_with_sizes_137,16.864486294109046
select_822,2.373581661056858
select_823,4.371431798094132
select_824,2.373581661056858
select_825,2.373581661056858
select_826,4.371431798094132
select_827,2.373581661056858
unsqueeze_283,3.000458332772056
mul_617,12.878885965068873
slice_1249,3.9519649121256775
slice_1250,3.9519649121256775
neg_136,11.535965351427071
mul_618,12.878885965068873
add_410,19.91764024109171
mul_619,3.4101137063645743
slice_1251,2.520977028805697
slice_1252,2.520977028805697
neg_137,4.865108771948961
mul_620,3.4101137063645743
add_411,9.548757873070425
slice_1253,2.533626040754219
slice_1254,2.533626040754219
unsqueeze_284,3.5117571268459424
slice_1255,2.4133979146679243
slice_1256,2.4133979146679243
expand_141,4.232695832848549
clone_137,2032.9889604161183
_unsafe_view_136,3.168656249033908
slice_1257,2.533626040754219
slice_1258,2.533626040754219
unsqueeze_285,3.5117571268459424
slice_1259,2.4133979146679243
slice_1260,2.4133979146679243
expand_142,4.232695832848549
clone_138,2032.9889604161183
_unsafe_view_137,3.168656249033908
slice_1264,3.3312464322793343
slice_1265,3.3312464322793343
slice_1266,3.3312464322793343
_scaled_dot_product_flash_attention_for_cpu_68,1310.6503666650503
transpose_276,3.6789531432026834
view_1238,1.1119735742347283
t_479,6.527348749595694
view_1239,1.1119735742347283
mm_272,727.6606807004791
view_1240,3.0296361841588166
add_412,7.781027192811956
_to_copy_277,17.911832625071337
pow_138,15.828645962963206
mean_137,41.04454843629624
add_413,2.0730039464538557
rsqrt_137,4.959405469880769
mul_621,6.595864661144278
_to_copy_278,17.911832625071337
mul_622,6.557784025392021
t_480,9.521420728756736
view_1241,2.1895353846550436
mm_273,1671.0509663376304
view_1242,2.800755404823774
silu_68,39.50630241214837
t_481,9.521420728756736
view_1243,2.1895353846550436
mm_274,1671.0509663376304
view_1244,4.393855373424135
mul_623,20.484423903467363
t_482,11.589321250254288
view_1245,2.1895353846550436
mm_275,1589.0370429822292
view_1246,4.393855373424135
add_414,19.91764024109171
_to_copy_279,17.911832625071337
pow_139,15.828645962963206
mean_138,41.04454843629624
add_415,9.548757873070425
rsqrt_138,4.959405469880769
mul_624,6.595864661144278
_to_copy_280,17.911832625071337
mul_625,6.557784025392021
view_1247,1.1665098687470483
t_483,6.527348749595694
addmm_207,534.2313552631947
view_1248,2.800755404823774
view_1249,2.1895353846550436
t_484,5.611609271067816
addmm_208,203.0197400223235
view_1250,2.800755404823774
view_1251,2.1895353846550436
t_485,5.611609271067816
addmm_209,203.0197400223235
view_1252,2.067026316021618
view_1253,2.1895353846550436
transpose_277,5.878522697316581
view_1254,2.067026316021618
transpose_278,2.184821929586561
view_1255,2.1895353846550436
transpose_279,2.184821929586561
split_with_sizes_138,16.864486294109046
select_828,2.373581661056858
select_829,4.371431798094132
select_830,2.373581661056858
select_831,2.373581661056858
select_832,4.371431798094132
select_833,2.373581661056858
unsqueeze_286,3.000458332772056
split_with_sizes_139,16.864486294109046
select_834,2.373581661056858
select_835,4.371431798094132
select_836,2.373581661056858
select_837,2.373581661056858
select_838,4.371431798094132
select_839,2.373581661056858
unsqueeze_287,3.000458332772056
mul_626,12.878885965068873
slice_1267,3.9519649121256775
slice_1268,3.9519649121256775
neg_138,11.535965351427071
mul_627,12.878885965068873
add_416,19.91764024109171
mul_628,3.4101137063645743
slice_1269,2.520977028805697
slice_1270,2.520977028805697
neg_139,4.865108771948961
mul_629,3.4101137063645743
add_417,9.548757873070425
slice_1271,2.533626040754219
slice_1272,2.533626040754219
unsqueeze_288,3.5117571268459424
slice_1273,2.4133979146679243
slice_1274,2.4133979146679243
expand_143,4.232695832848549
clone_139,2032.9889604161183
_unsafe_view_138,3.168656249033908
slice_1275,2.533626040754219
slice_1276,2.533626040754219
unsqueeze_289,3.5117571268459424
slice_1277,2.4133979146679243
slice_1278,2.4133979146679243
expand_144,4.232695832848549
clone_140,2032.9889604161183
_unsafe_view_139,3.168656249033908
slice_1282,3.3312464322793343
slice_1283,3.3312464322793343
slice_1284,3.3312464322793343
_scaled_dot_product_flash_attention_for_cpu_69,1310.6503666650503
transpose_280,3.6789531432026834
view_1256,1.1119735742347283
t_486,6.527348749595694
view_1257,1.1119735742347283
mm_276,727.6606807004791
view_1258,3.0296361841588166
add_418,7.781027192811956
_to_copy_281,17.911832625071337
pow_140,15.828645962963206
mean_139,41.04454843629624
add_419,2.0730039464538557
rsqrt_139,4.959405469880769
mul_630,6.595864661144278
_to_copy_282,17.911832625071337
mul_631,6.557784025392021
t_487,9.521420728756736
view_1259,2.1895353846550436
mm_277,1671.0509663376304
view_1260,2.800755404823774
silu_69,39.50630241214837
t_488,9.521420728756736
view_1261,2.1895353846550436
mm_278,1671.0509663376304
view_1262,4.393855373424135
mul_632,20.484423903467363
t_489,11.589321250254288
view_1263,2.1895353846550436
mm_279,1589.0370429822292
view_1264,4.393855373424135
add_420,19.91764024109171
_to_copy_283,17.911832625071337
pow_141,15.828645962963206
mean_140,41.04454843629624
add_421,9.548757873070425
rsqrt_140,4.959405469880769
mul_633,6.595864661144278
_to_copy_284,17.911832625071337
mul_634,6.557784025392021
view_1265,1.1665098687470483
t_490,6.527348749595694
addmm_210,534.2313552631947
view_1266,2.800755404823774
view_1267,2.1895353846550436
t_491,5.611609271067816
addmm_211,203.0197400223235
view_1268,2.800755404823774
view_1269,2.1895353846550436
t_492,5.611609271067816
addmm_212,203.0197400223235
view_1270,2.067026316021618
view_1271,2.1895353846550436
transpose_281,5.878522697316581
view_1272,2.067026316021618
transpose_282,2.184821929586561
view_1273,2.1895353846550436
transpose_283,2.184821929586561
split_with_sizes_140,16.864486294109046
select_840,2.373581661056858
select_841,4.371431798094132
select_842,2.373581661056858
select_843,2.373581661056858
select_844,4.371431798094132
select_845,2.373581661056858
unsqueeze_290,3.000458332772056
split_with_sizes_141,16.864486294109046
select_846,2.373581661056858
select_847,4.371431798094132
select_848,2.373581661056858
select_849,2.373581661056858
select_850,4.371431798094132
select_851,2.373581661056858
unsqueeze_291,3.000458332772056
mul_635,12.878885965068873
slice_1285,3.9519649121256775
slice_1286,3.9519649121256775
neg_140,11.535965351427071
mul_636,12.878885965068873
add_422,19.91764024109171
mul_637,3.4101137063645743
slice_1287,2.520977028805697
slice_1288,2.520977028805697
neg_141,4.865108771948961
mul_638,3.4101137063645743
add_423,9.548757873070425
slice_1289,2.533626040754219
slice_1290,2.533626040754219
unsqueeze_292,3.5117571268459424
slice_1291,2.4133979146679243
slice_1292,2.4133979146679243
expand_145,4.232695832848549
clone_141,2032.9889604161183
_unsafe_view_140,3.168656249033908
slice_1293,2.533626040754219
slice_1294,2.533626040754219
unsqueeze_293,3.5117571268459424
slice_1295,2.4133979146679243
slice_1296,2.4133979146679243
expand_146,4.232695832848549
clone_142,2032.9889604161183
_unsafe_view_141,3.168656249033908
slice_1300,3.3312464322793343
slice_1301,3.3312464322793343
slice_1302,3.3312464322793343
_scaled_dot_product_flash_attention_for_cpu_70,1310.6503666650503
transpose_284,3.6789531432026834
view_1274,1.1119735742347283
t_493,6.527348749595694
view_1275,1.1119735742347283
mm_280,727.6606807004791
view_1276,3.0296361841588166
add_424,7.781027192811956
_to_copy_285,17.911832625071337
pow_142,15.828645962963206
mean_141,41.04454843629624
add_425,2.0730039464538557
rsqrt_141,4.959405469880769
mul_639,6.595864661144278
_to_copy_286,17.911832625071337
mul_640,6.557784025392021
t_494,9.521420728756736
view_1277,2.1895353846550436
mm_281,1671.0509663376304
view_1278,2.800755404823774
silu_70,39.50630241214837
t_495,9.521420728756736
view_1279,2.1895353846550436
mm_282,1671.0509663376304
view_1280,4.393855373424135
mul_641,20.484423903467363
t_496,11.589321250254288
view_1281,2.1895353846550436
mm_283,1589.0370429822292
view_1282,4.393855373424135
add_426,19.91764024109171
_to_copy_287,17.911832625071337
pow_143,15.828645962963206
mean_142,41.04454843629624
add_427,9.548757873070425
rsqrt_142,4.959405469880769
mul_642,6.595864661144278
_to_copy_288,17.911832625071337
mul_643,6.557784025392021
view_1283,1.1665098687470483
t_497,6.527348749595694
addmm_213,534.2313552631947
view_1284,2.800755404823774
view_1285,2.1895353846550436
t_498,5.611609271067816
addmm_214,203.0197400223235
view_1286,2.800755404823774
view_1287,2.1895353846550436
t_499,5.611609271067816
addmm_215,203.0197400223235
view_1288,2.067026316021618
view_1289,2.1895353846550436
transpose_285,5.878522697316581
view_1290,2.067026316021618
transpose_286,2.184821929586561
view_1291,2.1895353846550436
transpose_287,2.184821929586561
split_with_sizes_142,16.864486294109046
select_852,2.373581661056858
select_853,4.371431798094132
select_854,2.373581661056858
select_855,2.373581661056858
select_856,4.371431798094132
select_857,2.373581661056858
unsqueeze_294,3.000458332772056
split_with_sizes_143,16.864486294109046
select_858,2.373581661056858
select_859,4.371431798094132
select_860,2.373581661056858
select_861,2.373581661056858
select_862,4.371431798094132
select_863,2.373581661056858
unsqueeze_295,3.000458332772056
mul_644,12.878885965068873
slice_1303,3.9519649121256775
slice_1304,3.9519649121256775
neg_142,11.535965351427071
mul_645,12.878885965068873
add_428,19.91764024109171
mul_646,3.4101137063645743
slice_1305,2.520977028805697
slice_1306,2.520977028805697
neg_143,4.865108771948961
mul_647,3.4101137063645743
add_429,9.548757873070425
slice_1307,2.533626040754219
slice_1308,2.533626040754219
unsqueeze_296,3.5117571268459424
slice_1309,2.4133979146679243
slice_1310,2.4133979146679243
expand_147,4.232695832848549
clone_143,2032.9889604161183
_unsafe_view_142,3.168656249033908
slice_1311,2.533626040754219
slice_1312,2.533626040754219
unsqueeze_297,3.5117571268459424
slice_1313,2.4133979146679243
slice_1314,2.4133979146679243
expand_148,4.232695832848549
clone_144,2032.9889604161183
_unsafe_view_143,3.168656249033908
slice_1318,3.3312464322793343
slice_1319,3.3312464322793343
slice_1320,3.3312464322793343
_scaled_dot_product_flash_attention_for_cpu_71,1310.6503666650503
transpose_288,3.6789531432026834
view_1292,1.1119735742347283
t_500,6.527348749595694
view_1293,1.1119735742347283
mm_284,727.6606807004791
view_1294,3.0296361841588166
add_430,7.781027192811956
_to_copy_289,17.911832625071337
pow_144,15.828645962963206
mean_143,41.04454843629624
add_431,2.0730039464538557
rsqrt_143,4.959405469880769
mul_648,6.595864661144278
_to_copy_290,17.911832625071337
mul_649,6.557784025392021
t_501,9.521420728756736
view_1295,2.1895353846550436
mm_285,1671.0509663376304
view_1296,2.800755404823774
silu_71,39.50630241214837
t_502,9.521420728756736
view_1297,2.1895353846550436
mm_286,1671.0509663376304
view_1298,4.393855373424135
mul_650,20.484423903467363
t_503,11.589321250254288
view_1299,2.1895353846550436
mm_287,1589.0370429822292
view_1300,4.393855373424135
add_432,19.91764024109171
_to_copy_291,17.911832625071337
pow_145,15.828645962963206
mean_144,41.04454843629624
add_433,9.548757873070425
rsqrt_144,4.959405469880769
mul_651,6.595864661144278
_to_copy_292,17.911832625071337
mul_652,6.557784025392021
view_1301,1.1665098687470483
t_504,6.527348749595694
addmm_216,534.2313552631947
view_1302,2.800755404823774
view_1303,2.1895353846550436
t_505,5.611609271067816
addmm_217,203.0197400223235
view_1304,2.800755404823774
view_1305,2.1895353846550436
t_506,5.611609271067816
addmm_218,203.0197400223235
view_1306,2.067026316021618
view_1307,2.1895353846550436
transpose_289,5.878522697316581
view_1308,2.067026316021618
transpose_290,2.184821929586561
view_1309,2.1895353846550436
transpose_291,2.184821929586561
split_with_sizes_144,16.864486294109046
select_864,2.373581661056858
select_865,4.371431798094132
select_866,2.373581661056858
select_867,2.373581661056858
select_868,4.371431798094132
select_869,2.373581661056858
unsqueeze_298,3.000458332772056
split_with_sizes_145,16.864486294109046
select_870,2.373581661056858
select_871,4.371431798094132
select_872,2.373581661056858
select_873,2.373581661056858
select_874,4.371431798094132
select_875,2.373581661056858
unsqueeze_299,3.000458332772056
mul_653,12.878885965068873
slice_1321,3.9519649121256775
slice_1322,3.9519649121256775
neg_144,11.535965351427071
mul_654,12.878885965068873
add_434,19.91764024109171
mul_655,3.4101137063645743
slice_1323,2.520977028805697
slice_1324,2.520977028805697
neg_145,4.865108771948961
mul_656,3.4101137063645743
add_435,9.548757873070425
slice_1325,2.533626040754219
slice_1326,2.533626040754219
unsqueeze_300,3.5117571268459424
slice_1327,2.4133979146679243
slice_1328,2.4133979146679243
expand_149,4.232695832848549
clone_145,2032.9889604161183
_unsafe_view_144,3.168656249033908
slice_1329,2.533626040754219
slice_1330,2.533626040754219
unsqueeze_301,3.5117571268459424
slice_1331,2.4133979146679243
slice_1332,2.4133979146679243
expand_150,4.232695832848549
clone_146,2032.9889604161183
_unsafe_view_145,3.168656249033908
slice_1336,3.3312464322793343
slice_1337,3.3312464322793343
slice_1338,3.3312464322793343
_scaled_dot_product_flash_attention_for_cpu_72,1310.6503666650503
transpose_292,3.6789531432026834
view_1310,1.1119735742347283
t_507,6.527348749595694
view_1311,1.1119735742347283
mm_288,727.6606807004791
view_1312,3.0296361841588166
add_436,7.781027192811956
_to_copy_293,17.911832625071337
pow_146,15.828645962963206
mean_145,41.04454843629624
add_437,2.0730039464538557
rsqrt_145,4.959405469880769
mul_657,6.595864661144278
_to_copy_294,17.911832625071337
mul_658,6.557784025392021
t_508,9.521420728756736
view_1313,2.1895353846550436
mm_289,1671.0509663376304
view_1314,2.800755404823774
silu_72,39.50630241214837
t_509,9.521420728756736
view_1315,2.1895353846550436
mm_290,1671.0509663376304
view_1316,4.393855373424135
mul_659,20.484423903467363
t_510,11.589321250254288
view_1317,2.1895353846550436
mm_291,1589.0370429822292
view_1318,4.393855373424135
add_438,19.91764024109171
_to_copy_295,17.911832625071337
pow_147,15.828645962963206
mean_146,41.04454843629624
add_439,9.548757873070425
rsqrt_146,4.959405469880769
mul_660,6.595864661144278
_to_copy_296,17.911832625071337
mul_661,6.557784025392021
view_1319,1.1665098687470483
t_511,6.527348749595694
addmm_219,534.2313552631947
view_1320,2.800755404823774
view_1321,2.1895353846550436
t_512,5.611609271067816
addmm_220,203.0197400223235
view_1322,2.800755404823774
view_1323,2.1895353846550436
t_513,5.611609271067816
addmm_221,203.0197400223235
view_1324,2.067026316021618
view_1325,2.1895353846550436
transpose_293,5.878522697316581
view_1326,2.067026316021618
transpose_294,2.184821929586561
view_1327,2.1895353846550436
transpose_295,2.184821929586561
split_with_sizes_146,16.864486294109046
select_876,2.373581661056858
select_877,4.371431798094132
select_878,2.373581661056858
select_879,2.373581661056858
select_880,4.371431798094132
select_881,2.373581661056858
unsqueeze_302,3.000458332772056
split_with_sizes_147,16.864486294109046
select_882,2.373581661056858
select_883,4.371431798094132
select_884,2.373581661056858
select_885,2.373581661056858
select_886,4.371431798094132
select_887,2.373581661056858
unsqueeze_303,3.000458332772056
mul_662,12.878885965068873
slice_1339,3.9519649121256775
slice_1340,3.9519649121256775
neg_146,11.535965351427071
mul_663,12.878885965068873
add_440,19.91764024109171
mul_664,3.4101137063645743
slice_1341,2.520977028805697
slice_1342,2.520977028805697
neg_147,4.865108771948961
mul_665,3.4101137063645743
add_441,9.548757873070425
slice_1343,2.533626040754219
slice_1344,2.533626040754219
unsqueeze_304,3.5117571268459424
slice_1345,2.4133979146679243
slice_1346,2.4133979146679243
expand_151,4.232695832848549
clone_147,2032.9889604161183
_unsafe_view_146,3.168656249033908
slice_1347,2.533626040754219
slice_1348,2.533626040754219
unsqueeze_305,3.5117571268459424
slice_1349,2.4133979146679243
slice_1350,2.4133979146679243
expand_152,4.232695832848549
clone_148,2032.9889604161183
_unsafe_view_147,3.168656249033908
slice_1354,3.3312464322793343
slice_1355,3.3312464322793343
slice_1356,3.3312464322793343
_scaled_dot_product_flash_attention_for_cpu_73,1310.6503666650503
transpose_296,3.6789531432026834
view_1328,1.1119735742347283
t_514,6.527348749595694
view_1329,1.1119735742347283
mm_292,727.6606807004791
view_1330,3.0296361841588166
add_442,7.781027192811956
_to_copy_297,17.911832625071337
pow_148,15.828645962963206
mean_147,41.04454843629624
add_443,2.0730039464538557
rsqrt_147,4.959405469880769
mul_666,6.595864661144278
_to_copy_298,17.911832625071337
mul_667,6.557784025392021
t_515,9.521420728756736
view_1331,2.1895353846550436
mm_293,1671.0509663376304
view_1332,2.800755404823774
silu_73,39.50630241214837
t_516,9.521420728756736
view_1333,2.1895353846550436
mm_294,1671.0509663376304
view_1334,4.393855373424135
mul_668,20.484423903467363
t_517,11.589321250254288
view_1335,2.1895353846550436
mm_295,1589.0370429822292
view_1336,4.393855373424135
add_444,19.91764024109171
_to_copy_299,17.911832625071337
pow_149,15.828645962963206
mean_148,41.04454843629624
add_445,9.548757873070425
rsqrt_148,4.959405469880769
mul_669,6.595864661144278
_to_copy_300,17.911832625071337
mul_670,6.557784025392021
view_1337,1.1665098687470483
t_518,6.527348749595694
addmm_222,534.2313552631947
view_1338,2.800755404823774
view_1339,2.1895353846550436
t_519,5.611609271067816
addmm_223,203.0197400223235
view_1340,2.800755404823774
view_1341,2.1895353846550436
t_520,5.611609271067816
addmm_224,203.0197400223235
view_1342,2.067026316021618
view_1343,2.1895353846550436
transpose_297,5.878522697316581
view_1344,2.067026316021618
transpose_298,2.184821929586561
view_1345,2.1895353846550436
transpose_299,2.184821929586561
split_with_sizes_148,16.864486294109046
select_888,2.373581661056858
select_889,4.371431798094132
select_890,2.373581661056858
select_891,2.373581661056858
select_892,4.371431798094132
select_893,2.373581661056858
unsqueeze_306,3.000458332772056
split_with_sizes_149,16.864486294109046
select_894,2.373581661056858
select_895,4.371431798094132
select_896,2.373581661056858
select_897,2.373581661056858
select_898,4.371431798094132
select_899,2.373581661056858
unsqueeze_307,3.000458332772056
mul_671,12.878885965068873
slice_1357,3.9519649121256775
slice_1358,3.9519649121256775
neg_148,11.535965351427071
mul_672,12.878885965068873
add_446,19.91764024109171
mul_673,3.4101137063645743
slice_1359,2.520977028805697
slice_1360,2.520977028805697
neg_149,4.865108771948961
mul_674,3.4101137063645743
add_447,9.548757873070425
slice_1361,2.533626040754219
slice_1362,2.533626040754219
unsqueeze_308,3.5117571268459424
slice_1363,2.4133979146679243
slice_1364,2.4133979146679243
expand_153,4.232695832848549
clone_149,2032.9889604161183
_unsafe_view_148,3.168656249033908
slice_1365,2.533626040754219
slice_1366,2.533626040754219
unsqueeze_309,3.5117571268459424
slice_1367,2.4133979146679243
slice_1368,2.4133979146679243
expand_154,4.232695832848549
clone_150,2032.9889604161183
_unsafe_view_149,3.168656249033908
slice_1372,3.3312464322793343
slice_1373,3.3312464322793343
slice_1374,3.3312464322793343
_scaled_dot_product_flash_attention_for_cpu_74,1310.6503666650503
transpose_300,3.6789531432026834
view_1346,1.1119735742347283
t_521,6.527348749595694
view_1347,1.1119735742347283
mm_296,727.6606807004791
view_1348,3.0296361841588166
add_448,7.781027192811956
_to_copy_301,17.911832625071337
pow_150,15.828645962963206
mean_149,41.04454843629624
add_449,2.0730039464538557
rsqrt_149,4.959405469880769
mul_675,6.595864661144278
_to_copy_302,17.911832625071337
mul_676,6.557784025392021
t_522,9.521420728756736
view_1349,2.1895353846550436
mm_297,1671.0509663376304
view_1350,2.800755404823774
silu_74,39.50630241214837
t_523,9.521420728756736
view_1351,2.1895353846550436
mm_298,1671.0509663376304
view_1352,4.393855373424135
mul_677,20.484423903467363
t_524,11.589321250254288
view_1353,2.1895353846550436
mm_299,1589.0370429822292
view_1354,4.393855373424135
add_450,19.91764024109171
_to_copy_303,17.911832625071337
pow_151,15.828645962963206
mean_150,41.04454843629624
add_451,9.548757873070425
rsqrt_150,4.959405469880769
mul_678,6.595864661144278
_to_copy_304,17.911832625071337
mul_679,6.557784025392021
view_1355,1.1665098687470483
t_525,6.527348749595694
addmm_225,534.2313552631947
view_1356,2.800755404823774
view_1357,2.1895353846550436
t_526,5.611609271067816
addmm_226,203.0197400223235
view_1358,2.800755404823774
view_1359,2.1895353846550436
t_527,5.611609271067816
addmm_227,203.0197400223235
view_1360,2.067026316021618
view_1361,2.1895353846550436
transpose_301,5.878522697316581
view_1362,2.067026316021618
transpose_302,2.184821929586561
view_1363,2.1895353846550436
transpose_303,2.184821929586561
split_with_sizes_150,16.864486294109046
select_900,2.373581661056858
select_901,4.371431798094132
select_902,2.373581661056858
select_903,2.373581661056858
select_904,4.371431798094132
select_905,2.373581661056858
unsqueeze_310,3.000458332772056
split_with_sizes_151,16.864486294109046
select_906,2.373581661056858
select_907,4.371431798094132
select_908,2.373581661056858
select_909,2.373581661056858
select_910,4.371431798094132
select_911,2.373581661056858
unsqueeze_311,3.000458332772056
mul_680,12.878885965068873
slice_1375,3.9519649121256775
slice_1376,3.9519649121256775
neg_150,11.535965351427071
mul_681,12.878885965068873
add_452,19.91764024109171
mul_682,3.4101137063645743
slice_1377,2.520977028805697
slice_1378,2.520977028805697
neg_151,4.865108771948961
mul_683,3.4101137063645743
add_453,9.548757873070425
slice_1379,2.533626040754219
slice_1380,2.533626040754219
unsqueeze_312,3.5117571268459424
slice_1381,2.4133979146679243
slice_1382,2.4133979146679243
expand_155,4.232695832848549
clone_151,2032.9889604161183
_unsafe_view_150,3.168656249033908
slice_1383,2.533626040754219
slice_1384,2.533626040754219
unsqueeze_313,3.5117571268459424
slice_1385,2.4133979146679243
slice_1386,2.4133979146679243
expand_156,4.232695832848549
clone_152,2032.9889604161183
_unsafe_view_151,3.168656249033908
slice_1390,3.3312464322793343
slice_1391,3.3312464322793343
slice_1392,3.3312464322793343
_scaled_dot_product_flash_attention_for_cpu_75,1310.6503666650503
transpose_304,3.6789531432026834
view_1364,1.1119735742347283
t_528,6.527348749595694
view_1365,1.1119735742347283
mm_300,727.6606807004791
view_1366,3.0296361841588166
add_454,7.781027192811956
_to_copy_305,17.911832625071337
pow_152,15.828645962963206
mean_151,41.04454843629624
add_455,2.0730039464538557
rsqrt_151,4.959405469880769
mul_684,6.595864661144278
_to_copy_306,17.911832625071337
mul_685,6.557784025392021
t_529,9.521420728756736
view_1367,2.1895353846550436
mm_301,1671.0509663376304
view_1368,2.800755404823774
silu_75,39.50630241214837
t_530,9.521420728756736
view_1369,2.1895353846550436
mm_302,1671.0509663376304
view_1370,4.393855373424135
mul_686,20.484423903467363
t_531,11.589321250254288
view_1371,2.1895353846550436
mm_303,1589.0370429822292
view_1372,4.393855373424135
add_456,19.91764024109171
_to_copy_307,17.911832625071337
pow_153,15.828645962963206
mean_152,41.04454843629624
add_457,9.548757873070425
rsqrt_152,4.959405469880769
mul_687,6.595864661144278
_to_copy_308,17.911832625071337
mul_688,6.557784025392021
view_1373,1.1665098687470483
t_532,6.527348749595694
addmm_228,534.2313552631947
view_1374,2.800755404823774
view_1375,2.1895353846550436
t_533,5.611609271067816
addmm_229,203.0197400223235
view_1376,2.800755404823774
view_1377,2.1895353846550436
t_534,5.611609271067816
addmm_230,203.0197400223235
view_1378,2.067026316021618
view_1379,2.1895353846550436
transpose_305,5.878522697316581
view_1380,2.067026316021618
transpose_306,2.184821929586561
view_1381,2.1895353846550436
transpose_307,2.184821929586561
split_with_sizes_152,16.864486294109046
select_912,2.373581661056858
select_913,4.371431798094132
select_914,2.373581661056858
select_915,2.373581661056858
select_916,4.371431798094132
select_917,2.373581661056858
unsqueeze_314,3.000458332772056
split_with_sizes_153,16.864486294109046
select_918,2.373581661056858
select_919,4.371431798094132
select_920,2.373581661056858
select_921,2.373581661056858
select_922,4.371431798094132
select_923,2.373581661056858
unsqueeze_315,3.000458332772056
mul_689,12.878885965068873
slice_1393,3.9519649121256775
slice_1394,3.9519649121256775
neg_152,11.535965351427071
mul_690,12.878885965068873
add_458,19.91764024109171
mul_691,3.4101137063645743
slice_1395,2.520977028805697
slice_1396,2.520977028805697
neg_153,4.865108771948961
mul_692,3.4101137063645743
add_459,9.548757873070425
slice_1397,2.533626040754219
slice_1398,2.533626040754219
unsqueeze_316,3.5117571268459424
slice_1399,2.4133979146679243
slice_1400,2.4133979146679243
expand_157,4.232695832848549
clone_153,2032.9889604161183
_unsafe_view_152,3.168656249033908
slice_1401,2.533626040754219
slice_1402,2.533626040754219
unsqueeze_317,3.5117571268459424
slice_1403,2.4133979146679243
slice_1404,2.4133979146679243
expand_158,4.232695832848549
clone_154,2032.9889604161183
_unsafe_view_153,3.168656249033908
slice_1408,3.3312464322793343
slice_1409,3.3312464322793343
slice_1410,3.3312464322793343
_scaled_dot_product_flash_attention_for_cpu_76,1310.6503666650503
transpose_308,3.6789531432026834
view_1382,1.1119735742347283
t_535,6.527348749595694
view_1383,1.1119735742347283
mm_304,727.6606807004791
view_1384,3.0296361841588166
add_460,7.781027192811956
_to_copy_309,17.911832625071337
pow_154,15.828645962963206
mean_153,41.04454843629624
add_461,2.0730039464538557
rsqrt_153,4.959405469880769
mul_693,6.595864661144278
_to_copy_310,17.911832625071337
mul_694,6.557784025392021
t_536,9.521420728756736
view_1385,2.1895353846550436
mm_305,1671.0509663376304
view_1386,2.800755404823774
silu_76,39.50630241214837
t_537,9.521420728756736
view_1387,2.1895353846550436
mm_306,1671.0509663376304
view_1388,4.393855373424135
mul_695,20.484423903467363
t_538,11.589321250254288
view_1389,2.1895353846550436
mm_307,1589.0370429822292
view_1390,4.393855373424135
add_462,19.91764024109171
_to_copy_311,17.911832625071337
pow_155,15.828645962963206
mean_154,41.04454843629624
add_463,9.548757873070425
rsqrt_154,4.959405469880769
mul_696,6.595864661144278
_to_copy_312,17.911832625071337
mul_697,6.557784025392021
view_1391,1.1665098687470483
t_539,6.527348749595694
addmm_231,534.2313552631947
view_1392,2.800755404823774
view_1393,2.1895353846550436
t_540,5.611609271067816
addmm_232,203.0197400223235
view_1394,2.800755404823774
view_1395,2.1895353846550436
t_541,5.611609271067816
addmm_233,203.0197400223235
view_1396,2.067026316021618
view_1397,2.1895353846550436
transpose_309,5.878522697316581
view_1398,2.067026316021618
transpose_310,2.184821929586561
view_1399,2.1895353846550436
transpose_311,2.184821929586561
split_with_sizes_154,16.864486294109046
select_924,2.373581661056858
select_925,4.371431798094132
select_926,2.373581661056858
select_927,2.373581661056858
select_928,4.371431798094132
select_929,2.373581661056858
unsqueeze_318,3.000458332772056
split_with_sizes_155,16.864486294109046
select_930,2.373581661056858
select_931,4.371431798094132
select_932,2.373581661056858
select_933,2.373581661056858
select_934,4.371431798094132
select_935,2.373581661056858
unsqueeze_319,3.000458332772056
mul_698,12.878885965068873
slice_1411,3.9519649121256775
slice_1412,3.9519649121256775
neg_154,11.535965351427071
mul_699,12.878885965068873
add_464,19.91764024109171
mul_700,3.4101137063645743
slice_1413,2.520977028805697
slice_1414,2.520977028805697
neg_155,4.865108771948961
mul_701,3.4101137063645743
add_465,9.548757873070425
slice_1415,2.533626040754219
slice_1416,2.533626040754219
unsqueeze_320,3.5117571268459424
slice_1417,2.4133979146679243
slice_1418,2.4133979146679243
expand_159,4.232695832848549
clone_155,2032.9889604161183
_unsafe_view_154,3.168656249033908
slice_1419,2.533626040754219
slice_1420,2.533626040754219
unsqueeze_321,3.5117571268459424
slice_1421,2.4133979146679243
slice_1422,2.4133979146679243
expand_160,4.232695832848549
clone_156,2032.9889604161183
_unsafe_view_155,3.168656249033908
slice_1426,3.3312464322793343
slice_1427,3.3312464322793343
slice_1428,3.3312464322793343
_scaled_dot_product_flash_attention_for_cpu_77,1310.6503666650503
transpose_312,3.6789531432026834
view_1400,1.1119735742347283
t_542,6.527348749595694
view_1401,1.1119735742347283
mm_308,727.6606807004791
view_1402,3.0296361841588166
add_466,7.781027192811956
_to_copy_313,17.911832625071337
pow_156,15.828645962963206
mean_155,41.04454843629624
add_467,2.0730039464538557
rsqrt_155,4.959405469880769
mul_702,6.595864661144278
_to_copy_314,17.911832625071337
mul_703,6.557784025392021
t_543,9.521420728756736
view_1403,2.1895353846550436
mm_309,1671.0509663376304
view_1404,2.800755404823774
silu_77,39.50630241214837
t_544,9.521420728756736
view_1405,2.1895353846550436
mm_310,1671.0509663376304
view_1406,4.393855373424135
mul_704,20.484423903467363
t_545,11.589321250254288
view_1407,2.1895353846550436
mm_311,1589.0370429822292
view_1408,4.393855373424135
add_468,19.91764024109171
_to_copy_315,17.911832625071337
pow_157,15.828645962963206
mean_156,41.04454843629624
add_469,9.548757873070425
rsqrt_156,4.959405469880769
mul_705,6.595864661144278
_to_copy_316,17.911832625071337
mul_706,6.557784025392021
view_1409,1.1665098687470483
t_546,6.527348749595694
addmm_234,534.2313552631947
view_1410,2.800755404823774
view_1411,2.1895353846550436
t_547,5.611609271067816
addmm_235,203.0197400223235
view_1412,2.800755404823774
view_1413,2.1895353846550436
t_548,5.611609271067816
addmm_236,203.0197400223235
view_1414,2.067026316021618
view_1415,2.1895353846550436
transpose_313,5.878522697316581
view_1416,2.067026316021618
transpose_314,2.184821929586561
view_1417,2.1895353846550436
transpose_315,2.184821929586561
split_with_sizes_156,16.864486294109046
select_936,2.373581661056858
select_937,4.371431798094132
select_938,2.373581661056858
select_939,2.373581661056858
select_940,4.371431798094132
select_941,2.373581661056858
unsqueeze_322,3.000458332772056
split_with_sizes_157,16.864486294109046
select_942,2.373581661056858
select_943,4.371431798094132
select_944,2.373581661056858
select_945,2.373581661056858
select_946,4.371431798094132
select_947,2.373581661056858
unsqueeze_323,3.000458332772056
mul_707,12.878885965068873
slice_1429,3.9519649121256775
slice_1430,3.9519649121256775
neg_156,11.535965351427071
mul_708,12.878885965068873
add_470,19.91764024109171
mul_709,3.4101137063645743
slice_1431,2.520977028805697
slice_1432,2.520977028805697
neg_157,4.865108771948961
mul_710,3.4101137063645743
add_471,9.548757873070425
slice_1433,2.533626040754219
slice_1434,2.533626040754219
unsqueeze_324,3.5117571268459424
slice_1435,2.4133979146679243
slice_1436,2.4133979146679243
expand_161,4.232695832848549
clone_157,2032.9889604161183
_unsafe_view_156,3.168656249033908
slice_1437,2.533626040754219
slice_1438,2.533626040754219
unsqueeze_325,3.5117571268459424
slice_1439,2.4133979146679243
slice_1440,2.4133979146679243
expand_162,4.232695832848549
clone_158,2032.9889604161183
_unsafe_view_157,3.168656249033908
slice_1444,3.3312464322793343
slice_1445,3.3312464322793343
slice_1446,3.3312464322793343
_scaled_dot_product_flash_attention_for_cpu_78,1310.6503666650503
transpose_316,3.6789531432026834
view_1418,1.1119735742347283
t_549,6.527348749595694
view_1419,1.1119735742347283
mm_312,727.6606807004791
view_1420,3.0296361841588166
add_472,7.781027192811956
_to_copy_317,17.911832625071337
pow_158,15.828645962963206
mean_157,41.04454843629624
add_473,2.0730039464538557
rsqrt_157,4.959405469880769
mul_711,6.595864661144278
_to_copy_318,17.911832625071337
mul_712,6.557784025392021
t_550,9.521420728756736
view_1421,2.1895353846550436
mm_313,1671.0509663376304
view_1422,2.800755404823774
silu_78,39.50630241214837
t_551,9.521420728756736
view_1423,2.1895353846550436
mm_314,1671.0509663376304
view_1424,4.393855373424135
mul_713,20.484423903467363
t_552,11.589321250254288
view_1425,2.1895353846550436
mm_315,1589.0370429822292
view_1426,4.393855373424135
add_474,19.91764024109171
_to_copy_319,17.911832625071337
pow_159,15.828645962963206
mean_158,41.04454843629624
add_475,9.548757873070425
rsqrt_158,4.959405469880769
mul_714,6.595864661144278
_to_copy_320,17.911832625071337
mul_715,6.557784025392021
view_1427,1.1665098687470483
t_553,6.527348749595694
addmm_237,534.2313552631947
view_1428,2.800755404823774
view_1429,2.1895353846550436
t_554,5.611609271067816
addmm_238,203.0197400223235
view_1430,2.800755404823774
view_1431,2.1895353846550436
t_555,5.611609271067816
addmm_239,203.0197400223235
view_1432,2.067026316021618
view_1433,2.1895353846550436
transpose_317,5.878522697316581
view_1434,2.067026316021618
transpose_318,2.184821929586561
view_1435,2.1895353846550436
transpose_319,2.184821929586561
split_with_sizes_158,16.864486294109046
select_948,2.373581661056858
select_949,4.371431798094132
select_950,2.373581661056858
select_951,2.373581661056858
select_952,4.371431798094132
select_953,2.373581661056858
unsqueeze_326,3.000458332772056
split_with_sizes_159,16.864486294109046
select_954,2.373581661056858
select_955,4.371431798094132
select_956,2.373581661056858
select_957,2.373581661056858
select_958,4.371431798094132
select_959,2.373581661056858
unsqueeze_327,3.000458332772056
mul_716,12.878885965068873
slice_1447,3.9519649121256775
slice_1448,3.9519649121256775
neg_158,11.535965351427071
mul_717,12.878885965068873
add_476,19.91764024109171
mul_718,3.4101137063645743
slice_1449,2.520977028805697
slice_1450,2.520977028805697
neg_159,4.865108771948961
mul_719,3.4101137063645743
add_477,9.548757873070425
slice_1451,2.533626040754219
slice_1452,2.533626040754219
unsqueeze_328,3.5117571268459424
slice_1453,2.4133979146679243
slice_1454,2.4133979146679243
expand_163,4.232695832848549
clone_159,2032.9889604161183
_unsafe_view_158,3.168656249033908
slice_1455,2.533626040754219
slice_1456,2.533626040754219
unsqueeze_329,3.5117571268459424
slice_1457,2.4133979146679243
slice_1458,2.4133979146679243
expand_164,4.232695832848549
clone_160,2032.9889604161183
_unsafe_view_159,3.168656249033908
slice_1462,3.3312464322793343
slice_1463,3.3312464322793343
slice_1464,3.3312464322793343
_scaled_dot_product_flash_attention_for_cpu_79,1310.6503666650503
transpose_320,3.6789531432026834
view_1436,1.1119735742347283
t_556,6.527348749595694
view_1437,1.1119735742347283
mm_316,727.6606807004791
view_1438,3.0296361841588166
add_478,7.781027192811956
_to_copy_321,17.911832625071337
pow_160,15.828645962963206
mean_159,41.04454843629624
add_479,2.0730039464538557
rsqrt_159,4.959405469880769
mul_720,6.595864661144278
_to_copy_322,17.911832625071337
mul_721,6.557784025392021
t_557,9.521420728756736
view_1439,2.1895353846550436
mm_317,1671.0509663376304
view_1440,2.800755404823774
silu_79,39.50630241214837
t_558,9.521420728756736
view_1441,2.1895353846550436
mm_318,1671.0509663376304
view_1442,4.393855373424135
mul_722,20.484423903467363
t_559,11.589321250254288
view_1443,2.1895353846550436
mm_319,1589.0370429822292
view_1444,4.393855373424135
add_480,19.91764024109171
_to_copy_323,17.911832625071337
pow_161,15.828645962963206
mean_160,41.04454843629624
add_481,9.548757873070425
rsqrt_160,4.959405469880769
mul_723,6.595864661144278
_to_copy_324,17.911832625071337
mul_724,6.557784025392021
t_560,9.494616672893365
view_1445,1.1665098687470483
mm_320,7093.348140344808
view_1446,2.800755404823774
arange_2,107.46969842272145
expand_165,4.232695832848549
select_960,2.373581661056858
unsqueeze_330,3.000458332772056
expand_166,4.232695832848549
unsqueeze_331,3.000458332772056
expand_167,4.232695832848549
clone_161,2032.9889604161183
add_482,19.91764024109171
add_483,9.548757873070425
view_1447,2.1895353846550436
view_1448,8.954280701645633
