node_name,cpu-time
mul_6,2.2227333297332126
t,6.27310250029744
t_1,5.330549062246767
unsqueeze_6,2.530050007502238
unsqueeze_7,1.7757499990363916
slice_21,2.1884499934812385
unsqueeze_8,2.530050007502238
expand_2,3.038947367877291
expand_3,2.4877500012516975
view_2,1.6498899990073794
t_2,5.330549062246767
t_3,6.27310250029744
t_4,9.175595625105004
t_5,9.175595625105004
t_6,11.323751666204384
t_7,6.27310250029744
t_8,5.330549062246767
t_9,5.330549062246767
t_10,6.27310250029744
t_11,9.175595625105004
t_12,9.175595625105004
t_13,11.323751666204384
t_14,6.27310250029744
t_15,5.330549062246767
t_16,5.330549062246767
t_17,6.27310250029744
t_18,9.175595625105004
t_19,9.175595625105004
t_20,11.323751666204384
t_21,6.27310250029744
t_22,5.330549062246767
t_23,5.330549062246767
t_24,6.27310250029744
t_25,9.175595625105004
t_26,9.175595625105004
t_27,11.323751666204384
t_28,6.27310250029744
t_29,5.330549062246767
t_30,5.330549062246767
t_31,6.27310250029744
t_32,9.175595625105004
t_33,9.175595625105004
t_34,11.323751666204384
t_35,6.27310250029744
t_36,5.330549062246767
t_37,5.330549062246767
t_38,6.27310250029744
t_39,9.175595625105004
t_40,9.175595625105004
t_41,11.323751666204384
t_42,6.27310250029744
t_43,5.330549062246767
t_44,5.330549062246767
t_45,6.27310250029744
t_46,9.175595625105004
t_47,9.175595625105004
t_48,11.323751666204384
t_49,6.27310250029744
t_50,5.330549062246767
t_51,5.330549062246767
t_52,6.27310250029744
t_53,9.175595625105004
t_54,9.175595625105004
t_55,11.323751666204384
t_56,6.27310250029744
t_57,5.330549062246767
t_58,5.330549062246767
t_59,6.27310250029744
t_60,9.175595625105004
t_61,9.175595625105004
t_62,11.323751666204384
t_63,6.27310250029744
t_64,5.330549062246767
t_65,5.330549062246767
t_66,6.27310250029744
t_67,9.175595625105004
t_68,9.175595625105004
t_69,11.323751666204384
t_70,6.27310250029744
t_71,5.330549062246767
t_72,5.330549062246767
t_73,6.27310250029744
t_74,9.175595625105004
t_75,9.175595625105004
t_76,11.323751666204384
t_77,6.27310250029744
t_78,5.330549062246767
t_79,5.330549062246767
t_80,6.27310250029744
t_81,9.175595625105004
t_82,9.175595625105004
t_83,11.323751666204384
t_84,6.27310250029744
t_85,5.330549062246767
t_86,5.330549062246767
t_87,6.27310250029744
t_88,9.175595625105004
t_89,9.175595625105004
t_90,11.323751666204384
t_91,6.27310250029744
t_92,5.330549062246767
t_93,5.330549062246767
t_94,6.27310250029744
t_95,9.175595625105004
t_96,9.175595625105004
t_97,11.323751666204384
t_98,6.27310250029744
t_99,5.330549062246767
t_100,5.330549062246767
t_101,6.27310250029744
t_102,9.175595625105004
t_103,9.175595625105004
t_104,11.323751666204384
t_105,6.27310250029744
t_106,5.330549062246767
t_107,5.330549062246767
t_108,6.27310250029744
t_109,9.175595625105004
t_110,9.175595625105004
t_111,11.323751666204384
t_112,6.27310250029744
t_113,5.330549062246767
t_114,5.330549062246767
t_115,6.27310250029744
t_116,9.175595625105004
t_117,9.175595625105004
t_118,11.323751666204384
t_119,6.27310250029744
t_120,5.330549062246767
t_121,5.330549062246767
t_122,6.27310250029744
t_123,9.175595625105004
t_124,9.175595625105004
t_125,11.323751666204384
t_126,6.27310250029744
t_127,5.330549062246767
t_128,5.330549062246767
t_129,6.27310250029744
t_130,9.175595625105004
t_131,9.175595625105004
t_132,11.323751666204384
t_133,6.27310250029744
t_134,5.330549062246767
t_135,5.330549062246767
t_136,6.27310250029744
t_137,9.175595625105004
t_138,9.175595625105004
t_139,11.323751666204384
t_140,6.27310250029744
t_141,5.330549062246767
t_142,5.330549062246767
t_143,6.27310250029744
t_144,9.175595625105004
t_145,9.175595625105004
t_146,11.323751666204384
t_147,6.27310250029744
t_148,5.330549062246767
t_149,5.330549062246767
t_150,6.27310250029744
t_151,9.175595625105004
t_152,9.175595625105004
t_153,11.323751666204384
t_154,6.27310250029744
t_155,5.330549062246767
t_156,5.330549062246767
t_157,6.27310250029744
t_158,9.175595625105004
t_159,9.175595625105004
t_160,11.323751666204384
t_161,6.27310250029744
t_162,5.330549062246767
t_163,5.330549062246767
t_164,6.27310250029744
t_165,9.175595625105004
t_166,9.175595625105004
t_167,11.323751666204384
t_168,6.27310250029744
t_169,5.330549062246767
t_170,5.330549062246767
t_171,6.27310250029744
t_172,9.175595625105004
t_173,9.175595625105004
t_174,11.323751666204384
t_175,6.27310250029744
t_176,5.330549062246767
t_177,5.330549062246767
t_178,6.27310250029744
t_179,9.175595625105004
t_180,9.175595625105004
t_181,11.323751666204384
t_182,6.27310250029744
t_183,5.330549062246767
t_184,5.330549062246767
t_185,6.27310250029744
t_186,9.175595625105004
t_187,9.175595625105004
t_188,11.323751666204384
t_189,6.27310250029744
t_190,5.330549062246767
t_191,5.330549062246767
t_192,6.27310250029744
t_193,9.175595625105004
t_194,9.175595625105004
t_195,11.323751666204384
t_196,6.27310250029744
t_197,5.330549062246767
t_198,5.330549062246767
t_199,6.27310250029744
t_200,9.175595625105004
t_201,9.175595625105004
t_202,11.323751666204384
t_203,6.27310250029744
t_204,5.330549062246767
t_205,5.330549062246767
t_206,6.27310250029744
t_207,9.175595625105004
t_208,9.175595625105004
t_209,11.323751666204384
t_210,6.27310250029744
t_211,5.330549062246767
t_212,5.330549062246767
t_213,6.27310250029744
t_214,9.175595625105004
t_215,9.175595625105004
t_216,11.323751666204384
t_217,6.27310250029744
t_218,5.330549062246767
t_219,5.330549062246767
t_220,6.27310250029744
t_221,9.175595625105004
t_222,9.175595625105004
t_223,11.323751666204384
t_224,6.27310250029744
t_225,5.330549062246767
t_226,5.330549062246767
t_227,6.27310250029744
t_228,9.175595625105004
t_229,9.175595625105004
t_230,11.323751666204384
t_231,6.27310250029744
t_232,5.330549062246767
t_233,5.330549062246767
t_234,6.27310250029744
t_235,9.175595625105004
t_236,9.175595625105004
t_237,11.323751666204384
t_238,6.27310250029744
t_239,5.330549062246767
t_240,5.330549062246767
t_241,6.27310250029744
t_242,9.175595625105004
t_243,9.175595625105004
t_244,11.323751666204384
t_245,6.27310250029744
t_246,5.330549062246767
t_247,5.330549062246767
t_248,6.27310250029744
t_249,9.175595625105004
t_250,9.175595625105004
t_251,11.323751666204384
t_252,6.27310250029744
t_253,5.330549062246767
t_254,5.330549062246767
t_255,6.27310250029744
t_256,9.175595625105004
t_257,9.175595625105004
t_258,11.323751666204384
t_259,6.27310250029744
t_260,5.330549062246767
t_261,5.330549062246767
t_262,6.27310250029744
t_263,9.175595625105004
t_264,9.175595625105004
t_265,11.323751666204384
t_266,6.27310250029744
t_267,5.330549062246767
t_268,5.330549062246767
t_269,6.27310250029744
t_270,9.175595625105004
t_271,9.175595625105004
t_272,11.323751666204384
t_273,6.27310250029744
t_274,5.330549062246767
t_275,5.330549062246767
t_276,6.27310250029744
t_277,9.175595625105004
t_278,9.175595625105004
t_279,11.323751666204384
t_280,6.27310250029744
t_281,5.330549062246767
t_282,5.330549062246767
t_283,6.27310250029744
t_284,9.175595625105004
t_285,9.175595625105004
t_286,11.323751666204384
t_287,6.27310250029744
t_288,5.330549062246767
t_289,5.330549062246767
t_290,6.27310250029744
t_291,9.175595625105004
t_292,9.175595625105004
t_293,11.323751666204384
t_294,6.27310250029744
t_295,5.330549062246767
t_296,5.330549062246767
t_297,6.27310250029744
t_298,9.175595625105004
t_299,9.175595625105004
t_300,11.323751666204384
t_301,6.27310250029744
t_302,5.330549062246767
t_303,5.330549062246767
t_304,6.27310250029744
t_305,9.175595625105004
t_306,9.175595625105004
t_307,11.323751666204384
t_308,6.27310250029744
t_309,5.330549062246767
t_310,5.330549062246767
t_311,6.27310250029744
t_312,9.175595625105004
t_313,9.175595625105004
t_314,11.323751666204384
t_315,6.27310250029744
t_316,5.330549062246767
t_317,5.330549062246767
t_318,6.27310250029744
t_319,9.175595625105004
t_320,9.175595625105004
t_321,11.323751666204384
t_322,6.27310250029744
t_323,5.330549062246767
t_324,5.330549062246767
t_325,6.27310250029744
t_326,9.175595625105004
t_327,9.175595625105004
t_328,11.323751666204384
t_329,6.27310250029744
t_330,5.330549062246767
t_331,5.330549062246767
t_332,6.27310250029744
t_333,9.175595625105004
t_334,9.175595625105004
t_335,11.323751666204384
t_336,6.27310250029744
t_337,5.330549062246767
t_338,5.330549062246767
t_339,6.27310250029744
t_340,9.175595625105004
t_341,9.175595625105004
t_342,11.323751666204384
t_343,6.27310250029744
t_344,5.330549062246767
t_345,5.330549062246767
t_346,6.27310250029744
t_347,9.175595625105004
t_348,9.175595625105004
t_349,11.323751666204384
t_350,6.27310250029744
t_351,5.330549062246767
t_352,5.330549062246767
t_353,6.27310250029744
t_354,9.175595625105004
t_355,9.175595625105004
t_356,11.323751666204384
t_357,6.27310250029744
t_358,5.330549062246767
t_359,5.330549062246767
t_360,6.27310250029744
t_361,9.175595625105004
t_362,9.175595625105004
t_363,11.323751666204384
t_364,6.27310250029744
t_365,5.330549062246767
t_366,5.330549062246767
t_367,6.27310250029744
t_368,9.175595625105004
t_369,9.175595625105004
t_370,11.323751666204384
t_371,6.27310250029744
t_372,5.330549062246767
t_373,5.330549062246767
t_374,6.27310250029744
t_375,9.175595625105004
t_376,9.175595625105004
t_377,11.323751666204384
t_378,6.27310250029744
t_379,5.330549062246767
t_380,5.330549062246767
t_381,6.27310250029744
t_382,9.175595625105004
t_383,9.175595625105004
t_384,11.323751666204384
t_385,6.27310250029744
t_386,5.330549062246767
t_387,5.330549062246767
t_388,6.27310250029744
t_389,9.175595625105004
t_390,9.175595625105004
t_391,11.323751666204384
t_392,6.27310250029744
t_393,5.330549062246767
t_394,5.330549062246767
t_395,6.27310250029744
t_396,9.175595625105004
t_397,9.175595625105004
t_398,11.323751666204384
t_399,6.27310250029744
t_400,5.330549062246767
t_401,5.330549062246767
t_402,6.27310250029744
t_403,9.175595625105004
t_404,9.175595625105004
t_405,11.323751666204384
t_406,6.27310250029744
t_407,5.330549062246767
t_408,5.330549062246767
t_409,6.27310250029744
t_410,9.175595625105004
t_411,9.175595625105004
t_412,11.323751666204384
t_413,6.27310250029744
t_414,5.330549062246767
t_415,5.330549062246767
t_416,6.27310250029744
t_417,9.175595625105004
t_418,9.175595625105004
t_419,11.323751666204384
t_420,6.27310250029744
t_421,5.330549062246767
t_422,5.330549062246767
t_423,6.27310250029744
t_424,9.175595625105004
t_425,9.175595625105004
t_426,11.323751666204384
t_427,6.27310250029744
t_428,5.330549062246767
t_429,5.330549062246767
t_430,6.27310250029744
t_431,9.175595625105004
t_432,9.175595625105004
t_433,11.323751666204384
t_434,6.27310250029744
t_435,5.330549062246767
t_436,5.330549062246767
t_437,6.27310250029744
t_438,9.175595625105004
t_439,9.175595625105004
t_440,11.323751666204384
t_441,6.27310250029744
t_442,5.330549062246767
t_443,5.330549062246767
t_444,6.27310250029744
t_445,9.175595625105004
t_446,9.175595625105004
t_447,11.323751666204384
t_448,6.27310250029744
t_449,5.330549062246767
t_450,5.330549062246767
t_451,6.27310250029744
t_452,9.175595625105004
t_453,9.175595625105004
t_454,11.323751666204384
t_455,6.27310250029744
t_456,5.330549062246767
t_457,5.330549062246767
t_458,6.27310250029744
t_459,9.175595625105004
t_460,9.175595625105004
t_461,11.323751666204384
t_462,6.27310250029744
t_463,5.330549062246767
t_464,5.330549062246767
t_465,6.27310250029744
t_466,9.175595625105004
t_467,9.175595625105004
t_468,11.323751666204384
t_469,6.27310250029744
t_470,5.330549062246767
t_471,5.330549062246767
t_472,6.27310250029744
t_473,9.175595625105004
t_474,9.175595625105004
t_475,11.323751666204384
t_476,6.27310250029744
t_477,5.330549062246767
t_478,5.330549062246767
t_479,6.27310250029744
t_480,9.175595625105004
t_481,9.175595625105004
t_482,11.323751666204384
t_483,6.27310250029744
t_484,5.330549062246767
t_485,5.330549062246767
t_486,6.27310250029744
t_487,9.175595625105004
t_488,9.175595625105004
t_489,11.323751666204384
t_490,6.27310250029744
t_491,5.330549062246767
t_492,5.330549062246767
t_493,6.27310250029744
t_494,9.175595625105004
t_495,9.175595625105004
t_496,11.323751666204384
t_497,6.27310250029744
t_498,5.330549062246767
t_499,5.330549062246767
t_500,6.27310250029744
t_501,9.175595625105004
t_502,9.175595625105004
t_503,11.323751666204384
t_504,6.27310250029744
t_505,5.330549062246767
t_506,5.330549062246767
t_507,6.27310250029744
t_508,9.175595625105004
t_509,9.175595625105004
t_510,11.323751666204384
t_511,6.27310250029744
t_512,5.330549062246767
t_513,5.330549062246767
t_514,6.27310250029744
t_515,9.175595625105004
t_516,9.175595625105004
t_517,11.323751666204384
t_518,6.27310250029744
t_519,5.330549062246767
t_520,5.330549062246767
t_521,6.27310250029744
t_522,9.175595625105004
t_523,9.175595625105004
t_524,11.323751666204384
t_525,6.27310250029744
t_526,5.330549062246767
t_527,5.330549062246767
t_528,6.27310250029744
t_529,9.175595625105004
t_530,9.175595625105004
t_531,11.323751666204384
t_532,6.27310250029744
t_533,5.330549062246767
t_534,5.330549062246767
t_535,6.27310250029744
t_536,9.175595625105004
t_537,9.175595625105004
t_538,11.323751666204384
t_539,6.27310250029744
t_540,5.330549062246767
t_541,5.330549062246767
t_542,6.27310250029744
t_543,9.175595625105004
t_544,9.175595625105004
t_545,11.323751666204384
t_546,6.27310250029744
t_547,5.330549062246767
t_548,5.330549062246767
t_549,6.27310250029744
t_550,9.175595625105004
t_551,9.175595625105004
t_552,11.323751666204384
t_553,6.27310250029744
t_554,5.330549062246767
t_555,5.330549062246767
t_556,6.27310250029744
t_557,9.175595625105004
t_558,9.175595625105004
t_559,11.323751666204384
t_560,8.950916664799054
embedding,33.61708771816471
select,3.670724142037592
arange,49.33544999808073
view,1.6498899990073794
expand,6.145550003896157
unsqueeze,2.3771666642920724
expand_1,3.038947367877291
clone,8.971122801826711
view_1,1.1283508790166754
add_1,2.1321578919887543
unsqueeze_1,2.3771666642920724
view_3,1.6498899990073794
unsqueeze_9,1.7757499990363916
unsqueeze_10,1.9257500010232131
expand_5,3.203366670012474
slice_22,2.073745613296827
slice_23,2.073745613296827
unsqueeze_11,1.9120701676920842
slice_24,2.091438602982906
_to_copy,6.841385962147462
expand_6,2.4877500012516975
view_4,1.7625166691839695
expand_7,2.1027192943974544
view_5,1.1023684154477036
bmm,11.8334912244688
view_6,1.1220175451353978
transpose,4.218631574982091
cos,11.398000000861654
sin,7.765912286022253
mul_110,8.41571929789426
mul_111,8.41571929789426
_to_copy_1,4.365605263072148
_to_copy_2,4.365605263072148
_to_copy_3,16.709769041887085
pow_1,15.035057644052575
mean,40.55752152129172
add_77,8.907337255960224
rsqrt,4.8905746978593445
mul_112,6.526621662854005
_to_copy_4,16.709769041887085
mul_113,6.805909557008427
view_7,1.8272116521382886
addmm,893.6534267544484
view_8,2.6929302612181147
view_9,1.8272116521382886
addmm_1,302.8920484651305
view_10,1.9361121714572636
view_11,1.8272116521382886
addmm_2,302.8920484651305
view_12,1.9361121714572636
view_13,1.8272116521382886
transpose_1,4.365927521858299
view_14,1.0411266443401315
transpose_2,1.9813217105997498
view_15,1.0411266443401315
transpose_3,1.9813217105997498
split_with_sizes,14.413007016832891
select_1,4.005230427838927
select_2,2.087551891326643
select_3,2.087551891326643
select_4,4.005230427838927
select_5,2.087551891326643
select_6,2.087551891326643
unsqueeze_12,3.4009732448152805
split_with_sizes_1,14.413007016832891
select_7,4.005230427838927
select_8,2.087551891326643
select_9,2.087551891326643
select_10,4.005230427838927
select_11,2.087551891326643
select_12,2.087551891326643
unsqueeze_13,3.4009732448152805
mul_114,12.133559977756649
slice_25,3.5374672148000905
slice_26,3.5374672148000905
neg,9.981796929651969
mul_115,12.133559977756649
add_78,6.93670811410013
mul_116,3.1490606352817596
slice_27,2.1841571273429223
slice_28,2.1841571273429223
neg_1,3.949345394171644
mul_117,3.1490606352817596
add_79,2.046512061834597
transpose_4,3.28975424008847
view_16,3.121030262655072
view_17,1.8272116521382886
mm,1146.875905263633
view_18,2.6929302612181147
add_170,18.961015241178114
_to_copy_5,16.709769041887085
pow_2,15.035057644052575
mean_1,40.55752152129172
add_171,8.907337255960224
rsqrt_1,4.8905746978593445
mul_250,6.526621662854005
_to_copy_6,16.709769041887085
mul_251,6.805909557008427
view_19,1.8272116521382886
mm_1,2213.784291337476
view_20,4.937698793976584
silu,38.69550526250611
view_21,1.8272116521382886
mm_2,2213.784291337476
view_22,4.937698793976584
mul_252,20.525392104848695
view_23,1.0131506580859422
mm_3,2051.8478530699617
view_24,2.6929302612181147
add_172,18.961015241178114
_to_copy_7,16.709769041887085
pow_3,15.035057644052575
mean_2,40.55752152129172
add_173,8.907337255960224
rsqrt_2,4.8905746978593445
mul_253,6.526621662854005
_to_copy_8,16.709769041887085
mul_254,6.805909557008427
view_25,1.8272116521382886
addmm_3,893.6534267544484
view_26,2.6929302612181147
view_27,1.8272116521382886
addmm_4,302.8920484651305
view_28,1.9361121714572636
view_29,1.8272116521382886
addmm_5,302.8920484651305
view_30,1.9361121714572636
view_31,1.8272116521382886
transpose_5,4.365927521858299
view_32,1.0411266443401315
transpose_6,1.9813217105997498
view_33,1.0411266443401315
transpose_7,1.9813217105997498
split_with_sizes_2,14.413007016832891
select_13,4.005230427838927
select_14,2.087551891326643
select_15,2.087551891326643
select_16,4.005230427838927
select_17,2.087551891326643
select_18,2.087551891326643
unsqueeze_16,3.4009732448152805
split_with_sizes_3,14.413007016832891
select_19,4.005230427838927
select_20,2.087551891326643
select_21,2.087551891326643
select_22,4.005230427838927
select_23,2.087551891326643
select_24,2.087551891326643
unsqueeze_17,3.4009732448152805
mul_255,12.133559977756649
slice_43,3.5374672148000905
slice_44,3.5374672148000905
neg_2,9.981796929651969
mul_256,12.133559977756649
add_174,6.93670811410013
mul_257,3.1490606352817596
slice_45,2.1841571273429223
slice_46,2.1841571273429223
neg_3,3.949345394171644
mul_258,3.1490606352817596
add_175,2.046512061834597
transpose_8,3.28975424008847
view_34,3.121030262655072
view_35,1.8272116521382886
mm_4,1146.875905263633
view_36,2.6929302612181147
add_265,18.961015241178114
_to_copy_9,16.709769041887085
pow_4,15.035057644052575
mean_3,40.55752152129172
add_266,8.907337255960224
rsqrt_3,4.8905746978593445
mul_391,6.526621662854005
_to_copy_10,16.709769041887085
mul_392,6.805909557008427
view_37,1.8272116521382886
mm_5,2213.784291337476
view_38,4.937698793976584
silu_1,38.69550526250611
view_39,1.8272116521382886
mm_6,2213.784291337476
view_40,4.937698793976584
mul_393,20.525392104848695
view_41,1.0131506580859422
mm_7,2051.8478530699617
view_42,2.6929302612181147
add_267,18.961015241178114
_to_copy_11,16.709769041887085
pow_5,15.035057644052575
mean_4,40.55752152129172
add_268,8.907337255960224
rsqrt_4,4.8905746978593445
mul_394,6.526621662854005
_to_copy_12,16.709769041887085
mul_395,6.805909557008427
view_43,1.8272116521382886
addmm_6,893.6534267544484
view_44,2.6929302612181147
view_45,1.8272116521382886
addmm_7,302.8920484651305
view_46,1.9361121714572636
view_47,1.8272116521382886
addmm_8,302.8920484651305
view_48,1.9361121714572636
view_49,1.8272116521382886
transpose_9,4.365927521858299
view_50,1.0411266443401315
transpose_10,1.9813217105997498
view_51,1.0411266443401315
transpose_11,1.9813217105997498
split_with_sizes_4,14.413007016832891
select_25,4.005230427838927
select_26,2.087551891326643
select_27,2.087551891326643
select_28,4.005230427838927
select_29,2.087551891326643
select_30,2.087551891326643
unsqueeze_20,3.4009732448152805
split_with_sizes_5,14.413007016832891
select_31,4.005230427838927
select_32,2.087551891326643
select_33,2.087551891326643
select_34,4.005230427838927
select_35,2.087551891326643
select_36,2.087551891326643
unsqueeze_21,3.4009732448152805
mul_396,12.133559977756649
slice_61,3.5374672148000905
slice_62,3.5374672148000905
neg_4,9.981796929651969
mul_397,12.133559977756649
add_269,6.93670811410013
mul_398,3.1490606352817596
slice_63,2.1841571273429223
slice_64,2.1841571273429223
neg_5,3.949345394171644
mul_399,3.1490606352817596
add_270,2.046512061834597
transpose_12,3.28975424008847
view_52,3.121030262655072
view_53,1.8272116521382886
mm_8,1146.875905263633
view_54,2.6929302612181147
add_360,18.961015241178114
_to_copy_13,16.709769041887085
pow_6,15.035057644052575
mean_5,40.55752152129172
add_361,8.907337255960224
rsqrt_5,4.8905746978593445
mul_532,6.526621662854005
_to_copy_14,16.709769041887085
mul_533,6.805909557008427
view_55,1.8272116521382886
mm_9,2213.784291337476
view_56,4.937698793976584
silu_2,38.69550526250611
view_57,1.8272116521382886
mm_10,2213.784291337476
view_58,4.937698793976584
mul_534,20.525392104848695
view_59,1.0131506580859422
mm_11,2051.8478530699617
view_60,2.6929302612181147
add_362,18.961015241178114
_to_copy_15,16.709769041887085
pow_7,15.035057644052575
mean_6,40.55752152129172
add_363,8.907337255960224
rsqrt_6,4.8905746978593445
mul_535,6.526621662854005
_to_copy_16,16.709769041887085
mul_536,6.805909557008427
view_61,1.8272116521382886
addmm_9,893.6534267544484
view_62,2.6929302612181147
view_63,1.8272116521382886
addmm_10,302.8920484651305
view_64,1.9361121714572636
view_65,1.8272116521382886
addmm_11,302.8920484651305
view_66,1.9361121714572636
view_67,1.8272116521382886
transpose_13,4.365927521858299
view_68,1.0411266443401315
transpose_14,1.9813217105997498
view_69,1.0411266443401315
transpose_15,1.9813217105997498
split_with_sizes_6,14.413007016832891
select_37,4.005230427838927
select_38,2.087551891326643
select_39,2.087551891326643
select_40,4.005230427838927
select_41,2.087551891326643
select_42,2.087551891326643
unsqueeze_24,3.4009732448152805
split_with_sizes_7,14.413007016832891
select_43,4.005230427838927
select_44,2.087551891326643
select_45,2.087551891326643
select_46,4.005230427838927
select_47,2.087551891326643
select_48,2.087551891326643
unsqueeze_25,3.4009732448152805
mul_537,12.133559977756649
slice_79,3.5374672148000905
slice_80,3.5374672148000905
neg_6,9.981796929651969
mul_538,12.133559977756649
add_364,6.93670811410013
mul_539,3.1490606352817596
slice_81,2.1841571273429223
slice_82,2.1841571273429223
neg_7,3.949345394171644
mul_540,3.1490606352817596
add_365,2.046512061834597
transpose_16,3.28975424008847
view_70,3.121030262655072
view_71,1.8272116521382886
mm_12,1146.875905263633
view_72,2.6929302612181147
add_455,18.961015241178114
_to_copy_17,16.709769041887085
pow_8,15.035057644052575
mean_7,40.55752152129172
add_456,8.907337255960224
rsqrt_7,4.8905746978593445
mul_673,6.526621662854005
_to_copy_18,16.709769041887085
mul_674,6.805909557008427
view_73,1.8272116521382886
mm_13,2213.784291337476
view_74,4.937698793976584
silu_3,38.69550526250611
view_75,1.8272116521382886
mm_14,2213.784291337476
view_76,4.937698793976584
mul_675,20.525392104848695
view_77,1.0131506580859422
mm_15,2051.8478530699617
view_78,2.6929302612181147
add_457,18.961015241178114
_to_copy_19,16.709769041887085
pow_9,15.035057644052575
mean_8,40.55752152129172
add_458,8.907337255960224
rsqrt_8,4.8905746978593445
mul_676,6.526621662854005
_to_copy_20,16.709769041887085
mul_677,6.805909557008427
view_79,1.8272116521382886
addmm_12,893.6534267544484
view_80,2.6929302612181147
view_81,1.8272116521382886
addmm_13,302.8920484651305
view_82,1.9361121714572636
view_83,1.8272116521382886
addmm_14,302.8920484651305
view_84,1.9361121714572636
view_85,1.8272116521382886
transpose_17,4.365927521858299
view_86,1.0411266443401315
transpose_18,1.9813217105997498
view_87,1.0411266443401315
transpose_19,1.9813217105997498
split_with_sizes_8,14.413007016832891
select_49,4.005230427838927
select_50,2.087551891326643
select_51,2.087551891326643
select_52,4.005230427838927
select_53,2.087551891326643
select_54,2.087551891326643
unsqueeze_28,3.4009732448152805
split_with_sizes_9,14.413007016832891
select_55,4.005230427838927
select_56,2.087551891326643
select_57,2.087551891326643
select_58,4.005230427838927
select_59,2.087551891326643
select_60,2.087551891326643
unsqueeze_29,3.4009732448152805
mul_678,12.133559977756649
slice_97,3.5374672148000905
slice_98,3.5374672148000905
neg_8,9.981796929651969
mul_679,12.133559977756649
add_459,6.93670811410013
mul_680,3.1490606352817596
slice_99,2.1841571273429223
slice_100,2.1841571273429223
neg_9,3.949345394171644
mul_681,3.1490606352817596
add_460,2.046512061834597
transpose_20,3.28975424008847
view_88,3.121030262655072
view_89,1.8272116521382886
mm_16,1146.875905263633
view_90,2.6929302612181147
add_550,18.961015241178114
_to_copy_21,16.709769041887085
pow_10,15.035057644052575
mean_9,40.55752152129172
add_551,8.907337255960224
rsqrt_9,4.8905746978593445
mul_814,6.526621662854005
_to_copy_22,16.709769041887085
mul_815,6.805909557008427
view_91,1.8272116521382886
mm_17,2213.784291337476
view_92,4.937698793976584
silu_4,38.69550526250611
view_93,1.8272116521382886
mm_18,2213.784291337476
view_94,4.937698793976584
mul_816,20.525392104848695
view_95,1.0131506580859422
mm_19,2051.8478530699617
view_96,2.6929302612181147
add_552,18.961015241178114
_to_copy_23,16.709769041887085
pow_11,15.035057644052575
mean_10,40.55752152129172
add_553,8.907337255960224
rsqrt_10,4.8905746978593445
mul_817,6.526621662854005
_to_copy_24,16.709769041887085
mul_818,6.805909557008427
view_97,1.8272116521382886
addmm_15,893.6534267544484
view_98,2.6929302612181147
view_99,1.8272116521382886
addmm_16,302.8920484651305
view_100,1.9361121714572636
view_101,1.8272116521382886
addmm_17,302.8920484651305
view_102,1.9361121714572636
view_103,1.8272116521382886
transpose_21,4.365927521858299
view_104,1.0411266443401315
transpose_22,1.9813217105997498
view_105,1.0411266443401315
transpose_23,1.9813217105997498
split_with_sizes_10,14.413007016832891
select_61,4.005230427838927
select_62,2.087551891326643
select_63,2.087551891326643
select_64,4.005230427838927
select_65,2.087551891326643
select_66,2.087551891326643
unsqueeze_32,3.4009732448152805
split_with_sizes_11,14.413007016832891
select_67,4.005230427838927
select_68,2.087551891326643
select_69,2.087551891326643
select_70,4.005230427838927
select_71,2.087551891326643
select_72,2.087551891326643
unsqueeze_33,3.4009732448152805
mul_819,12.133559977756649
slice_115,3.5374672148000905
slice_116,3.5374672148000905
neg_10,9.981796929651969
mul_820,12.133559977756649
add_554,6.93670811410013
mul_821,3.1490606352817596
slice_117,2.1841571273429223
slice_118,2.1841571273429223
neg_11,3.949345394171644
mul_822,3.1490606352817596
add_555,2.046512061834597
transpose_24,3.28975424008847
view_106,3.121030262655072
view_107,1.8272116521382886
mm_20,1146.875905263633
view_108,2.6929302612181147
add_645,18.961015241178114
_to_copy_25,16.709769041887085
pow_12,15.035057644052575
mean_11,40.55752152129172
add_646,8.907337255960224
rsqrt_11,4.8905746978593445
mul_955,6.526621662854005
_to_copy_26,16.709769041887085
mul_956,6.805909557008427
view_109,1.8272116521382886
mm_21,2213.784291337476
view_110,4.937698793976584
silu_5,38.69550526250611
view_111,1.8272116521382886
mm_22,2213.784291337476
view_112,4.937698793976584
mul_957,20.525392104848695
view_113,1.0131506580859422
mm_23,2051.8478530699617
view_114,2.6929302612181147
add_647,18.961015241178114
_to_copy_27,16.709769041887085
pow_13,15.035057644052575
mean_12,40.55752152129172
add_648,8.907337255960224
rsqrt_12,4.8905746978593445
mul_958,6.526621662854005
_to_copy_28,16.709769041887085
mul_959,6.805909557008427
view_115,1.8272116521382886
addmm_18,893.6534267544484
view_116,2.6929302612181147
view_117,1.8272116521382886
addmm_19,302.8920484651305
view_118,1.9361121714572636
view_119,1.8272116521382886
addmm_20,302.8920484651305
view_120,1.9361121714572636
view_121,1.8272116521382886
transpose_25,4.365927521858299
view_122,1.0411266443401315
transpose_26,1.9813217105997498
view_123,1.0411266443401315
transpose_27,1.9813217105997498
split_with_sizes_12,14.413007016832891
select_73,4.005230427838927
select_74,2.087551891326643
select_75,2.087551891326643
select_76,4.005230427838927
select_77,2.087551891326643
select_78,2.087551891326643
unsqueeze_36,3.4009732448152805
split_with_sizes_13,14.413007016832891
select_79,4.005230427838927
select_80,2.087551891326643
select_81,2.087551891326643
select_82,4.005230427838927
select_83,2.087551891326643
select_84,2.087551891326643
unsqueeze_37,3.4009732448152805
mul_960,12.133559977756649
slice_133,3.5374672148000905
slice_134,3.5374672148000905
neg_12,9.981796929651969
mul_961,12.133559977756649
add_649,6.93670811410013
mul_962,3.1490606352817596
slice_135,2.1841571273429223
slice_136,2.1841571273429223
neg_13,3.949345394171644
mul_963,3.1490606352817596
add_650,2.046512061834597
transpose_28,3.28975424008847
view_124,3.121030262655072
view_125,1.8272116521382886
mm_24,1146.875905263633
view_126,2.6929302612181147
add_740,18.961015241178114
_to_copy_29,16.709769041887085
pow_14,15.035057644052575
mean_13,40.55752152129172
add_741,8.907337255960224
rsqrt_13,4.8905746978593445
mul_1096,6.526621662854005
_to_copy_30,16.709769041887085
mul_1097,6.805909557008427
view_127,1.8272116521382886
mm_25,2213.784291337476
view_128,4.937698793976584
silu_6,38.69550526250611
view_129,1.8272116521382886
mm_26,2213.784291337476
view_130,4.937698793976584
mul_1098,20.525392104848695
view_131,1.0131506580859422
mm_27,2051.8478530699617
view_132,2.6929302612181147
add_742,18.961015241178114
_to_copy_31,16.709769041887085
pow_15,15.035057644052575
mean_14,40.55752152129172
add_743,8.907337255960224
rsqrt_14,4.8905746978593445
mul_1099,6.526621662854005
_to_copy_32,16.709769041887085
mul_1100,6.805909557008427
view_133,1.8272116521382886
addmm_21,893.6534267544484
view_134,2.6929302612181147
view_135,1.8272116521382886
addmm_22,302.8920484651305
view_136,1.9361121714572636
view_137,1.8272116521382886
addmm_23,302.8920484651305
view_138,1.9361121714572636
view_139,1.8272116521382886
transpose_29,4.365927521858299
view_140,1.0411266443401315
transpose_30,1.9813217105997498
view_141,1.0411266443401315
transpose_31,1.9813217105997498
split_with_sizes_14,14.413007016832891
select_85,4.005230427838927
select_86,2.087551891326643
select_87,2.087551891326643
select_88,4.005230427838927
select_89,2.087551891326643
select_90,2.087551891326643
unsqueeze_40,3.4009732448152805
split_with_sizes_15,14.413007016832891
select_91,4.005230427838927
select_92,2.087551891326643
select_93,2.087551891326643
select_94,4.005230427838927
select_95,2.087551891326643
select_96,2.087551891326643
unsqueeze_41,3.4009732448152805
mul_1101,12.133559977756649
slice_151,3.5374672148000905
slice_152,3.5374672148000905
neg_14,9.981796929651969
mul_1102,12.133559977756649
add_744,6.93670811410013
mul_1103,3.1490606352817596
slice_153,2.1841571273429223
slice_154,2.1841571273429223
neg_15,3.949345394171644
mul_1104,3.1490606352817596
add_745,2.046512061834597
transpose_32,3.28975424008847
view_142,3.121030262655072
view_143,1.8272116521382886
mm_28,1146.875905263633
view_144,2.6929302612181147
add_835,18.961015241178114
_to_copy_33,16.709769041887085
pow_16,15.035057644052575
mean_15,40.55752152129172
add_836,8.907337255960224
rsqrt_15,4.8905746978593445
mul_1237,6.526621662854005
_to_copy_34,16.709769041887085
mul_1238,6.805909557008427
view_145,1.8272116521382886
mm_29,2213.784291337476
view_146,4.937698793976584
silu_7,38.69550526250611
view_147,1.8272116521382886
mm_30,2213.784291337476
view_148,4.937698793976584
mul_1239,20.525392104848695
view_149,1.0131506580859422
mm_31,2051.8478530699617
view_150,2.6929302612181147
add_837,18.961015241178114
_to_copy_35,16.709769041887085
pow_17,15.035057644052575
mean_16,40.55752152129172
add_838,8.907337255960224
rsqrt_16,4.8905746978593445
mul_1240,6.526621662854005
_to_copy_36,16.709769041887085
mul_1241,6.805909557008427
view_151,1.8272116521382886
addmm_24,893.6534267544484
view_152,2.6929302612181147
view_153,1.8272116521382886
addmm_25,302.8920484651305
view_154,1.9361121714572636
view_155,1.8272116521382886
addmm_26,302.8920484651305
view_156,1.9361121714572636
view_157,1.8272116521382886
transpose_33,4.365927521858299
view_158,1.0411266443401315
transpose_34,1.9813217105997498
view_159,1.0411266443401315
transpose_35,1.9813217105997498
split_with_sizes_16,14.413007016832891
select_97,4.005230427838927
select_98,2.087551891326643
select_99,2.087551891326643
select_100,4.005230427838927
select_101,2.087551891326643
select_102,2.087551891326643
unsqueeze_44,3.4009732448152805
split_with_sizes_17,14.413007016832891
select_103,4.005230427838927
select_104,2.087551891326643
select_105,2.087551891326643
select_106,4.005230427838927
select_107,2.087551891326643
select_108,2.087551891326643
unsqueeze_45,3.4009732448152805
mul_1242,12.133559977756649
slice_169,3.5374672148000905
slice_170,3.5374672148000905
neg_16,9.981796929651969
mul_1243,12.133559977756649
add_839,6.93670811410013
mul_1244,3.1490606352817596
slice_171,2.1841571273429223
slice_172,2.1841571273429223
neg_17,3.949345394171644
mul_1245,3.1490606352817596
add_840,2.046512061834597
transpose_36,3.28975424008847
view_160,3.121030262655072
view_161,1.8272116521382886
mm_32,1146.875905263633
view_162,2.6929302612181147
add_930,18.961015241178114
_to_copy_37,16.709769041887085
pow_18,15.035057644052575
mean_17,40.55752152129172
add_931,8.907337255960224
rsqrt_17,4.8905746978593445
mul_1378,6.526621662854005
_to_copy_38,16.709769041887085
mul_1379,6.805909557008427
view_163,1.8272116521382886
mm_33,2213.784291337476
view_164,4.937698793976584
silu_8,38.69550526250611
view_165,1.8272116521382886
mm_34,2213.784291337476
view_166,4.937698793976584
mul_1380,20.525392104848695
view_167,1.0131506580859422
mm_35,2051.8478530699617
view_168,2.6929302612181147
add_932,18.961015241178114
_to_copy_39,16.709769041887085
pow_19,15.035057644052575
mean_18,40.55752152129172
add_933,8.907337255960224
rsqrt_18,4.8905746978593445
mul_1381,6.526621662854005
_to_copy_40,16.709769041887085
mul_1382,6.805909557008427
view_169,1.8272116521382886
addmm_27,893.6534267544484
view_170,2.6929302612181147
view_171,1.8272116521382886
addmm_28,302.8920484651305
view_172,1.9361121714572636
view_173,1.8272116521382886
addmm_29,302.8920484651305
view_174,1.9361121714572636
view_175,1.8272116521382886
transpose_37,4.365927521858299
view_176,1.0411266443401315
transpose_38,1.9813217105997498
view_177,1.0411266443401315
transpose_39,1.9813217105997498
split_with_sizes_18,14.413007016832891
select_109,4.005230427838927
select_110,2.087551891326643
select_111,2.087551891326643
select_112,4.005230427838927
select_113,2.087551891326643
select_114,2.087551891326643
unsqueeze_48,3.4009732448152805
split_with_sizes_19,14.413007016832891
select_115,4.005230427838927
select_116,2.087551891326643
select_117,2.087551891326643
select_118,4.005230427838927
select_119,2.087551891326643
select_120,2.087551891326643
unsqueeze_49,3.4009732448152805
mul_1383,12.133559977756649
slice_187,3.5374672148000905
slice_188,3.5374672148000905
neg_18,9.981796929651969
mul_1384,12.133559977756649
add_934,6.93670811410013
mul_1385,3.1490606352817596
slice_189,2.1841571273429223
slice_190,2.1841571273429223
neg_19,3.949345394171644
mul_1386,3.1490606352817596
add_935,2.046512061834597
transpose_40,3.28975424008847
view_178,3.121030262655072
view_179,1.8272116521382886
mm_36,1146.875905263633
view_180,2.6929302612181147
add_1025,18.961015241178114
_to_copy_41,16.709769041887085
pow_20,15.035057644052575
mean_19,40.55752152129172
add_1026,8.907337255960224
rsqrt_19,4.8905746978593445
mul_1519,6.526621662854005
_to_copy_42,16.709769041887085
mul_1520,6.805909557008427
view_181,1.8272116521382886
mm_37,2213.784291337476
view_182,4.937698793976584
silu_9,38.69550526250611
view_183,1.8272116521382886
mm_38,2213.784291337476
view_184,4.937698793976584
mul_1521,20.525392104848695
view_185,1.0131506580859422
mm_39,2051.8478530699617
view_186,2.6929302612181147
add_1027,18.961015241178114
_to_copy_43,16.709769041887085
pow_21,15.035057644052575
mean_20,40.55752152129172
add_1028,8.907337255960224
rsqrt_20,4.8905746978593445
mul_1522,6.526621662854005
_to_copy_44,16.709769041887085
mul_1523,6.805909557008427
view_187,1.8272116521382886
addmm_30,893.6534267544484
view_188,2.6929302612181147
view_189,1.8272116521382886
addmm_31,302.8920484651305
view_190,1.9361121714572636
view_191,1.8272116521382886
addmm_32,302.8920484651305
view_192,1.9361121714572636
view_193,1.8272116521382886
transpose_41,4.365927521858299
view_194,1.0411266443401315
transpose_42,1.9813217105997498
view_195,1.0411266443401315
transpose_43,1.9813217105997498
split_with_sizes_20,14.413007016832891
select_121,4.005230427838927
select_122,2.087551891326643
select_123,2.087551891326643
select_124,4.005230427838927
select_125,2.087551891326643
select_126,2.087551891326643
unsqueeze_52,3.4009732448152805
split_with_sizes_21,14.413007016832891
select_127,4.005230427838927
select_128,2.087551891326643
select_129,2.087551891326643
select_130,4.005230427838927
select_131,2.087551891326643
select_132,2.087551891326643
unsqueeze_53,3.4009732448152805
mul_1524,12.133559977756649
slice_205,3.5374672148000905
slice_206,3.5374672148000905
neg_20,9.981796929651969
mul_1525,12.133559977756649
add_1029,6.93670811410013
mul_1526,3.1490606352817596
slice_207,2.1841571273429223
slice_208,2.1841571273429223
neg_21,3.949345394171644
mul_1527,3.1490606352817596
add_1030,2.046512061834597
transpose_44,3.28975424008847
view_196,3.121030262655072
view_197,1.8272116521382886
mm_40,1146.875905263633
view_198,2.6929302612181147
add_1120,18.961015241178114
_to_copy_45,16.709769041887085
pow_22,15.035057644052575
mean_21,40.55752152129172
add_1121,8.907337255960224
rsqrt_21,4.8905746978593445
mul_1660,6.526621662854005
_to_copy_46,16.709769041887085
mul_1661,6.805909557008427
view_199,1.8272116521382886
mm_41,2213.784291337476
view_200,4.937698793976584
silu_10,38.69550526250611
view_201,1.8272116521382886
mm_42,2213.784291337476
view_202,4.937698793976584
mul_1662,20.525392104848695
view_203,1.0131506580859422
mm_43,2051.8478530699617
view_204,2.6929302612181147
add_1122,18.961015241178114
_to_copy_47,16.709769041887085
pow_23,15.035057644052575
mean_22,40.55752152129172
add_1123,8.907337255960224
rsqrt_22,4.8905746978593445
mul_1663,6.526621662854005
_to_copy_48,16.709769041887085
mul_1664,6.805909557008427
view_205,1.8272116521382886
addmm_33,893.6534267544484
view_206,2.6929302612181147
view_207,1.8272116521382886
addmm_34,302.8920484651305
view_208,1.9361121714572636
view_209,1.8272116521382886
addmm_35,302.8920484651305
view_210,1.9361121714572636
view_211,1.8272116521382886
transpose_45,4.365927521858299
view_212,1.0411266443401315
transpose_46,1.9813217105997498
view_213,1.0411266443401315
transpose_47,1.9813217105997498
split_with_sizes_22,14.413007016832891
select_133,4.005230427838927
select_134,2.087551891326643
select_135,2.087551891326643
select_136,4.005230427838927
select_137,2.087551891326643
select_138,2.087551891326643
unsqueeze_56,3.4009732448152805
split_with_sizes_23,14.413007016832891
select_139,4.005230427838927
select_140,2.087551891326643
select_141,2.087551891326643
select_142,4.005230427838927
select_143,2.087551891326643
select_144,2.087551891326643
unsqueeze_57,3.4009732448152805
mul_1665,12.133559977756649
slice_223,3.5374672148000905
slice_224,3.5374672148000905
neg_22,9.981796929651969
mul_1666,12.133559977756649
add_1124,6.93670811410013
mul_1667,3.1490606352817596
slice_225,2.1841571273429223
slice_226,2.1841571273429223
neg_23,3.949345394171644
mul_1668,3.1490606352817596
add_1125,2.046512061834597
transpose_48,3.28975424008847
view_214,3.121030262655072
view_215,1.8272116521382886
mm_44,1146.875905263633
view_216,2.6929302612181147
add_1215,18.961015241178114
_to_copy_49,16.709769041887085
pow_24,15.035057644052575
mean_23,40.55752152129172
add_1216,8.907337255960224
rsqrt_23,4.8905746978593445
mul_1801,6.526621662854005
_to_copy_50,16.709769041887085
mul_1802,6.805909557008427
view_217,1.8272116521382886
mm_45,2213.784291337476
view_218,4.937698793976584
silu_11,38.69550526250611
view_219,1.8272116521382886
mm_46,2213.784291337476
view_220,4.937698793976584
mul_1803,20.525392104848695
view_221,1.0131506580859422
mm_47,2051.8478530699617
view_222,2.6929302612181147
add_1217,18.961015241178114
_to_copy_51,16.709769041887085
pow_25,15.035057644052575
mean_24,40.55752152129172
add_1218,8.907337255960224
rsqrt_24,4.8905746978593445
mul_1804,6.526621662854005
_to_copy_52,16.709769041887085
mul_1805,6.805909557008427
view_223,1.8272116521382886
addmm_36,893.6534267544484
view_224,2.6929302612181147
view_225,1.8272116521382886
addmm_37,302.8920484651305
view_226,1.9361121714572636
view_227,1.8272116521382886
addmm_38,302.8920484651305
view_228,1.9361121714572636
view_229,1.8272116521382886
transpose_49,4.365927521858299
view_230,1.0411266443401315
transpose_50,1.9813217105997498
view_231,1.0411266443401315
transpose_51,1.9813217105997498
split_with_sizes_24,14.413007016832891
select_145,4.005230427838927
select_146,2.087551891326643
select_147,2.087551891326643
select_148,4.005230427838927
select_149,2.087551891326643
select_150,2.087551891326643
unsqueeze_60,3.4009732448152805
split_with_sizes_25,14.413007016832891
select_151,4.005230427838927
select_152,2.087551891326643
select_153,2.087551891326643
select_154,4.005230427838927
select_155,2.087551891326643
select_156,2.087551891326643
unsqueeze_61,3.4009732448152805
mul_1806,12.133559977756649
slice_241,3.5374672148000905
slice_242,3.5374672148000905
neg_24,9.981796929651969
mul_1807,12.133559977756649
add_1219,6.93670811410013
mul_1808,3.1490606352817596
slice_243,2.1841571273429223
slice_244,2.1841571273429223
neg_25,3.949345394171644
mul_1809,3.1490606352817596
add_1220,2.046512061834597
transpose_52,3.28975424008847
view_232,3.121030262655072
view_233,1.8272116521382886
mm_48,1146.875905263633
view_234,2.6929302612181147
add_1310,18.961015241178114
_to_copy_53,16.709769041887085
pow_26,15.035057644052575
mean_25,40.55752152129172
add_1311,8.907337255960224
rsqrt_25,4.8905746978593445
mul_1942,6.526621662854005
_to_copy_54,16.709769041887085
mul_1943,6.805909557008427
view_235,1.8272116521382886
mm_49,2213.784291337476
view_236,4.937698793976584
silu_12,38.69550526250611
view_237,1.8272116521382886
mm_50,2213.784291337476
view_238,4.937698793976584
mul_1944,20.525392104848695
view_239,1.0131506580859422
mm_51,2051.8478530699617
view_240,2.6929302612181147
add_1312,18.961015241178114
_to_copy_55,16.709769041887085
pow_27,15.035057644052575
mean_26,40.55752152129172
add_1313,8.907337255960224
rsqrt_26,4.8905746978593445
mul_1945,6.526621662854005
_to_copy_56,16.709769041887085
mul_1946,6.805909557008427
view_241,1.8272116521382886
addmm_39,893.6534267544484
view_242,2.6929302612181147
view_243,1.8272116521382886
addmm_40,302.8920484651305
view_244,1.9361121714572636
view_245,1.8272116521382886
addmm_41,302.8920484651305
view_246,1.9361121714572636
view_247,1.8272116521382886
transpose_53,4.365927521858299
view_248,1.0411266443401315
transpose_54,1.9813217105997498
view_249,1.0411266443401315
transpose_55,1.9813217105997498
split_with_sizes_26,14.413007016832891
select_157,4.005230427838927
select_158,2.087551891326643
select_159,2.087551891326643
select_160,4.005230427838927
select_161,2.087551891326643
select_162,2.087551891326643
unsqueeze_64,3.4009732448152805
split_with_sizes_27,14.413007016832891
select_163,4.005230427838927
select_164,2.087551891326643
select_165,2.087551891326643
select_166,4.005230427838927
select_167,2.087551891326643
select_168,2.087551891326643
unsqueeze_65,3.4009732448152805
mul_1947,12.133559977756649
slice_259,3.5374672148000905
slice_260,3.5374672148000905
neg_26,9.981796929651969
mul_1948,12.133559977756649
add_1314,6.93670811410013
mul_1949,3.1490606352817596
slice_261,2.1841571273429223
slice_262,2.1841571273429223
neg_27,3.949345394171644
mul_1950,3.1490606352817596
add_1315,2.046512061834597
transpose_56,3.28975424008847
view_250,3.121030262655072
view_251,1.8272116521382886
mm_52,1146.875905263633
view_252,2.6929302612181147
add_1405,18.961015241178114
_to_copy_57,16.709769041887085
pow_28,15.035057644052575
mean_27,40.55752152129172
add_1406,8.907337255960224
rsqrt_27,4.8905746978593445
mul_2083,6.526621662854005
_to_copy_58,16.709769041887085
mul_2084,6.805909557008427
view_253,1.8272116521382886
mm_53,2213.784291337476
view_254,4.937698793976584
silu_13,38.69550526250611
view_255,1.8272116521382886
mm_54,2213.784291337476
view_256,4.937698793976584
mul_2085,20.525392104848695
view_257,1.0131506580859422
mm_55,2051.8478530699617
view_258,2.6929302612181147
add_1407,18.961015241178114
_to_copy_59,16.709769041887085
pow_29,15.035057644052575
mean_28,40.55752152129172
add_1408,8.907337255960224
rsqrt_28,4.8905746978593445
mul_2086,6.526621662854005
_to_copy_60,16.709769041887085
mul_2087,6.805909557008427
view_259,1.8272116521382886
addmm_42,893.6534267544484
view_260,2.6929302612181147
view_261,1.8272116521382886
addmm_43,302.8920484651305
view_262,1.9361121714572636
view_263,1.8272116521382886
addmm_44,302.8920484651305
view_264,1.9361121714572636
view_265,1.8272116521382886
transpose_57,4.365927521858299
view_266,1.0411266443401315
transpose_58,1.9813217105997498
view_267,1.0411266443401315
transpose_59,1.9813217105997498
split_with_sizes_28,14.413007016832891
select_169,4.005230427838927
select_170,2.087551891326643
select_171,2.087551891326643
select_172,4.005230427838927
select_173,2.087551891326643
select_174,2.087551891326643
unsqueeze_68,3.4009732448152805
split_with_sizes_29,14.413007016832891
select_175,4.005230427838927
select_176,2.087551891326643
select_177,2.087551891326643
select_178,4.005230427838927
select_179,2.087551891326643
select_180,2.087551891326643
unsqueeze_69,3.4009732448152805
mul_2088,12.133559977756649
slice_277,3.5374672148000905
slice_278,3.5374672148000905
neg_28,9.981796929651969
mul_2089,12.133559977756649
add_1409,6.93670811410013
mul_2090,3.1490606352817596
slice_279,2.1841571273429223
slice_280,2.1841571273429223
neg_29,3.949345394171644
mul_2091,3.1490606352817596
add_1410,2.046512061834597
transpose_60,3.28975424008847
view_268,3.121030262655072
view_269,1.8272116521382886
mm_56,1146.875905263633
view_270,2.6929302612181147
add_1500,18.961015241178114
_to_copy_61,16.709769041887085
pow_30,15.035057644052575
mean_29,40.55752152129172
add_1501,8.907337255960224
rsqrt_29,4.8905746978593445
mul_2224,6.526621662854005
_to_copy_62,16.709769041887085
mul_2225,6.805909557008427
view_271,1.8272116521382886
mm_57,2213.784291337476
view_272,4.937698793976584
silu_14,38.69550526250611
view_273,1.8272116521382886
mm_58,2213.784291337476
view_274,4.937698793976584
mul_2226,20.525392104848695
view_275,1.0131506580859422
mm_59,2051.8478530699617
view_276,2.6929302612181147
add_1502,18.961015241178114
_to_copy_63,16.709769041887085
pow_31,15.035057644052575
mean_30,40.55752152129172
add_1503,8.907337255960224
rsqrt_30,4.8905746978593445
mul_2227,6.526621662854005
_to_copy_64,16.709769041887085
mul_2228,6.805909557008427
view_277,1.8272116521382886
addmm_45,893.6534267544484
view_278,2.6929302612181147
view_279,1.8272116521382886
addmm_46,302.8920484651305
view_280,1.9361121714572636
view_281,1.8272116521382886
addmm_47,302.8920484651305
view_282,1.9361121714572636
view_283,1.8272116521382886
transpose_61,4.365927521858299
view_284,1.0411266443401315
transpose_62,1.9813217105997498
view_285,1.0411266443401315
transpose_63,1.9813217105997498
split_with_sizes_30,14.413007016832891
select_181,4.005230427838927
select_182,2.087551891326643
select_183,2.087551891326643
select_184,4.005230427838927
select_185,2.087551891326643
select_186,2.087551891326643
unsqueeze_72,3.4009732448152805
split_with_sizes_31,14.413007016832891
select_187,4.005230427838927
select_188,2.087551891326643
select_189,2.087551891326643
select_190,4.005230427838927
select_191,2.087551891326643
select_192,2.087551891326643
unsqueeze_73,3.4009732448152805
mul_2229,12.133559977756649
slice_295,3.5374672148000905
slice_296,3.5374672148000905
neg_30,9.981796929651969
mul_2230,12.133559977756649
add_1504,6.93670811410013
mul_2231,3.1490606352817596
slice_297,2.1841571273429223
slice_298,2.1841571273429223
neg_31,3.949345394171644
mul_2232,3.1490606352817596
add_1505,2.046512061834597
transpose_64,3.28975424008847
view_286,3.121030262655072
view_287,1.8272116521382886
mm_60,1146.875905263633
view_288,2.6929302612181147
add_1595,18.961015241178114
_to_copy_65,16.709769041887085
pow_32,15.035057644052575
mean_31,40.55752152129172
add_1596,8.907337255960224
rsqrt_31,4.8905746978593445
mul_2365,6.526621662854005
_to_copy_66,16.709769041887085
mul_2366,6.805909557008427
view_289,1.8272116521382886
mm_61,2213.784291337476
view_290,4.937698793976584
silu_15,38.69550526250611
view_291,1.8272116521382886
mm_62,2213.784291337476
view_292,4.937698793976584
mul_2367,20.525392104848695
view_293,1.0131506580859422
mm_63,2051.8478530699617
view_294,2.6929302612181147
add_1597,18.961015241178114
_to_copy_67,16.709769041887085
pow_33,15.035057644052575
mean_32,40.55752152129172
add_1598,8.907337255960224
rsqrt_32,4.8905746978593445
mul_2368,6.526621662854005
_to_copy_68,16.709769041887085
mul_2369,6.805909557008427
view_295,1.8272116521382886
addmm_48,893.6534267544484
view_296,2.6929302612181147
view_297,1.8272116521382886
addmm_49,302.8920484651305
view_298,1.9361121714572636
view_299,1.8272116521382886
addmm_50,302.8920484651305
view_300,1.9361121714572636
view_301,1.8272116521382886
transpose_65,4.365927521858299
view_302,1.0411266443401315
transpose_66,1.9813217105997498
view_303,1.0411266443401315
transpose_67,1.9813217105997498
split_with_sizes_32,14.413007016832891
select_193,4.005230427838927
select_194,2.087551891326643
select_195,2.087551891326643
select_196,4.005230427838927
select_197,2.087551891326643
select_198,2.087551891326643
unsqueeze_76,3.4009732448152805
split_with_sizes_33,14.413007016832891
select_199,4.005230427838927
select_200,2.087551891326643
select_201,2.087551891326643
select_202,4.005230427838927
select_203,2.087551891326643
select_204,2.087551891326643
unsqueeze_77,3.4009732448152805
mul_2370,12.133559977756649
slice_313,3.5374672148000905
slice_314,3.5374672148000905
neg_32,9.981796929651969
mul_2371,12.133559977756649
add_1599,6.93670811410013
mul_2372,3.1490606352817596
slice_315,2.1841571273429223
slice_316,2.1841571273429223
neg_33,3.949345394171644
mul_2373,3.1490606352817596
add_1600,2.046512061834597
transpose_68,3.28975424008847
view_304,3.121030262655072
view_305,1.8272116521382886
mm_64,1146.875905263633
view_306,2.6929302612181147
add_1690,18.961015241178114
_to_copy_69,16.709769041887085
pow_34,15.035057644052575
mean_33,40.55752152129172
add_1691,8.907337255960224
rsqrt_33,4.8905746978593445
mul_2506,6.526621662854005
_to_copy_70,16.709769041887085
mul_2507,6.805909557008427
view_307,1.8272116521382886
mm_65,2213.784291337476
view_308,4.937698793976584
silu_16,38.69550526250611
view_309,1.8272116521382886
mm_66,2213.784291337476
view_310,4.937698793976584
mul_2508,20.525392104848695
view_311,1.0131506580859422
mm_67,2051.8478530699617
view_312,2.6929302612181147
add_1692,18.961015241178114
_to_copy_71,16.709769041887085
pow_35,15.035057644052575
mean_34,40.55752152129172
add_1693,8.907337255960224
rsqrt_34,4.8905746978593445
mul_2509,6.526621662854005
_to_copy_72,16.709769041887085
mul_2510,6.805909557008427
view_313,1.8272116521382886
addmm_51,893.6534267544484
view_314,2.6929302612181147
view_315,1.8272116521382886
addmm_52,302.8920484651305
view_316,1.9361121714572636
view_317,1.8272116521382886
addmm_53,302.8920484651305
view_318,1.9361121714572636
view_319,1.8272116521382886
transpose_69,4.365927521858299
view_320,1.0411266443401315
transpose_70,1.9813217105997498
view_321,1.0411266443401315
transpose_71,1.9813217105997498
split_with_sizes_34,14.413007016832891
select_205,4.005230427838927
select_206,2.087551891326643
select_207,2.087551891326643
select_208,4.005230427838927
select_209,2.087551891326643
select_210,2.087551891326643
unsqueeze_80,3.4009732448152805
split_with_sizes_35,14.413007016832891
select_211,4.005230427838927
select_212,2.087551891326643
select_213,2.087551891326643
select_214,4.005230427838927
select_215,2.087551891326643
select_216,2.087551891326643
unsqueeze_81,3.4009732448152805
mul_2511,12.133559977756649
slice_331,3.5374672148000905
slice_332,3.5374672148000905
neg_34,9.981796929651969
mul_2512,12.133559977756649
add_1694,6.93670811410013
mul_2513,3.1490606352817596
slice_333,2.1841571273429223
slice_334,2.1841571273429223
neg_35,3.949345394171644
mul_2514,3.1490606352817596
add_1695,2.046512061834597
transpose_72,3.28975424008847
view_322,3.121030262655072
view_323,1.8272116521382886
mm_68,1146.875905263633
view_324,2.6929302612181147
add_1785,18.961015241178114
_to_copy_73,16.709769041887085
pow_36,15.035057644052575
mean_35,40.55752152129172
add_1786,8.907337255960224
rsqrt_35,4.8905746978593445
mul_2647,6.526621662854005
_to_copy_74,16.709769041887085
mul_2648,6.805909557008427
view_325,1.8272116521382886
mm_69,2213.784291337476
view_326,4.937698793976584
silu_17,38.69550526250611
view_327,1.8272116521382886
mm_70,2213.784291337476
view_328,4.937698793976584
mul_2649,20.525392104848695
view_329,1.0131506580859422
mm_71,2051.8478530699617
view_330,2.6929302612181147
add_1787,18.961015241178114
_to_copy_75,16.709769041887085
pow_37,15.035057644052575
mean_36,40.55752152129172
add_1788,8.907337255960224
rsqrt_36,4.8905746978593445
mul_2650,6.526621662854005
_to_copy_76,16.709769041887085
mul_2651,6.805909557008427
view_331,1.8272116521382886
addmm_54,893.6534267544484
view_332,2.6929302612181147
view_333,1.8272116521382886
addmm_55,302.8920484651305
view_334,1.9361121714572636
view_335,1.8272116521382886
addmm_56,302.8920484651305
view_336,1.9361121714572636
view_337,1.8272116521382886
transpose_73,4.365927521858299
view_338,1.0411266443401315
transpose_74,1.9813217105997498
view_339,1.0411266443401315
transpose_75,1.9813217105997498
split_with_sizes_36,14.413007016832891
select_217,4.005230427838927
select_218,2.087551891326643
select_219,2.087551891326643
select_220,4.005230427838927
select_221,2.087551891326643
select_222,2.087551891326643
unsqueeze_84,3.4009732448152805
split_with_sizes_37,14.413007016832891
select_223,4.005230427838927
select_224,2.087551891326643
select_225,2.087551891326643
select_226,4.005230427838927
select_227,2.087551891326643
select_228,2.087551891326643
unsqueeze_85,3.4009732448152805
mul_2652,12.133559977756649
slice_349,3.5374672148000905
slice_350,3.5374672148000905
neg_36,9.981796929651969
mul_2653,12.133559977756649
add_1789,6.93670811410013
mul_2654,3.1490606352817596
slice_351,2.1841571273429223
slice_352,2.1841571273429223
neg_37,3.949345394171644
mul_2655,3.1490606352817596
add_1790,2.046512061834597
transpose_76,3.28975424008847
view_340,3.121030262655072
view_341,1.8272116521382886
mm_72,1146.875905263633
view_342,2.6929302612181147
add_1880,18.961015241178114
_to_copy_77,16.709769041887085
pow_38,15.035057644052575
mean_37,40.55752152129172
add_1881,8.907337255960224
rsqrt_37,4.8905746978593445
mul_2788,6.526621662854005
_to_copy_78,16.709769041887085
mul_2789,6.805909557008427
view_343,1.8272116521382886
mm_73,2213.784291337476
view_344,4.937698793976584
silu_18,38.69550526250611
view_345,1.8272116521382886
mm_74,2213.784291337476
view_346,4.937698793976584
mul_2790,20.525392104848695
view_347,1.0131506580859422
mm_75,2051.8478530699617
view_348,2.6929302612181147
add_1882,18.961015241178114
_to_copy_79,16.709769041887085
pow_39,15.035057644052575
mean_38,40.55752152129172
add_1883,8.907337255960224
rsqrt_38,4.8905746978593445
mul_2791,6.526621662854005
_to_copy_80,16.709769041887085
mul_2792,6.805909557008427
view_349,1.8272116521382886
addmm_57,893.6534267544484
view_350,2.6929302612181147
view_351,1.8272116521382886
addmm_58,302.8920484651305
view_352,1.9361121714572636
view_353,1.8272116521382886
addmm_59,302.8920484651305
view_354,1.9361121714572636
view_355,1.8272116521382886
transpose_77,4.365927521858299
view_356,1.0411266443401315
transpose_78,1.9813217105997498
view_357,1.0411266443401315
transpose_79,1.9813217105997498
split_with_sizes_38,14.413007016832891
select_229,4.005230427838927
select_230,2.087551891326643
select_231,2.087551891326643
select_232,4.005230427838927
select_233,2.087551891326643
select_234,2.087551891326643
unsqueeze_88,3.4009732448152805
split_with_sizes_39,14.413007016832891
select_235,4.005230427838927
select_236,2.087551891326643
select_237,2.087551891326643
select_238,4.005230427838927
select_239,2.087551891326643
select_240,2.087551891326643
unsqueeze_89,3.4009732448152805
mul_2793,12.133559977756649
slice_367,3.5374672148000905
slice_368,3.5374672148000905
neg_38,9.981796929651969
mul_2794,12.133559977756649
add_1884,6.93670811410013
mul_2795,3.1490606352817596
slice_369,2.1841571273429223
slice_370,2.1841571273429223
neg_39,3.949345394171644
mul_2796,3.1490606352817596
add_1885,2.046512061834597
transpose_80,3.28975424008847
view_358,3.121030262655072
view_359,1.8272116521382886
mm_76,1146.875905263633
view_360,2.6929302612181147
add_1975,18.961015241178114
_to_copy_81,16.709769041887085
pow_40,15.035057644052575
mean_39,40.55752152129172
add_1976,8.907337255960224
rsqrt_39,4.8905746978593445
mul_2929,6.526621662854005
_to_copy_82,16.709769041887085
mul_2930,6.805909557008427
view_361,1.8272116521382886
mm_77,2213.784291337476
view_362,4.937698793976584
silu_19,38.69550526250611
view_363,1.8272116521382886
mm_78,2213.784291337476
view_364,4.937698793976584
mul_2931,20.525392104848695
view_365,1.0131506580859422
mm_79,2051.8478530699617
view_366,2.6929302612181147
add_1977,18.961015241178114
_to_copy_83,16.709769041887085
pow_41,15.035057644052575
mean_40,40.55752152129172
add_1978,8.907337255960224
rsqrt_40,4.8905746978593445
mul_2932,6.526621662854005
_to_copy_84,16.709769041887085
mul_2933,6.805909557008427
view_367,1.8272116521382886
addmm_60,893.6534267544484
view_368,2.6929302612181147
view_369,1.8272116521382886
addmm_61,302.8920484651305
view_370,1.9361121714572636
view_371,1.8272116521382886
addmm_62,302.8920484651305
view_372,1.9361121714572636
view_373,1.8272116521382886
transpose_81,4.365927521858299
view_374,1.0411266443401315
transpose_82,1.9813217105997498
view_375,1.0411266443401315
transpose_83,1.9813217105997498
split_with_sizes_40,14.413007016832891
select_241,4.005230427838927
select_242,2.087551891326643
select_243,2.087551891326643
select_244,4.005230427838927
select_245,2.087551891326643
select_246,2.087551891326643
unsqueeze_92,3.4009732448152805
split_with_sizes_41,14.413007016832891
select_247,4.005230427838927
select_248,2.087551891326643
select_249,2.087551891326643
select_250,4.005230427838927
select_251,2.087551891326643
select_252,2.087551891326643
unsqueeze_93,3.4009732448152805
mul_2934,12.133559977756649
slice_385,3.5374672148000905
slice_386,3.5374672148000905
neg_40,9.981796929651969
mul_2935,12.133559977756649
add_1979,6.93670811410013
mul_2936,3.1490606352817596
slice_387,2.1841571273429223
slice_388,2.1841571273429223
neg_41,3.949345394171644
mul_2937,3.1490606352817596
add_1980,2.046512061834597
transpose_84,3.28975424008847
view_376,3.121030262655072
view_377,1.8272116521382886
mm_80,1146.875905263633
view_378,2.6929302612181147
add_2070,18.961015241178114
_to_copy_85,16.709769041887085
pow_42,15.035057644052575
mean_41,40.55752152129172
add_2071,8.907337255960224
rsqrt_41,4.8905746978593445
mul_3070,6.526621662854005
_to_copy_86,16.709769041887085
mul_3071,6.805909557008427
view_379,1.8272116521382886
mm_81,2213.784291337476
view_380,4.937698793976584
silu_20,38.69550526250611
view_381,1.8272116521382886
mm_82,2213.784291337476
view_382,4.937698793976584
mul_3072,20.525392104848695
view_383,1.0131506580859422
mm_83,2051.8478530699617
view_384,2.6929302612181147
add_2072,18.961015241178114
_to_copy_87,16.709769041887085
pow_43,15.035057644052575
mean_42,40.55752152129172
add_2073,8.907337255960224
rsqrt_42,4.8905746978593445
mul_3073,6.526621662854005
_to_copy_88,16.709769041887085
mul_3074,6.805909557008427
view_385,1.8272116521382886
addmm_63,893.6534267544484
view_386,2.6929302612181147
view_387,1.8272116521382886
addmm_64,302.8920484651305
view_388,1.9361121714572636
view_389,1.8272116521382886
addmm_65,302.8920484651305
view_390,1.9361121714572636
view_391,1.8272116521382886
transpose_85,4.365927521858299
view_392,1.0411266443401315
transpose_86,1.9813217105997498
view_393,1.0411266443401315
transpose_87,1.9813217105997498
split_with_sizes_42,14.413007016832891
select_253,4.005230427838927
select_254,2.087551891326643
select_255,2.087551891326643
select_256,4.005230427838927
select_257,2.087551891326643
select_258,2.087551891326643
unsqueeze_96,3.4009732448152805
split_with_sizes_43,14.413007016832891
select_259,4.005230427838927
select_260,2.087551891326643
select_261,2.087551891326643
select_262,4.005230427838927
select_263,2.087551891326643
select_264,2.087551891326643
unsqueeze_97,3.4009732448152805
mul_3075,12.133559977756649
slice_403,3.5374672148000905
slice_404,3.5374672148000905
neg_42,9.981796929651969
mul_3076,12.133559977756649
add_2074,6.93670811410013
mul_3077,3.1490606352817596
slice_405,2.1841571273429223
slice_406,2.1841571273429223
neg_43,3.949345394171644
mul_3078,3.1490606352817596
add_2075,2.046512061834597
transpose_88,3.28975424008847
view_394,3.121030262655072
view_395,1.8272116521382886
mm_84,1146.875905263633
view_396,2.6929302612181147
add_2165,18.961015241178114
_to_copy_89,16.709769041887085
pow_44,15.035057644052575
mean_43,40.55752152129172
add_2166,8.907337255960224
rsqrt_43,4.8905746978593445
mul_3211,6.526621662854005
_to_copy_90,16.709769041887085
mul_3212,6.805909557008427
view_397,1.8272116521382886
mm_85,2213.784291337476
view_398,4.937698793976584
silu_21,38.69550526250611
view_399,1.8272116521382886
mm_86,2213.784291337476
view_400,4.937698793976584
mul_3213,20.525392104848695
view_401,1.0131506580859422
mm_87,2051.8478530699617
view_402,2.6929302612181147
add_2167,18.961015241178114
_to_copy_91,16.709769041887085
pow_45,15.035057644052575
mean_44,40.55752152129172
add_2168,8.907337255960224
rsqrt_44,4.8905746978593445
mul_3214,6.526621662854005
_to_copy_92,16.709769041887085
mul_3215,6.805909557008427
view_403,1.8272116521382886
addmm_66,893.6534267544484
view_404,2.6929302612181147
view_405,1.8272116521382886
addmm_67,302.8920484651305
view_406,1.9361121714572636
view_407,1.8272116521382886
addmm_68,302.8920484651305
view_408,1.9361121714572636
view_409,1.8272116521382886
transpose_89,4.365927521858299
view_410,1.0411266443401315
transpose_90,1.9813217105997498
view_411,1.0411266443401315
transpose_91,1.9813217105997498
split_with_sizes_44,14.413007016832891
select_265,4.005230427838927
select_266,2.087551891326643
select_267,2.087551891326643
select_268,4.005230427838927
select_269,2.087551891326643
select_270,2.087551891326643
unsqueeze_100,3.4009732448152805
split_with_sizes_45,14.413007016832891
select_271,4.005230427838927
select_272,2.087551891326643
select_273,2.087551891326643
select_274,4.005230427838927
select_275,2.087551891326643
select_276,2.087551891326643
unsqueeze_101,3.4009732448152805
mul_3216,12.133559977756649
slice_421,3.5374672148000905
slice_422,3.5374672148000905
neg_44,9.981796929651969
mul_3217,12.133559977756649
add_2169,6.93670811410013
mul_3218,3.1490606352817596
slice_423,2.1841571273429223
slice_424,2.1841571273429223
neg_45,3.949345394171644
mul_3219,3.1490606352817596
add_2170,2.046512061834597
transpose_92,3.28975424008847
view_412,3.121030262655072
view_413,1.8272116521382886
mm_88,1146.875905263633
view_414,2.6929302612181147
add_2260,18.961015241178114
_to_copy_93,16.709769041887085
pow_46,15.035057644052575
mean_45,40.55752152129172
add_2261,8.907337255960224
rsqrt_45,4.8905746978593445
mul_3352,6.526621662854005
_to_copy_94,16.709769041887085
mul_3353,6.805909557008427
view_415,1.8272116521382886
mm_89,2213.784291337476
view_416,4.937698793976584
silu_22,38.69550526250611
view_417,1.8272116521382886
mm_90,2213.784291337476
view_418,4.937698793976584
mul_3354,20.525392104848695
view_419,1.0131506580859422
mm_91,2051.8478530699617
view_420,2.6929302612181147
add_2262,18.961015241178114
_to_copy_95,16.709769041887085
pow_47,15.035057644052575
mean_46,40.55752152129172
add_2263,8.907337255960224
rsqrt_46,4.8905746978593445
mul_3355,6.526621662854005
_to_copy_96,16.709769041887085
mul_3356,6.805909557008427
view_421,1.8272116521382886
addmm_69,893.6534267544484
view_422,2.6929302612181147
view_423,1.8272116521382886
addmm_70,302.8920484651305
view_424,1.9361121714572636
view_425,1.8272116521382886
addmm_71,302.8920484651305
view_426,1.9361121714572636
view_427,1.8272116521382886
transpose_93,4.365927521858299
view_428,1.0411266443401315
transpose_94,1.9813217105997498
view_429,1.0411266443401315
transpose_95,1.9813217105997498
split_with_sizes_46,14.413007016832891
select_277,4.005230427838927
select_278,2.087551891326643
select_279,2.087551891326643
select_280,4.005230427838927
select_281,2.087551891326643
select_282,2.087551891326643
unsqueeze_104,3.4009732448152805
split_with_sizes_47,14.413007016832891
select_283,4.005230427838927
select_284,2.087551891326643
select_285,2.087551891326643
select_286,4.005230427838927
select_287,2.087551891326643
select_288,2.087551891326643
unsqueeze_105,3.4009732448152805
mul_3357,12.133559977756649
slice_439,3.5374672148000905
slice_440,3.5374672148000905
neg_46,9.981796929651969
mul_3358,12.133559977756649
add_2264,6.93670811410013
mul_3359,3.1490606352817596
slice_441,2.1841571273429223
slice_442,2.1841571273429223
neg_47,3.949345394171644
mul_3360,3.1490606352817596
add_2265,2.046512061834597
transpose_96,3.28975424008847
view_430,3.121030262655072
view_431,1.8272116521382886
mm_92,1146.875905263633
view_432,2.6929302612181147
add_2355,18.961015241178114
_to_copy_97,16.709769041887085
pow_48,15.035057644052575
mean_47,40.55752152129172
add_2356,8.907337255960224
rsqrt_47,4.8905746978593445
mul_3493,6.526621662854005
_to_copy_98,16.709769041887085
mul_3494,6.805909557008427
view_433,1.8272116521382886
mm_93,2213.784291337476
view_434,4.937698793976584
silu_23,38.69550526250611
view_435,1.8272116521382886
mm_94,2213.784291337476
view_436,4.937698793976584
mul_3495,20.525392104848695
view_437,1.0131506580859422
mm_95,2051.8478530699617
view_438,2.6929302612181147
add_2357,18.961015241178114
_to_copy_99,16.709769041887085
pow_49,15.035057644052575
mean_48,40.55752152129172
add_2358,8.907337255960224
rsqrt_48,4.8905746978593445
mul_3496,6.526621662854005
_to_copy_100,16.709769041887085
mul_3497,6.805909557008427
view_439,1.8272116521382886
addmm_72,893.6534267544484
view_440,2.6929302612181147
view_441,1.8272116521382886
addmm_73,302.8920484651305
view_442,1.9361121714572636
view_443,1.8272116521382886
addmm_74,302.8920484651305
view_444,1.9361121714572636
view_445,1.8272116521382886
transpose_97,4.365927521858299
view_446,1.0411266443401315
transpose_98,1.9813217105997498
view_447,1.0411266443401315
transpose_99,1.9813217105997498
split_with_sizes_48,14.413007016832891
select_289,4.005230427838927
select_290,2.087551891326643
select_291,2.087551891326643
select_292,4.005230427838927
select_293,2.087551891326643
select_294,2.087551891326643
unsqueeze_108,3.4009732448152805
split_with_sizes_49,14.413007016832891
select_295,4.005230427838927
select_296,2.087551891326643
select_297,2.087551891326643
select_298,4.005230427838927
select_299,2.087551891326643
select_300,2.087551891326643
unsqueeze_109,3.4009732448152805
mul_3498,12.133559977756649
slice_457,3.5374672148000905
slice_458,3.5374672148000905
neg_48,9.981796929651969
mul_3499,12.133559977756649
add_2359,6.93670811410013
mul_3500,3.1490606352817596
slice_459,2.1841571273429223
slice_460,2.1841571273429223
neg_49,3.949345394171644
mul_3501,3.1490606352817596
add_2360,2.046512061834597
transpose_100,3.28975424008847
view_448,3.121030262655072
view_449,1.8272116521382886
mm_96,1146.875905263633
view_450,2.6929302612181147
add_2450,18.961015241178114
_to_copy_101,16.709769041887085
pow_50,15.035057644052575
mean_49,40.55752152129172
add_2451,8.907337255960224
rsqrt_49,4.8905746978593445
mul_3634,6.526621662854005
_to_copy_102,16.709769041887085
mul_3635,6.805909557008427
view_451,1.8272116521382886
mm_97,2213.784291337476
view_452,4.937698793976584
silu_24,38.69550526250611
view_453,1.8272116521382886
mm_98,2213.784291337476
view_454,4.937698793976584
mul_3636,20.525392104848695
view_455,1.0131506580859422
mm_99,2051.8478530699617
view_456,2.6929302612181147
add_2452,18.961015241178114
_to_copy_103,16.709769041887085
pow_51,15.035057644052575
mean_50,40.55752152129172
add_2453,8.907337255960224
rsqrt_50,4.8905746978593445
mul_3637,6.526621662854005
_to_copy_104,16.709769041887085
mul_3638,6.805909557008427
view_457,1.8272116521382886
addmm_75,893.6534267544484
view_458,2.6929302612181147
view_459,1.8272116521382886
addmm_76,302.8920484651305
view_460,1.9361121714572636
view_461,1.8272116521382886
addmm_77,302.8920484651305
view_462,1.9361121714572636
view_463,1.8272116521382886
transpose_101,4.365927521858299
view_464,1.0411266443401315
transpose_102,1.9813217105997498
view_465,1.0411266443401315
transpose_103,1.9813217105997498
split_with_sizes_50,14.413007016832891
select_301,4.005230427838927
select_302,2.087551891326643
select_303,2.087551891326643
select_304,4.005230427838927
select_305,2.087551891326643
select_306,2.087551891326643
unsqueeze_112,3.4009732448152805
split_with_sizes_51,14.413007016832891
select_307,4.005230427838927
select_308,2.087551891326643
select_309,2.087551891326643
select_310,4.005230427838927
select_311,2.087551891326643
select_312,2.087551891326643
unsqueeze_113,3.4009732448152805
mul_3639,12.133559977756649
slice_475,3.5374672148000905
slice_476,3.5374672148000905
neg_50,9.981796929651969
mul_3640,12.133559977756649
add_2454,6.93670811410013
mul_3641,3.1490606352817596
slice_477,2.1841571273429223
slice_478,2.1841571273429223
neg_51,3.949345394171644
mul_3642,3.1490606352817596
add_2455,2.046512061834597
transpose_104,3.28975424008847
view_466,3.121030262655072
view_467,1.8272116521382886
mm_100,1146.875905263633
view_468,2.6929302612181147
add_2545,18.961015241178114
_to_copy_105,16.709769041887085
pow_52,15.035057644052575
mean_51,40.55752152129172
add_2546,8.907337255960224
rsqrt_51,4.8905746978593445
mul_3775,6.526621662854005
_to_copy_106,16.709769041887085
mul_3776,6.805909557008427
view_469,1.8272116521382886
mm_101,2213.784291337476
view_470,4.937698793976584
silu_25,38.69550526250611
view_471,1.8272116521382886
mm_102,2213.784291337476
view_472,4.937698793976584
mul_3777,20.525392104848695
view_473,1.0131506580859422
mm_103,2051.8478530699617
view_474,2.6929302612181147
add_2547,18.961015241178114
_to_copy_107,16.709769041887085
pow_53,15.035057644052575
mean_52,40.55752152129172
add_2548,8.907337255960224
rsqrt_52,4.8905746978593445
mul_3778,6.526621662854005
_to_copy_108,16.709769041887085
mul_3779,6.805909557008427
view_475,1.8272116521382886
addmm_78,893.6534267544484
view_476,2.6929302612181147
view_477,1.8272116521382886
addmm_79,302.8920484651305
view_478,1.9361121714572636
view_479,1.8272116521382886
addmm_80,302.8920484651305
view_480,1.9361121714572636
view_481,1.8272116521382886
transpose_105,4.365927521858299
view_482,1.0411266443401315
transpose_106,1.9813217105997498
view_483,1.0411266443401315
transpose_107,1.9813217105997498
split_with_sizes_52,14.413007016832891
select_313,4.005230427838927
select_314,2.087551891326643
select_315,2.087551891326643
select_316,4.005230427838927
select_317,2.087551891326643
select_318,2.087551891326643
unsqueeze_116,3.4009732448152805
split_with_sizes_53,14.413007016832891
select_319,4.005230427838927
select_320,2.087551891326643
select_321,2.087551891326643
select_322,4.005230427838927
select_323,2.087551891326643
select_324,2.087551891326643
unsqueeze_117,3.4009732448152805
mul_3780,12.133559977756649
slice_493,3.5374672148000905
slice_494,3.5374672148000905
neg_52,9.981796929651969
mul_3781,12.133559977756649
add_2549,6.93670811410013
mul_3782,3.1490606352817596
slice_495,2.1841571273429223
slice_496,2.1841571273429223
neg_53,3.949345394171644
mul_3783,3.1490606352817596
add_2550,2.046512061834597
transpose_108,3.28975424008847
view_484,3.121030262655072
view_485,1.8272116521382886
mm_104,1146.875905263633
view_486,2.6929302612181147
add_2640,18.961015241178114
_to_copy_109,16.709769041887085
pow_54,15.035057644052575
mean_53,40.55752152129172
add_2641,8.907337255960224
rsqrt_53,4.8905746978593445
mul_3916,6.526621662854005
_to_copy_110,16.709769041887085
mul_3917,6.805909557008427
view_487,1.8272116521382886
mm_105,2213.784291337476
view_488,4.937698793976584
silu_26,38.69550526250611
view_489,1.8272116521382886
mm_106,2213.784291337476
view_490,4.937698793976584
mul_3918,20.525392104848695
view_491,1.0131506580859422
mm_107,2051.8478530699617
view_492,2.6929302612181147
add_2642,18.961015241178114
_to_copy_111,16.709769041887085
pow_55,15.035057644052575
mean_54,40.55752152129172
add_2643,8.907337255960224
rsqrt_54,4.8905746978593445
mul_3919,6.526621662854005
_to_copy_112,16.709769041887085
mul_3920,6.805909557008427
view_493,1.8272116521382886
addmm_81,893.6534267544484
view_494,2.6929302612181147
view_495,1.8272116521382886
addmm_82,302.8920484651305
view_496,1.9361121714572636
view_497,1.8272116521382886
addmm_83,302.8920484651305
view_498,1.9361121714572636
view_499,1.8272116521382886
transpose_109,4.365927521858299
view_500,1.0411266443401315
transpose_110,1.9813217105997498
view_501,1.0411266443401315
transpose_111,1.9813217105997498
split_with_sizes_54,14.413007016832891
select_325,4.005230427838927
select_326,2.087551891326643
select_327,2.087551891326643
select_328,4.005230427838927
select_329,2.087551891326643
select_330,2.087551891326643
unsqueeze_120,3.4009732448152805
split_with_sizes_55,14.413007016832891
select_331,4.005230427838927
select_332,2.087551891326643
select_333,2.087551891326643
select_334,4.005230427838927
select_335,2.087551891326643
select_336,2.087551891326643
unsqueeze_121,3.4009732448152805
mul_3921,12.133559977756649
slice_511,3.5374672148000905
slice_512,3.5374672148000905
neg_54,9.981796929651969
mul_3922,12.133559977756649
add_2644,6.93670811410013
mul_3923,3.1490606352817596
slice_513,2.1841571273429223
slice_514,2.1841571273429223
neg_55,3.949345394171644
mul_3924,3.1490606352817596
add_2645,2.046512061834597
transpose_112,3.28975424008847
view_502,3.121030262655072
view_503,1.8272116521382886
mm_108,1146.875905263633
view_504,2.6929302612181147
add_2735,18.961015241178114
_to_copy_113,16.709769041887085
pow_56,15.035057644052575
mean_55,40.55752152129172
add_2736,8.907337255960224
rsqrt_55,4.8905746978593445
mul_4057,6.526621662854005
_to_copy_114,16.709769041887085
mul_4058,6.805909557008427
view_505,1.8272116521382886
mm_109,2213.784291337476
view_506,4.937698793976584
silu_27,38.69550526250611
view_507,1.8272116521382886
mm_110,2213.784291337476
view_508,4.937698793976584
mul_4059,20.525392104848695
view_509,1.0131506580859422
mm_111,2051.8478530699617
view_510,2.6929302612181147
add_2737,18.961015241178114
_to_copy_115,16.709769041887085
pow_57,15.035057644052575
mean_56,40.55752152129172
add_2738,8.907337255960224
rsqrt_56,4.8905746978593445
mul_4060,6.526621662854005
_to_copy_116,16.709769041887085
mul_4061,6.805909557008427
view_511,1.8272116521382886
addmm_84,893.6534267544484
view_512,2.6929302612181147
view_513,1.8272116521382886
addmm_85,302.8920484651305
view_514,1.9361121714572636
view_515,1.8272116521382886
addmm_86,302.8920484651305
view_516,1.9361121714572636
view_517,1.8272116521382886
transpose_113,4.365927521858299
view_518,1.0411266443401315
transpose_114,1.9813217105997498
view_519,1.0411266443401315
transpose_115,1.9813217105997498
split_with_sizes_56,14.413007016832891
select_337,4.005230427838927
select_338,2.087551891326643
select_339,2.087551891326643
select_340,4.005230427838927
select_341,2.087551891326643
select_342,2.087551891326643
unsqueeze_124,3.4009732448152805
split_with_sizes_57,14.413007016832891
select_343,4.005230427838927
select_344,2.087551891326643
select_345,2.087551891326643
select_346,4.005230427838927
select_347,2.087551891326643
select_348,2.087551891326643
unsqueeze_125,3.4009732448152805
mul_4062,12.133559977756649
slice_529,3.5374672148000905
slice_530,3.5374672148000905
neg_56,9.981796929651969
mul_4063,12.133559977756649
add_2739,6.93670811410013
mul_4064,3.1490606352817596
slice_531,2.1841571273429223
slice_532,2.1841571273429223
neg_57,3.949345394171644
mul_4065,3.1490606352817596
add_2740,2.046512061834597
transpose_116,3.28975424008847
view_520,3.121030262655072
view_521,1.8272116521382886
mm_112,1146.875905263633
view_522,2.6929302612181147
add_2830,18.961015241178114
_to_copy_117,16.709769041887085
pow_58,15.035057644052575
mean_57,40.55752152129172
add_2831,8.907337255960224
rsqrt_57,4.8905746978593445
mul_4198,6.526621662854005
_to_copy_118,16.709769041887085
mul_4199,6.805909557008427
view_523,1.8272116521382886
mm_113,2213.784291337476
view_524,4.937698793976584
silu_28,38.69550526250611
view_525,1.8272116521382886
mm_114,2213.784291337476
view_526,4.937698793976584
mul_4200,20.525392104848695
view_527,1.0131506580859422
mm_115,2051.8478530699617
view_528,2.6929302612181147
add_2832,18.961015241178114
_to_copy_119,16.709769041887085
pow_59,15.035057644052575
mean_58,40.55752152129172
add_2833,8.907337255960224
rsqrt_58,4.8905746978593445
mul_4201,6.526621662854005
_to_copy_120,16.709769041887085
mul_4202,6.805909557008427
view_529,1.8272116521382886
addmm_87,893.6534267544484
view_530,2.6929302612181147
view_531,1.8272116521382886
addmm_88,302.8920484651305
view_532,1.9361121714572636
view_533,1.8272116521382886
addmm_89,302.8920484651305
view_534,1.9361121714572636
view_535,1.8272116521382886
transpose_117,4.365927521858299
view_536,1.0411266443401315
transpose_118,1.9813217105997498
view_537,1.0411266443401315
transpose_119,1.9813217105997498
split_with_sizes_58,14.413007016832891
select_349,4.005230427838927
select_350,2.087551891326643
select_351,2.087551891326643
select_352,4.005230427838927
select_353,2.087551891326643
select_354,2.087551891326643
unsqueeze_128,3.4009732448152805
split_with_sizes_59,14.413007016832891
select_355,4.005230427838927
select_356,2.087551891326643
select_357,2.087551891326643
select_358,4.005230427838927
select_359,2.087551891326643
select_360,2.087551891326643
unsqueeze_129,3.4009732448152805
mul_4203,12.133559977756649
slice_547,3.5374672148000905
slice_548,3.5374672148000905
neg_58,9.981796929651969
mul_4204,12.133559977756649
add_2834,6.93670811410013
mul_4205,3.1490606352817596
slice_549,2.1841571273429223
slice_550,2.1841571273429223
neg_59,3.949345394171644
mul_4206,3.1490606352817596
add_2835,2.046512061834597
transpose_120,3.28975424008847
view_538,3.121030262655072
view_539,1.8272116521382886
mm_116,1146.875905263633
view_540,2.6929302612181147
add_2925,18.961015241178114
_to_copy_121,16.709769041887085
pow_60,15.035057644052575
mean_59,40.55752152129172
add_2926,8.907337255960224
rsqrt_59,4.8905746978593445
mul_4339,6.526621662854005
_to_copy_122,16.709769041887085
mul_4340,6.805909557008427
view_541,1.8272116521382886
mm_117,2213.784291337476
view_542,4.937698793976584
silu_29,38.69550526250611
view_543,1.8272116521382886
mm_118,2213.784291337476
view_544,4.937698793976584
mul_4341,20.525392104848695
view_545,1.0131506580859422
mm_119,2051.8478530699617
view_546,2.6929302612181147
add_2927,18.961015241178114
_to_copy_123,16.709769041887085
pow_61,15.035057644052575
mean_60,40.55752152129172
add_2928,8.907337255960224
rsqrt_60,4.8905746978593445
mul_4342,6.526621662854005
_to_copy_124,16.709769041887085
mul_4343,6.805909557008427
view_547,1.8272116521382886
addmm_90,893.6534267544484
view_548,2.6929302612181147
view_549,1.8272116521382886
addmm_91,302.8920484651305
view_550,1.9361121714572636
view_551,1.8272116521382886
addmm_92,302.8920484651305
view_552,1.9361121714572636
view_553,1.8272116521382886
transpose_121,4.365927521858299
view_554,1.0411266443401315
transpose_122,1.9813217105997498
view_555,1.0411266443401315
transpose_123,1.9813217105997498
split_with_sizes_60,14.413007016832891
select_361,4.005230427838927
select_362,2.087551891326643
select_363,2.087551891326643
select_364,4.005230427838927
select_365,2.087551891326643
select_366,2.087551891326643
unsqueeze_132,3.4009732448152805
split_with_sizes_61,14.413007016832891
select_367,4.005230427838927
select_368,2.087551891326643
select_369,2.087551891326643
select_370,4.005230427838927
select_371,2.087551891326643
select_372,2.087551891326643
unsqueeze_133,3.4009732448152805
mul_4344,12.133559977756649
slice_565,3.5374672148000905
slice_566,3.5374672148000905
neg_60,9.981796929651969
mul_4345,12.133559977756649
add_2929,6.93670811410013
mul_4346,3.1490606352817596
slice_567,2.1841571273429223
slice_568,2.1841571273429223
neg_61,3.949345394171644
mul_4347,3.1490606352817596
add_2930,2.046512061834597
transpose_124,3.28975424008847
view_556,3.121030262655072
view_557,1.8272116521382886
mm_120,1146.875905263633
view_558,2.6929302612181147
add_3020,18.961015241178114
_to_copy_125,16.709769041887085
pow_62,15.035057644052575
mean_61,40.55752152129172
add_3021,8.907337255960224
rsqrt_61,4.8905746978593445
mul_4480,6.526621662854005
_to_copy_126,16.709769041887085
mul_4481,6.805909557008427
view_559,1.8272116521382886
mm_121,2213.784291337476
view_560,4.937698793976584
silu_30,38.69550526250611
view_561,1.8272116521382886
mm_122,2213.784291337476
view_562,4.937698793976584
mul_4482,20.525392104848695
view_563,1.0131506580859422
mm_123,2051.8478530699617
view_564,2.6929302612181147
add_3022,18.961015241178114
_to_copy_127,16.709769041887085
pow_63,15.035057644052575
mean_62,40.55752152129172
add_3023,8.907337255960224
rsqrt_62,4.8905746978593445
mul_4483,6.526621662854005
_to_copy_128,16.709769041887085
mul_4484,6.805909557008427
view_565,1.8272116521382886
addmm_93,893.6534267544484
view_566,2.6929302612181147
view_567,1.8272116521382886
addmm_94,302.8920484651305
view_568,1.9361121714572636
view_569,1.8272116521382886
addmm_95,302.8920484651305
view_570,1.9361121714572636
view_571,1.8272116521382886
transpose_125,4.365927521858299
view_572,1.0411266443401315
transpose_126,1.9813217105997498
view_573,1.0411266443401315
transpose_127,1.9813217105997498
split_with_sizes_62,14.413007016832891
select_373,4.005230427838927
select_374,2.087551891326643
select_375,2.087551891326643
select_376,4.005230427838927
select_377,2.087551891326643
select_378,2.087551891326643
unsqueeze_136,3.4009732448152805
split_with_sizes_63,14.413007016832891
select_379,4.005230427838927
select_380,2.087551891326643
select_381,2.087551891326643
select_382,4.005230427838927
select_383,2.087551891326643
select_384,2.087551891326643
unsqueeze_137,3.4009732448152805
mul_4485,12.133559977756649
slice_583,3.5374672148000905
slice_584,3.5374672148000905
neg_62,9.981796929651969
mul_4486,12.133559977756649
add_3024,6.93670811410013
mul_4487,3.1490606352817596
slice_585,2.1841571273429223
slice_586,2.1841571273429223
neg_63,3.949345394171644
mul_4488,3.1490606352817596
add_3025,2.046512061834597
transpose_128,3.28975424008847
view_574,3.121030262655072
view_575,1.8272116521382886
mm_124,1146.875905263633
view_576,2.6929302612181147
add_3115,18.961015241178114
_to_copy_129,16.709769041887085
pow_64,15.035057644052575
mean_63,40.55752152129172
add_3116,8.907337255960224
rsqrt_63,4.8905746978593445
mul_4621,6.526621662854005
_to_copy_130,16.709769041887085
mul_4622,6.805909557008427
view_577,1.8272116521382886
mm_125,2213.784291337476
view_578,4.937698793976584
silu_31,38.69550526250611
view_579,1.8272116521382886
mm_126,2213.784291337476
view_580,4.937698793976584
mul_4623,20.525392104848695
view_581,1.0131506580859422
mm_127,2051.8478530699617
view_582,2.6929302612181147
add_3117,18.961015241178114
_to_copy_131,16.709769041887085
pow_65,15.035057644052575
mean_64,40.55752152129172
add_3118,8.907337255960224
rsqrt_64,4.8905746978593445
mul_4624,6.526621662854005
_to_copy_132,16.709769041887085
mul_4625,6.805909557008427
view_583,1.8272116521382886
addmm_96,893.6534267544484
view_584,2.6929302612181147
view_585,1.8272116521382886
addmm_97,302.8920484651305
view_586,1.9361121714572636
view_587,1.8272116521382886
addmm_98,302.8920484651305
view_588,1.9361121714572636
view_589,1.8272116521382886
transpose_129,4.365927521858299
view_590,1.0411266443401315
transpose_130,1.9813217105997498
view_591,1.0411266443401315
transpose_131,1.9813217105997498
split_with_sizes_64,14.413007016832891
select_385,4.005230427838927
select_386,2.087551891326643
select_387,2.087551891326643
select_388,4.005230427838927
select_389,2.087551891326643
select_390,2.087551891326643
unsqueeze_140,3.4009732448152805
split_with_sizes_65,14.413007016832891
select_391,4.005230427838927
select_392,2.087551891326643
select_393,2.087551891326643
select_394,4.005230427838927
select_395,2.087551891326643
select_396,2.087551891326643
unsqueeze_141,3.4009732448152805
mul_4626,12.133559977756649
slice_601,3.5374672148000905
slice_602,3.5374672148000905
neg_64,9.981796929651969
mul_4627,12.133559977756649
add_3119,6.93670811410013
mul_4628,3.1490606352817596
slice_603,2.1841571273429223
slice_604,2.1841571273429223
neg_65,3.949345394171644
mul_4629,3.1490606352817596
add_3120,2.046512061834597
transpose_132,3.28975424008847
view_592,3.121030262655072
view_593,1.8272116521382886
mm_128,1146.875905263633
view_594,2.6929302612181147
add_3210,18.961015241178114
_to_copy_133,16.709769041887085
pow_66,15.035057644052575
mean_65,40.55752152129172
add_3211,8.907337255960224
rsqrt_65,4.8905746978593445
mul_4762,6.526621662854005
_to_copy_134,16.709769041887085
mul_4763,6.805909557008427
view_595,1.8272116521382886
mm_129,2213.784291337476
view_596,4.937698793976584
silu_32,38.69550526250611
view_597,1.8272116521382886
mm_130,2213.784291337476
view_598,4.937698793976584
mul_4764,20.525392104848695
view_599,1.0131506580859422
mm_131,2051.8478530699617
view_600,2.6929302612181147
add_3212,18.961015241178114
_to_copy_135,16.709769041887085
pow_67,15.035057644052575
mean_66,40.55752152129172
add_3213,8.907337255960224
rsqrt_66,4.8905746978593445
mul_4765,6.526621662854005
_to_copy_136,16.709769041887085
mul_4766,6.805909557008427
view_601,1.8272116521382886
addmm_99,893.6534267544484
view_602,2.6929302612181147
view_603,1.8272116521382886
addmm_100,302.8920484651305
view_604,1.9361121714572636
view_605,1.8272116521382886
addmm_101,302.8920484651305
view_606,1.9361121714572636
view_607,1.8272116521382886
transpose_133,4.365927521858299
view_608,1.0411266443401315
transpose_134,1.9813217105997498
view_609,1.0411266443401315
transpose_135,1.9813217105997498
split_with_sizes_66,14.413007016832891
select_397,4.005230427838927
select_398,2.087551891326643
select_399,2.087551891326643
select_400,4.005230427838927
select_401,2.087551891326643
select_402,2.087551891326643
unsqueeze_144,3.4009732448152805
split_with_sizes_67,14.413007016832891
select_403,4.005230427838927
select_404,2.087551891326643
select_405,2.087551891326643
select_406,4.005230427838927
select_407,2.087551891326643
select_408,2.087551891326643
unsqueeze_145,3.4009732448152805
mul_4767,12.133559977756649
slice_619,3.5374672148000905
slice_620,3.5374672148000905
neg_66,9.981796929651969
mul_4768,12.133559977756649
add_3214,6.93670811410013
mul_4769,3.1490606352817596
slice_621,2.1841571273429223
slice_622,2.1841571273429223
neg_67,3.949345394171644
mul_4770,3.1490606352817596
add_3215,2.046512061834597
transpose_136,3.28975424008847
view_610,3.121030262655072
view_611,1.8272116521382886
mm_132,1146.875905263633
view_612,2.6929302612181147
add_3305,18.961015241178114
_to_copy_137,16.709769041887085
pow_68,15.035057644052575
mean_67,40.55752152129172
add_3306,8.907337255960224
rsqrt_67,4.8905746978593445
mul_4903,6.526621662854005
_to_copy_138,16.709769041887085
mul_4904,6.805909557008427
view_613,1.8272116521382886
mm_133,2213.784291337476
view_614,4.937698793976584
silu_33,38.69550526250611
view_615,1.8272116521382886
mm_134,2213.784291337476
view_616,4.937698793976584
mul_4905,20.525392104848695
view_617,1.0131506580859422
mm_135,2051.8478530699617
view_618,2.6929302612181147
add_3307,18.961015241178114
_to_copy_139,16.709769041887085
pow_69,15.035057644052575
mean_68,40.55752152129172
add_3308,8.907337255960224
rsqrt_68,4.8905746978593445
mul_4906,6.526621662854005
_to_copy_140,16.709769041887085
mul_4907,6.805909557008427
view_619,1.8272116521382886
addmm_102,893.6534267544484
view_620,2.6929302612181147
view_621,1.8272116521382886
addmm_103,302.8920484651305
view_622,1.9361121714572636
view_623,1.8272116521382886
addmm_104,302.8920484651305
view_624,1.9361121714572636
view_625,1.8272116521382886
transpose_137,4.365927521858299
view_626,1.0411266443401315
transpose_138,1.9813217105997498
view_627,1.0411266443401315
transpose_139,1.9813217105997498
split_with_sizes_68,14.413007016832891
select_409,4.005230427838927
select_410,2.087551891326643
select_411,2.087551891326643
select_412,4.005230427838927
select_413,2.087551891326643
select_414,2.087551891326643
unsqueeze_148,3.4009732448152805
split_with_sizes_69,14.413007016832891
select_415,4.005230427838927
select_416,2.087551891326643
select_417,2.087551891326643
select_418,4.005230427838927
select_419,2.087551891326643
select_420,2.087551891326643
unsqueeze_149,3.4009732448152805
mul_4908,12.133559977756649
slice_637,3.5374672148000905
slice_638,3.5374672148000905
neg_68,9.981796929651969
mul_4909,12.133559977756649
add_3309,6.93670811410013
mul_4910,3.1490606352817596
slice_639,2.1841571273429223
slice_640,2.1841571273429223
neg_69,3.949345394171644
mul_4911,3.1490606352817596
add_3310,2.046512061834597
transpose_140,3.28975424008847
view_628,3.121030262655072
view_629,1.8272116521382886
mm_136,1146.875905263633
view_630,2.6929302612181147
add_3400,18.961015241178114
_to_copy_141,16.709769041887085
pow_70,15.035057644052575
mean_69,40.55752152129172
add_3401,8.907337255960224
rsqrt_69,4.8905746978593445
mul_5044,6.526621662854005
_to_copy_142,16.709769041887085
mul_5045,6.805909557008427
view_631,1.8272116521382886
mm_137,2213.784291337476
view_632,4.937698793976584
silu_34,38.69550526250611
view_633,1.8272116521382886
mm_138,2213.784291337476
view_634,4.937698793976584
mul_5046,20.525392104848695
view_635,1.0131506580859422
mm_139,2051.8478530699617
view_636,2.6929302612181147
add_3402,18.961015241178114
_to_copy_143,16.709769041887085
pow_71,15.035057644052575
mean_70,40.55752152129172
add_3403,8.907337255960224
rsqrt_70,4.8905746978593445
mul_5047,6.526621662854005
_to_copy_144,16.709769041887085
mul_5048,6.805909557008427
view_637,1.8272116521382886
addmm_105,893.6534267544484
view_638,2.6929302612181147
view_639,1.8272116521382886
addmm_106,302.8920484651305
view_640,1.9361121714572636
view_641,1.8272116521382886
addmm_107,302.8920484651305
view_642,1.9361121714572636
view_643,1.8272116521382886
transpose_141,4.365927521858299
view_644,1.0411266443401315
transpose_142,1.9813217105997498
view_645,1.0411266443401315
transpose_143,1.9813217105997498
split_with_sizes_70,14.413007016832891
select_421,4.005230427838927
select_422,2.087551891326643
select_423,2.087551891326643
select_424,4.005230427838927
select_425,2.087551891326643
select_426,2.087551891326643
unsqueeze_152,3.4009732448152805
split_with_sizes_71,14.413007016832891
select_427,4.005230427838927
select_428,2.087551891326643
select_429,2.087551891326643
select_430,4.005230427838927
select_431,2.087551891326643
select_432,2.087551891326643
unsqueeze_153,3.4009732448152805
mul_5049,12.133559977756649
slice_655,3.5374672148000905
slice_656,3.5374672148000905
neg_70,9.981796929651969
mul_5050,12.133559977756649
add_3404,6.93670811410013
mul_5051,3.1490606352817596
slice_657,2.1841571273429223
slice_658,2.1841571273429223
neg_71,3.949345394171644
mul_5052,3.1490606352817596
add_3405,2.046512061834597
transpose_144,3.28975424008847
view_646,3.121030262655072
view_647,1.8272116521382886
mm_140,1146.875905263633
view_648,2.6929302612181147
add_3495,18.961015241178114
_to_copy_145,16.709769041887085
pow_72,15.035057644052575
mean_71,40.55752152129172
add_3496,8.907337255960224
rsqrt_71,4.8905746978593445
mul_5185,6.526621662854005
_to_copy_146,16.709769041887085
mul_5186,6.805909557008427
view_649,1.8272116521382886
mm_141,2213.784291337476
view_650,4.937698793976584
silu_35,38.69550526250611
view_651,1.8272116521382886
mm_142,2213.784291337476
view_652,4.937698793976584
mul_5187,20.525392104848695
view_653,1.0131506580859422
mm_143,2051.8478530699617
view_654,2.6929302612181147
add_3497,18.961015241178114
_to_copy_147,16.709769041887085
pow_73,15.035057644052575
mean_72,40.55752152129172
add_3498,8.907337255960224
rsqrt_72,4.8905746978593445
mul_5188,6.526621662854005
_to_copy_148,16.709769041887085
mul_5189,6.805909557008427
view_655,1.8272116521382886
addmm_108,893.6534267544484
view_656,2.6929302612181147
view_657,1.8272116521382886
addmm_109,302.8920484651305
view_658,1.9361121714572636
view_659,1.8272116521382886
addmm_110,302.8920484651305
view_660,1.9361121714572636
view_661,1.8272116521382886
transpose_145,4.365927521858299
view_662,1.0411266443401315
transpose_146,1.9813217105997498
view_663,1.0411266443401315
transpose_147,1.9813217105997498
split_with_sizes_72,14.413007016832891
select_433,4.005230427838927
select_434,2.087551891326643
select_435,2.087551891326643
select_436,4.005230427838927
select_437,2.087551891326643
select_438,2.087551891326643
unsqueeze_156,3.4009732448152805
split_with_sizes_73,14.413007016832891
select_439,4.005230427838927
select_440,2.087551891326643
select_441,2.087551891326643
select_442,4.005230427838927
select_443,2.087551891326643
select_444,2.087551891326643
unsqueeze_157,3.4009732448152805
mul_5190,12.133559977756649
slice_673,3.5374672148000905
slice_674,3.5374672148000905
neg_72,9.981796929651969
mul_5191,12.133559977756649
add_3499,6.93670811410013
mul_5192,3.1490606352817596
slice_675,2.1841571273429223
slice_676,2.1841571273429223
neg_73,3.949345394171644
mul_5193,3.1490606352817596
add_3500,2.046512061834597
transpose_148,3.28975424008847
view_664,3.121030262655072
view_665,1.8272116521382886
mm_144,1146.875905263633
view_666,2.6929302612181147
add_3590,18.961015241178114
_to_copy_149,16.709769041887085
pow_74,15.035057644052575
mean_73,40.55752152129172
add_3591,8.907337255960224
rsqrt_73,4.8905746978593445
mul_5326,6.526621662854005
_to_copy_150,16.709769041887085
mul_5327,6.805909557008427
view_667,1.8272116521382886
mm_145,2213.784291337476
view_668,4.937698793976584
silu_36,38.69550526250611
view_669,1.8272116521382886
mm_146,2213.784291337476
view_670,4.937698793976584
mul_5328,20.525392104848695
view_671,1.0131506580859422
mm_147,2051.8478530699617
view_672,2.6929302612181147
add_3592,18.961015241178114
_to_copy_151,16.709769041887085
pow_75,15.035057644052575
mean_74,40.55752152129172
add_3593,8.907337255960224
rsqrt_74,4.8905746978593445
mul_5329,6.526621662854005
_to_copy_152,16.709769041887085
mul_5330,6.805909557008427
view_673,1.8272116521382886
addmm_111,893.6534267544484
view_674,2.6929302612181147
view_675,1.8272116521382886
addmm_112,302.8920484651305
view_676,1.9361121714572636
view_677,1.8272116521382886
addmm_113,302.8920484651305
view_678,1.9361121714572636
view_679,1.8272116521382886
transpose_149,4.365927521858299
view_680,1.0411266443401315
transpose_150,1.9813217105997498
view_681,1.0411266443401315
transpose_151,1.9813217105997498
split_with_sizes_74,14.413007016832891
select_445,4.005230427838927
select_446,2.087551891326643
select_447,2.087551891326643
select_448,4.005230427838927
select_449,2.087551891326643
select_450,2.087551891326643
unsqueeze_160,3.4009732448152805
split_with_sizes_75,14.413007016832891
select_451,4.005230427838927
select_452,2.087551891326643
select_453,2.087551891326643
select_454,4.005230427838927
select_455,2.087551891326643
select_456,2.087551891326643
unsqueeze_161,3.4009732448152805
mul_5331,12.133559977756649
slice_691,3.5374672148000905
slice_692,3.5374672148000905
neg_74,9.981796929651969
mul_5332,12.133559977756649
add_3594,6.93670811410013
mul_5333,3.1490606352817596
slice_693,2.1841571273429223
slice_694,2.1841571273429223
neg_75,3.949345394171644
mul_5334,3.1490606352817596
add_3595,2.046512061834597
transpose_152,3.28975424008847
view_682,3.121030262655072
view_683,1.8272116521382886
mm_148,1146.875905263633
view_684,2.6929302612181147
add_3685,18.961015241178114
_to_copy_153,16.709769041887085
pow_76,15.035057644052575
mean_75,40.55752152129172
add_3686,8.907337255960224
rsqrt_75,4.8905746978593445
mul_5467,6.526621662854005
_to_copy_154,16.709769041887085
mul_5468,6.805909557008427
view_685,1.8272116521382886
mm_149,2213.784291337476
view_686,4.937698793976584
silu_37,38.69550526250611
view_687,1.8272116521382886
mm_150,2213.784291337476
view_688,4.937698793976584
mul_5469,20.525392104848695
view_689,1.0131506580859422
mm_151,2051.8478530699617
view_690,2.6929302612181147
add_3687,18.961015241178114
_to_copy_155,16.709769041887085
pow_77,15.035057644052575
mean_76,40.55752152129172
add_3688,8.907337255960224
rsqrt_76,4.8905746978593445
mul_5470,6.526621662854005
_to_copy_156,16.709769041887085
mul_5471,6.805909557008427
view_691,1.8272116521382886
addmm_114,893.6534267544484
view_692,2.6929302612181147
view_693,1.8272116521382886
addmm_115,302.8920484651305
view_694,1.9361121714572636
view_695,1.8272116521382886
addmm_116,302.8920484651305
view_696,1.9361121714572636
view_697,1.8272116521382886
transpose_153,4.365927521858299
view_698,1.0411266443401315
transpose_154,1.9813217105997498
view_699,1.0411266443401315
transpose_155,1.9813217105997498
split_with_sizes_76,14.413007016832891
select_457,4.005230427838927
select_458,2.087551891326643
select_459,2.087551891326643
select_460,4.005230427838927
select_461,2.087551891326643
select_462,2.087551891326643
unsqueeze_164,3.4009732448152805
split_with_sizes_77,14.413007016832891
select_463,4.005230427838927
select_464,2.087551891326643
select_465,2.087551891326643
select_466,4.005230427838927
select_467,2.087551891326643
select_468,2.087551891326643
unsqueeze_165,3.4009732448152805
mul_5472,12.133559977756649
slice_709,3.5374672148000905
slice_710,3.5374672148000905
neg_76,9.981796929651969
mul_5473,12.133559977756649
add_3689,6.93670811410013
mul_5474,3.1490606352817596
slice_711,2.1841571273429223
slice_712,2.1841571273429223
neg_77,3.949345394171644
mul_5475,3.1490606352817596
add_3690,2.046512061834597
transpose_156,3.28975424008847
view_700,3.121030262655072
view_701,1.8272116521382886
mm_152,1146.875905263633
view_702,2.6929302612181147
add_3780,18.961015241178114
_to_copy_157,16.709769041887085
pow_78,15.035057644052575
mean_77,40.55752152129172
add_3781,8.907337255960224
rsqrt_77,4.8905746978593445
mul_5608,6.526621662854005
_to_copy_158,16.709769041887085
mul_5609,6.805909557008427
view_703,1.8272116521382886
mm_153,2213.784291337476
view_704,4.937698793976584
silu_38,38.69550526250611
view_705,1.8272116521382886
mm_154,2213.784291337476
view_706,4.937698793976584
mul_5610,20.525392104848695
view_707,1.0131506580859422
mm_155,2051.8478530699617
view_708,2.6929302612181147
add_3782,18.961015241178114
_to_copy_159,16.709769041887085
pow_79,15.035057644052575
mean_78,40.55752152129172
add_3783,8.907337255960224
rsqrt_78,4.8905746978593445
mul_5611,6.526621662854005
_to_copy_160,16.709769041887085
mul_5612,6.805909557008427
view_709,1.8272116521382886
addmm_117,893.6534267544484
view_710,2.6929302612181147
view_711,1.8272116521382886
addmm_118,302.8920484651305
view_712,1.9361121714572636
view_713,1.8272116521382886
addmm_119,302.8920484651305
view_714,1.9361121714572636
view_715,1.8272116521382886
transpose_157,4.365927521858299
view_716,1.0411266443401315
transpose_158,1.9813217105997498
view_717,1.0411266443401315
transpose_159,1.9813217105997498
split_with_sizes_78,14.413007016832891
select_469,4.005230427838927
select_470,2.087551891326643
select_471,2.087551891326643
select_472,4.005230427838927
select_473,2.087551891326643
select_474,2.087551891326643
unsqueeze_168,3.4009732448152805
split_with_sizes_79,14.413007016832891
select_475,4.005230427838927
select_476,2.087551891326643
select_477,2.087551891326643
select_478,4.005230427838927
select_479,2.087551891326643
select_480,2.087551891326643
unsqueeze_169,3.4009732448152805
mul_5613,12.133559977756649
slice_727,3.5374672148000905
slice_728,3.5374672148000905
neg_78,9.981796929651969
mul_5614,12.133559977756649
add_3784,6.93670811410013
mul_5615,3.1490606352817596
slice_729,2.1841571273429223
slice_730,2.1841571273429223
neg_79,3.949345394171644
mul_5616,3.1490606352817596
add_3785,2.046512061834597
transpose_160,3.28975424008847
view_718,3.121030262655072
view_719,1.8272116521382886
mm_156,1146.875905263633
view_720,2.6929302612181147
add_3875,18.961015241178114
_to_copy_161,16.709769041887085
pow_80,15.035057644052575
mean_79,40.55752152129172
add_3876,8.907337255960224
rsqrt_79,4.8905746978593445
mul_5749,6.526621662854005
_to_copy_162,16.709769041887085
mul_5750,6.805909557008427
view_721,1.8272116521382886
mm_157,2213.784291337476
view_722,4.937698793976584
silu_39,38.69550526250611
view_723,1.8272116521382886
mm_158,2213.784291337476
view_724,4.937698793976584
mul_5751,20.525392104848695
view_725,1.0131506580859422
mm_159,2051.8478530699617
view_726,2.6929302612181147
add_3877,18.961015241178114
_to_copy_163,16.709769041887085
pow_81,15.035057644052575
mean_80,40.55752152129172
add_3878,8.907337255960224
rsqrt_80,4.8905746978593445
mul_5752,6.526621662854005
_to_copy_164,16.709769041887085
mul_5753,6.805909557008427
view_727,1.8272116521382886
addmm_120,893.6534267544484
view_728,2.6929302612181147
view_729,1.8272116521382886
addmm_121,302.8920484651305
view_730,1.9361121714572636
view_731,1.8272116521382886
addmm_122,302.8920484651305
view_732,1.9361121714572636
view_733,1.8272116521382886
transpose_161,4.365927521858299
view_734,1.0411266443401315
transpose_162,1.9813217105997498
view_735,1.0411266443401315
transpose_163,1.9813217105997498
split_with_sizes_80,14.413007016832891
select_481,4.005230427838927
select_482,2.087551891326643
select_483,2.087551891326643
select_484,4.005230427838927
select_485,2.087551891326643
select_486,2.087551891326643
unsqueeze_172,3.4009732448152805
split_with_sizes_81,14.413007016832891
select_487,4.005230427838927
select_488,2.087551891326643
select_489,2.087551891326643
select_490,4.005230427838927
select_491,2.087551891326643
select_492,2.087551891326643
unsqueeze_173,3.4009732448152805
mul_5754,12.133559977756649
slice_745,3.5374672148000905
slice_746,3.5374672148000905
neg_80,9.981796929651969
mul_5755,12.133559977756649
add_3879,6.93670811410013
mul_5756,3.1490606352817596
slice_747,2.1841571273429223
slice_748,2.1841571273429223
neg_81,3.949345394171644
mul_5757,3.1490606352817596
add_3880,2.046512061834597
transpose_164,3.28975424008847
view_736,3.121030262655072
view_737,1.8272116521382886
mm_160,1146.875905263633
view_738,2.6929302612181147
add_3970,18.961015241178114
_to_copy_165,16.709769041887085
pow_82,15.035057644052575
mean_81,40.55752152129172
add_3971,8.907337255960224
rsqrt_81,4.8905746978593445
mul_5890,6.526621662854005
_to_copy_166,16.709769041887085
mul_5891,6.805909557008427
view_739,1.8272116521382886
mm_161,2213.784291337476
view_740,4.937698793976584
silu_40,38.69550526250611
view_741,1.8272116521382886
mm_162,2213.784291337476
view_742,4.937698793976584
mul_5892,20.525392104848695
view_743,1.0131506580859422
mm_163,2051.8478530699617
view_744,2.6929302612181147
add_3972,18.961015241178114
_to_copy_167,16.709769041887085
pow_83,15.035057644052575
mean_82,40.55752152129172
add_3973,8.907337255960224
rsqrt_82,4.8905746978593445
mul_5893,6.526621662854005
_to_copy_168,16.709769041887085
mul_5894,6.805909557008427
view_745,1.8272116521382886
addmm_123,893.6534267544484
view_746,2.6929302612181147
view_747,1.8272116521382886
addmm_124,302.8920484651305
view_748,1.9361121714572636
view_749,1.8272116521382886
addmm_125,302.8920484651305
view_750,1.9361121714572636
view_751,1.8272116521382886
transpose_165,4.365927521858299
view_752,1.0411266443401315
transpose_166,1.9813217105997498
view_753,1.0411266443401315
transpose_167,1.9813217105997498
split_with_sizes_82,14.413007016832891
select_493,4.005230427838927
select_494,2.087551891326643
select_495,2.087551891326643
select_496,4.005230427838927
select_497,2.087551891326643
select_498,2.087551891326643
unsqueeze_176,3.4009732448152805
split_with_sizes_83,14.413007016832891
select_499,4.005230427838927
select_500,2.087551891326643
select_501,2.087551891326643
select_502,4.005230427838927
select_503,2.087551891326643
select_504,2.087551891326643
unsqueeze_177,3.4009732448152805
mul_5895,12.133559977756649
slice_763,3.5374672148000905
slice_764,3.5374672148000905
neg_82,9.981796929651969
mul_5896,12.133559977756649
add_3974,6.93670811410013
mul_5897,3.1490606352817596
slice_765,2.1841571273429223
slice_766,2.1841571273429223
neg_83,3.949345394171644
mul_5898,3.1490606352817596
add_3975,2.046512061834597
transpose_168,3.28975424008847
view_754,3.121030262655072
view_755,1.8272116521382886
mm_164,1146.875905263633
view_756,2.6929302612181147
add_4065,18.961015241178114
_to_copy_169,16.709769041887085
pow_84,15.035057644052575
mean_83,40.55752152129172
add_4066,8.907337255960224
rsqrt_83,4.8905746978593445
mul_6031,6.526621662854005
_to_copy_170,16.709769041887085
mul_6032,6.805909557008427
view_757,1.8272116521382886
mm_165,2213.784291337476
view_758,4.937698793976584
silu_41,38.69550526250611
view_759,1.8272116521382886
mm_166,2213.784291337476
view_760,4.937698793976584
mul_6033,20.525392104848695
view_761,1.0131506580859422
mm_167,2051.8478530699617
view_762,2.6929302612181147
add_4067,18.961015241178114
_to_copy_171,16.709769041887085
pow_85,15.035057644052575
mean_84,40.55752152129172
add_4068,8.907337255960224
rsqrt_84,4.8905746978593445
mul_6034,6.526621662854005
_to_copy_172,16.709769041887085
mul_6035,6.805909557008427
view_763,1.8272116521382886
addmm_126,893.6534267544484
view_764,2.6929302612181147
view_765,1.8272116521382886
addmm_127,302.8920484651305
view_766,1.9361121714572636
view_767,1.8272116521382886
addmm_128,302.8920484651305
view_768,1.9361121714572636
view_769,1.8272116521382886
transpose_169,4.365927521858299
view_770,1.0411266443401315
transpose_170,1.9813217105997498
view_771,1.0411266443401315
transpose_171,1.9813217105997498
split_with_sizes_84,14.413007016832891
select_505,4.005230427838927
select_506,2.087551891326643
select_507,2.087551891326643
select_508,4.005230427838927
select_509,2.087551891326643
select_510,2.087551891326643
unsqueeze_180,3.4009732448152805
split_with_sizes_85,14.413007016832891
select_511,4.005230427838927
select_512,2.087551891326643
select_513,2.087551891326643
select_514,4.005230427838927
select_515,2.087551891326643
select_516,2.087551891326643
unsqueeze_181,3.4009732448152805
mul_6036,12.133559977756649
slice_781,3.5374672148000905
slice_782,3.5374672148000905
neg_84,9.981796929651969
mul_6037,12.133559977756649
add_4069,6.93670811410013
mul_6038,3.1490606352817596
slice_783,2.1841571273429223
slice_784,2.1841571273429223
neg_85,3.949345394171644
mul_6039,3.1490606352817596
add_4070,2.046512061834597
transpose_172,3.28975424008847
view_772,3.121030262655072
view_773,1.8272116521382886
mm_168,1146.875905263633
view_774,2.6929302612181147
add_4160,18.961015241178114
_to_copy_173,16.709769041887085
pow_86,15.035057644052575
mean_85,40.55752152129172
add_4161,8.907337255960224
rsqrt_85,4.8905746978593445
mul_6172,6.526621662854005
_to_copy_174,16.709769041887085
mul_6173,6.805909557008427
view_775,1.8272116521382886
mm_169,2213.784291337476
view_776,4.937698793976584
silu_42,38.69550526250611
view_777,1.8272116521382886
mm_170,2213.784291337476
view_778,4.937698793976584
mul_6174,20.525392104848695
view_779,1.0131506580859422
mm_171,2051.8478530699617
view_780,2.6929302612181147
add_4162,18.961015241178114
_to_copy_175,16.709769041887085
pow_87,15.035057644052575
mean_86,40.55752152129172
add_4163,8.907337255960224
rsqrt_86,4.8905746978593445
mul_6175,6.526621662854005
_to_copy_176,16.709769041887085
mul_6176,6.805909557008427
view_781,1.8272116521382886
addmm_129,893.6534267544484
view_782,2.6929302612181147
view_783,1.8272116521382886
addmm_130,302.8920484651305
view_784,1.9361121714572636
view_785,1.8272116521382886
addmm_131,302.8920484651305
view_786,1.9361121714572636
view_787,1.8272116521382886
transpose_173,4.365927521858299
view_788,1.0411266443401315
transpose_174,1.9813217105997498
view_789,1.0411266443401315
transpose_175,1.9813217105997498
split_with_sizes_86,14.413007016832891
select_517,4.005230427838927
select_518,2.087551891326643
select_519,2.087551891326643
select_520,4.005230427838927
select_521,2.087551891326643
select_522,2.087551891326643
unsqueeze_184,3.4009732448152805
split_with_sizes_87,14.413007016832891
select_523,4.005230427838927
select_524,2.087551891326643
select_525,2.087551891326643
select_526,4.005230427838927
select_527,2.087551891326643
select_528,2.087551891326643
unsqueeze_185,3.4009732448152805
mul_6177,12.133559977756649
slice_799,3.5374672148000905
slice_800,3.5374672148000905
neg_86,9.981796929651969
mul_6178,12.133559977756649
add_4164,6.93670811410013
mul_6179,3.1490606352817596
slice_801,2.1841571273429223
slice_802,2.1841571273429223
neg_87,3.949345394171644
mul_6180,3.1490606352817596
add_4165,2.046512061834597
transpose_176,3.28975424008847
view_790,3.121030262655072
view_791,1.8272116521382886
mm_172,1146.875905263633
view_792,2.6929302612181147
add_4255,18.961015241178114
_to_copy_177,16.709769041887085
pow_88,15.035057644052575
mean_87,40.55752152129172
add_4256,8.907337255960224
rsqrt_87,4.8905746978593445
mul_6313,6.526621662854005
_to_copy_178,16.709769041887085
mul_6314,6.805909557008427
view_793,1.8272116521382886
mm_173,2213.784291337476
view_794,4.937698793976584
silu_43,38.69550526250611
view_795,1.8272116521382886
mm_174,2213.784291337476
view_796,4.937698793976584
mul_6315,20.525392104848695
view_797,1.0131506580859422
mm_175,2051.8478530699617
view_798,2.6929302612181147
add_4257,18.961015241178114
_to_copy_179,16.709769041887085
pow_89,15.035057644052575
mean_88,40.55752152129172
add_4258,8.907337255960224
rsqrt_88,4.8905746978593445
mul_6316,6.526621662854005
_to_copy_180,16.709769041887085
mul_6317,6.805909557008427
view_799,1.8272116521382886
addmm_132,893.6534267544484
view_800,2.6929302612181147
view_801,1.8272116521382886
addmm_133,302.8920484651305
view_802,1.9361121714572636
view_803,1.8272116521382886
addmm_134,302.8920484651305
view_804,1.9361121714572636
view_805,1.8272116521382886
transpose_177,4.365927521858299
view_806,1.0411266443401315
transpose_178,1.9813217105997498
view_807,1.0411266443401315
transpose_179,1.9813217105997498
split_with_sizes_88,14.413007016832891
select_529,4.005230427838927
select_530,2.087551891326643
select_531,2.087551891326643
select_532,4.005230427838927
select_533,2.087551891326643
select_534,2.087551891326643
unsqueeze_188,3.4009732448152805
split_with_sizes_89,14.413007016832891
select_535,4.005230427838927
select_536,2.087551891326643
select_537,2.087551891326643
select_538,4.005230427838927
select_539,2.087551891326643
select_540,2.087551891326643
unsqueeze_189,3.4009732448152805
mul_6318,12.133559977756649
slice_817,3.5374672148000905
slice_818,3.5374672148000905
neg_88,9.981796929651969
mul_6319,12.133559977756649
add_4259,6.93670811410013
mul_6320,3.1490606352817596
slice_819,2.1841571273429223
slice_820,2.1841571273429223
neg_89,3.949345394171644
mul_6321,3.1490606352817596
add_4260,2.046512061834597
transpose_180,3.28975424008847
view_808,3.121030262655072
view_809,1.8272116521382886
mm_176,1146.875905263633
view_810,2.6929302612181147
add_4350,18.961015241178114
_to_copy_181,16.709769041887085
pow_90,15.035057644052575
mean_89,40.55752152129172
add_4351,8.907337255960224
rsqrt_89,4.8905746978593445
mul_6454,6.526621662854005
_to_copy_182,16.709769041887085
mul_6455,6.805909557008427
view_811,1.8272116521382886
mm_177,2213.784291337476
view_812,4.937698793976584
silu_44,38.69550526250611
view_813,1.8272116521382886
mm_178,2213.784291337476
view_814,4.937698793976584
mul_6456,20.525392104848695
view_815,1.0131506580859422
mm_179,2051.8478530699617
view_816,2.6929302612181147
add_4352,18.961015241178114
_to_copy_183,16.709769041887085
pow_91,15.035057644052575
mean_90,40.55752152129172
add_4353,8.907337255960224
rsqrt_90,4.8905746978593445
mul_6457,6.526621662854005
_to_copy_184,16.709769041887085
mul_6458,6.805909557008427
view_817,1.8272116521382886
addmm_135,893.6534267544484
view_818,2.6929302612181147
view_819,1.8272116521382886
addmm_136,302.8920484651305
view_820,1.9361121714572636
view_821,1.8272116521382886
addmm_137,302.8920484651305
view_822,1.9361121714572636
view_823,1.8272116521382886
transpose_181,4.365927521858299
view_824,1.0411266443401315
transpose_182,1.9813217105997498
view_825,1.0411266443401315
transpose_183,1.9813217105997498
split_with_sizes_90,14.413007016832891
select_541,4.005230427838927
select_542,2.087551891326643
select_543,2.087551891326643
select_544,4.005230427838927
select_545,2.087551891326643
select_546,2.087551891326643
unsqueeze_192,3.4009732448152805
split_with_sizes_91,14.413007016832891
select_547,4.005230427838927
select_548,2.087551891326643
select_549,2.087551891326643
select_550,4.005230427838927
select_551,2.087551891326643
select_552,2.087551891326643
unsqueeze_193,3.4009732448152805
mul_6459,12.133559977756649
slice_835,3.5374672148000905
slice_836,3.5374672148000905
neg_90,9.981796929651969
mul_6460,12.133559977756649
add_4354,6.93670811410013
mul_6461,3.1490606352817596
slice_837,2.1841571273429223
slice_838,2.1841571273429223
neg_91,3.949345394171644
mul_6462,3.1490606352817596
add_4355,2.046512061834597
transpose_184,3.28975424008847
view_826,3.121030262655072
view_827,1.8272116521382886
mm_180,1146.875905263633
view_828,2.6929302612181147
add_4445,18.961015241178114
_to_copy_185,16.709769041887085
pow_92,15.035057644052575
mean_91,40.55752152129172
add_4446,8.907337255960224
rsqrt_91,4.8905746978593445
mul_6595,6.526621662854005
_to_copy_186,16.709769041887085
mul_6596,6.805909557008427
view_829,1.8272116521382886
mm_181,2213.784291337476
view_830,4.937698793976584
silu_45,38.69550526250611
view_831,1.8272116521382886
mm_182,2213.784291337476
view_832,4.937698793976584
mul_6597,20.525392104848695
view_833,1.0131506580859422
mm_183,2051.8478530699617
view_834,2.6929302612181147
add_4447,18.961015241178114
_to_copy_187,16.709769041887085
pow_93,15.035057644052575
mean_92,40.55752152129172
add_4448,8.907337255960224
rsqrt_92,4.8905746978593445
mul_6598,6.526621662854005
_to_copy_188,16.709769041887085
mul_6599,6.805909557008427
view_835,1.8272116521382886
addmm_138,893.6534267544484
view_836,2.6929302612181147
view_837,1.8272116521382886
addmm_139,302.8920484651305
view_838,1.9361121714572636
view_839,1.8272116521382886
addmm_140,302.8920484651305
view_840,1.9361121714572636
view_841,1.8272116521382886
transpose_185,4.365927521858299
view_842,1.0411266443401315
transpose_186,1.9813217105997498
view_843,1.0411266443401315
transpose_187,1.9813217105997498
split_with_sizes_92,14.413007016832891
select_553,4.005230427838927
select_554,2.087551891326643
select_555,2.087551891326643
select_556,4.005230427838927
select_557,2.087551891326643
select_558,2.087551891326643
unsqueeze_196,3.4009732448152805
split_with_sizes_93,14.413007016832891
select_559,4.005230427838927
select_560,2.087551891326643
select_561,2.087551891326643
select_562,4.005230427838927
select_563,2.087551891326643
select_564,2.087551891326643
unsqueeze_197,3.4009732448152805
mul_6600,12.133559977756649
slice_853,3.5374672148000905
slice_854,3.5374672148000905
neg_92,9.981796929651969
mul_6601,12.133559977756649
add_4449,6.93670811410013
mul_6602,3.1490606352817596
slice_855,2.1841571273429223
slice_856,2.1841571273429223
neg_93,3.949345394171644
mul_6603,3.1490606352817596
add_4450,2.046512061834597
transpose_188,3.28975424008847
view_844,3.121030262655072
view_845,1.8272116521382886
mm_184,1146.875905263633
view_846,2.6929302612181147
add_4540,18.961015241178114
_to_copy_189,16.709769041887085
pow_94,15.035057644052575
mean_93,40.55752152129172
add_4541,8.907337255960224
rsqrt_93,4.8905746978593445
mul_6736,6.526621662854005
_to_copy_190,16.709769041887085
mul_6737,6.805909557008427
view_847,1.8272116521382886
mm_185,2213.784291337476
view_848,4.937698793976584
silu_46,38.69550526250611
view_849,1.8272116521382886
mm_186,2213.784291337476
view_850,4.937698793976584
mul_6738,20.525392104848695
view_851,1.0131506580859422
mm_187,2051.8478530699617
view_852,2.6929302612181147
add_4542,18.961015241178114
_to_copy_191,16.709769041887085
pow_95,15.035057644052575
mean_94,40.55752152129172
add_4543,8.907337255960224
rsqrt_94,4.8905746978593445
mul_6739,6.526621662854005
_to_copy_192,16.709769041887085
mul_6740,6.805909557008427
view_853,1.8272116521382886
addmm_141,893.6534267544484
view_854,2.6929302612181147
view_855,1.8272116521382886
addmm_142,302.8920484651305
view_856,1.9361121714572636
view_857,1.8272116521382886
addmm_143,302.8920484651305
view_858,1.9361121714572636
view_859,1.8272116521382886
transpose_189,4.365927521858299
view_860,1.0411266443401315
transpose_190,1.9813217105997498
view_861,1.0411266443401315
transpose_191,1.9813217105997498
split_with_sizes_94,14.413007016832891
select_565,4.005230427838927
select_566,2.087551891326643
select_567,2.087551891326643
select_568,4.005230427838927
select_569,2.087551891326643
select_570,2.087551891326643
unsqueeze_200,3.4009732448152805
split_with_sizes_95,14.413007016832891
select_571,4.005230427838927
select_572,2.087551891326643
select_573,2.087551891326643
select_574,4.005230427838927
select_575,2.087551891326643
select_576,2.087551891326643
unsqueeze_201,3.4009732448152805
mul_6741,12.133559977756649
slice_871,3.5374672148000905
slice_872,3.5374672148000905
neg_94,9.981796929651969
mul_6742,12.133559977756649
add_4544,6.93670811410013
mul_6743,3.1490606352817596
slice_873,2.1841571273429223
slice_874,2.1841571273429223
neg_95,3.949345394171644
mul_6744,3.1490606352817596
add_4545,2.046512061834597
transpose_192,3.28975424008847
view_862,3.121030262655072
view_863,1.8272116521382886
mm_188,1146.875905263633
view_864,2.6929302612181147
add_4635,18.961015241178114
_to_copy_193,16.709769041887085
pow_96,15.035057644052575
mean_95,40.55752152129172
add_4636,8.907337255960224
rsqrt_95,4.8905746978593445
mul_6877,6.526621662854005
_to_copy_194,16.709769041887085
mul_6878,6.805909557008427
view_865,1.8272116521382886
mm_189,2213.784291337476
view_866,4.937698793976584
silu_47,38.69550526250611
view_867,1.8272116521382886
mm_190,2213.784291337476
view_868,4.937698793976584
mul_6879,20.525392104848695
view_869,1.0131506580859422
mm_191,2051.8478530699617
view_870,2.6929302612181147
add_4637,18.961015241178114
_to_copy_195,16.709769041887085
pow_97,15.035057644052575
mean_96,40.55752152129172
add_4638,8.907337255960224
rsqrt_96,4.8905746978593445
mul_6880,6.526621662854005
_to_copy_196,16.709769041887085
mul_6881,6.805909557008427
view_871,1.8272116521382886
addmm_144,893.6534267544484
view_872,2.6929302612181147
view_873,1.8272116521382886
addmm_145,302.8920484651305
view_874,1.9361121714572636
view_875,1.8272116521382886
addmm_146,302.8920484651305
view_876,1.9361121714572636
view_877,1.8272116521382886
transpose_193,4.365927521858299
view_878,1.0411266443401315
transpose_194,1.9813217105997498
view_879,1.0411266443401315
transpose_195,1.9813217105997498
split_with_sizes_96,14.413007016832891
select_577,4.005230427838927
select_578,2.087551891326643
select_579,2.087551891326643
select_580,4.005230427838927
select_581,2.087551891326643
select_582,2.087551891326643
unsqueeze_204,3.4009732448152805
split_with_sizes_97,14.413007016832891
select_583,4.005230427838927
select_584,2.087551891326643
select_585,2.087551891326643
select_586,4.005230427838927
select_587,2.087551891326643
select_588,2.087551891326643
unsqueeze_205,3.4009732448152805
mul_6882,12.133559977756649
slice_889,3.5374672148000905
slice_890,3.5374672148000905
neg_96,9.981796929651969
mul_6883,12.133559977756649
add_4639,6.93670811410013
mul_6884,3.1490606352817596
slice_891,2.1841571273429223
slice_892,2.1841571273429223
neg_97,3.949345394171644
mul_6885,3.1490606352817596
add_4640,2.046512061834597
transpose_196,3.28975424008847
view_880,3.121030262655072
view_881,1.8272116521382886
mm_192,1146.875905263633
view_882,2.6929302612181147
add_4730,18.961015241178114
_to_copy_197,16.709769041887085
pow_98,15.035057644052575
mean_97,40.55752152129172
add_4731,8.907337255960224
rsqrt_97,4.8905746978593445
mul_7018,6.526621662854005
_to_copy_198,16.709769041887085
mul_7019,6.805909557008427
view_883,1.8272116521382886
mm_193,2213.784291337476
view_884,4.937698793976584
silu_48,38.69550526250611
view_885,1.8272116521382886
mm_194,2213.784291337476
view_886,4.937698793976584
mul_7020,20.525392104848695
view_887,1.0131506580859422
mm_195,2051.8478530699617
view_888,2.6929302612181147
add_4732,18.961015241178114
_to_copy_199,16.709769041887085
pow_99,15.035057644052575
mean_98,40.55752152129172
add_4733,8.907337255960224
rsqrt_98,4.8905746978593445
mul_7021,6.526621662854005
_to_copy_200,16.709769041887085
mul_7022,6.805909557008427
view_889,1.8272116521382886
addmm_147,893.6534267544484
view_890,2.6929302612181147
view_891,1.8272116521382886
addmm_148,302.8920484651305
view_892,1.9361121714572636
view_893,1.8272116521382886
addmm_149,302.8920484651305
view_894,1.9361121714572636
view_895,1.8272116521382886
transpose_197,4.365927521858299
view_896,1.0411266443401315
transpose_198,1.9813217105997498
view_897,1.0411266443401315
transpose_199,1.9813217105997498
split_with_sizes_98,14.413007016832891
select_589,4.005230427838927
select_590,2.087551891326643
select_591,2.087551891326643
select_592,4.005230427838927
select_593,2.087551891326643
select_594,2.087551891326643
unsqueeze_208,3.4009732448152805
split_with_sizes_99,14.413007016832891
select_595,4.005230427838927
select_596,2.087551891326643
select_597,2.087551891326643
select_598,4.005230427838927
select_599,2.087551891326643
select_600,2.087551891326643
unsqueeze_209,3.4009732448152805
mul_7023,12.133559977756649
slice_907,3.5374672148000905
slice_908,3.5374672148000905
neg_98,9.981796929651969
mul_7024,12.133559977756649
add_4734,6.93670811410013
mul_7025,3.1490606352817596
slice_909,2.1841571273429223
slice_910,2.1841571273429223
neg_99,3.949345394171644
mul_7026,3.1490606352817596
add_4735,2.046512061834597
transpose_200,3.28975424008847
view_898,3.121030262655072
view_899,1.8272116521382886
mm_196,1146.875905263633
view_900,2.6929302612181147
add_4825,18.961015241178114
_to_copy_201,16.709769041887085
pow_100,15.035057644052575
mean_99,40.55752152129172
add_4826,8.907337255960224
rsqrt_99,4.8905746978593445
mul_7159,6.526621662854005
_to_copy_202,16.709769041887085
mul_7160,6.805909557008427
view_901,1.8272116521382886
mm_197,2213.784291337476
view_902,4.937698793976584
silu_49,38.69550526250611
view_903,1.8272116521382886
mm_198,2213.784291337476
view_904,4.937698793976584
mul_7161,20.525392104848695
view_905,1.0131506580859422
mm_199,2051.8478530699617
view_906,2.6929302612181147
add_4827,18.961015241178114
_to_copy_203,16.709769041887085
pow_101,15.035057644052575
mean_100,40.55752152129172
add_4828,8.907337255960224
rsqrt_100,4.8905746978593445
mul_7162,6.526621662854005
_to_copy_204,16.709769041887085
mul_7163,6.805909557008427
view_907,1.8272116521382886
addmm_150,893.6534267544484
view_908,2.6929302612181147
view_909,1.8272116521382886
addmm_151,302.8920484651305
view_910,1.9361121714572636
view_911,1.8272116521382886
addmm_152,302.8920484651305
view_912,1.9361121714572636
view_913,1.8272116521382886
transpose_201,4.365927521858299
view_914,1.0411266443401315
transpose_202,1.9813217105997498
view_915,1.0411266443401315
transpose_203,1.9813217105997498
split_with_sizes_100,14.413007016832891
select_601,4.005230427838927
select_602,2.087551891326643
select_603,2.087551891326643
select_604,4.005230427838927
select_605,2.087551891326643
select_606,2.087551891326643
unsqueeze_212,3.4009732448152805
split_with_sizes_101,14.413007016832891
select_607,4.005230427838927
select_608,2.087551891326643
select_609,2.087551891326643
select_610,4.005230427838927
select_611,2.087551891326643
select_612,2.087551891326643
unsqueeze_213,3.4009732448152805
mul_7164,12.133559977756649
slice_925,3.5374672148000905
slice_926,3.5374672148000905
neg_100,9.981796929651969
mul_7165,12.133559977756649
add_4829,6.93670811410013
mul_7166,3.1490606352817596
slice_927,2.1841571273429223
slice_928,2.1841571273429223
neg_101,3.949345394171644
mul_7167,3.1490606352817596
add_4830,2.046512061834597
transpose_204,3.28975424008847
view_916,3.121030262655072
view_917,1.8272116521382886
mm_200,1146.875905263633
view_918,2.6929302612181147
add_4920,18.961015241178114
_to_copy_205,16.709769041887085
pow_102,15.035057644052575
mean_101,40.55752152129172
add_4921,8.907337255960224
rsqrt_101,4.8905746978593445
mul_7300,6.526621662854005
_to_copy_206,16.709769041887085
mul_7301,6.805909557008427
view_919,1.8272116521382886
mm_201,2213.784291337476
view_920,4.937698793976584
silu_50,38.69550526250611
view_921,1.8272116521382886
mm_202,2213.784291337476
view_922,4.937698793976584
mul_7302,20.525392104848695
view_923,1.0131506580859422
mm_203,2051.8478530699617
view_924,2.6929302612181147
add_4922,18.961015241178114
_to_copy_207,16.709769041887085
pow_103,15.035057644052575
mean_102,40.55752152129172
add_4923,8.907337255960224
rsqrt_102,4.8905746978593445
mul_7303,6.526621662854005
_to_copy_208,16.709769041887085
mul_7304,6.805909557008427
view_925,1.8272116521382886
addmm_153,893.6534267544484
view_926,2.6929302612181147
view_927,1.8272116521382886
addmm_154,302.8920484651305
view_928,1.9361121714572636
view_929,1.8272116521382886
addmm_155,302.8920484651305
view_930,1.9361121714572636
view_931,1.8272116521382886
transpose_205,4.365927521858299
view_932,1.0411266443401315
transpose_206,1.9813217105997498
view_933,1.0411266443401315
transpose_207,1.9813217105997498
split_with_sizes_102,14.413007016832891
select_613,4.005230427838927
select_614,2.087551891326643
select_615,2.087551891326643
select_616,4.005230427838927
select_617,2.087551891326643
select_618,2.087551891326643
unsqueeze_216,3.4009732448152805
split_with_sizes_103,14.413007016832891
select_619,4.005230427838927
select_620,2.087551891326643
select_621,2.087551891326643
select_622,4.005230427838927
select_623,2.087551891326643
select_624,2.087551891326643
unsqueeze_217,3.4009732448152805
mul_7305,12.133559977756649
slice_943,3.5374672148000905
slice_944,3.5374672148000905
neg_102,9.981796929651969
mul_7306,12.133559977756649
add_4924,6.93670811410013
mul_7307,3.1490606352817596
slice_945,2.1841571273429223
slice_946,2.1841571273429223
neg_103,3.949345394171644
mul_7308,3.1490606352817596
add_4925,2.046512061834597
transpose_208,3.28975424008847
view_934,3.121030262655072
view_935,1.8272116521382886
mm_204,1146.875905263633
view_936,2.6929302612181147
add_5015,18.961015241178114
_to_copy_209,16.709769041887085
pow_104,15.035057644052575
mean_103,40.55752152129172
add_5016,8.907337255960224
rsqrt_103,4.8905746978593445
mul_7441,6.526621662854005
_to_copy_210,16.709769041887085
mul_7442,6.805909557008427
view_937,1.8272116521382886
mm_205,2213.784291337476
view_938,4.937698793976584
silu_51,38.69550526250611
view_939,1.8272116521382886
mm_206,2213.784291337476
view_940,4.937698793976584
mul_7443,20.525392104848695
view_941,1.0131506580859422
mm_207,2051.8478530699617
view_942,2.6929302612181147
add_5017,18.961015241178114
_to_copy_211,16.709769041887085
pow_105,15.035057644052575
mean_104,40.55752152129172
add_5018,8.907337255960224
rsqrt_104,4.8905746978593445
mul_7444,6.526621662854005
_to_copy_212,16.709769041887085
mul_7445,6.805909557008427
view_943,1.8272116521382886
addmm_156,893.6534267544484
view_944,2.6929302612181147
view_945,1.8272116521382886
addmm_157,302.8920484651305
view_946,1.9361121714572636
view_947,1.8272116521382886
addmm_158,302.8920484651305
view_948,1.9361121714572636
view_949,1.8272116521382886
transpose_209,4.365927521858299
view_950,1.0411266443401315
transpose_210,1.9813217105997498
view_951,1.0411266443401315
transpose_211,1.9813217105997498
split_with_sizes_104,14.413007016832891
select_625,4.005230427838927
select_626,2.087551891326643
select_627,2.087551891326643
select_628,4.005230427838927
select_629,2.087551891326643
select_630,2.087551891326643
unsqueeze_220,3.4009732448152805
split_with_sizes_105,14.413007016832891
select_631,4.005230427838927
select_632,2.087551891326643
select_633,2.087551891326643
select_634,4.005230427838927
select_635,2.087551891326643
select_636,2.087551891326643
unsqueeze_221,3.4009732448152805
mul_7446,12.133559977756649
slice_961,3.5374672148000905
slice_962,3.5374672148000905
neg_104,9.981796929651969
mul_7447,12.133559977756649
add_5019,6.93670811410013
mul_7448,3.1490606352817596
slice_963,2.1841571273429223
slice_964,2.1841571273429223
neg_105,3.949345394171644
mul_7449,3.1490606352817596
add_5020,2.046512061834597
transpose_212,3.28975424008847
view_952,3.121030262655072
view_953,1.8272116521382886
mm_208,1146.875905263633
view_954,2.6929302612181147
add_5110,18.961015241178114
_to_copy_213,16.709769041887085
pow_106,15.035057644052575
mean_105,40.55752152129172
add_5111,8.907337255960224
rsqrt_105,4.8905746978593445
mul_7582,6.526621662854005
_to_copy_214,16.709769041887085
mul_7583,6.805909557008427
view_955,1.8272116521382886
mm_209,2213.784291337476
view_956,4.937698793976584
silu_52,38.69550526250611
view_957,1.8272116521382886
mm_210,2213.784291337476
view_958,4.937698793976584
mul_7584,20.525392104848695
view_959,1.0131506580859422
mm_211,2051.8478530699617
view_960,2.6929302612181147
add_5112,18.961015241178114
_to_copy_215,16.709769041887085
pow_107,15.035057644052575
mean_106,40.55752152129172
add_5113,8.907337255960224
rsqrt_106,4.8905746978593445
mul_7585,6.526621662854005
_to_copy_216,16.709769041887085
mul_7586,6.805909557008427
view_961,1.8272116521382886
addmm_159,893.6534267544484
view_962,2.6929302612181147
view_963,1.8272116521382886
addmm_160,302.8920484651305
view_964,1.9361121714572636
view_965,1.8272116521382886
addmm_161,302.8920484651305
view_966,1.9361121714572636
view_967,1.8272116521382886
transpose_213,4.365927521858299
view_968,1.0411266443401315
transpose_214,1.9813217105997498
view_969,1.0411266443401315
transpose_215,1.9813217105997498
split_with_sizes_106,14.413007016832891
select_637,4.005230427838927
select_638,2.087551891326643
select_639,2.087551891326643
select_640,4.005230427838927
select_641,2.087551891326643
select_642,2.087551891326643
unsqueeze_224,3.4009732448152805
split_with_sizes_107,14.413007016832891
select_643,4.005230427838927
select_644,2.087551891326643
select_645,2.087551891326643
select_646,4.005230427838927
select_647,2.087551891326643
select_648,2.087551891326643
unsqueeze_225,3.4009732448152805
mul_7587,12.133559977756649
slice_979,3.5374672148000905
slice_980,3.5374672148000905
neg_106,9.981796929651969
mul_7588,12.133559977756649
add_5114,6.93670811410013
mul_7589,3.1490606352817596
slice_981,2.1841571273429223
slice_982,2.1841571273429223
neg_107,3.949345394171644
mul_7590,3.1490606352817596
add_5115,2.046512061834597
transpose_216,3.28975424008847
view_970,3.121030262655072
view_971,1.8272116521382886
mm_212,1146.875905263633
view_972,2.6929302612181147
add_5205,18.961015241178114
_to_copy_217,16.709769041887085
pow_108,15.035057644052575
mean_107,40.55752152129172
add_5206,8.907337255960224
rsqrt_107,4.8905746978593445
mul_7723,6.526621662854005
_to_copy_218,16.709769041887085
mul_7724,6.805909557008427
view_973,1.8272116521382886
mm_213,2213.784291337476
view_974,4.937698793976584
silu_53,38.69550526250611
view_975,1.8272116521382886
mm_214,2213.784291337476
view_976,4.937698793976584
mul_7725,20.525392104848695
view_977,1.0131506580859422
mm_215,2051.8478530699617
view_978,2.6929302612181147
add_5207,18.961015241178114
_to_copy_219,16.709769041887085
pow_109,15.035057644052575
mean_108,40.55752152129172
add_5208,8.907337255960224
rsqrt_108,4.8905746978593445
mul_7726,6.526621662854005
_to_copy_220,16.709769041887085
mul_7727,6.805909557008427
view_979,1.8272116521382886
addmm_162,893.6534267544484
view_980,2.6929302612181147
view_981,1.8272116521382886
addmm_163,302.8920484651305
view_982,1.9361121714572636
view_983,1.8272116521382886
addmm_164,302.8920484651305
view_984,1.9361121714572636
view_985,1.8272116521382886
transpose_217,4.365927521858299
view_986,1.0411266443401315
transpose_218,1.9813217105997498
view_987,1.0411266443401315
transpose_219,1.9813217105997498
split_with_sizes_108,14.413007016832891
select_649,4.005230427838927
select_650,2.087551891326643
select_651,2.087551891326643
select_652,4.005230427838927
select_653,2.087551891326643
select_654,2.087551891326643
unsqueeze_228,3.4009732448152805
split_with_sizes_109,14.413007016832891
select_655,4.005230427838927
select_656,2.087551891326643
select_657,2.087551891326643
select_658,4.005230427838927
select_659,2.087551891326643
select_660,2.087551891326643
unsqueeze_229,3.4009732448152805
mul_7728,12.133559977756649
slice_997,3.5374672148000905
slice_998,3.5374672148000905
neg_108,9.981796929651969
mul_7729,12.133559977756649
add_5209,6.93670811410013
mul_7730,3.1490606352817596
slice_999,2.1841571273429223
slice_1000,2.1841571273429223
neg_109,3.949345394171644
mul_7731,3.1490606352817596
add_5210,2.046512061834597
transpose_220,3.28975424008847
view_988,3.121030262655072
view_989,1.8272116521382886
mm_216,1146.875905263633
view_990,2.6929302612181147
add_5300,18.961015241178114
_to_copy_221,16.709769041887085
pow_110,15.035057644052575
mean_109,40.55752152129172
add_5301,8.907337255960224
rsqrt_109,4.8905746978593445
mul_7864,6.526621662854005
_to_copy_222,16.709769041887085
mul_7865,6.805909557008427
view_991,1.8272116521382886
mm_217,2213.784291337476
view_992,4.937698793976584
silu_54,38.69550526250611
view_993,1.8272116521382886
mm_218,2213.784291337476
view_994,4.937698793976584
mul_7866,20.525392104848695
view_995,1.0131506580859422
mm_219,2051.8478530699617
view_996,2.6929302612181147
add_5302,18.961015241178114
_to_copy_223,16.709769041887085
pow_111,15.035057644052575
mean_110,40.55752152129172
add_5303,8.907337255960224
rsqrt_110,4.8905746978593445
mul_7867,6.526621662854005
_to_copy_224,16.709769041887085
mul_7868,6.805909557008427
view_997,1.8272116521382886
addmm_165,893.6534267544484
view_998,2.6929302612181147
view_999,1.8272116521382886
addmm_166,302.8920484651305
view_1000,1.9361121714572636
view_1001,1.8272116521382886
addmm_167,302.8920484651305
view_1002,1.9361121714572636
view_1003,1.8272116521382886
transpose_221,4.365927521858299
view_1004,1.0411266443401315
transpose_222,1.9813217105997498
view_1005,1.0411266443401315
transpose_223,1.9813217105997498
split_with_sizes_110,14.413007016832891
select_661,4.005230427838927
select_662,2.087551891326643
select_663,2.087551891326643
select_664,4.005230427838927
select_665,2.087551891326643
select_666,2.087551891326643
unsqueeze_232,3.4009732448152805
split_with_sizes_111,14.413007016832891
select_667,4.005230427838927
select_668,2.087551891326643
select_669,2.087551891326643
select_670,4.005230427838927
select_671,2.087551891326643
select_672,2.087551891326643
unsqueeze_233,3.4009732448152805
mul_7869,12.133559977756649
slice_1015,3.5374672148000905
slice_1016,3.5374672148000905
neg_110,9.981796929651969
mul_7870,12.133559977756649
add_5304,6.93670811410013
mul_7871,3.1490606352817596
slice_1017,2.1841571273429223
slice_1018,2.1841571273429223
neg_111,3.949345394171644
mul_7872,3.1490606352817596
add_5305,2.046512061834597
transpose_224,3.28975424008847
view_1006,3.121030262655072
view_1007,1.8272116521382886
mm_220,1146.875905263633
view_1008,2.6929302612181147
add_5395,18.961015241178114
_to_copy_225,16.709769041887085
pow_112,15.035057644052575
mean_111,40.55752152129172
add_5396,8.907337255960224
rsqrt_111,4.8905746978593445
mul_8005,6.526621662854005
_to_copy_226,16.709769041887085
mul_8006,6.805909557008427
view_1009,1.8272116521382886
mm_221,2213.784291337476
view_1010,4.937698793976584
silu_55,38.69550526250611
view_1011,1.8272116521382886
mm_222,2213.784291337476
view_1012,4.937698793976584
mul_8007,20.525392104848695
view_1013,1.0131506580859422
mm_223,2051.8478530699617
view_1014,2.6929302612181147
add_5397,18.961015241178114
_to_copy_227,16.709769041887085
pow_113,15.035057644052575
mean_112,40.55752152129172
add_5398,8.907337255960224
rsqrt_112,4.8905746978593445
mul_8008,6.526621662854005
_to_copy_228,16.709769041887085
mul_8009,6.805909557008427
view_1015,1.8272116521382886
addmm_168,893.6534267544484
view_1016,2.6929302612181147
view_1017,1.8272116521382886
addmm_169,302.8920484651305
view_1018,1.9361121714572636
view_1019,1.8272116521382886
addmm_170,302.8920484651305
view_1020,1.9361121714572636
view_1021,1.8272116521382886
transpose_225,4.365927521858299
view_1022,1.0411266443401315
transpose_226,1.9813217105997498
view_1023,1.0411266443401315
transpose_227,1.9813217105997498
split_with_sizes_112,14.413007016832891
select_673,4.005230427838927
select_674,2.087551891326643
select_675,2.087551891326643
select_676,4.005230427838927
select_677,2.087551891326643
select_678,2.087551891326643
unsqueeze_236,3.4009732448152805
split_with_sizes_113,14.413007016832891
select_679,4.005230427838927
select_680,2.087551891326643
select_681,2.087551891326643
select_682,4.005230427838927
select_683,2.087551891326643
select_684,2.087551891326643
unsqueeze_237,3.4009732448152805
mul_8010,12.133559977756649
slice_1033,3.5374672148000905
slice_1034,3.5374672148000905
neg_112,9.981796929651969
mul_8011,12.133559977756649
add_5399,6.93670811410013
mul_8012,3.1490606352817596
slice_1035,2.1841571273429223
slice_1036,2.1841571273429223
neg_113,3.949345394171644
mul_8013,3.1490606352817596
add_5400,2.046512061834597
transpose_228,3.28975424008847
view_1024,3.121030262655072
view_1025,1.8272116521382886
mm_224,1146.875905263633
view_1026,2.6929302612181147
add_5490,18.961015241178114
_to_copy_229,16.709769041887085
pow_114,15.035057644052575
mean_113,40.55752152129172
add_5491,8.907337255960224
rsqrt_113,4.8905746978593445
mul_8146,6.526621662854005
_to_copy_230,16.709769041887085
mul_8147,6.805909557008427
view_1027,1.8272116521382886
mm_225,2213.784291337476
view_1028,4.937698793976584
silu_56,38.69550526250611
view_1029,1.8272116521382886
mm_226,2213.784291337476
view_1030,4.937698793976584
mul_8148,20.525392104848695
view_1031,1.0131506580859422
mm_227,2051.8478530699617
view_1032,2.6929302612181147
add_5492,18.961015241178114
_to_copy_231,16.709769041887085
pow_115,15.035057644052575
mean_114,40.55752152129172
add_5493,8.907337255960224
rsqrt_114,4.8905746978593445
mul_8149,6.526621662854005
_to_copy_232,16.709769041887085
mul_8150,6.805909557008427
view_1033,1.8272116521382886
addmm_171,893.6534267544484
view_1034,2.6929302612181147
view_1035,1.8272116521382886
addmm_172,302.8920484651305
view_1036,1.9361121714572636
view_1037,1.8272116521382886
addmm_173,302.8920484651305
view_1038,1.9361121714572636
view_1039,1.8272116521382886
transpose_229,4.365927521858299
view_1040,1.0411266443401315
transpose_230,1.9813217105997498
view_1041,1.0411266443401315
transpose_231,1.9813217105997498
split_with_sizes_114,14.413007016832891
select_685,4.005230427838927
select_686,2.087551891326643
select_687,2.087551891326643
select_688,4.005230427838927
select_689,2.087551891326643
select_690,2.087551891326643
unsqueeze_240,3.4009732448152805
split_with_sizes_115,14.413007016832891
select_691,4.005230427838927
select_692,2.087551891326643
select_693,2.087551891326643
select_694,4.005230427838927
select_695,2.087551891326643
select_696,2.087551891326643
unsqueeze_241,3.4009732448152805
mul_8151,12.133559977756649
slice_1051,3.5374672148000905
slice_1052,3.5374672148000905
neg_114,9.981796929651969
mul_8152,12.133559977756649
add_5494,6.93670811410013
mul_8153,3.1490606352817596
slice_1053,2.1841571273429223
slice_1054,2.1841571273429223
neg_115,3.949345394171644
mul_8154,3.1490606352817596
add_5495,2.046512061834597
transpose_232,3.28975424008847
view_1042,3.121030262655072
view_1043,1.8272116521382886
mm_228,1146.875905263633
view_1044,2.6929302612181147
add_5585,18.961015241178114
_to_copy_233,16.709769041887085
pow_116,15.035057644052575
mean_115,40.55752152129172
add_5586,8.907337255960224
rsqrt_115,4.8905746978593445
mul_8287,6.526621662854005
_to_copy_234,16.709769041887085
mul_8288,6.805909557008427
view_1045,1.8272116521382886
mm_229,2213.784291337476
view_1046,4.937698793976584
silu_57,38.69550526250611
view_1047,1.8272116521382886
mm_230,2213.784291337476
view_1048,4.937698793976584
mul_8289,20.525392104848695
view_1049,1.0131506580859422
mm_231,2051.8478530699617
view_1050,2.6929302612181147
add_5587,18.961015241178114
_to_copy_235,16.709769041887085
pow_117,15.035057644052575
mean_116,40.55752152129172
add_5588,8.907337255960224
rsqrt_116,4.8905746978593445
mul_8290,6.526621662854005
_to_copy_236,16.709769041887085
mul_8291,6.805909557008427
view_1051,1.8272116521382886
addmm_174,893.6534267544484
view_1052,2.6929302612181147
view_1053,1.8272116521382886
addmm_175,302.8920484651305
view_1054,1.9361121714572636
view_1055,1.8272116521382886
addmm_176,302.8920484651305
view_1056,1.9361121714572636
view_1057,1.8272116521382886
transpose_233,4.365927521858299
view_1058,1.0411266443401315
transpose_234,1.9813217105997498
view_1059,1.0411266443401315
transpose_235,1.9813217105997498
split_with_sizes_116,14.413007016832891
select_697,4.005230427838927
select_698,2.087551891326643
select_699,2.087551891326643
select_700,4.005230427838927
select_701,2.087551891326643
select_702,2.087551891326643
unsqueeze_244,3.4009732448152805
split_with_sizes_117,14.413007016832891
select_703,4.005230427838927
select_704,2.087551891326643
select_705,2.087551891326643
select_706,4.005230427838927
select_707,2.087551891326643
select_708,2.087551891326643
unsqueeze_245,3.4009732448152805
mul_8292,12.133559977756649
slice_1069,3.5374672148000905
slice_1070,3.5374672148000905
neg_116,9.981796929651969
mul_8293,12.133559977756649
add_5589,6.93670811410013
mul_8294,3.1490606352817596
slice_1071,2.1841571273429223
slice_1072,2.1841571273429223
neg_117,3.949345394171644
mul_8295,3.1490606352817596
add_5590,2.046512061834597
transpose_236,3.28975424008847
view_1060,3.121030262655072
view_1061,1.8272116521382886
mm_232,1146.875905263633
view_1062,2.6929302612181147
add_5680,18.961015241178114
_to_copy_237,16.709769041887085
pow_118,15.035057644052575
mean_117,40.55752152129172
add_5681,8.907337255960224
rsqrt_117,4.8905746978593445
mul_8428,6.526621662854005
_to_copy_238,16.709769041887085
mul_8429,6.805909557008427
view_1063,1.8272116521382886
mm_233,2213.784291337476
view_1064,4.937698793976584
silu_58,38.69550526250611
view_1065,1.8272116521382886
mm_234,2213.784291337476
view_1066,4.937698793976584
mul_8430,20.525392104848695
view_1067,1.0131506580859422
mm_235,2051.8478530699617
view_1068,2.6929302612181147
add_5682,18.961015241178114
_to_copy_239,16.709769041887085
pow_119,15.035057644052575
mean_118,40.55752152129172
add_5683,8.907337255960224
rsqrt_118,4.8905746978593445
mul_8431,6.526621662854005
_to_copy_240,16.709769041887085
mul_8432,6.805909557008427
view_1069,1.8272116521382886
addmm_177,893.6534267544484
view_1070,2.6929302612181147
view_1071,1.8272116521382886
addmm_178,302.8920484651305
view_1072,1.9361121714572636
view_1073,1.8272116521382886
addmm_179,302.8920484651305
view_1074,1.9361121714572636
view_1075,1.8272116521382886
transpose_237,4.365927521858299
view_1076,1.0411266443401315
transpose_238,1.9813217105997498
view_1077,1.0411266443401315
transpose_239,1.9813217105997498
split_with_sizes_118,14.413007016832891
select_709,4.005230427838927
select_710,2.087551891326643
select_711,2.087551891326643
select_712,4.005230427838927
select_713,2.087551891326643
select_714,2.087551891326643
unsqueeze_248,3.4009732448152805
split_with_sizes_119,14.413007016832891
select_715,4.005230427838927
select_716,2.087551891326643
select_717,2.087551891326643
select_718,4.005230427838927
select_719,2.087551891326643
select_720,2.087551891326643
unsqueeze_249,3.4009732448152805
mul_8433,12.133559977756649
slice_1087,3.5374672148000905
slice_1088,3.5374672148000905
neg_118,9.981796929651969
mul_8434,12.133559977756649
add_5684,6.93670811410013
mul_8435,3.1490606352817596
slice_1089,2.1841571273429223
slice_1090,2.1841571273429223
neg_119,3.949345394171644
mul_8436,3.1490606352817596
add_5685,2.046512061834597
transpose_240,3.28975424008847
view_1078,3.121030262655072
view_1079,1.8272116521382886
mm_236,1146.875905263633
view_1080,2.6929302612181147
add_5775,18.961015241178114
_to_copy_241,16.709769041887085
pow_120,15.035057644052575
mean_119,40.55752152129172
add_5776,8.907337255960224
rsqrt_119,4.8905746978593445
mul_8569,6.526621662854005
_to_copy_242,16.709769041887085
mul_8570,6.805909557008427
view_1081,1.8272116521382886
mm_237,2213.784291337476
view_1082,4.937698793976584
silu_59,38.69550526250611
view_1083,1.8272116521382886
mm_238,2213.784291337476
view_1084,4.937698793976584
mul_8571,20.525392104848695
view_1085,1.0131506580859422
mm_239,2051.8478530699617
view_1086,2.6929302612181147
add_5777,18.961015241178114
_to_copy_243,16.709769041887085
pow_121,15.035057644052575
mean_120,40.55752152129172
add_5778,8.907337255960224
rsqrt_120,4.8905746978593445
mul_8572,6.526621662854005
_to_copy_244,16.709769041887085
mul_8573,6.805909557008427
view_1087,1.8272116521382886
addmm_180,893.6534267544484
view_1088,2.6929302612181147
view_1089,1.8272116521382886
addmm_181,302.8920484651305
view_1090,1.9361121714572636
view_1091,1.8272116521382886
addmm_182,302.8920484651305
view_1092,1.9361121714572636
view_1093,1.8272116521382886
transpose_241,4.365927521858299
view_1094,1.0411266443401315
transpose_242,1.9813217105997498
view_1095,1.0411266443401315
transpose_243,1.9813217105997498
split_with_sizes_120,14.413007016832891
select_721,4.005230427838927
select_722,2.087551891326643
select_723,2.087551891326643
select_724,4.005230427838927
select_725,2.087551891326643
select_726,2.087551891326643
unsqueeze_252,3.4009732448152805
split_with_sizes_121,14.413007016832891
select_727,4.005230427838927
select_728,2.087551891326643
select_729,2.087551891326643
select_730,4.005230427838927
select_731,2.087551891326643
select_732,2.087551891326643
unsqueeze_253,3.4009732448152805
mul_8574,12.133559977756649
slice_1105,3.5374672148000905
slice_1106,3.5374672148000905
neg_120,9.981796929651969
mul_8575,12.133559977756649
add_5779,6.93670811410013
mul_8576,3.1490606352817596
slice_1107,2.1841571273429223
slice_1108,2.1841571273429223
neg_121,3.949345394171644
mul_8577,3.1490606352817596
add_5780,2.046512061834597
transpose_244,3.28975424008847
view_1096,3.121030262655072
view_1097,1.8272116521382886
mm_240,1146.875905263633
view_1098,2.6929302612181147
add_5870,18.961015241178114
_to_copy_245,16.709769041887085
pow_122,15.035057644052575
mean_121,40.55752152129172
add_5871,8.907337255960224
rsqrt_121,4.8905746978593445
mul_8710,6.526621662854005
_to_copy_246,16.709769041887085
mul_8711,6.805909557008427
view_1099,1.8272116521382886
mm_241,2213.784291337476
view_1100,4.937698793976584
silu_60,38.69550526250611
view_1101,1.8272116521382886
mm_242,2213.784291337476
view_1102,4.937698793976584
mul_8712,20.525392104848695
view_1103,1.0131506580859422
mm_243,2051.8478530699617
view_1104,2.6929302612181147
add_5872,18.961015241178114
_to_copy_247,16.709769041887085
pow_123,15.035057644052575
mean_122,40.55752152129172
add_5873,8.907337255960224
rsqrt_122,4.8905746978593445
mul_8713,6.526621662854005
_to_copy_248,16.709769041887085
mul_8714,6.805909557008427
view_1105,1.8272116521382886
addmm_183,893.6534267544484
view_1106,2.6929302612181147
view_1107,1.8272116521382886
addmm_184,302.8920484651305
view_1108,1.9361121714572636
view_1109,1.8272116521382886
addmm_185,302.8920484651305
view_1110,1.9361121714572636
view_1111,1.8272116521382886
transpose_245,4.365927521858299
view_1112,1.0411266443401315
transpose_246,1.9813217105997498
view_1113,1.0411266443401315
transpose_247,1.9813217105997498
split_with_sizes_122,14.413007016832891
select_733,4.005230427838927
select_734,2.087551891326643
select_735,2.087551891326643
select_736,4.005230427838927
select_737,2.087551891326643
select_738,2.087551891326643
unsqueeze_256,3.4009732448152805
split_with_sizes_123,14.413007016832891
select_739,4.005230427838927
select_740,2.087551891326643
select_741,2.087551891326643
select_742,4.005230427838927
select_743,2.087551891326643
select_744,2.087551891326643
unsqueeze_257,3.4009732448152805
mul_8715,12.133559977756649
slice_1123,3.5374672148000905
slice_1124,3.5374672148000905
neg_122,9.981796929651969
mul_8716,12.133559977756649
add_5874,6.93670811410013
mul_8717,3.1490606352817596
slice_1125,2.1841571273429223
slice_1126,2.1841571273429223
neg_123,3.949345394171644
mul_8718,3.1490606352817596
add_5875,2.046512061834597
transpose_248,3.28975424008847
view_1114,3.121030262655072
view_1115,1.8272116521382886
mm_244,1146.875905263633
view_1116,2.6929302612181147
add_5965,18.961015241178114
_to_copy_249,16.709769041887085
pow_124,15.035057644052575
mean_123,40.55752152129172
add_5966,8.907337255960224
rsqrt_123,4.8905746978593445
mul_8851,6.526621662854005
_to_copy_250,16.709769041887085
mul_8852,6.805909557008427
view_1117,1.8272116521382886
mm_245,2213.784291337476
view_1118,4.937698793976584
silu_61,38.69550526250611
view_1119,1.8272116521382886
mm_246,2213.784291337476
view_1120,4.937698793976584
mul_8853,20.525392104848695
view_1121,1.0131506580859422
mm_247,2051.8478530699617
view_1122,2.6929302612181147
add_5967,18.961015241178114
_to_copy_251,16.709769041887085
pow_125,15.035057644052575
mean_124,40.55752152129172
add_5968,8.907337255960224
rsqrt_124,4.8905746978593445
mul_8854,6.526621662854005
_to_copy_252,16.709769041887085
mul_8855,6.805909557008427
view_1123,1.8272116521382886
addmm_186,893.6534267544484
view_1124,2.6929302612181147
view_1125,1.8272116521382886
addmm_187,302.8920484651305
view_1126,1.9361121714572636
view_1127,1.8272116521382886
addmm_188,302.8920484651305
view_1128,1.9361121714572636
view_1129,1.8272116521382886
transpose_249,4.365927521858299
view_1130,1.0411266443401315
transpose_250,1.9813217105997498
view_1131,1.0411266443401315
transpose_251,1.9813217105997498
split_with_sizes_124,14.413007016832891
select_745,4.005230427838927
select_746,2.087551891326643
select_747,2.087551891326643
select_748,4.005230427838927
select_749,2.087551891326643
select_750,2.087551891326643
unsqueeze_260,3.4009732448152805
split_with_sizes_125,14.413007016832891
select_751,4.005230427838927
select_752,2.087551891326643
select_753,2.087551891326643
select_754,4.005230427838927
select_755,2.087551891326643
select_756,2.087551891326643
unsqueeze_261,3.4009732448152805
mul_8856,12.133559977756649
slice_1141,3.5374672148000905
slice_1142,3.5374672148000905
neg_124,9.981796929651969
mul_8857,12.133559977756649
add_5969,6.93670811410013
mul_8858,3.1490606352817596
slice_1143,2.1841571273429223
slice_1144,2.1841571273429223
neg_125,3.949345394171644
mul_8859,3.1490606352817596
add_5970,2.046512061834597
transpose_252,3.28975424008847
view_1132,3.121030262655072
view_1133,1.8272116521382886
mm_248,1146.875905263633
view_1134,2.6929302612181147
add_6060,18.961015241178114
_to_copy_253,16.709769041887085
pow_126,15.035057644052575
mean_125,40.55752152129172
add_6061,8.907337255960224
rsqrt_125,4.8905746978593445
mul_8992,6.526621662854005
_to_copy_254,16.709769041887085
mul_8993,6.805909557008427
view_1135,1.8272116521382886
mm_249,2213.784291337476
view_1136,4.937698793976584
silu_62,38.69550526250611
view_1137,1.8272116521382886
mm_250,2213.784291337476
view_1138,4.937698793976584
mul_8994,20.525392104848695
view_1139,1.0131506580859422
mm_251,2051.8478530699617
view_1140,2.6929302612181147
add_6062,18.961015241178114
_to_copy_255,16.709769041887085
pow_127,15.035057644052575
mean_126,40.55752152129172
add_6063,8.907337255960224
rsqrt_126,4.8905746978593445
mul_8995,6.526621662854005
_to_copy_256,16.709769041887085
mul_8996,6.805909557008427
view_1141,1.8272116521382886
addmm_189,893.6534267544484
view_1142,2.6929302612181147
view_1143,1.8272116521382886
addmm_190,302.8920484651305
view_1144,1.9361121714572636
view_1145,1.8272116521382886
addmm_191,302.8920484651305
view_1146,1.9361121714572636
view_1147,1.8272116521382886
transpose_253,4.365927521858299
view_1148,1.0411266443401315
transpose_254,1.9813217105997498
view_1149,1.0411266443401315
transpose_255,1.9813217105997498
split_with_sizes_126,14.413007016832891
select_757,4.005230427838927
select_758,2.087551891326643
select_759,2.087551891326643
select_760,4.005230427838927
select_761,2.087551891326643
select_762,2.087551891326643
unsqueeze_264,3.4009732448152805
split_with_sizes_127,14.413007016832891
select_763,4.005230427838927
select_764,2.087551891326643
select_765,2.087551891326643
select_766,4.005230427838927
select_767,2.087551891326643
select_768,2.087551891326643
unsqueeze_265,3.4009732448152805
mul_8997,12.133559977756649
slice_1159,3.5374672148000905
slice_1160,3.5374672148000905
neg_126,9.981796929651969
mul_8998,12.133559977756649
add_6064,6.93670811410013
mul_8999,3.1490606352817596
slice_1161,2.1841571273429223
slice_1162,2.1841571273429223
neg_127,3.949345394171644
mul_9000,3.1490606352817596
add_6065,2.046512061834597
transpose_256,3.28975424008847
view_1150,3.121030262655072
view_1151,1.8272116521382886
mm_252,1146.875905263633
view_1152,2.6929302612181147
add_6155,18.961015241178114
_to_copy_257,16.709769041887085
pow_128,15.035057644052575
mean_127,40.55752152129172
add_6156,8.907337255960224
rsqrt_127,4.8905746978593445
mul_9133,6.526621662854005
_to_copy_258,16.709769041887085
mul_9134,6.805909557008427
view_1153,1.8272116521382886
mm_253,2213.784291337476
view_1154,4.937698793976584
silu_63,38.69550526250611
view_1155,1.8272116521382886
mm_254,2213.784291337476
view_1156,4.937698793976584
mul_9135,20.525392104848695
view_1157,1.0131506580859422
mm_255,2051.8478530699617
view_1158,2.6929302612181147
add_6157,18.961015241178114
_to_copy_259,16.709769041887085
pow_129,15.035057644052575
mean_128,40.55752152129172
add_6158,8.907337255960224
rsqrt_128,4.8905746978593445
mul_9136,6.526621662854005
_to_copy_260,16.709769041887085
mul_9137,6.805909557008427
view_1159,1.8272116521382886
addmm_192,893.6534267544484
view_1160,2.6929302612181147
view_1161,1.8272116521382886
addmm_193,302.8920484651305
view_1162,1.9361121714572636
view_1163,1.8272116521382886
addmm_194,302.8920484651305
view_1164,1.9361121714572636
view_1165,1.8272116521382886
transpose_257,4.365927521858299
view_1166,1.0411266443401315
transpose_258,1.9813217105997498
view_1167,1.0411266443401315
transpose_259,1.9813217105997498
split_with_sizes_128,14.413007016832891
select_769,4.005230427838927
select_770,2.087551891326643
select_771,2.087551891326643
select_772,4.005230427838927
select_773,2.087551891326643
select_774,2.087551891326643
unsqueeze_268,3.4009732448152805
split_with_sizes_129,14.413007016832891
select_775,4.005230427838927
select_776,2.087551891326643
select_777,2.087551891326643
select_778,4.005230427838927
select_779,2.087551891326643
select_780,2.087551891326643
unsqueeze_269,3.4009732448152805
mul_9138,12.133559977756649
slice_1177,3.5374672148000905
slice_1178,3.5374672148000905
neg_128,9.981796929651969
mul_9139,12.133559977756649
add_6159,6.93670811410013
mul_9140,3.1490606352817596
slice_1179,2.1841571273429223
slice_1180,2.1841571273429223
neg_129,3.949345394171644
mul_9141,3.1490606352817596
add_6160,2.046512061834597
transpose_260,3.28975424008847
view_1168,3.121030262655072
view_1169,1.8272116521382886
mm_256,1146.875905263633
view_1170,2.6929302612181147
add_6250,18.961015241178114
_to_copy_261,16.709769041887085
pow_130,15.035057644052575
mean_129,40.55752152129172
add_6251,8.907337255960224
rsqrt_129,4.8905746978593445
mul_9274,6.526621662854005
_to_copy_262,16.709769041887085
mul_9275,6.805909557008427
view_1171,1.8272116521382886
mm_257,2213.784291337476
view_1172,4.937698793976584
silu_64,38.69550526250611
view_1173,1.8272116521382886
mm_258,2213.784291337476
view_1174,4.937698793976584
mul_9276,20.525392104848695
view_1175,1.0131506580859422
mm_259,2051.8478530699617
view_1176,2.6929302612181147
add_6252,18.961015241178114
_to_copy_263,16.709769041887085
pow_131,15.035057644052575
mean_130,40.55752152129172
add_6253,8.907337255960224
rsqrt_130,4.8905746978593445
mul_9277,6.526621662854005
_to_copy_264,16.709769041887085
mul_9278,6.805909557008427
view_1177,1.8272116521382886
addmm_195,893.6534267544484
view_1178,2.6929302612181147
view_1179,1.8272116521382886
addmm_196,302.8920484651305
view_1180,1.9361121714572636
view_1181,1.8272116521382886
addmm_197,302.8920484651305
view_1182,1.9361121714572636
view_1183,1.8272116521382886
transpose_261,4.365927521858299
view_1184,1.0411266443401315
transpose_262,1.9813217105997498
view_1185,1.0411266443401315
transpose_263,1.9813217105997498
split_with_sizes_130,14.413007016832891
select_781,4.005230427838927
select_782,2.087551891326643
select_783,2.087551891326643
select_784,4.005230427838927
select_785,2.087551891326643
select_786,2.087551891326643
unsqueeze_272,3.4009732448152805
split_with_sizes_131,14.413007016832891
select_787,4.005230427838927
select_788,2.087551891326643
select_789,2.087551891326643
select_790,4.005230427838927
select_791,2.087551891326643
select_792,2.087551891326643
unsqueeze_273,3.4009732448152805
mul_9279,12.133559977756649
slice_1195,3.5374672148000905
slice_1196,3.5374672148000905
neg_130,9.981796929651969
mul_9280,12.133559977756649
add_6254,6.93670811410013
mul_9281,3.1490606352817596
slice_1197,2.1841571273429223
slice_1198,2.1841571273429223
neg_131,3.949345394171644
mul_9282,3.1490606352817596
add_6255,2.046512061834597
transpose_264,3.28975424008847
view_1186,3.121030262655072
view_1187,1.8272116521382886
mm_260,1146.875905263633
view_1188,2.6929302612181147
add_6345,18.961015241178114
_to_copy_265,16.709769041887085
pow_132,15.035057644052575
mean_131,40.55752152129172
add_6346,8.907337255960224
rsqrt_131,4.8905746978593445
mul_9415,6.526621662854005
_to_copy_266,16.709769041887085
mul_9416,6.805909557008427
view_1189,1.8272116521382886
mm_261,2213.784291337476
view_1190,4.937698793976584
silu_65,38.69550526250611
view_1191,1.8272116521382886
mm_262,2213.784291337476
view_1192,4.937698793976584
mul_9417,20.525392104848695
view_1193,1.0131506580859422
mm_263,2051.8478530699617
view_1194,2.6929302612181147
add_6347,18.961015241178114
_to_copy_267,16.709769041887085
pow_133,15.035057644052575
mean_132,40.55752152129172
add_6348,8.907337255960224
rsqrt_132,4.8905746978593445
mul_9418,6.526621662854005
_to_copy_268,16.709769041887085
mul_9419,6.805909557008427
view_1195,1.8272116521382886
addmm_198,893.6534267544484
view_1196,2.6929302612181147
view_1197,1.8272116521382886
addmm_199,302.8920484651305
view_1198,1.9361121714572636
view_1199,1.8272116521382886
addmm_200,302.8920484651305
view_1200,1.9361121714572636
view_1201,1.8272116521382886
transpose_265,4.365927521858299
view_1202,1.0411266443401315
transpose_266,1.9813217105997498
view_1203,1.0411266443401315
transpose_267,1.9813217105997498
split_with_sizes_132,14.413007016832891
select_793,4.005230427838927
select_794,2.087551891326643
select_795,2.087551891326643
select_796,4.005230427838927
select_797,2.087551891326643
select_798,2.087551891326643
unsqueeze_276,3.4009732448152805
split_with_sizes_133,14.413007016832891
select_799,4.005230427838927
select_800,2.087551891326643
select_801,2.087551891326643
select_802,4.005230427838927
select_803,2.087551891326643
select_804,2.087551891326643
unsqueeze_277,3.4009732448152805
mul_9420,12.133559977756649
slice_1213,3.5374672148000905
slice_1214,3.5374672148000905
neg_132,9.981796929651969
mul_9421,12.133559977756649
add_6349,6.93670811410013
mul_9422,3.1490606352817596
slice_1215,2.1841571273429223
slice_1216,2.1841571273429223
neg_133,3.949345394171644
mul_9423,3.1490606352817596
add_6350,2.046512061834597
transpose_268,3.28975424008847
view_1204,3.121030262655072
view_1205,1.8272116521382886
mm_264,1146.875905263633
view_1206,2.6929302612181147
add_6440,18.961015241178114
_to_copy_269,16.709769041887085
pow_134,15.035057644052575
mean_133,40.55752152129172
add_6441,8.907337255960224
rsqrt_133,4.8905746978593445
mul_9556,6.526621662854005
_to_copy_270,16.709769041887085
mul_9557,6.805909557008427
view_1207,1.8272116521382886
mm_265,2213.784291337476
view_1208,4.937698793976584
silu_66,38.69550526250611
view_1209,1.8272116521382886
mm_266,2213.784291337476
view_1210,4.937698793976584
mul_9558,20.525392104848695
view_1211,1.0131506580859422
mm_267,2051.8478530699617
view_1212,2.6929302612181147
add_6442,18.961015241178114
_to_copy_271,16.709769041887085
pow_135,15.035057644052575
mean_134,40.55752152129172
add_6443,8.907337255960224
rsqrt_134,4.8905746978593445
mul_9559,6.526621662854005
_to_copy_272,16.709769041887085
mul_9560,6.805909557008427
view_1213,1.8272116521382886
addmm_201,893.6534267544484
view_1214,2.6929302612181147
view_1215,1.8272116521382886
addmm_202,302.8920484651305
view_1216,1.9361121714572636
view_1217,1.8272116521382886
addmm_203,302.8920484651305
view_1218,1.9361121714572636
view_1219,1.8272116521382886
transpose_269,4.365927521858299
view_1220,1.0411266443401315
transpose_270,1.9813217105997498
view_1221,1.0411266443401315
transpose_271,1.9813217105997498
split_with_sizes_134,14.413007016832891
select_805,4.005230427838927
select_806,2.087551891326643
select_807,2.087551891326643
select_808,4.005230427838927
select_809,2.087551891326643
select_810,2.087551891326643
unsqueeze_280,3.4009732448152805
split_with_sizes_135,14.413007016832891
select_811,4.005230427838927
select_812,2.087551891326643
select_813,2.087551891326643
select_814,4.005230427838927
select_815,2.087551891326643
select_816,2.087551891326643
unsqueeze_281,3.4009732448152805
mul_9561,12.133559977756649
slice_1231,3.5374672148000905
slice_1232,3.5374672148000905
neg_134,9.981796929651969
mul_9562,12.133559977756649
add_6444,6.93670811410013
mul_9563,3.1490606352817596
slice_1233,2.1841571273429223
slice_1234,2.1841571273429223
neg_135,3.949345394171644
mul_9564,3.1490606352817596
add_6445,2.046512061834597
transpose_272,3.28975424008847
view_1222,3.121030262655072
view_1223,1.8272116521382886
mm_268,1146.875905263633
view_1224,2.6929302612181147
add_6535,18.961015241178114
_to_copy_273,16.709769041887085
pow_136,15.035057644052575
mean_135,40.55752152129172
add_6536,8.907337255960224
rsqrt_135,4.8905746978593445
mul_9697,6.526621662854005
_to_copy_274,16.709769041887085
mul_9698,6.805909557008427
view_1225,1.8272116521382886
mm_269,2213.784291337476
view_1226,4.937698793976584
silu_67,38.69550526250611
view_1227,1.8272116521382886
mm_270,2213.784291337476
view_1228,4.937698793976584
mul_9699,20.525392104848695
view_1229,1.0131506580859422
mm_271,2051.8478530699617
view_1230,2.6929302612181147
add_6537,18.961015241178114
_to_copy_275,16.709769041887085
pow_137,15.035057644052575
mean_136,40.55752152129172
add_6538,8.907337255960224
rsqrt_136,4.8905746978593445
mul_9700,6.526621662854005
_to_copy_276,16.709769041887085
mul_9701,6.805909557008427
view_1231,1.8272116521382886
addmm_204,893.6534267544484
view_1232,2.6929302612181147
view_1233,1.8272116521382886
addmm_205,302.8920484651305
view_1234,1.9361121714572636
view_1235,1.8272116521382886
addmm_206,302.8920484651305
view_1236,1.9361121714572636
view_1237,1.8272116521382886
transpose_273,4.365927521858299
view_1238,1.0411266443401315
transpose_274,1.9813217105997498
view_1239,1.0411266443401315
transpose_275,1.9813217105997498
split_with_sizes_136,14.413007016832891
select_817,4.005230427838927
select_818,2.087551891326643
select_819,2.087551891326643
select_820,4.005230427838927
select_821,2.087551891326643
select_822,2.087551891326643
unsqueeze_284,3.4009732448152805
split_with_sizes_137,14.413007016832891
select_823,4.005230427838927
select_824,2.087551891326643
select_825,2.087551891326643
select_826,4.005230427838927
select_827,2.087551891326643
select_828,2.087551891326643
unsqueeze_285,3.4009732448152805
mul_9702,12.133559977756649
slice_1249,3.5374672148000905
slice_1250,3.5374672148000905
neg_136,9.981796929651969
mul_9703,12.133559977756649
add_6539,6.93670811410013
mul_9704,3.1490606352817596
slice_1251,2.1841571273429223
slice_1252,2.1841571273429223
neg_137,3.949345394171644
mul_9705,3.1490606352817596
add_6540,2.046512061834597
transpose_276,3.28975424008847
view_1240,3.121030262655072
view_1241,1.8272116521382886
mm_272,1146.875905263633
view_1242,2.6929302612181147
add_6630,18.961015241178114
_to_copy_277,16.709769041887085
pow_138,15.035057644052575
mean_137,40.55752152129172
add_6631,8.907337255960224
rsqrt_137,4.8905746978593445
mul_9838,6.526621662854005
_to_copy_278,16.709769041887085
mul_9839,6.805909557008427
view_1243,1.8272116521382886
mm_273,2213.784291337476
view_1244,4.937698793976584
silu_68,38.69550526250611
view_1245,1.8272116521382886
mm_274,2213.784291337476
view_1246,4.937698793976584
mul_9840,20.525392104848695
view_1247,1.0131506580859422
mm_275,2051.8478530699617
view_1248,2.6929302612181147
add_6632,18.961015241178114
_to_copy_279,16.709769041887085
pow_139,15.035057644052575
mean_138,40.55752152129172
add_6633,8.907337255960224
rsqrt_138,4.8905746978593445
mul_9841,6.526621662854005
_to_copy_280,16.709769041887085
mul_9842,6.805909557008427
view_1249,1.8272116521382886
addmm_207,893.6534267544484
view_1250,2.6929302612181147
view_1251,1.8272116521382886
addmm_208,302.8920484651305
view_1252,1.9361121714572636
view_1253,1.8272116521382886
addmm_209,302.8920484651305
view_1254,1.9361121714572636
view_1255,1.8272116521382886
transpose_277,4.365927521858299
view_1256,1.0411266443401315
transpose_278,1.9813217105997498
view_1257,1.0411266443401315
transpose_279,1.9813217105997498
split_with_sizes_138,14.413007016832891
select_829,4.005230427838927
select_830,2.087551891326643
select_831,2.087551891326643
select_832,4.005230427838927
select_833,2.087551891326643
select_834,2.087551891326643
unsqueeze_288,3.4009732448152805
split_with_sizes_139,14.413007016832891
select_835,4.005230427838927
select_836,2.087551891326643
select_837,2.087551891326643
select_838,4.005230427838927
select_839,2.087551891326643
select_840,2.087551891326643
unsqueeze_289,3.4009732448152805
mul_9843,12.133559977756649
slice_1267,3.5374672148000905
slice_1268,3.5374672148000905
neg_138,9.981796929651969
mul_9844,12.133559977756649
add_6634,6.93670811410013
mul_9845,3.1490606352817596
slice_1269,2.1841571273429223
slice_1270,2.1841571273429223
neg_139,3.949345394171644
mul_9846,3.1490606352817596
add_6635,2.046512061834597
transpose_280,3.28975424008847
view_1258,3.121030262655072
view_1259,1.8272116521382886
mm_276,1146.875905263633
view_1260,2.6929302612181147
add_6725,18.961015241178114
_to_copy_281,16.709769041887085
pow_140,15.035057644052575
mean_139,40.55752152129172
add_6726,8.907337255960224
rsqrt_139,4.8905746978593445
mul_9979,6.526621662854005
_to_copy_282,16.709769041887085
mul_9980,6.805909557008427
view_1261,1.8272116521382886
mm_277,2213.784291337476
view_1262,4.937698793976584
silu_69,38.69550526250611
view_1263,1.8272116521382886
mm_278,2213.784291337476
view_1264,4.937698793976584
mul_9981,20.525392104848695
view_1265,1.0131506580859422
mm_279,2051.8478530699617
view_1266,2.6929302612181147
add_6727,18.961015241178114
_to_copy_283,16.709769041887085
pow_141,15.035057644052575
mean_140,40.55752152129172
add_6728,8.907337255960224
rsqrt_140,4.8905746978593445
mul_9982,6.526621662854005
_to_copy_284,16.709769041887085
mul_9983,6.805909557008427
view_1267,1.8272116521382886
addmm_210,893.6534267544484
view_1268,2.6929302612181147
view_1269,1.8272116521382886
addmm_211,302.8920484651305
view_1270,1.9361121714572636
view_1271,1.8272116521382886
addmm_212,302.8920484651305
view_1272,1.9361121714572636
view_1273,1.8272116521382886
transpose_281,4.365927521858299
view_1274,1.0411266443401315
transpose_282,1.9813217105997498
view_1275,1.0411266443401315
transpose_283,1.9813217105997498
split_with_sizes_140,14.413007016832891
select_841,4.005230427838927
select_842,2.087551891326643
select_843,2.087551891326643
select_844,4.005230427838927
select_845,2.087551891326643
select_846,2.087551891326643
unsqueeze_292,3.4009732448152805
split_with_sizes_141,14.413007016832891
select_847,4.005230427838927
select_848,2.087551891326643
select_849,2.087551891326643
select_850,4.005230427838927
select_851,2.087551891326643
select_852,2.087551891326643
unsqueeze_293,3.4009732448152805
mul_9984,12.133559977756649
slice_1285,3.5374672148000905
slice_1286,3.5374672148000905
neg_140,9.981796929651969
mul_9985,12.133559977756649
add_6729,6.93670811410013
mul_9986,3.1490606352817596
slice_1287,2.1841571273429223
slice_1288,2.1841571273429223
neg_141,3.949345394171644
mul_9987,3.1490606352817596
add_6730,2.046512061834597
transpose_284,3.28975424008847
view_1276,3.121030262655072
view_1277,1.8272116521382886
mm_280,1146.875905263633
view_1278,2.6929302612181147
add_6820,18.961015241178114
_to_copy_285,16.709769041887085
pow_142,15.035057644052575
mean_141,40.55752152129172
add_6821,8.907337255960224
rsqrt_141,4.8905746978593445
mul_10120,6.526621662854005
_to_copy_286,16.709769041887085
mul_10121,6.805909557008427
view_1279,1.8272116521382886
mm_281,2213.784291337476
view_1280,4.937698793976584
silu_70,38.69550526250611
view_1281,1.8272116521382886
mm_282,2213.784291337476
view_1282,4.937698793976584
mul_10122,20.525392104848695
view_1283,1.0131506580859422
mm_283,2051.8478530699617
view_1284,2.6929302612181147
add_6822,18.961015241178114
_to_copy_287,16.709769041887085
pow_143,15.035057644052575
mean_142,40.55752152129172
add_6823,8.907337255960224
rsqrt_142,4.8905746978593445
mul_10123,6.526621662854005
_to_copy_288,16.709769041887085
mul_10124,6.805909557008427
view_1285,1.8272116521382886
addmm_213,893.6534267544484
view_1286,2.6929302612181147
view_1287,1.8272116521382886
addmm_214,302.8920484651305
view_1288,1.9361121714572636
view_1289,1.8272116521382886
addmm_215,302.8920484651305
view_1290,1.9361121714572636
view_1291,1.8272116521382886
transpose_285,4.365927521858299
view_1292,1.0411266443401315
transpose_286,1.9813217105997498
view_1293,1.0411266443401315
transpose_287,1.9813217105997498
split_with_sizes_142,14.413007016832891
select_853,4.005230427838927
select_854,2.087551891326643
select_855,2.087551891326643
select_856,4.005230427838927
select_857,2.087551891326643
select_858,2.087551891326643
unsqueeze_296,3.4009732448152805
split_with_sizes_143,14.413007016832891
select_859,4.005230427838927
select_860,2.087551891326643
select_861,2.087551891326643
select_862,4.005230427838927
select_863,2.087551891326643
select_864,2.087551891326643
unsqueeze_297,3.4009732448152805
mul_10125,12.133559977756649
slice_1303,3.5374672148000905
slice_1304,3.5374672148000905
neg_142,9.981796929651969
mul_10126,12.133559977756649
add_6824,6.93670811410013
mul_10127,3.1490606352817596
slice_1305,2.1841571273429223
slice_1306,2.1841571273429223
neg_143,3.949345394171644
mul_10128,3.1490606352817596
add_6825,2.046512061834597
transpose_288,3.28975424008847
view_1294,3.121030262655072
view_1295,1.8272116521382886
mm_284,1146.875905263633
view_1296,2.6929302612181147
add_6915,18.961015241178114
_to_copy_289,16.709769041887085
pow_144,15.035057644052575
mean_143,40.55752152129172
add_6916,8.907337255960224
rsqrt_143,4.8905746978593445
mul_10261,6.526621662854005
_to_copy_290,16.709769041887085
mul_10262,6.805909557008427
view_1297,1.8272116521382886
mm_285,2213.784291337476
view_1298,4.937698793976584
silu_71,38.69550526250611
view_1299,1.8272116521382886
mm_286,2213.784291337476
view_1300,4.937698793976584
mul_10263,20.525392104848695
view_1301,1.0131506580859422
mm_287,2051.8478530699617
view_1302,2.6929302612181147
add_6917,18.961015241178114
_to_copy_291,16.709769041887085
pow_145,15.035057644052575
mean_144,40.55752152129172
add_6918,8.907337255960224
rsqrt_144,4.8905746978593445
mul_10264,6.526621662854005
_to_copy_292,16.709769041887085
mul_10265,6.805909557008427
view_1303,1.8272116521382886
addmm_216,893.6534267544484
view_1304,2.6929302612181147
view_1305,1.8272116521382886
addmm_217,302.8920484651305
view_1306,1.9361121714572636
view_1307,1.8272116521382886
addmm_218,302.8920484651305
view_1308,1.9361121714572636
view_1309,1.8272116521382886
transpose_289,4.365927521858299
view_1310,1.0411266443401315
transpose_290,1.9813217105997498
view_1311,1.0411266443401315
transpose_291,1.9813217105997498
split_with_sizes_144,14.413007016832891
select_865,4.005230427838927
select_866,2.087551891326643
select_867,2.087551891326643
select_868,4.005230427838927
select_869,2.087551891326643
select_870,2.087551891326643
unsqueeze_300,3.4009732448152805
split_with_sizes_145,14.413007016832891
select_871,4.005230427838927
select_872,2.087551891326643
select_873,2.087551891326643
select_874,4.005230427838927
select_875,2.087551891326643
select_876,2.087551891326643
unsqueeze_301,3.4009732448152805
mul_10266,12.133559977756649
slice_1321,3.5374672148000905
slice_1322,3.5374672148000905
neg_144,9.981796929651969
mul_10267,12.133559977756649
add_6919,6.93670811410013
mul_10268,3.1490606352817596
slice_1323,2.1841571273429223
slice_1324,2.1841571273429223
neg_145,3.949345394171644
mul_10269,3.1490606352817596
add_6920,2.046512061834597
transpose_292,3.28975424008847
view_1312,3.121030262655072
view_1313,1.8272116521382886
mm_288,1146.875905263633
view_1314,2.6929302612181147
add_7010,18.961015241178114
_to_copy_293,16.709769041887085
pow_146,15.035057644052575
mean_145,40.55752152129172
add_7011,8.907337255960224
rsqrt_145,4.8905746978593445
mul_10402,6.526621662854005
_to_copy_294,16.709769041887085
mul_10403,6.805909557008427
view_1315,1.8272116521382886
mm_289,2213.784291337476
view_1316,4.937698793976584
silu_72,38.69550526250611
view_1317,1.8272116521382886
mm_290,2213.784291337476
view_1318,4.937698793976584
mul_10404,20.525392104848695
view_1319,1.0131506580859422
mm_291,2051.8478530699617
view_1320,2.6929302612181147
add_7012,18.961015241178114
_to_copy_295,16.709769041887085
pow_147,15.035057644052575
mean_146,40.55752152129172
add_7013,8.907337255960224
rsqrt_146,4.8905746978593445
mul_10405,6.526621662854005
_to_copy_296,16.709769041887085
mul_10406,6.805909557008427
view_1321,1.8272116521382886
addmm_219,893.6534267544484
view_1322,2.6929302612181147
view_1323,1.8272116521382886
addmm_220,302.8920484651305
view_1324,1.9361121714572636
view_1325,1.8272116521382886
addmm_221,302.8920484651305
view_1326,1.9361121714572636
view_1327,1.8272116521382886
transpose_293,4.365927521858299
view_1328,1.0411266443401315
transpose_294,1.9813217105997498
view_1329,1.0411266443401315
transpose_295,1.9813217105997498
split_with_sizes_146,14.413007016832891
select_877,4.005230427838927
select_878,2.087551891326643
select_879,2.087551891326643
select_880,4.005230427838927
select_881,2.087551891326643
select_882,2.087551891326643
unsqueeze_304,3.4009732448152805
split_with_sizes_147,14.413007016832891
select_883,4.005230427838927
select_884,2.087551891326643
select_885,2.087551891326643
select_886,4.005230427838927
select_887,2.087551891326643
select_888,2.087551891326643
unsqueeze_305,3.4009732448152805
mul_10407,12.133559977756649
slice_1339,3.5374672148000905
slice_1340,3.5374672148000905
neg_146,9.981796929651969
mul_10408,12.133559977756649
add_7014,6.93670811410013
mul_10409,3.1490606352817596
slice_1341,2.1841571273429223
slice_1342,2.1841571273429223
neg_147,3.949345394171644
mul_10410,3.1490606352817596
add_7015,2.046512061834597
transpose_296,3.28975424008847
view_1330,3.121030262655072
view_1331,1.8272116521382886
mm_292,1146.875905263633
view_1332,2.6929302612181147
add_7105,18.961015241178114
_to_copy_297,16.709769041887085
pow_148,15.035057644052575
mean_147,40.55752152129172
add_7106,8.907337255960224
rsqrt_147,4.8905746978593445
mul_10543,6.526621662854005
_to_copy_298,16.709769041887085
mul_10544,6.805909557008427
view_1333,1.8272116521382886
mm_293,2213.784291337476
view_1334,4.937698793976584
silu_73,38.69550526250611
view_1335,1.8272116521382886
mm_294,2213.784291337476
view_1336,4.937698793976584
mul_10545,20.525392104848695
view_1337,1.0131506580859422
mm_295,2051.8478530699617
view_1338,2.6929302612181147
add_7107,18.961015241178114
_to_copy_299,16.709769041887085
pow_149,15.035057644052575
mean_148,40.55752152129172
add_7108,8.907337255960224
rsqrt_148,4.8905746978593445
mul_10546,6.526621662854005
_to_copy_300,16.709769041887085
mul_10547,6.805909557008427
view_1339,1.8272116521382886
addmm_222,893.6534267544484
view_1340,2.6929302612181147
view_1341,1.8272116521382886
addmm_223,302.8920484651305
view_1342,1.9361121714572636
view_1343,1.8272116521382886
addmm_224,302.8920484651305
view_1344,1.9361121714572636
view_1345,1.8272116521382886
transpose_297,4.365927521858299
view_1346,1.0411266443401315
transpose_298,1.9813217105997498
view_1347,1.0411266443401315
transpose_299,1.9813217105997498
split_with_sizes_148,14.413007016832891
select_889,4.005230427838927
select_890,2.087551891326643
select_891,2.087551891326643
select_892,4.005230427838927
select_893,2.087551891326643
select_894,2.087551891326643
unsqueeze_308,3.4009732448152805
split_with_sizes_149,14.413007016832891
select_895,4.005230427838927
select_896,2.087551891326643
select_897,2.087551891326643
select_898,4.005230427838927
select_899,2.087551891326643
select_900,2.087551891326643
unsqueeze_309,3.4009732448152805
mul_10548,12.133559977756649
slice_1357,3.5374672148000905
slice_1358,3.5374672148000905
neg_148,9.981796929651969
mul_10549,12.133559977756649
add_7109,6.93670811410013
mul_10550,3.1490606352817596
slice_1359,2.1841571273429223
slice_1360,2.1841571273429223
neg_149,3.949345394171644
mul_10551,3.1490606352817596
add_7110,2.046512061834597
transpose_300,3.28975424008847
view_1348,3.121030262655072
view_1349,1.8272116521382886
mm_296,1146.875905263633
view_1350,2.6929302612181147
add_7200,18.961015241178114
_to_copy_301,16.709769041887085
pow_150,15.035057644052575
mean_149,40.55752152129172
add_7201,8.907337255960224
rsqrt_149,4.8905746978593445
mul_10684,6.526621662854005
_to_copy_302,16.709769041887085
mul_10685,6.805909557008427
view_1351,1.8272116521382886
mm_297,2213.784291337476
view_1352,4.937698793976584
silu_74,38.69550526250611
view_1353,1.8272116521382886
mm_298,2213.784291337476
view_1354,4.937698793976584
mul_10686,20.525392104848695
view_1355,1.0131506580859422
mm_299,2051.8478530699617
view_1356,2.6929302612181147
add_7202,18.961015241178114
_to_copy_303,16.709769041887085
pow_151,15.035057644052575
mean_150,40.55752152129172
add_7203,8.907337255960224
rsqrt_150,4.8905746978593445
mul_10687,6.526621662854005
_to_copy_304,16.709769041887085
mul_10688,6.805909557008427
view_1357,1.8272116521382886
addmm_225,893.6534267544484
view_1358,2.6929302612181147
view_1359,1.8272116521382886
addmm_226,302.8920484651305
view_1360,1.9361121714572636
view_1361,1.8272116521382886
addmm_227,302.8920484651305
view_1362,1.9361121714572636
view_1363,1.8272116521382886
transpose_301,4.365927521858299
view_1364,1.0411266443401315
transpose_302,1.9813217105997498
view_1365,1.0411266443401315
transpose_303,1.9813217105997498
split_with_sizes_150,14.413007016832891
select_901,4.005230427838927
select_902,2.087551891326643
select_903,2.087551891326643
select_904,4.005230427838927
select_905,2.087551891326643
select_906,2.087551891326643
unsqueeze_312,3.4009732448152805
split_with_sizes_151,14.413007016832891
select_907,4.005230427838927
select_908,2.087551891326643
select_909,2.087551891326643
select_910,4.005230427838927
select_911,2.087551891326643
select_912,2.087551891326643
unsqueeze_313,3.4009732448152805
mul_10689,12.133559977756649
slice_1375,3.5374672148000905
slice_1376,3.5374672148000905
neg_150,9.981796929651969
mul_10690,12.133559977756649
add_7204,6.93670811410013
mul_10691,3.1490606352817596
slice_1377,2.1841571273429223
slice_1378,2.1841571273429223
neg_151,3.949345394171644
mul_10692,3.1490606352817596
add_7205,2.046512061834597
transpose_304,3.28975424008847
view_1366,3.121030262655072
view_1367,1.8272116521382886
mm_300,1146.875905263633
view_1368,2.6929302612181147
add_7295,18.961015241178114
_to_copy_305,16.709769041887085
pow_152,15.035057644052575
mean_151,40.55752152129172
add_7296,8.907337255960224
rsqrt_151,4.8905746978593445
mul_10825,6.526621662854005
_to_copy_306,16.709769041887085
mul_10826,6.805909557008427
view_1369,1.8272116521382886
mm_301,2213.784291337476
view_1370,4.937698793976584
silu_75,38.69550526250611
view_1371,1.8272116521382886
mm_302,2213.784291337476
view_1372,4.937698793976584
mul_10827,20.525392104848695
view_1373,1.0131506580859422
mm_303,2051.8478530699617
view_1374,2.6929302612181147
add_7297,18.961015241178114
_to_copy_307,16.709769041887085
pow_153,15.035057644052575
mean_152,40.55752152129172
add_7298,8.907337255960224
rsqrt_152,4.8905746978593445
mul_10828,6.526621662854005
_to_copy_308,16.709769041887085
mul_10829,6.805909557008427
view_1375,1.8272116521382886
addmm_228,893.6534267544484
view_1376,2.6929302612181147
view_1377,1.8272116521382886
addmm_229,302.8920484651305
view_1378,1.9361121714572636
view_1379,1.8272116521382886
addmm_230,302.8920484651305
view_1380,1.9361121714572636
view_1381,1.8272116521382886
transpose_305,4.365927521858299
view_1382,1.0411266443401315
transpose_306,1.9813217105997498
view_1383,1.0411266443401315
transpose_307,1.9813217105997498
split_with_sizes_152,14.413007016832891
select_913,4.005230427838927
select_914,2.087551891326643
select_915,2.087551891326643
select_916,4.005230427838927
select_917,2.087551891326643
select_918,2.087551891326643
unsqueeze_316,3.4009732448152805
split_with_sizes_153,14.413007016832891
select_919,4.005230427838927
select_920,2.087551891326643
select_921,2.087551891326643
select_922,4.005230427838927
select_923,2.087551891326643
select_924,2.087551891326643
unsqueeze_317,3.4009732448152805
mul_10830,12.133559977756649
slice_1393,3.5374672148000905
slice_1394,3.5374672148000905
neg_152,9.981796929651969
mul_10831,12.133559977756649
add_7299,6.93670811410013
mul_10832,3.1490606352817596
slice_1395,2.1841571273429223
slice_1396,2.1841571273429223
neg_153,3.949345394171644
mul_10833,3.1490606352817596
add_7300,2.046512061834597
transpose_308,3.28975424008847
view_1384,3.121030262655072
view_1385,1.8272116521382886
mm_304,1146.875905263633
view_1386,2.6929302612181147
add_7390,18.961015241178114
_to_copy_309,16.709769041887085
pow_154,15.035057644052575
mean_153,40.55752152129172
add_7391,8.907337255960224
rsqrt_153,4.8905746978593445
mul_10966,6.526621662854005
_to_copy_310,16.709769041887085
mul_10967,6.805909557008427
view_1387,1.8272116521382886
mm_305,2213.784291337476
view_1388,4.937698793976584
silu_76,38.69550526250611
view_1389,1.8272116521382886
mm_306,2213.784291337476
view_1390,4.937698793976584
mul_10968,20.525392104848695
view_1391,1.0131506580859422
mm_307,2051.8478530699617
view_1392,2.6929302612181147
add_7392,18.961015241178114
_to_copy_311,16.709769041887085
pow_155,15.035057644052575
mean_154,40.55752152129172
add_7393,8.907337255960224
rsqrt_154,4.8905746978593445
mul_10969,6.526621662854005
_to_copy_312,16.709769041887085
mul_10970,6.805909557008427
view_1393,1.8272116521382886
addmm_231,893.6534267544484
view_1394,2.6929302612181147
view_1395,1.8272116521382886
addmm_232,302.8920484651305
view_1396,1.9361121714572636
view_1397,1.8272116521382886
addmm_233,302.8920484651305
view_1398,1.9361121714572636
view_1399,1.8272116521382886
transpose_309,4.365927521858299
view_1400,1.0411266443401315
transpose_310,1.9813217105997498
view_1401,1.0411266443401315
transpose_311,1.9813217105997498
split_with_sizes_154,14.413007016832891
select_925,4.005230427838927
select_926,2.087551891326643
select_927,2.087551891326643
select_928,4.005230427838927
select_929,2.087551891326643
select_930,2.087551891326643
unsqueeze_320,3.4009732448152805
split_with_sizes_155,14.413007016832891
select_931,4.005230427838927
select_932,2.087551891326643
select_933,2.087551891326643
select_934,4.005230427838927
select_935,2.087551891326643
select_936,2.087551891326643
unsqueeze_321,3.4009732448152805
mul_10971,12.133559977756649
slice_1411,3.5374672148000905
slice_1412,3.5374672148000905
neg_154,9.981796929651969
mul_10972,12.133559977756649
add_7394,6.93670811410013
mul_10973,3.1490606352817596
slice_1413,2.1841571273429223
slice_1414,2.1841571273429223
neg_155,3.949345394171644
mul_10974,3.1490606352817596
add_7395,2.046512061834597
transpose_312,3.28975424008847
view_1402,3.121030262655072
view_1403,1.8272116521382886
mm_308,1146.875905263633
view_1404,2.6929302612181147
add_7485,18.961015241178114
_to_copy_313,16.709769041887085
pow_156,15.035057644052575
mean_155,40.55752152129172
add_7486,8.907337255960224
rsqrt_155,4.8905746978593445
mul_11107,6.526621662854005
_to_copy_314,16.709769041887085
mul_11108,6.805909557008427
view_1405,1.8272116521382886
mm_309,2213.784291337476
view_1406,4.937698793976584
silu_77,38.69550526250611
view_1407,1.8272116521382886
mm_310,2213.784291337476
view_1408,4.937698793976584
mul_11109,20.525392104848695
view_1409,1.0131506580859422
mm_311,2051.8478530699617
view_1410,2.6929302612181147
add_7487,18.961015241178114
_to_copy_315,16.709769041887085
pow_157,15.035057644052575
mean_156,40.55752152129172
add_7488,8.907337255960224
rsqrt_156,4.8905746978593445
mul_11110,6.526621662854005
_to_copy_316,16.709769041887085
mul_11111,6.805909557008427
view_1411,1.8272116521382886
addmm_234,893.6534267544484
view_1412,2.6929302612181147
view_1413,1.8272116521382886
addmm_235,302.8920484651305
view_1414,1.9361121714572636
view_1415,1.8272116521382886
addmm_236,302.8920484651305
view_1416,1.9361121714572636
view_1417,1.8272116521382886
transpose_313,4.365927521858299
view_1418,1.0411266443401315
transpose_314,1.9813217105997498
view_1419,1.0411266443401315
transpose_315,1.9813217105997498
split_with_sizes_156,14.413007016832891
select_937,4.005230427838927
select_938,2.087551891326643
select_939,2.087551891326643
select_940,4.005230427838927
select_941,2.087551891326643
select_942,2.087551891326643
unsqueeze_324,3.4009732448152805
split_with_sizes_157,14.413007016832891
select_943,4.005230427838927
select_944,2.087551891326643
select_945,2.087551891326643
select_946,4.005230427838927
select_947,2.087551891326643
select_948,2.087551891326643
unsqueeze_325,3.4009732448152805
mul_11112,12.133559977756649
slice_1429,3.5374672148000905
slice_1430,3.5374672148000905
neg_156,9.981796929651969
mul_11113,12.133559977756649
add_7489,6.93670811410013
mul_11114,3.1490606352817596
slice_1431,2.1841571273429223
slice_1432,2.1841571273429223
neg_157,3.949345394171644
mul_11115,3.1490606352817596
add_7490,2.046512061834597
transpose_316,3.28975424008847
view_1420,3.121030262655072
view_1421,1.8272116521382886
mm_312,1146.875905263633
view_1422,2.6929302612181147
add_7580,18.961015241178114
_to_copy_317,16.709769041887085
pow_158,15.035057644052575
mean_157,40.55752152129172
add_7581,8.907337255960224
rsqrt_157,4.8905746978593445
mul_11248,6.526621662854005
_to_copy_318,16.709769041887085
mul_11249,6.805909557008427
view_1423,1.8272116521382886
mm_313,2213.784291337476
view_1424,4.937698793976584
silu_78,38.69550526250611
view_1425,1.8272116521382886
mm_314,2213.784291337476
view_1426,4.937698793976584
mul_11250,20.525392104848695
view_1427,1.0131506580859422
mm_315,2051.8478530699617
view_1428,2.6929302612181147
add_7582,18.961015241178114
_to_copy_319,16.709769041887085
pow_159,15.035057644052575
mean_158,40.55752152129172
add_7583,8.907337255960224
rsqrt_158,4.8905746978593445
mul_11251,6.526621662854005
_to_copy_320,16.709769041887085
mul_11252,6.805909557008427
view_1429,1.8272116521382886
addmm_237,893.6534267544484
view_1430,2.6929302612181147
view_1431,1.8272116521382886
addmm_238,302.8920484651305
view_1432,1.9361121714572636
view_1433,1.8272116521382886
addmm_239,302.8920484651305
view_1434,1.9361121714572636
view_1435,1.8272116521382886
transpose_317,4.365927521858299
view_1436,1.0411266443401315
transpose_318,1.9813217105997498
view_1437,1.0411266443401315
transpose_319,1.9813217105997498
split_with_sizes_158,14.413007016832891
select_949,4.005230427838927
select_950,2.087551891326643
select_951,2.087551891326643
select_952,4.005230427838927
select_953,2.087551891326643
select_954,2.087551891326643
unsqueeze_328,3.4009732448152805
split_with_sizes_159,14.413007016832891
select_955,4.005230427838927
select_956,2.087551891326643
select_957,2.087551891326643
select_958,4.005230427838927
select_959,2.087551891326643
select_960,2.087551891326643
unsqueeze_329,3.4009732448152805
mul_11253,12.133559977756649
slice_1447,3.5374672148000905
slice_1448,3.5374672148000905
neg_158,9.981796929651969
mul_11254,12.133559977756649
add_7584,6.93670811410013
mul_11255,3.1490606352817596
slice_1449,2.1841571273429223
slice_1450,2.1841571273429223
neg_159,3.949345394171644
mul_11256,3.1490606352817596
add_7585,2.046512061834597
transpose_320,3.28975424008847
view_1438,3.121030262655072
view_1439,1.8272116521382886
mm_316,1146.875905263633
view_1440,2.6929302612181147
add_7675,18.961015241178114
_to_copy_321,16.709769041887085
pow_160,15.035057644052575
mean_159,40.55752152129172
add_7676,8.907337255960224
rsqrt_159,4.8905746978593445
mul_11389,6.526621662854005
_to_copy_322,16.709769041887085
mul_11390,6.805909557008427
view_1441,1.8272116521382886
mm_317,2213.784291337476
view_1442,4.937698793976584
silu_79,38.69550526250611
view_1443,1.8272116521382886
mm_318,2213.784291337476
view_1444,4.937698793976584
mul_11391,20.525392104848695
view_1445,1.0131506580859422
mm_319,2051.8478530699617
view_1446,2.6929302612181147
add_7677,18.961015241178114
_to_copy_323,16.709769041887085
pow_161,15.035057644052575
mean_160,40.55752152129172
add_7678,8.907337255960224
rsqrt_160,4.8905746978593445
mul_11392,6.526621662854005
_to_copy_324,16.709769041887085
mul_11393,6.805909557008427
view_1447,1.8272116521382886
mm_320,9902.20796490709
view_1448,10.083666666557914
